{"1": {"6": 66.59018401485537, "2": 67.36985690297087}}