{"5": {"305": 85.19969347338206, "6": 105.42437369881918}}