{"AUS": {"NAC": 212.56269501729926, "ETS": 167.26673121000002}}