{"CHW": {"HFC": 98.39727532124607}, "CHH": {"KOB": 158.19302987930064, "DIH": 130.71857039886567}}