{"CIO": {"SHM": 106.1315294305202, "STW": 117.45079821326026}}