{"CSW": {"LCK": 127.6408739931134, "SSP": 129.0809073979113}}