{"DIS": {"SUN": 198.58233387484285}, "DIH": {"HIK": 301.07534345960914, "KAT": 148.61913914489966, "CHH": 129.10222489847655, "WTS": 130.13317207199998}}