{"FOT": {"UNI": 177.6692947871877, "SHT": 155.53455937904178}, "FOH": {"NOP": 129.5008646217947, "TIH": 125.09105655750359}}