{"HAH": {"TKO": 159.71279599819442, "POA": 129.51074399724388}}