{"HEO": {"MOS": 106.07578022509719, "TSH": 136.60861494274445}}