{"HIK": {"DIH": 311.2892341501032, "TAW": 142.93782}}