{"HKU": {"SYP": 122.56737029320816, "KET": 98.67150936391346}}