{"JOR": {"YMT": 130.92237186607963, "TST": 126.08727259228083}}