{"K76-U020": {"K76-U030": 166.48122324649637}, "K73-U080": {"K73-U090": 295.4548509625847, "K73-U110": 302.5547559948142}, "K75P-D040": {"K75P-D050": 164.98891593131117}, "K73-U040": {"K73-U050": 112.75641333586046, "K73-U060": 223.22077358855594}, "K76-U010": {"K76-U020": 10.810513520045188}, "K73-U070": {"K73-U080": 158.20574793714522}, "K76-D020": {"K76-D030": 139.72007159963}, "K73-D100": {"K73-D110": 192.85185487692573}, "K73-D150": {"K73-D160": 44.06221068060863}, "K76-D030": {"K76-D040": 56.544268404938165}, "K75P-U100": {"K75P-U110": 58.731076236725485}, "K73-U060": {"K73-U070": 140.95754425669617}, "K75P-D080": {"K75P-U011": 132.43905870463408}, "K75P-D060": {"K75P-D070": 174.79032461873823}, "K74-D040": {"K74-D050": 76.11249706969399}, "K75P-U080": {"K75P-U090": 41.95929220871529}, "K73-U090": {"K73-U100": 112.87929304219195}, "K73-U050": {"K73-U060": 114.366749533958}, "K74-U004": {"K74-U007": 86.95715861074703}, "K73-D050": {"K73-D070": 99.07202977738406}, "K75P-U110": {"K75P-U120": 88.11199147719609}, "K75A-D060": {"K75A-D070": 40.21762596787998}, "K74-U030": {"K74-U040": 283.5065447449573}, "K73-U100": {"K73-U110": 254.86587433712066}, "K75P-U060": {"K75P-U070": 63.86694271137757}, "K75A-D100": {"K75A-D110": 104.40710069539043}, "K76-U030": {"K76-U040": 266.33163558115183}, "K73-D010": {"K73-D020": 78.70133433334895}, "K74-U060": {"K74-U070": 129.99720397840002}, "K75A-U030": {"K75A-D010": 230.4096346069311}, "K75A-D070": {"K75A-D080": 45.96701658116574}, "K75P-D050": {"K75P-D060": 83.49697378765777}, "K76-D010": {"K76-D020": 283.31688867768753}, "K75A-D030": {"K75A-D040": 46.00690458987992}, "K74-U040": {"K74-U050": 178.05318524907153}, "K76-U040": {"K76-U050": 174.3193947580417}, "K75P-U140": {"K75P-D010": 144.5806510918507}, "K73-U010": {"K73-U020": 70.4372258430256}, "K73-U030": {"K73-U040": 96.62176541378567}, "K73-D120": {"K73-D130": 106.86585554208514}, "K73-D070": {"K73-D080": 164.2292036519203}, "K73-D140": {"K73-D150": 183.90074981037586}, "K73-D020": {"K73-D030": 90.77289092084314}, "K73-D040": {"K73-D050": 77.5971989971346}, "K73-U110": {"K73-U120": 227.20696299200853}, "K75P-U130": {"K75P-U140": 38.06923593190298}, "K74-D110": {"K74-U002": 155.71741166006342}, "K75P-U120": {"K75P-U130": 63.79903379368733}, "K73-D080": {"K73-D090": 251.26096223017757}, "K75P-D070": {"K75P-D080": 95.03377475138241}, "K74-U050": {"K74-U060": 210.90321917160335}, "K75A-D020": {"K75A-D030": 26.477624882904344}, "K75A-D050": {"K75A-D060": 75.81739324311442}, "K75P-D010": {"K75P-D020": 139.36680908005002}, "K75P-U030": {"K75P-U040": 127.76472225206594}, "K73-D130": {"K73-D140": 127.41532342639377}, "K75P-U010": {"K75P-U020": 89.82763778754776}, "K74-D100": {"K74-D110": 83.08230525577085}, "K74-D050": {"K74-D060": 89.46030849348354}, "K75P-U070": {"K75P-U080": 118.09680861768086}, "K73-D030": {"K73-D040": 133.12495248567694}, "K75A-D080": {"K75A-D090": 114.23975137188663}, "K73-D090": {"K73-D100": 84.96430656303974}, "K73-U020": {"K73-U030": 167.01590604189755}, "K75P-U090": {"K75P-U100": 40.12195262766057}, "K73-D110": {"K73-D120": 89.66878559950666}, "K75P-U050": {"K75P-U060": 145.6540191418209}, "K74-U070": {"K74-U080": 166.09597171221736}, "K75A-D110": {"K75A-U011": 169.31387041629105}, "K74-D060": {"K74-D070": 173.44468298050305}, "K75A-U020": {"K75A-U030": 122.48741521193799}, "K74-D070": {"K74-D080": 265.06559200000004}, "K75A-U010": {"K75A-U020": 44.696380885116994}, "K74-U007": {"K74-U010": 237.55680841941324}, "K75A-D040": {"K75A-D050": 55.713478506721046}, "K74-U080": {"K74-U090": 261.1956542163752}, "K75P-D020": {"K75P-D030": 36.85800755469164}, "K75P-U040": {"K75P-U050": 109.58845549889543}, "K75A-D010": {"K75A-D020": 214.5623810441563}, "K74-U100": {"K74-D010": 123.43535986526645}, "K74-D020": {"K74-D030": 156.47045119506882}, "K74-U020": {"K74-U030": 110.76850097394363}, "K74-U011": {"K74-D100": 181.66815558075706}, "K74-U090": {"K74-U100": 219.485723229723}, "K75P-D030": {"K75P-D040": 114.49383637947547}, "K74-D080": {"K74-D090": 165.0485420817954}, "K75A-D090": {"K75A-D100": 52.00982255296964}, "K74-U001": {"K74-U004": 160.4083663856052}, "K74-D030": {"K74-D040": 119.35892947004996}, "K74-U010": {"K74-U020": 165.45435786000002}, "K75P-U020": {"K75P-U030": 110.12907592208664}, "K74-D090": {"K74-U011": 73.46699861485703}, "K74-D010": {"K74-D020": 144.91762934178303}}