{"KAT": {"SUW": 126.67258904711912, "DIH": 144.1881205782594}}