{"LAT": {"KWT": 130.92126167325173, "YAT": 129.52251273488335}, "LAK": {"NAC": 270.69810367818116, "TSY": 197.05522609865747, "KWF": 142.2875172736871, "MEF": 130.91198787223163}}