{"LET": {"WCH": 155.01616404460108, "SOH": 106.06892952089773}}