{"LOP": {"TIS": 188.96142833983018, "YUL": 125.84264923677736}, "LOF": {"WTS": 123.41231800109571, "KOT": 125.50953943592386}, "LOW": {"SHS": 241.85254919261715}}