{"MKK": {"HUH": 199.03699785252894, "KOT": 137.03200708439502}}