{"MOK": {"YMT": 126.46179807500444, "PRE": 122.74757183108572}, "MOS": {"HEO": 132.51743608902217, "WKS": 155.27432861261764}}