{"NOP": {"QUB": 126.05508478514234, "FOH": 129.19988548842431}}