{"NTK": {"KOB": 133.53705739978224, "KWT": 110.9548832481269}}