{"OLY": {"NAC": 132.73947772473784, "KOW": 129.69713469801778}}