{"QUB": {"YAT": 263.16248514377514, "TAK": 121.47464814739999, "NOP": 126.6769325892523}}