{"SIH": {"TIS": 374.4546114811105, "TUM": 154.44352676596446}}