{"SKM": {"KOT": 166.31878428700458, "PRE": 123.75289155206221}, "SKW": {"HFC": 152.39625891420002, "SWH": 108.61432189619943}}