{"SSP": {"CSW": 132.88579118637455, "PRE": 131.97937638685946}}