{"STW": {"CKT": 123.26026731263585, "CIO": 130.33515861276496}}