{"SUN": {"TSY": 469.8873289349708, "DIS": 198.58233387484285, "TUC": 823.8869355398753}, "SUW": {"TKW": 135.00861444047717, "KAT": 125.61700864300333}}