{"SWH": {"SKW": 118.63152682463985, "TAK": 124.76442540951857}}