{"SYP": {"HKU": 109.61805179922422, "SHW": 150.70468762919563}}