{"TAW": {"KOT": 299.13738034790543, "CKT": 179.2497224997075, "SHT": 132.4522251076911, "HIK": 169.7528089986592}, "TAP": {"TWO": 161.16727472242462, "UNI": 365.80162582407354}, "TAK": {"SWH": 131.0628641526629, "QUB": 133.05472355330087}}