{"TKO": {"HAH": 175.61796855609379, "LHP": 131.1847442362579, "TIK": 192.21351304762533}, "TKW": {"SUW": 121.02545444917803, "HOM": 137.62386}}