{"TWW": {"KSR": 609.8380494389583, "MEF": 302.65637838373834}, "TWO": {"FAN": 333.3156561698485, "TAP": 181.03597050516575}, "TWH": {"KWH": 176.15528513000004, "TSW": 85.17384720772495}}