{"UNI": {"TAP": 372.11295583297067, "FOT": 199.72615322286396}}