{"WAC": {"CAB": 174.7423961442061, "ADM": 131.64738246999465}}