{"WCH": {"LET": 194.03933059941534, "OCP": 123.24384289044198}}