{"WTS": {"LOF": 128.04585970601187, "DIH": 126.81538592805634}}