{"YMT": {"HOM": 101.14261348087565, "MOK": 113.76664049993538, "JOR": 130.96776556190014}}