{"1": {"6": 251.93941321485516, "2": 151.6549869541828}}