{"AIR": {"TSY": 1551.1505391774924, "AWE": 101.11333544740442}}