{"AUS": {"NAC": 202.22780987835137, "ETS": 167.81741433281}}