{"CKT": {"TAW": 102.36860957243508, "STW": 125.73896840381477}}