{"CSW": {"LCK": 126.86287100641815, "SSP": 130.1431341753502}}