{"ETS": {"AUS": 187.64210340687373, "HUH": 156.0677090444596}}