{"FOH": {"NOP": 129.3399555720031, "TIH": 119.58943334490955}, "FOT": {"SHT": 183.00510843734455, "UNI": 173.29820620812632}}