{"HAH": {"TKO": 160.5825229960566, "POA": 134.42134646557457}}