{"HEO": {"TSH": 134.93628759092744, "MOS": 124.53892832649917}}