{"HFC": {"SKW": 146.12619926701146, "CHW": 145.87132357652285}}