{"HIK": {"DIH": 311.51363973850243, "TAW": 146.12469251537513}}