{"HUH": {"MKK": 169.58863210836148, "HOM": 128.11131324493687, "EXC": 200.0714925637018, "ETS": 185.34984574576362}}