{"K12-U020": {"K12-U030": 204.64328910690045}, "K12-D010": {"K12-D020": 165.31202544032567}, "K12-D020": {"K12-D030": 384.61990969011197}, "K12-D030": {"K12-D040": 109.04172026684208}, "K12-U010": {"K12-U020": 302.737924649311}, "K17-U030": {"K17-U040": 82.17}, "K14-D020": {"K14-D030": 10.991852356099999}, "K18-U020": {"K18-U030": 39.3006075}, "K18-U010": {"K18-U020": 215.12401328000004}, "K17-D020": {"K17-D030": 82.67203976603003}, "K14-D010": {"K14-D020": 245.19578112259995}, "K17-U020": {"K17-U030": 169.4}, "K17-D010": {"K17-D020": 23.1}, "K18-D010": {"K18-D020": 230.65900000000002}, "K18-D020": {"K18-D030": 77.97858199999999}, "K17-U010": {"K17-U020": 234.79829999999998}}