{"K51A-U160": {"K51A-U170": 71.64110958212757}, "K53-D030": {"K53-D040": 84.43219338364794}, "K51A-U190": {"K51A-U200": 61.45530671420564}, "K54-D040": {"K54-D050": 167.73257307917905}, "K51A-D040": {"K51A-D050": 114.54850690292865}, "K51A-D190": {"K51A-D200": 168.00539208388446}, "K52A-U090": {"K52A-U100": 82.36760910734388}, "K54-D060": {"K54-D070": 145.6953304200326}, "K51-U040": {"K51-U050": 123.41904524268901}, "K52-nU170": {"K52-nU180": 146.37943471057278}, "K51A-U010": {"K51A-U020": 48.08297555739972}, "K51A-D250": {"K51A-D260": 96.70368130091784}, "K53-D160": {"K53-D170": 531.2647653762348, "K53-U011": 171.88510433167318}, "K52-nU270": {"K52-nU280": 182.24126787889116}, "K51A-U240": {"K51A-U250": 65.10050795597253}, "K51-D270": {"K51-D280": 108.30629383257693}, "K54-U010": {"K54-U020": 91.32847267292222}, "K53-U130": {"K53-U140": 50.333179388718634}, "K53-U030": {"K53-U040": 194.56734779349972}, "K51-U110": {"K51-U120": 110.37745838185177}, "K52A-U050": {"K52A-U060": 51.056239438660796}, "K52-nU100": {"K52-nU110": 188.42433076903225}, "K53-D140": {"K53-D150": 186.72786680179908}, "K53-D010": {"K53-D015": 114.19826848277637}, "K53-U010": {"K53-U020": 222.74552924410327, "K53-D180": 1793.8296960558807}, "K52A-U015": {"K52A-U020": 152.2720627384791}, "K52-nU260": {"K52-nU270": 87.89386390694482}, "K53-D080": {"K53-D090": 58.884627963164725}, "K52-nD260": {"K52-nD270": 56.853386215986745}, "K51A-D090": {"K51A-D100": 53.8430835829267}, "K53-U120": {"K53-U130": 58.00557981307421}, "K52-nU050": {"K52-nU060": 278.98505192960823}, "K52A-D050": {"K52A-D060": 35.49583581696219}, "K51-U010": {"K51-U020": 31.471959934596775}, "K52A-D010": {"K52A-D020": 303.8029496450964}, "K51A-D150": {"K51A-D160": 117.79103842611599}, "K51A-D100": {"K51A-D110": 61.263422500656475}, "K51-D200": {"K51-D210": 130.16905819596644}, "K52-nU120": {"K52-nU140": 108.0196417399477}, "K54-U050": {"K54-U060": 408.88066298271747}, "K52A-D100": {"K52A-D110": 54.04098632887152}, "K51-D040": {"K51-D050": 62.91067667409506}, "K51A-D080": {"K51A-D090": 153.46283150710576}, "K52A-U040": {"K52A-U050": 128.50386021911183}, "K51-U220": {"K51-U230": 64.16151484460977}, "K51-U200": {"K51-U210": 92.93048018629383}, "K53-D190": {"K53-U011": 426.0064837552318}, "K51-U210": {"K51-U220": 57.01665060841467}, "K53-U100": {"K53-U110": 60.749238891063285}, "K54-U020": {"K54-U030": 150.11441687147163}, "K53-D015": {"K53-D020": 50.6475126364129}, "K51A-D160": {"K51A-D170": 193.48808723932672}, "K54-D010": {"K54-D020": 99.1151947064814}, "K54-U040": {"K54-U050": 136.55449650963948}, "K51-D280": {"K51-D290": 60.39110172549748}, "K52-nU140": {"K52-nU150": 168.9377629663635}, "K52A-U070": {"K52A-U080": 75.30001406495212}, "K51-D260": {"K51-D270": 68.71019839721725}, "K52-nD070": {"K52-nD080": 114.66555718708605}, "K53-U040": {"K53-U050": 116.76095505171118}, "K52-nU030": {"K52-nU040": 133.89042510070402}, "K52-nU160": {"K52-nU170": 48.921679497546066}, "K52-nU230": {"K52-nU240": 95.00154290112751}, "K52A-U100": {"K52A-U110": 79.74335387971962}, "K54-U030": {"K54-U040": 127.57276726951122}, "K51-U150": {"K51-U160": 67.0009712622279}, "K53-D150": {"K53-D160": 172.1505381274976}, "K52A-U010": {"K52A-U015": 256.83012033236594}, "K52-nD100": {"K52-nD110": 51.74754023372153}, "K53-U090": {"K53-U100": 120.2353051500248}, "K53-D070": {"K53-D080": 47.62535137870454}, "K52A-U170": {"K52A-U180": 342.6483154646006}, "K51A-U220": {"K51A-U230": 86.51492057777098}, "K53-D090": {"K53-D100": 55.66875140816461}, "K52A-D040": {"K52A-D050": 26.950590839863516}, "K51A-U150": {"K51A-U160": 112.94295188448105}, "K51A-D220": {"K51A-D230": 123.73962574007437}, "K51A-D120": {"K51A-D140": 151.58607489297333}, "K52A-D080": {"K52A-D090": 70.29624318908839}, "K53-U060": {"K53-U070": 67.4920280827054}, "K52A-U030": {"K52A-U040": 39.561884564668844}, "K51-D240": {"K51-D250": 145.07950780942153}, "K51-D170": {"K51-D180": 105.00911328635031}, "K53-D120": {"K53-D130": 65.4527073278459}, "K54-U060": {"K54-U070": 220.95089521009217}, "K51A-D240": {"K51A-D250": 69.33701290566097}, "K51-U180": {"K51-U190": 107.51576388123856}, "K51A-D260": {"K51A-D270": 55.77250784002589}, "K51-D010": {"K51-D020": 67.90757741771942}, "K53-D100": {"K53-D110": 79.9137975214625}, "K52-nU020": {"K52-nU030": 111.32503015559814}, "K54-D030": {"K54-D040": 59.368619922054265}, "K51A-D180": {"K51A-D190": 125.95975179469838}, "K51-D160": {"K51-D170": 71.11367462455459}, "K53-U020": {"K53-U030": 124.14321129966811, "K53-D160": 1427.7544374061686}, "K54-D050": {"K54-D060": 77.39548285913777}, "K51A-U080": {"K51A-U090": 162.152001977321}, "K51-U170": {"K51-U180": 76.0499370232081}, "K51-D180": {"K51-D190": 184.23640895232512}, "K51-U240": {"K51-U250": 114.08276426257058}, "K51-D110": {"K51-D120": 47.70453683884534}, "K52-nU290": {"K52-nU300": 145.40180922871275}, "K51A-U090": {"K51A-U100": 142.40368949186453}, "K52-nU070": {"K52-nU080": 103.31237874866171}, "K51A-U130": {"K51A-U140": 72.9591724913125}, "K51-D020": {"K51-D030": 65.54962161975823}, "K52A-U020": {"K52A-U030": 71.93966729250465}, "K52-nU280": {"K52-nU290": 43.295803587422554}, "K53-U110": {"K53-U120": 92.25617087495282}, "K53-D020": {"K53-D030": 109.91351671613367}, "K52A-U130": {"K52A-U140": 59.73114484236504}, "K53-U140": {"K53-D010": 82.99511201515564}, "K52-nU040": {"K52-nU050": 76.25800135735012}, "K52-nU300": {"K52-nU310": 40.44922873528836}, "K51-D150": {"K51-D160": 195.62380219360847}, "K53-D040": {"K53-D050": 84.69298575664655}, "K52A-D060": {"K52A-D070": 127.98616809080302}, "K53-U070": {"K53-U080": 48.829405314702505}, "K54-D020": {"K54-D030": 213.133320789879}, "K53-U080": {"K53-U090": 61.690410634298885}, "K51A-U070": {"K51A-U080": 175.54579681524035}, "K51-U030": {"K51-U040": 61.29800084451021}, "K51-U190": {"K51-U200": 82.16873450301645}, "K51-D190": {"K51-D200": 173.14564028780833}, "K51-U050": {"K51-U060": 304.1979802610074}, "K52-nD060": {"K52-nD070": 131.6683568835505}, "K52-nU250": {"K52-nU260": 99.10971596357606}, "K51A-D140": {"K51A-D150": 46.326982209819576}, "K52A-D160": {"K52A-D170": 165.71386933944768}, "K51-D140": {"K51-D150": 85.84126871016119}, "K51A-U140": {"K51A-U150": 48.659136046466294}, "K52-nD050": {"K52-nD060": 36.34303629232948}, "K53-U050": {"K53-U060": 133.93331081443134}, "K52A-U110": {"K52A-U120": 55.97426183687014}, "K51A-U120": {"K51A-U130": 140.66505220771472}, "K53-D130": {"K53-D140": 95.04809375729255}, "K51-U090": {"K51-U100": 140.29599857914485}, "K51-U230": {"K51-U240": 43.347783586866825}, "K54-U070": {"K54-D010": 157.2202657070731}, "K51-D080": {"K51-D090": 119.96352108942115}, "K52-nD200": {"K52-nD210": 123.14095039374816}, "K51A-D010": {"K51A-D020": 51.4699040155629}, "K52-nU090": {"K52-nU100": 110.89389613857972}, "K51-D090": {"K51-D100": 89.43142771388747}, "K52-nD150": {"K52-nD160": 96.73170751348039}, "K51A-D030": {"K51A-D040": 46.25280433563544}, "K51-U070": {"K51-U080": 166.45112141529904}, "K52-nU060": {"K52-nU070": 154.40207876215294}, "K51-D210": {"K51-D220": 155.5674719744433}, "K52A-D150": {"K52A-D160": 125.59147994999998}, "K51A-U030": {"K51A-U040": 64.52044516500916}, "K51A-U210": {"K51A-U220": 72.21611175345622}, "K52-nD030": {"K52-nD040": 37.93656091807277}, "K51-U140": {"K51-U150": 49.876524551941834}, "K52-nD180": {"K52-nD190": 156.73232208361554}, "K52A-D120": {"K52A-D130": 39.763795253360726}, "K51A-D230": {"K51A-D240": 140.55446203623723}, "K53-D110": {"K53-D120": 169.02690249893527}, "K52-nU080": {"K52-nU090": 96.5532178030631}, "K51A-U170": {"K51A-U180": 74.33158157694199}, "K52-nU180": {"K52-nU190": 69.71532078622315}, "K52-nD080": {"K52-nD090": 69.48400129657655}, "K52-nD290": {"K52-nD300": 94.73192212203094}, "K51-D050": {"K51-D060": 64.27516823848245}, "K52-nD040": {"K52-nD050": 30.05443480536747}, "K52A-D030": {"K52A-D040": 33.418377445474086}, "K51-D250": {"K51-D260": 141.94107221046497}, "K51A-D020": {"K51A-D030": 115.46458055449314}, "K52A-D140": {"K52A-D150": 116.78648818223655}, "K52-nD160": {"K52-nD170": 156.51680775406138},