{"KSR": {"TWW": 615.5851281094333, "YUL": 235.24798777251135}}