{"LCK": {"CSW": 127.17099369875, "MEF": 129.25127141306237}}