{"LET": {"WCH": 143.10144396337282, "SOH": 101.86075028441697}}