{"LOP": {"YUL": 132.53620554312505, "TIS": 190.1702240022508}, "LOW": {"SHS": 236.8858636406814}, "LOF": {"KOT": 129.52655368631937, "WTS": 129.20841249627557}}