{"MEF": {"LCK": 134.24334793938615, "NAC": 180.14112439885523, "LAK": 136.76773985405015, "TWW": 327.7389072779949}}