{"MKK": {"HUH": 197.0537981356146, "KOT": 144.52356868684507}}