{"MOK": {"PRE": 128.3107917478859, "YMT": 128.2946691731814}, "MOS": {"HEO": 138.08662431957083, "WKS": 172.95598695570968}}