{"NOP": {"QUB": 130.81459546709152, "FOH": 133.25926090432938}}