{"SIH": {"TUM": 154.45469321257505, "TIS": 348.77616718928414}}