{"SKW": {"HFC": 153.75015442790772, "SWH": 113.10001652178273}, "SKM": {"PRE": 123.00841802056127, "KOT": 136.29634013587196}}