{"SSP": {"PRE": 132.1225992208536, "CSW": 130.15138849073426}}