{"STW": {"CIO": 140.08678279909637, "CKT": 125.279719950262}}