{"SUN": {"TSY": 475.0352036736405, "DIS": 198.58233387484285, "TUC": 823.8869768126272}, "SUW": {"KAT": 119.83520918830746, "TKW": 132.84645795321043}}