{"TAW": {"CKT": 220.60954710046002, "SHT": 122.15937434257175, "KOT": 308.81282305850766, "HIK": 163.37875532212902}, "TAK": {"SWH": 128.36043027632704, "QUB": 131.02377013473313}, "TAP": {"UNI": 379.8221586800397, "TWO": 177.33318252170807}}