{"TIK": {"TKO": 304.1263048744927, "YAT": 137.16449312728625}, "TIH": {"FOH": 91.04504791190949, "CAB": 130.6652747278024}, "TIS": {"LOP": 185.04717699539992, "SIH": 341.60983202126334}}