{"TWO": {"FAN": 339.3555233737214, "TAP": 180.32702556844916}, "TWH": {"KWH": 153.33604278930392, "TSW": 81.59254025597957}, "TWW": {"KSR": 622.6215145621833, "MEF": 296.4639275876702}}