{"UNI": {"TAP": 386.1642345296549, "FOT": 191.95653302221365}}