{"WAC": {"ADM": 130.4581209907895, "CAB": 186.83797380429715}}