{"WTS": {"LOF": 129.46327495943666, "DIH": 120.29681180411303}}