{"YMT": {"JOR": 130.6511317192307, "MOK": 105.49924007980471, "HOM": 177.79146319042886}}