{"YUL": {"LOP": 124.5224945053531, "KSR": 247.0814709605416}}