{"1": {"6": 262.34066538248385, "2": 282.43953973258675}}