{"5": {"305": 84.16015427086215, "6": 139.5714384341628}}