{"AIR": {"TSY": 1623.4778585104627, "AWE": 132.6735505693175}}