{"AUS": {"NAC": 195.48045163520146, "ETS": 139.02975751700006}}