{"CIO": {"STW": 127.02907515921251, "SHM": 129.76361701350055}}