{"CKT": {"STW": 131.90241804925148, "TAW": 119.606192187}}