{"CSW": {"LCK": 107.70175147975765, "SSP": 107.53332772643436}}