{"ETS": {"HUH": 185.18265361955702, "AUS": 188.4647613399}}