{"HAH": {"TKO": 154.42461654890047, "POA": 128.14738666771956}}