{"HFC": {"SKW": 153.55064103080736, "CHW": 130.71564641644164}}