{"HIK": {"TAW": 145.11278897019048, "DIH": 286.0734314494948}}