{"HUH": {"MKK": 198.35151014918486, "EXC": 186.34589342155886, "ETS": 201.01571998, "HOM": 128.8115603215935}}