{"JOR": {"TST": 108.42560740398775, "YMT": 94.75607849613911}}