{"K51-U070": {"K51-U080": 189.3036143510496}, "K58-U100": {"K58-U110": 110.75019999999999}, "K53-U050": {"K53-U060": 141.06364643557396}, "K51-U100": {"K51-U110": 227.80223115643147}, "K54-U020": {"K54-U030": 152.04099055002172}, "K54-D030": {"K54-D040": 75.65428378381189}, "K53-U110": {"K53-U120": 97.83806616205254}, "K54-U040": {"K54-U050": 159.50932824819589}, "K53-D120": {"K53-D130": 67.03789851952601}, "K52-nU220": {"K52-nU230": 90.56726373525098}, "K53-U140": {"K53-D010": 86.3628788394496}, "K51A-D020": {"K51A-D030": 87.37687675087243}, "K58-U120": {"K58-U130": 98.56}, "K52-nU190": {"K52-nU200": 139.16759908647285}, "K51-D220": {"K51-D230": 270.8294765993422}, "K53-D020": {"K53-D030": 102.89137234206416}, "K58-D130": {"K58-D140": 107.95455}, "K52-nU230": {"K52-nU240": 76.39194040199895}, "K51-D260": {"K51-D270": 55.69156473525832}, "K53-U120": {"K53-U130": 70.96327692811295}, "K53-U100": {"K53-U110": 74.53638237153112}, "K52-nD080": {"K52-nD090": 87.09852362430672}, "K53-U130": {"K53-U140": 58.98159519796229}, "K52-nD120": {"K52-nD130": 41.18163029873412}, "K52-nD270": {"K52-nD280": 97.4972384785787}, "K53-D100": {"K53-D110": 77.8325445359298}, "K51-U130": {"K51-U140": 69.41172310115795}, "K53-U030": {"K53-U040": 246.13481785243212}, "K51A-D210": {"K51A-D220": 76.16479349103643}, "K58-D120": {"K58-D130": 133.27489780000002}, "K51-U040": {"K51-U050": 117.7721108670673}, "K58-D090": {"K58-D100": 119.3747735851}, "K58-D020": {"K58-D030": 95.79570000000001}, "K53-D160": {"K53-D170": 195.1608431151007, "K53-U011": 197.58736188688698}, "K53-D070": {"K53-D080": 45.836758362856166}, "K58-U200": {"K58-U210": 79.51559}, "K51-D020": {"K51-D030": 56.396320797360964}, "K58-U130": {"K58-U140": 64.55900000000001}, "K52-nU120": {"K52-nU140": 128.30385141124103}, "K58-U070": {"K58-U080": 109.60400000000001}, "K51A-U120": {"K51A-U130": 162.84809599309966}, "K51-D060": {"K51-D070": 57.25232196983501}, "K52-nD250": {"K52-nD260": 179.8388134039843}, "K52A-U140": {"K52A-U150": 160.35957660438373}, "K54-D060": {"K54-D070": 153.14037220542863}, "K52-nU150": {"K52-nU160": 86.08290315831404}, "K53-D150": {"K53-D160": 152.40715132972832}, "K52-nU280": {"K52-nU290": 49.90426673039629}, "K51A-D140": {"K51A-D150": 56.903476092975}, "K53-D050": {"K53-D060": 85.626310026566}, "K52-nD240": {"K52-nD250": 158.9998226826127}, "K52-nD220": {"K52-nD230": 141.5546523441846}, "K52-nU020": {"K52-nU030": 91.33576259740438}, "K58-D196": {"K58-D200": 76.560709709}, "K51-U010": {"K51-U020": 34.544621590414614}, "K53-D030": {"K53-D040": 70.93490087603728}, "K53-U070": {"K53-U080": 54.64677252628992}, "K51A-D010": {"K51A-D020": 56.508080705194175}, "K52-nU050": {"K52-nU060": 240.06407464564933}, "K51-D010": {"K51-D020": 65.41065678804041}, "K54-U070": {"K54-D010": 180.9048454009921}, "K52-nU180": {"K52-nU190": 76.63640884835993}, "K52A-D010": {"K52A-D020": 277.2246228781048}, "K51A-U020": {"K51A-U030": 96.55340368871711}, "K52-nU090": {"K52-nU100": 95.48383176115811}, "K51-U240": {"K51-U250": 111.21102988286721}, "K58-U160": {"K58-U170": 121.26330700000001}, "K51A-D190": {"K51A-D200": 185.3903200263398}, "K53-U010": {"K53-U020": 266.8596731732172, "K53-D180": 629.668037652463}, "K51-U080": {"K51-U090": 167.63206203719227}, "K51A-U190": {"K51A-U200": 72.80944158107461}, "K51-U200": {"K51-U210": 89.93911166163737}, "K53-U060": {"K53-U070": 71.81371355256302}, "K52-nU300": {"K52-nU310": 41.02827715047257}, "K51-U090": {"K51-U100": 163.81599793821175}, "K52-nD140": {"K52-nD150": 102.34563117800698}, "K53-U090": {"K53-U100": 105.77165298314176}, "K51-D270": {"K51-D280": 95.73412947292097}, "K51A-D170": {"K51A-D180": 152.62720806462087}, "K52-nD100": {"K52-nD110": 56.981938886211154}, "K58-U023": {"K58-U026": 54.09476710000001}, "K52-nU170": {"K52-nU180": 129.96819868663414}, "K53-U080": {"K53-U090": 78.0748630240626}, "K53-U040": {"K53-U050": 130.7873704624634}, "K51A-U100": {"K51A-U110": 240.34319627932274}, "K58-D200": {"K58-D210": 71.26691}, "K51A-U050": {"K51A-U060": 281.559045685849}, "K51-U050": {"K51-U060": 283.3637852010944}, "K52-nD180": {"K52-nD190": 138.53283621859032}, "K53-D140": {"K53-D150": 158.52069124310827}, "K51-U230": {"K51-U240": 52.604756002483214}, "K51-U150": {"K51-U160": 80.02520725728706}, "K58-D150": {"K58-D160": 76.55779999999999}, "K53-U020": {"K53-U030": 164.8808985021556, "K53-D160": 855.723451661151}, "K51-D080": {"K51-D090": 109.64519968942761}, "K51A-D100": {"K51A-D110": 44.80524400803987}, "K51A-D250": {"K51A-D260": 92.54186078024267}, "K54-D040": {"K54-D050": 171.0993219799214}, "K51A-U150": {"K51A-U160": 117.80818914010726}, "K51-U030": {"K51-U040": 70.35847613330158}, "K52A-U170": {"K52A-U180": 275.3350957777515}, "K53-D080": {"K53-D090": 39.31913468181264}, "K51-D200": {"K51-D210": 146.17188693361072}, "K58-D140": {"K58-D150": 39.880621}, "K52-nD170": {"K52-nD180": 111.87947204037077}, "K54-D020": {"K54-D030": 191.9095877472668}, "K51A-U170": {"K51A-U180": 82.2516369041489}, "K52-nD060": {"K52-nD070": 129.59072625355046}, "K53-D180": {"K53-D190": 76.38183054523746}, "K52-nD090": {"K52-nD100": 58.01612132599723}, "K51A-D150": {"K51A-D160": 89.56651438902125}, "K58-U010": {"K58-U020": 45.43330000000001}, "K58-U026": {"K58-U030": 129.1499}, "K51-D160": {"K51-D170": 74.79041146100501}, "K51-D280": {"K51-D290": 75.62037779093157}, "K58-U040": {"K58-U050": 51.589999999999996}, "K58-U030": {"K58-U040": 281.05}, "K51A-D260": {"K51A-D270": 82.47013798399999}, "K53-D060": {"K53-D070": 160.40167208616126}, "K52-nU040": {"K52-nU050": 70.33697260560257}, "K51A-D040": {"K51A-D050": 91.17605961418269}, "K53-D015": {"K53-D020": 51.41554852976954}, "K51A-D120": {"K51A-D140": 145.48195599004904}, "K51A-U240": {"K51A-U250": 81.50304670336209}, "K51A-D110": {"K51A-D120": 47.16300999879331}, "K54-D050": {"K54-D060": 98.49622568422046}, "K51-U110": {"K51-U120": 144.998611921777}, "K51A-U060": {"K51A-U070": 315.5254351333665}, "K51A-D220": {"K51A-D230": 126.43634435132358}, "K51A-U180": {"K51A-U190": 109.92810695695891}, "K52-nU060": {"K52-nU070": 161.5695853744109}, "K58-D160": {"K58-D170": 154.12870000000004}, "K51-U190": {"K51-U200": 81.20018384269578}, "K51-D250": {"K51-D260": 162.25082320851507}, "K51A-U220": {"K51A-U230": 86.50918189168452}, "K51A-U080": {"K51A-U090": 173.01544280433149}, "K51-U180": {"K51-U190": 107.52005911615261}, "K51-D130": {"K51-D140": 52.81577641414792}, "K51A-D160": {"K51A-D170": 171.50834464342933}, "K54-U060": {"K54-U070": 216.11432649595037}, "K52-nU070": {"K52-nU080": 97.65977714341892}, "K51-D230": {"K51-D240": 77.88277048568398}, "K51A-D060": {"K51A-D070": 69.05882526174155}, "K58-D030": {"K58-D040": 43.21284000000001}, "K51-D100": {"K51-D110": 167.87211620600004}, "K52-nU270": {"K52-nU280": 179.4467246372686}, "K53-D090": {"K53-D100": 45.96646910308067}, "K58-U060": {"K58-U070": 156.13323000000003}, "K51A-D090": {"K51A-D100": 50.12612502000056}, "K58-D050": {"K58-D060": 171.12480000000002}, "K52-nD150": {"K52-nD160": 84.09924489312047}, "K58-D100": {"K58-D110": 155.07602}, "K58-D070": {"K58-D080": 109.75938083000001}, "K51A-U070": {"K51A-U080": 186.5098786912858}, "K51A-D030": {"K51A-D040": 40.25749289795069}, "K52-nU010": {"K52-nU020": 37.06697009510002}, "K51-D150": {"K51-D160": 199.2358236780281}, "K52-nD190": {"K52-nD200": 170.62455893830003}, "K51A-U160": {"K51A-U170": 75.3690531745759}, "K51-D240": {"K51-D250": 133.99264282962002}, "K58-U150": {"K58-U160": 180.37800000000001}, "K51-U060": {"K51-U070": 308.46497168113444}, "K53-D130": {"K53-D140": 66.57081263865871}, "K54-U010": {"K54-U020": 74.840292098646}, "K51A-U090": {"K51A-U100": 164.24327607588845}, "K54-U050": {"K54-U060": 327.3582216994352}, "K52A-D130": {"K52A-D140": 55.00000000000001}, "K52-nD130": {"K52-nD140": 91.64015407806546}, "K52A-D030": {"K52A-D040": 26.400000000000002}, "K51A-D180": {"K51A-D190": 141.59200198402317}, "K52-nU110": {"K52-nU120": 162.67183220563274}, "K51-D180": {"K51-D190": 168.51008459501276}, "K51A-D230": {"K51A-D240": 155.89523601658007},