{"K73-U070": {"K73-U080": 169.0576268394525}, "K73-U040": {"K73-U050": 109.26879680921618, "K73-U060": 203.3071379105973}, "K73-D110": {"K73-D120": 93.20852256272119}, "K76-U020": {"K76-U030": 150.3164973308393}, "K76-D010": {"K76-D020": 178.6127489270121}, "K76-U010": {"K76-U020": 21.808543392670643}, "K73-D010": {"K73-D020": 79.76466366079751}, "K75P-U090": {"K75P-U100": 40.65609003816457}, "K74-D090": {"K74-U011": 67.5841231750914}, "K76-U030": {"K76-U040": 291.2953474524997}, "K73-U060": {"K73-U070": 131.32253116896996}, "K75P-U070": {"K75P-U080": 111.3357743120265}, "K76-U040": {"K76-U050": 171.91165487266258}, "K75A-U030": {"K75A-D010": 236.22797978885518}, "K73-U090": {"K73-U100": 102.6718224401227}, "K76-D020": {"K76-D030": 136.67294471119948}, "K73-U110": {"K73-U120": 242.30621115026042}, "K75P-U040": {"K75P-U050": 113.98452638639431}, "K75A-D090": {"K75A-D100": 49.30961339756565}, "K73-U050": {"K73-U060": 98.30076759908214}, "K75A-D070": {"K75A-D080": 43.98201607047506}, "K73-D150": {"K73-D160": 54.62258791193419}, "K75P-U080": {"K75P-U090": 45.308323043380526}, "K76-D030": {"K76-D040": 82.88034524964141}, "K73-U020": {"K73-U030": 204.345818378449}, "K73-U080": {"K73-U090": 292.62341402115925, "K73-U110": 426.67469345653245}, "K75P-D020": {"K75P-D030": 32.60261388197147}, "K75A-D100": {"K75A-D110": 95.45678279204337}, "K75P-U010": {"K75P-U020": 94.80827966741444}, "K75A-D040": {"K75A-D050": 59.04322562481582}, "K75P-D030": {"K75P-D040": 104.39203310514567}, "K75P-D010": {"K75P-D020": 130.7264700653919}, "K75A-D110": {"K75A-U011": 161.29003525419836}, "K75A-D050": {"K75A-D060": 71.87134751382185}, "K75P-D070": {"K75P-D080": 93.13751616933268}, "K75P-U110": {"K75P-U120": 92.4310944456818}, "K74-U030": {"K74-U040": 275.38500000000005}, "K75P-D050": {"K75P-D060": 85.29212826609624}, "K75P-D080": {"K75P-U011": 137.86278824950412}, "K75P-D060": {"K75P-D070": 198.17838605247164}, "K75P-D040": {"K75P-D050": 173.88439042989557}, "K75A-D030": {"K75A-D040": 54.00574860049467}, "K75A-U010": {"K75A-U020": 46.011075183074674}, "K75P-U120": {"K75P-U130": 68.98875091364091}, "K73-D040": {"K73-D050": 79.09015445535496}, "K75A-D060": {"K75A-D070": 43.50765466903979}, "K75A-D020": {"K75A-D030": 33.194281966498934}, "K73-U030": {"K73-U040": 89.38208681338442}, "K73-D090": {"K73-D100": 81.38586713098654}, "K73-D020": {"K73-D030": 104.37971989753729}, "K73-D070": {"K73-D080": 180.51187472372482}, "K75P-U140": {"K75P-D010": 143.03111944821367}, "K74-U004": {"K74-U007": 84.7}, "K75P-U130": {"K75P-U140": 38.169330987097624}, "K74-U050": {"K74-U060": 237.11010000000002}, "K75P-U060": {"K75P-U070": 55.523039257546074}, "K75A-D010": {"K75A-D020": 199.4241183911944}, "K73-D120": {"K73-D130": 104.54772955337778}, "K73-D030": {"K73-D040": 115.685317087883}, "K73-D140": {"K73-D150": 220.8659103887278}, "K75P-U030": {"K75P-U040": 120.60513464665023}, "K74-D020": {"K74-D030": 152.46054258437675}, "K74-U020": {"K74-U030": 132.74730000000002}, "K73-D050": {"K73-D070": 101.77419667638524}, "K75P-U050": {"K75P-U060": 173.15088828899516}, "K75P-U020": {"K75P-U030": 93.80967510269727}, "K74-D110": {"K74-U002": 177.70888069951116}, "K73-U100": {"K73-U110": 275.5392227921277}, "K73-D100": {"K73-D110": 192.25678244845187}, "K74-D040": {"K74-D050": 80.43185321716031}, "K74-U070": {"K74-U080": 157.3843997}, "K75P-U100": {"K75P-U110": 62.10183885323825}, "K74-D100": {"K74-D110": 81.76538785314794}, "K74-U080": {"K74-U090": 243.7407804848}, "K75A-U020": {"K75A-U030": 141.2945202768263}, "K74-U100": {"K74-D010": 114.45753000000002}, "K74-D010": {"K74-D020": 159.34907877915003}, "K74-U090": {"K74-U100": 218.4647414788924}, "K74-D080": {"K74-D090": 177.9238273827387}, "K73-D080": {"K73-D090": 257.8021295267602}, "K75A-D080": {"K75A-D090": 90.22044021822073}, "K73-D130": {"K73-D140": 142.3343597560682}, "K73-U010": {"K73-U020": 66.46216777158602}, "K74-D070": {"K74-D080": 263.2281304077511}, "K74-U011": {"K74-D100": 175.24301711459506}, "K74-U060": {"K74-U070": 179.06284000000002}, "K74-D060": {"K74-D070": 157.47413919098395}, "K74-D030": {"K74-D040": 114.72129723638459}, "K74-U001": {"K74-U004": 107.80000000000001}, "K74-D050": {"K74-D060": 78.17380271799999}, "K74-U040": {"K74-U050": 152.08499999999998}, "K74-U010": {"K74-U020": 84.22800000000001}}