{"KAT": {"SUW": 120.71771733887704, "DIH": 130.65839699999998}}