{"KOW": {"TSY": 538.17086499272, "OLY": 134.23967703236687, "HOK": 177.74210017857536}, "KOT": {"MKK": 170.64237212538958, "SKM": 108.8773253867189, "TAW": 287.7725267636657, "LOF": 112.1075051823289}, "KOB": {"NTK": 117.68413968643135, "CHH": 154.27640881169322}}