{"KWT": {"LAT": 101.48112476457587, "NTK": 101.45122080113599}, "KWF": {"KWH": 106.38082139103832, "LAK": 184.04839478664107}, "KWH": {"KWF": 120.55923210233743, "TWH": 136.07122544882907}}