{"LCK": {"CSW": 64.39716556169999, "MEF": 103.3675367294193}}