{"MKK": {"KOT": 146.5077748919245, "HUH": 181.42494010580162}}