{"NTK": {"KOB": 103.40342299565077, "KWT": 95.94678110480879}}