{"OCP": {"WCH": 131.9077124288167, "ADM": 287.6320608950977}}