{"OLY": {"NAC": 130.68193421919412, "KOW": 133.17032463247983}}