{"SKM": {"PRE": 99.843123878655, "KOT": 132.5801103808786}, "SKW": {"HFC": 119.20530926554356, "SWH": 111.2962871586}}