{"SSP": {"CSW": 122.88560964291835, "PRE": 121.54520467191098}}