{"STW": {"CIO": 129.63042629923012, "CKT": 95.0566939804}}