{"SUN": {"TUC": 823.8869220481508, "DIS": 198.58233387484285, "TSY": 426.6407088112084}, "SUW": {"KAT": 123.47316517626982, "TKW": 133.2509635783786}}