{"SYP": {"SHW": 142.87400667875767, "HKU": 92.1126942455497}}