{"TKO": {"LHP": 131.3956318806811, "HAH": 169.10381667812868, "TIK": 239.9542326205955}, "TKW": {"SUW": 132.90779961496622, "HOM": 120.93283544524922}}