{"TUC": {"SUN": 854.3595260011049}, "TUM": {"SIH": 155.3830194261912}}