{"WAC": {"ADM": 122.46460359529912, "CAB": 138.54997245687645}}