{"YAT": {"TIK": 127.06803552797123, "QUB": 253.2941613584308, "LAT": 175.56021788426295}}