{"YUL": {"KSR": 234.87675210994456, "LOP": 132.2369557615246}}