{"1": {"2": 164.5020151001641, "6": 280.90770670732593}}