{"AUS": {"NAC": 208.32186688588814, "ETS": 141.43034400000002}}