{"CHH": {"DIH": 129.30805096986234, "KOB": 125.28330946681385}, "CHW": {"HFC": 98.27775935610184}}