{"CSW": {"LCK": 130.53548271256605, "SSP": 129.14895646344684}}