{"DIS": {"SUN": 198.58233387484285}, "DIH": {"CHH": 124.94800830488802, "KAT": 167.00139966505213, "WTS": 121.49043617835564, "HIK": 300.19839525206123}}