{"ETS": {"HUH": 154.72442611806, "AUS": 189.34055845615455}}