{"EXC": {"HUH": 163.2369972935628, "ADM": 65.83655714946534}}