{"HAH": {"TKO": 149.71785481346583, "POA": 129.46834997605612}}