{"HFC": {"SKW": 154.85959600237862, "CHW": 126.90794582352314}}