{"HIK": {"DIH": 329.04274386106823, "TAW": 135.23597903206002}}