{"K18-U020": {"K18-U030": 64.40709357949177}, "K17-U020": {"K17-U030": 138.0755331495596}, "K12-U010": {"K12-U020": 286.38785968749005}, "K18-D010": {"K18-D020": 251.47152904083515}, "K18-U010": {"K18-U020": 226.12316923854277}, "K17-D020": {"K17-D030": 42.53275965368245}, "K18-D020": {"K18-D030": 101.15742330023791}, "K12-D020": {"K12-D030": 373.94816426736077}, "K17-D010": {"K17-D020": 341.71361290517814}, "K12-U020": {"K12-U030": 224.54597342754283}, "K12-D010": {"K12-D020": 164.32189670103824}, "K12-D030": {"K12-D040": 89.84505569260168}, "K17-U030": {"K17-U040": 70.42605437151211}, "K17-U010": {"K17-U020": 290.547665931351}}