{"K65-D180": {"K65-D190": 125.08183486554103}, "K65-D010": {"K65-D020": 42.65577916919262}, "K68-D180": {"K68-D190": 38.01245357314555}, "K65-U080": {"K65-U090": 166.3379844319142}, "K66-D140": {"K66-D150": 97.5823254895484}, "K65-D050": {"K65-D060": 64.4119280762512}, "K66-U200": {"K66-U210": 61.008880606126354}, "K65-D080": {"K65-D090": 61.27119332830141}, "K66-D210": {"K66-D220": 162.3412281488822}, "K66-U180": {"K66-U190": 74.12896457890179}, "K66-U100": {"K66-U110": 79.98170494885014}, "K66-D180": {"K66-D190": 88.30320417368628}, "K68-U120": {"K68-U130": 148.79232462600004}, "K66-D170": {"K66-D180": 228.73757991770123}, "K65-D130": {"K65-D140": 97.45642222176328}, "K68-D060": {"K68-D070": 100.10587679518355}, "K66-U170": {"K66-U180": 35.40082742436978}, "K65-D030": {"K65-D040": 67.0834438144009}, "K65-U210": {"K65-U220": 82.15125977791139}, "K65A-U090": {"K65A-U100": 51.604157378016474}, "K65A-U120": {"K65A-U130": 74.44469989439037}, "K65A-U080": {"K65A-U090": 63.94884612489598}, "K65-D170": {"K65-D180": 112.87409584927582}, "K65A-U070": {"K65A-U080": 47.782947682037936}, "K66-D090": {"K66-D100": 46.98787151848434}, "K65-U070": {"K65-U080": 71.28575313897775}, "K68-U150": {"K68-U160": 82.82889735559999}, "K65-D110": {"K65-D120": 119.73967758758167}, "K65-D090": {"K65-D100": 115.99890985750594}, "K66-D060": {"K66-D070": 40.64977532608965}, "K68-U040": {"K68-U050": 46.836858087371745}, "K66-D010": {"K66-D020": 14.888016720350118}, "K65-D120": {"K65-D130": 67.70276710647374}, "K66-U020": {"K66-U030": 202.31360592963375}, "K66-U090": {"K66-U100": 96.02901443392504}, "K65A-U040": {"K65A-U050": 87.90376653384462}, "K68-D160": {"K68-D170": 82.2612758}, "K66-U030": {"K66-U040": 172.60454098048515}, "K66-D150": {"K66-D160": 92.50764964008309}, "K66-D030": {"K66-D040": 81.30889155812822}, "K65-U090": {"K65-U100": 57.97400925186555}, "K66-U130": {"K66-U140": 54.436460273693534}, "K65A-U050": {"K65A-U060": 43.14860365087987}, "K66-U150": {"K66-U160": 59.38074846153437}, "K66-D230": {"K66-D240": 84.44082740494841}, "K65A-U100": {"K65A-U110": 53.37019792792997}, "K65-U130": {"K65-U140": 29.162139142963944}, "K68-D050": {"K68-D060": 71.10383308528}, "K65-D100": {"K65-D110": 216.09676180559276}, "K66-U080": {"K66-U090": 172.0802325112839}, "K65A-U030": {"K65A-U040": 28.701422990372514}, "K65A-U060": {"K65A-U070": 46.87560444119437}, "K68-U090": {"K68-U100": 187.67144879739004}, "K65-U200": {"K65-U210": 73.67708517132057}, "K65-U180": {"K65-U190": 82.98579374766305}, "K68-D120": {"K68-D130": 185.32334088495278}, "K68-D150": {"K68-D160": 60.91292003258}, "K68-U030": {"K68-U040": 34.76821909529575}, "K68-U020": {"K68-U030": 47.9977781160928}, "K66-D200": {"K66-D210": 138.33863095787834}, "K68-D140": {"K68-D150": 43.12952237330002}, "K66-D040": {"K66-D050": 41.3175875938044}, "K66-D050": {"K66-D060": 47.33655319796945}, "K65-U220": {"K65-U230": 87.87542879110003}, "K66-U070": {"K66-U080": 186.18102628760795}, "K65-D150": {"K65-D160": 112.13827472705869}, "K65-U190": {"K65-U200": 60.50595400754734}, "K68-U130": {"K68-U140": 164.06958191631801}, "K66-U120": {"K66-U130": 54.85138014942872}, "K68-D080": {"K68-D090": 97.20653456139999}, "K65-D060": {"K65-D070": 98.6743691847945}, "K68-U100": {"K68-U110": 208.34779569061}, "K65-U140": {"K65-U150": 101.69322550517816}, "K65A-U110": {"K65A-U120": 66.079649538419}, "K65A-U010": {"K65A-U020": 60.91017597226844}, "K68-D190": {"K68-D200": 56.03670766788049}, "K65-U050": {"K65-U060": 97.56295008175053}, "K65A-D040": {"K65A-D050": 71.35155962000002}, "K68-U080": {"K68-U090": 54.29380000000001}, "K66-D110": {"K66-D120": 45.4653362046247}, "K65-U100": {"K65-U110": 160.66178380998895}, "K66-D070": {"K66-D080": 49.82336413211357}, "K65-D040": {"K65-D050": 76.08082980648825}, "K66-D120": {"K66-D130": 73.10967371950598}, "K65A-U020": {"K65A-U030": 153.7795788678306}, "K65-D140": {"K65-D150": 110.30230001129863}, "K66-D220": {"K66-D230": 92.6752090159379}, "K68-U060": {"K68-U070": 82.82994622240001}, "K66-U010": {"K66-U020": 104.33790042085158}, "K66-D020": {"K66-D030": 75.26523240519205}, "K65-U150": {"K65-U160": 57.450191195940036}, "K65-U060": {"K65-U070": 38.42455514963216}, "K66-D130": {"K66-D140": 39.42744077737462}, "K66-U060": {"K66-U070": 172.5618815659414}, "K65-D070": {"K65-D080": 143.05470305768023}, "K65-U120": {"K65-U130": 176.29104065427975}, "K66-U160": {"K66-U170": 48.88382047836097}, "K68-D100": {"K68-D110": 91.83027702340317}, "K68-D170": {"K68-D180": 50.117947152851904}, "K66-D190": {"K66-D200": 85.70671586058629}, "K66-U040": {"K66-U050": 137.6392254533656}, "K65-U170": {"K65-U180": 56.24647532705744}, "K68-D110": {"K68-D120": 96.77879903430203}, "K65A-D060": {"K65A-D070": 74.07500000000002}, "K68-D090": {"K68-D100": 167.12849465836888}, "K68-D030": {"K68-D040": 101.90610313582002}, "K65-D020": {"K65-D030": 83.55330174209735}, "K68-D010": {"K68-D020": 52.43786484811343}, "K66-U210": {"K66-U220": 52.10725633736814}, "K66-D100": {"K66-D110": 50.21669189207858}, "K65-U160": {"K65-U170": 61.01662990932808}, "K65-D160": {"K65-D170": 160.78054009061043}, "K68-D130": {"K68-D140": 52.7936147704}, "K68-U050": {"K68-U060": 50.3830915359034}, "K65-U040": {"K65-U050": 97.73918599520621}, "K65-U020": {"K65-U030": 148.51386623308207}, "K66-U190": {"K66-U200": 66.2748290870476}, "K68-U110": {"K68-U120": 202.48305390000002, "K68-D090": 422.11400000000003}, "K65-U110": {"K65-U120": 116.13137043422088}, "K66-D080": {"K66-D090": 61.88367994980691}, "K66-D160": {"K66-D170": 147.56414489512898}, "K66-U140": {"K66-U150": 39.34807911373034}, "K66-U110": {"K66-U120": 42.9567996684426}, "K68-U070": {"K68-U080": 32.30154674362098}, "K68-D040": {"K68-D050": 117.08269875590199}, "K68-D020": {"K68-D030": 93.97303222612757}, "K65A-D020": {"K65A-D030": 74.11963460000001}, "K65-U030": {"K65-U040": 106.09692143838322}, "K66-U050": {"K66-U060": 51.359138851099615}, "K65A-D010": {"K65A-D020": 65.04289700000001}, "K65A-D030": {"K65A-D040": 72.70733399999999}, "K68-D070": {"K68-D080": 231.12886580277996}, "K65A-D050": {"K65A-D060": 61.857000000000006}, "K65-U010": {"K65-U020": 297.06780628081}, "K68-D200": {"K68-U011": 68.96001684638554}, "K68-U010": {"K68-U020": 93.30578048040431}, "K68-U140": {"K68-U150": 44.770574570630004}, "K68-U160": {"K68-U170": 69.14130000000002}, "K68-U170": {"K68-D010": 195.738}}