{"KSR": {"TWW": 712.0168259252407, "YUL": 235.46420773393507}}