{"KWH": {"TWH": 142.23704966471288, "KWF": 127.74654539078828}, "KWT": {"LAT": 127.30024493691857, "NTK": 124.80538514493807}, "KWF": {"KWH": 126.01807644985652, "LAK": 183.172506}}