{"LCK": {"MEF": 131.66467517251482, "CSW": 130.09778914431985}}