{"MOK": {"PRE": 122.3567811329697, "YMT": 128.9098776957748}, "MOS": {"HEO": 127.86634831598874, "WKS": 154.235298630297}}