{"NAC": {"AUS": 205.2354472386898, "LAK": 263.56758088228287, "MEF": 183.2708713926379, "OLY": 106.74194230778724}}