{"NTK": {"KOB": 130.87858332207867, "KWT": 110.28624120468001}}