{"OLY": {"NAC": 130.66595095462452, "KOW": 132.20870810162702}}