{"SHT": {"FOT": 143.18342591275228, "TAW": 143.93701135824116}, "SHS": {"FAN": 143.5893941604832, "LMC": 405.2281690353742, "LOW": 261.7548038606344}, "SHM": {"TSH": 213.85954976528993, "CIO": 115.58823952794}, "SHW": {"CEN": 108.47678185311001, "SYP": 129.02705170690257}}