{"SIH": {"TUM": 154.43747735973886, "TIS": 341.6665426177268}}