{"SKM": {"KOT": 138.78452241011232, "PRE": 128.5626366248436}, "SKW": {"HFC": 160.74305665146974, "SWH": 119.0902693}}