{"STW": {"CIO": 135.86698255418784, "CKT": 117.19250416127242}}