{"SWH": {"TAK": 126.59835250845806, "SKW": 118.67889488334}}