{"SYP": {"SHW": 163.49533707170073, "HKU": 104.8409001259104}}