{"TAP": {"UNI": 378.62966180153296, "TWO": 131.27476352383533}, "TAW": {"KOT": 271.37308704863256, "SHT": 127.02878767237186, "HIK": 142.9112358088346, "CKT": 128.23107}, "TAK": {"QUB": 131.1560403189477, "SWH": 116.34010336563577}}