{"TIK": {"TKO": 211.42491946606168, "YAT": 144.8839995104901}, "TIS": {"SIH": 370.05090080364664, "LOP": 186.85338373048583}, "TIH": {"CAB": 130.00207158520666, "FOH": 78.94537791401999}}