{"TSY": {"AIR": 1464.2790914915822, "LAK": 191.49648893279863, "SUN": 723.8825984732459, "KOW": 463.16109845747224}, "TSW": {"TWH": 64.71689461595494}, "TST": {"ADM": 189.95339463151203, "JOR": 116.228847954}, "TSH": {"SHM": 212.03575111883546, "HEO": 122.80179969392998}}