{"WAC": {"ADM": 127.39478310547725, "CAB": 157.19911458933652}}