{"YAT": {"QUB": 260.95984260253476, "LAT": 158.13623687041635, "TIK": 137.14052831210523}}