{"YMT": {"MOK": 115.80794530811241, "HOM": 132.71560365219995, "JOR": 132.61196934199998}}