{"YUL": {"KSR": 246.40855349735153, "LOP": 129.75664840000002}}