{"AIR": {"TSY": 1715.8141680120746, "AWE": 244.75574656583194}}