{"CHH": {"KOB": 129.48269320831946, "DIH": 135.34000067658138}, "CHW": {"HFC": 176.4403223041033}}