{"CKT": {"STW": 141.12773335699998, "TAW": 137.9914773206981}}