{"CSW": {"SSP": 102.72775300000004, "LCK": 131.24045552402262}}