{"DIS": {"SUN": 198.58233387484285}, "DIH": {"HIK": 305.3586923803141, "WTS": 119.19912443127699, "KAT": 179.3135179806485, "CHH": 113.55432880170562}}