{"ETS": {"AUS": 180.38365045978992, "HUH": 399.00196411919603}}