{"EXC": {"HUH": 179.45691713388638, "ADM": 69.16448286392954}}