{"HEO": {"MOS": 129.28710231315975, "TSH": 138.82516603786405}}