{"HFC": {"SKW": 130.83446978885019, "CHW": 140.000202308086}}