{"HKU": {"SYP": 116.66560277673136, "KET": 94.14439514375844}}