{"HOK": {"KOW": 186.30385371736895}, "HOM": {"YMT": 161.95926285827957, "TKW": 153.24873743296055, "WHA": 86.8805529368029, "HUH": 134.77975978970002}}