{"JOR": {"YMT": 124.1448122590898, "TST": 112.87137167351948}}