{"K54-D020": {"K54-D030": 132.85768023652992}, "K52A-U140": {"K52A-U150": 160.35887203763247}, "K52A-D010": {"K52A-D020": 277.22496912823175}, "K52-nD060": {"K52-nD070": 129.34768316859828}, "K52A-U170": {"K52A-U180": 275.33189995594125}, "K52-nU270": {"K52-nU280": 160.35752784965484}, "K52A-D060": {"K52A-D070": 129.34768316859828}}