{"K76-U030": {"K76-U040": 163.10085248714728}, "K76-D010": {"K76-D020": 170.4163076517412}, "K73-U080": {"K73-U110": 151.50094254395188}, "K74-D020": {"K74-D030": 145.02339764528094}}