{"KAT": {"DIH": 154.35941786942004, "SUW": 130.466672112689}}