{"KOW": {"HOK": 177.74210021767334, "TSY": 441.4173067873791, "OLY": 133.72501508234888}, "KOT": {"LOF": 99.08943849500001, "MKK": 197.16060316914343, "SKM": 141.44846383956474, "TAW": 276.2569235366372}, "KOB": {"CHH": 152.59055052377292}}