{"KSR": {"YUL": 246.98549507419398, "TWW": 585.1680276462971}}