{"KWT": {"NTK": 104.080578658, "LAT": 120.13459381822126}, "KWH": {"TWH": 158.55723888308196, "KWF": 109.15843719085572}, "KWF": {"KWH": 117.60271784632175, "LAK": 110.33358139948787}}