{"LAK": {"MEF": 146.8483252917311, "NAC": 258.58438907220386, "KWF": 140.77763067643474, "TSY": 197.4136153080731}, "LAT": {"YAT": 82.3583391987674, "KWT": 124.73746034960291}}