{"LOP": {"YUL": 131.09901418885696, "TIS": 196.62061420658773}, "LOW": {"SHS": 261.7548038606344}, "LOF": {"KOT": 130.22354791777198, "WTS": 112.64670274884845}}