{"LR425": {"LR380": 129.07563517030047, "LR430": 140.34078740041576}, "LR380": {"LR425": 138.0446500694962, "LR390": 154.47975614109913}, "LR340": {"LR100": 131.99999999999983}, "LR110": {"LR100": 131.99999999999983}, "LR435": {"LR430": 131.99999999999983}, "LR010": {"LR001": 131.99999999999983}, "LR240": {"LR001": 131.99999999999983}, "LR510": {"LR500": 131.99999999999983}, "LR455": {"LR500": 131.99999999999983}, "LR150": {"LR140": 131.99999999999983}, "LR445": {"LR430": 131.99999999999983}, "LR590": {"LR600": 133.87919647042315}, "LR265": {"LR920": 131.99999999999983}, "LR600": {"LR590": 143.49268050428537}, "LR430": {"LR425": 140.34078740041576}, "LR390": {"LR380": 154.47975614109913}, "LR480": {"LR550": 131.99999999999983}, "LR448": {"LR445": 131.99999999999983}, "LR450": {"LR435": 131.99999999999983}}