{"MEF": {"TWW": 316.05272029396997, "NAC": 186.62841594638127, "LAK": 150.00613761970757, "LCK": 104.56604662059085}}