{"MKK": {"HUH": 326.59051057004586, "KOT": 157.69188511727847}}