{"MOK": {"PRE": 76.71082174400246, "YMT": 111.68500631902882}, "MOS": {"HEO": 155.49553028951445, "WKS": 163.0562259483492}}