{"NAC": {"MEF": 202.02637906226042, "OLY": 133.13094488519974, "AUS": 205.1227739245332, "LAK": 256.8531757248174}}