{"NTK": {"KOB": 130.21305790091475, "KWT": 128.63900000000004}}