{"OCP": {"ADM": 287.63195720773166, "WCH": 114.39431646302839}}