{"PRE": {"MOK": 102.80788708927814, "SKM": 104.71740141250265, "SSP": 146.6341208625616}}