{"SHW": {"CEN": 109.80206337023132, "SYP": 118.45754957709445}, "SHM": {"TSH": 246.02890429929843, "CIO": 133.13353985679797}, "SHS": {"FAN": 158.83420689298373, "LMC": 723.9636230275177, "LOW": 261.75478957028747}, "SHT": {"TAW": 176.95866477259204, "FOT": 208.54513141257}}