{"SKM": {"PRE": 104.98218086897, "KOT": 113.35388812693593}, "SKW": {"HFC": 202.1989284439277, "SWH": 107.32933961194117}}