{"SSP": {"CSW": 131.57389126288496, "PRE": 128.02888330349538}}