{"SUN": {"DIS": 198.58233387484285, "TUC": 823.8869707738256, "TSY": 535.3621212985511}, "SUW": {"KAT": 120.94457938235146, "TKW": 151.17034141839255}}