{"SWH": {"TAK": 94.85499059691645, "SKW": 126.97964628460802}}