{"TIS": {"LOP": 192.41020552264678, "SIH": 310.114661362486}, "TIH": {"FOH": 97.31274502835609, "CAB": 110.82213124797354}, "TIK": {"YAT": 160.80365326981436, "TKO": 203.54400000000004}}