{"TKO": {"LHP": 130.88661601567085, "TIK": 196.84202715599028, "HAH": 990.0000000000001}, "TKW": {"SUW": 130.78831452000003, "HOM": 137.89696414034955}}