{"TSY": {"AIR": 1583.1318856925332, "KOW": 446.4411199544722, "LAK": 198.38767641691305, "SUN": 430.9394156951821}, "TSH": {"SHM": 233.03469308542753, "HEO": 124.41241239558849}, "TST": {"JOR": 130.94858248999998, "ADM": 201.382147270101}, "TSW": {"TWH": 112.05341898400005}}