{"WCH": {"LET": 172.69670366576557, "OCP": 119.88155159060302}}