{"YUL": {"LOP": 127.71988859942819, "KSR": 248.44815890158233}}