{"AIR": {"TSY": 1529.6911007327096, "AWE": 157.03689164852716}}