{"AUS": {"NAC": 186.19698249432054, "ETS": 165.714680039283}}