{"CHH": {"KOB": 148.8339404180384, "DIH": 128.19557480754528}, "CHW": {"HFC": 92.35825975365121}}