{"CIO": {"STW": 139.5974385556169, "SHM": 127.59299687969028}}