{"CSW": {"LCK": 122.32487586336268, "SSP": 129.72391936667643}}