{"DIS": {"SUN": 198.58233387484285}, "DIH": {"WTS": 120.6947858606845, "CHH": 128.3867459038664, "HIK": 306.10172210212414, "KAT": 179.50766011329029}}