{"ETS": {"AUS": 187.338131160435, "HUH": 155.3853612890286}}