{"EXC": {"HUH": 192.4914693741123, "ADM": 86.29321336764968}}