{"HFC": {"SKW": 134.94039809018622, "CHW": 108.92979293913672}}