{"HIK": {"TAW": 160.42118800767304, "DIH": 305.26092157801355}}