{"HKU": {"SYP": 128.32711653177773, "KET": 101.58493960732847}}