{"HUH": {"MKK": 235.80851221848215, "EXC": 254.6412247491468, "HOM": 135.39441122212023, "ETS": 196.1848114314093}}