{"K51-U160": {"K51-U170": 75.4714852338}, "K52A-D010": {"K52A-D020": 277.2252894455018}, "K51-D230": {"K51-D240": 69.41}, "K51-U120": {"K51-U130": 94.68800000000002}, "K51-U200": {"K51-U210": 68.451883713}, "K51-D260": {"K51-D270": 41.690000000000005}, "K53-U060": {"K53-U070": 50.082236517659304}, "K52-nU260": {"K52-nU270": 50.826}, "K53-D150": {"K53-D160": 104.31351789716523}, "K53-U130": {"K53-U140": 43.55746865424267}, "K53-D100": {"K53-D110": 51.62506263974211}, "K52A-U140": {"K52A-U150": 160.35850776269055}, "K53-U050": {"K53-U060": 108.41084031623464}, "K53-U080": {"K53-U090": 52.92289448648597}, "K54-D020": {"K54-D030": 132.85731455576152}, "K53-D070": {"K53-D080": 32.99503101157334}, "K53-D140": {"K53-D150": 100.97040879748585}, "K53-U070": {"K53-U080": 36.8116756900926}, "K53-D015": {"K53-D020": 41.3257645815986}, "K52-nD060": {"K52-nD070": 129.34768316859828}, "K53-U020": {"K53-U030": 105.01854, "K53-D160": 917.18}, "K53-U110": {"K53-U120": 67.78010872013257}, "K53-D090": {"K53-D100": 26.150954786384982}, "K53-D120": {"K53-D130": 87.20745056751912}, "K53-D050": {"K53-D060": 43.88927728733563}, "K52-nU250": {"K52-nU260": 57.20366}, "K53-U090": {"K53-U100": 75.2393938466598}, "K52A-D060": {"K52A-D070": 129.34768316859828}, "K53-D080": {"K53-D090": 31.741177729156668}, "K53-U100": {"K53-U110": 52.47574451148067}, "K53-U040": {"K53-U050": 91.23400501677003}, "K53-U120": {"K53-U130": 52.265804761433216}, "K51-U210": {"K51-U220": 33.264}, "K51-U170": {"K51-U180": 60.503569000000006}, "K53-D110": {"K53-D120": 122.71608979819311}, "K52A-U170": {"K52A-U180": 275.3301891049081}, "K53-U140": {"K53-D010": 68.91325912135576}, "K53-D040": {"K53-D050": 54.44881287537513}, "K53-D030": {"K53-D040": 47.022461814720195}, "K52-nU290": {"K52-nU300": 41.55019}, "K51-U130": {"K51-U140": 50.326100000000004}, "K51-U240": {"K51-U250": 92.81826378000001}, "K52-nU300": {"K52-nU310": 36.26077}, "K53-D060": {"K53-D070": 94.79239779350108}, "K51-D240": {"K51-D250": 98.23918}, "K52-nU280": {"K52-nU290": 43.94095059}, "K51-U220": {"K51-U230": 42.87502190000001}, "K52-nU270": {"K52-nU280": 168.73567402215855}, "K51-U180": {"K51-U190": 85.01900000000002}, "K51-U230": {"K51-U240": 28.129110358000002}, "K53-D130": {"K53-D140": 58.8596503794241}, "K53-D010": {"K53-D015": 77.52954013986019}, "K53-D020": {"K53-D030": 84.99822135036966}, "K52-nU200": {"K52-nU210": 65.61610000000002}, "K54A-D030": {"K54A-D040": 71.7726813948832}, "K54A-D020": {"K54A-D030": 145.4948697426018}, "K54A-D040": {"K54A-D050": 110.75122951609205}, "K53-U030": {"K53-U040": 150.3071844}, "K52-nU220": {"K52-nU230": 77.00000000000001}, "K54A-D010": {"K54A-D020": 185.65711322106583}, "K52-nD280": {"K52-nD290": 69.79451000000002}, "K51-U110": {"K51-U120": 89.73620000000001}, "K52-nD290": {"K52-nD300": 78.32000000000001}, "K52-nD260": {"K52-nD270": 29.271000000000004}, "K54A-U040": {"K54A-U050": 101.2}, "K51-U190": {"K51-U200": 70.22070000000001}, "K52-nD240": {"K52-nD250": 151.8}, "K51-U150": {"K51-U160": 70.4}, "K52-nD270": {"K52-nD280": 67.38820000000001}, "K52-nU210": {"K52-nU220": 70.4}, "K51-D280": {"K51-D290": 41.2192}, "K51-D200": {"K51-D210": 140.8}, "K51-D250": {"K51-D260": 145.4243}, "K51-D270": {"K51-D280": 62.5}, "K51-U140": {"K51-U150": 51.0}, "K51-U090": {"K51-U100": 100.78}, "K52-nU240": {"K52-nU250": 40.5}, "K52-nD250": {"K52-nD260": 140.4}, "K52-nU230": {"K52-nU240": 26.0}, "K52-nD200": {"K52-nD210": 88.0}, "K53-D160": {"K53-U011": 162.8792411498223}, "K52-nU180": {"K52-nU190": 62.7}}