{"K65-U150": {"K65-U160": 49.348000000000006}, "K65-U160": {"K65-U170": 55.50600000000001}, "K65-U220": {"K65-U230": 74.305}, "K65-U200": {"K65-U210": 42.087320000000005}, "K65-U130": {"K65-U140": 28.380000000000003}, "K65-U190": {"K65-U200": 29.480000000000008}, "K65-U170": {"K65-U180": 42.711000000000006}, "K65-U210": {"K65-U220": 69.8276}, "K65-U180": {"K65-U190": 71.725}}