{"LAK": {"TSY": 197.9172897183348, "KWF": 138.814985807096, "NAC": 222.79627360956684, "MEF": 135.40756195347234}, "LAT": {"KWT": 132.54933545207393, "YAT": 118.11098355049505}}