{"LCK": {"CSW": 130.65989431920826, "MEF": 127.61920579437758}}