{"LET": {"WCH": 163.30898548434948, "SOH": 103.94298147077203}}