{"LOF": {"WTS": 128.45868812209864, "KOT": 127.11727666124477}, "LOW": {"SHS": 240.010581410097}, "LOP": {"TIS": 182.82130679072324, "YUL": 127.77471600000004}}