{"MEF": {"NAC": 186.7871190058062, "LAK": 143.66408111803486, "LCK": 125.40566281963018, "TWW": 321.03528085400114}}