{"MKK": {"KOT": 218.2789425965222, "HUH": 312.9847754985357}}