{"MOK": {"PRE": 127.7076070400338, "YMT": 130.50977476959534}, "MOS": {"HEO": 150.21384934148765, "WKS": 158.9356793896872}}