{"NOP": {"FOH": 126.89551919995309, "QUB": 131.1092442641259}}