{"NTK": {"KOB": 128.1449876714903, "KWT": 121.62260515484806}}