{"OCP": {"WCH": 132.3142008434254, "ADM": 287.63196421953296}}