{"SKM": {"PRE": 123.59680355143814, "KOT": 133.07194144946249}, "SKW": {"SWH": 119.24133093932535, "HFC": 154.83374907045965}}