{"STW": {"CKT": 130.20350421479037, "CIO": 143.21389872857998}}