{"SUN": {"DIS": 198.58233387484285, "TUC": 823.8869355398753, "TSY": 497.24902755293454}, "SUW": {"TKW": 131.17870454778057, "KAT": 125.27315487574211}}