{"SWH": {"SKW": 125.40075156214819, "TAK": 127.84976533720612}}