{"SYP": {"HKU": 102.98697315415033, "SHW": 147.88349947837384}}