{"TIK": {"TKO": 207.29835479883786, "YAT": 140.84736830918624}, "TIH": {"CAB": 126.42525691201556, "FOH": 84.84638347972219}, "TIS": {"LOP": 191.30732661690047, "SIH": 336.35451535595405}}