{"TUM": {"SIH": 146.32754591488202}, "TUC": {"SUN": 590.8527157761847}}