{"TWW": {"KSR": 551.8104368703982, "MEF": 296.7596795295669}, "TWO": {"FAN": 330.3323212025246, "TAP": 204.15468096008001}, "TWH": {"KWH": 142.64240292387151, "TSW": 71.05006117553884}}