{"UNI": {"FOT": 200.78163792106068, "TAP": 355.3930730712079}}