{"WTS": {"LOF": 128.0522250322701, "DIH": 114.64686552540923}}