{"1": {"6": 269.36100532164863, "2": 58.16425717857519}}