{"5": {"305": 79.71870215429013, "6": 125.83819067835184}}