{"AUS": {"ETS": 73.6879666669686, "NAC": 213.71024589997972}}