{"CHW": {"HFC": 69.61806301081535}, "CHH": {"KOB": 118.28500724994198, "DIH": 108.11395311318105}}