{"CIO": {"STW": 91.98157685772084, "SHM": 96.2139644731}}