{"ETS": {"HUH": 99.97937938286813, "AUS": 172.708736186223}}