{"FOT": {"UNI": 196.9324353826722, "SHT": 143.76265324425935}, "FOH": {"TIH": 108.36815143768304, "NOP": 107.64899743315587}}