{"HKU": {"SYP": 130.26501373678283, "KET": 98.00818137225384}}