{"HOM": {"YMT": 140.13828062464236, "TKW": 94.48618639179783, "WHA": 79.32176372620397, "HUH": 122.6974287935}, "HOK": {"KOW": 183.08245720252995}}