{"HUH": {"EXC": 186.88170990860417, "ETS": 130.3758254600793, "MKK": 182.60647905107407, "HOM": 78.3585247794}}