{"JOR": {"TST": 89.40687673337834, "YMT": 118.96951097674568}}