{"K51-D090": {"K51-D100": 80.99424253318803}, "K53-D100": {"K53-D110": 73.63318373992698}, "K54-D020": {"K54-D030": 192.7739271861797}, "K58-U026": {"K58-U030": 128.32847189249998}, "K53-U040": {"K53-U050": 119.65797942433014}, "K51-U020": {"K51-U030": 170.25792266733112}, "K53-U110": {"K53-U120": 89.82591967643705}, "K53-U100": {"K53-U110": 68.76302104931744}, "K51A-D180": {"K51A-D190": 128.6326071776765}, "K52A-D010": {"K52A-D020": 277.22475064567936}, "K51-D250": {"K51-D260": 131.9596780902693}, "K51-U180": {"K51-U190": 111.49300147313572}, "K51A-D030": {"K51A-D040": 47.12348706989128}, "K51A-U040": {"K51A-U050": 123.19829574453499}, "K53-D010": {"K53-D015": 113.38262184668955}, "K53-U070": {"K53-U080": 47.65298711502003}, "K52-nU290": {"K52-nU300": 23.989281920765936}, "K51A-U160": {"K51A-U170": 74.25176595850002}, "K51A-D090": {"K51A-D100": 54.05118121573455}, "K54-U030": {"K54-U040": 134.34635046208055}, "K51A-D260": {"K51A-D270": 54.20490968437893}, "K53-D140": {"K53-D150": 180.17029558554916}, "K52-nU070": {"K52-nU080": 102.10115119421728}, "K51A-D070": {"K51A-D080": 98.311772476794}, "K54-U050": {"K54-U060": 375.2353199637473}, "K58-D140": {"K58-D150": 45.191841151171204}, "K51A-D160": {"K51A-D170": 195.02068211038483}, "K52-nD080": {"K52-nD090": 73.10612461375159}, "K51A-D140": {"K51A-D150": 70.55624916167798}, "K51A-U080": {"K51A-U090": 176.62823516676187}, "K53-U130": {"K53-U140": 66.05505402977741}, "K51A-U060": {"K51A-U070": 358.06143028421616}, "K51-U010": {"K51-U020": 36.579874352121394}, "K51-U100": {"K51-U110": 198.36449821448764}, "K52A-U010": {"K52A-U015": 414.43351556258176}, "K51-D150": {"K51-D160": 173.49791520008878}, "K51A-D210": {"K51A-D220": 86.5236884722453}, "K53-U010": {"K53-U020": 259.33778063028547}, "K52A-U080": {"K52A-U090": 82.62300331799801}, "K51-D170": {"K51-D180": 109.51106936736383}, "K52-nD090": {"K52-nD100": 48.7484656425906}, "K52-nU050": {"K52-nU060": 281.0002813793441}, "K51-D190": {"K51-D200": 175.7542717731368}, "K54-D040": {"K54-D050": 169.55643852422523}, "K52-nD100": {"K52-nD110": 61.49398659478511}, "K52A-U040": {"K52A-U050": 155.9879484134015}, "K51A-U100": {"K51A-U110": 204.97511923881316}, "K53-D130": {"K53-D140": 100.70784551796662}, "K54-U020": {"K54-U030": 99.31915409998294}, "K53-U060": {"K53-U070": 70.72464140792685}, "K52-nD260": {"K52-nD270": 59.60997960000001}, "K52A-U110": {"K52A-U120": 89.576653045}, "K51-U230": {"K51-U240": 50.10745752186308}, "K51-U090": {"K51-U100": 148.7774605043221}, "K52A-U070": {"K52A-U080": 88.78993255759477}, "K58-D130": {"K58-D140": 118.56539156174901}, "K53-D150": {"K53-D160": 169.53127859848595}, "K51-U200": {"K51-U210": 92.42113327997905}, "K53-U140": {"K53-D010": 85.21956073718827}, "K58-D030": {"K58-D040": 38.28711227}, "K51A-U030": {"K51A-U040": 59.043049116519384}, "K52-nD150": {"K52-nD160": 125.49680953582092}, "K58-D196": {"K58-D200": 139.10481477555498}, "K51-D260": {"K51-D270": 68.44797572159189}, "K52A-D060": {"K52A-D070": 129.34768316859828}, "K58-U140": {"K58-U150": 110.5581523522}, "K51-U050": {"K51-U060": 276.3713590304545}, "K52-nD060": {"K52-nD070": 130.49941492691732}, "K58-D120": {"K58-D130": 158.0589578270557}, "K52-nD160": {"K52-nD170": 157.8776951208107}, "K52-nD020": {"K52-nD030": 43.92148986007886}, "K52-nU140": {"K52-nU150": 223.83696198433086}, "K52-nU240": {"K52-nU250": 79.08218096881862}, "K52-nU280": {"K52-nU290": 46.477713281788525}, "K54-U060": {"K54-U070": 235.26773249383746}, "K51A-D200": {"K51A-D210": 313.23376247816526}, "K51-D070": {"K51-D080": 69.1958533150818}, "K54-U040": {"K54-U050": 143.65225905970473}, "K51A-U190": {"K51A-U200": 70.37265969556083}, "K51-D160": {"K51-D170": 68.66983431068498}, "K51A-U220": {"K51A-U230": 98.466742252625}, "K58-U070": {"K58-U080": 131.77199643974419}, "K53-D110": {"K53-D120": 182.85444157677244}, "K58-U060": {"K58-U070": 183.39507677632906}, "K58-U050": {"K58-U060": 42.31370000000001}, "K53-U080": {"K53-U090": 64.54044627713209}, "K58-D150": {"K58-D160": 76.1950171107293}, "K58-U090": {"K58-U100": 222.48026014949482}, "K52-nD250": {"K52-nD260": 189.44907517943847}, "K51A-U130": {"K51A-U140": 75.26948563422732}, "K52-nU110": {"K52-nU120": 173.37658242103652}, "K52-nU230": {"K52-nU240": 111.46915924676398}, "K52A-U160": {"K52A-U170": 21.513043189}, "K52A-U140": {"K52A-U150": 167.61993923276913}, "K51-U070": {"K51-U080": 176.0339832266681}, "K52-nD050": {"K52-nD060": 39.40714156133869}, "K51-D130": {"K51-D140": 57.11358733288292}, "K51A-D240": {"K51A-D250": 74.77218291776441}, "K52-nU100": {"K52-nU110": 182.35658866658116}, "K51-D210": {"K51-D220": 155.81437146842802}, "K53-D030": {"K53-D040": 78.63418088339526}, "K52-nU270": {"K52-nU280": 179.9616463129493}, "K51A-D110": {"K51A-D120": 56.26756096647672}, "K58-D010": {"K58-D020": 21.669999999999998}, "K58-U190": {"K58-U200": 123.39683938438233}, "K52-nD210": {"K52-nD220": 204.85068993997226}, "K52-nU190": {"K52-nU200": 142.81483572709425}, "K51-U110": {"K51-U120": 110.71431096976269}, "K52-nU260": {"K52-nU270": 132.34695712174963}, "K58-D070": {"K58-D080": 110.37468986329502}, "K51A-U110": {"K51A-U120": 123.42180049677606}, "K51-D020": {"K51-D030": 61.03959290792072}, "K53-U120": {"K53-U130": 68.00917996609826}, "K52-nU020": {"K52-nU030": 95.91861401216781}, "K52-nD030": {"K52-nD040": 38.99721878699465}, "K58-D050": {"K58-D060": 192.42849999999999}, "K52-nU090": {"K52-nU100": 126.12700336863001}, "K58-U100": {"K58-U110": 103.52836041471002}, "K51A-D170": {"K51A-D180": 185.1353290895383}, "K53-D015": {"K53-D020": 50.26323997631559}, "K58-U023": {"K58-U026": 47.797783}, "K52-nD070": {"K52-nD080": 126.76031426143982}, "K53-U090": {"K53-U100": 121.4766499399819}, "K53-D060": {"K53-D070": 160.80808753587644}, "K52A-U170": {"K52A-U180": 275.3369197946796}, "K53-D070": {"K53-D080": 41.511258902992}, "K58-U110": {"K58-U120": 227.8817829029093}, "K52-nD140": {"K52-nD150": 122.9578748267775}, "K51-D050": {"K51-D060": 68.4806888733423}, "K51-D120": {"K51-D130": 59.76104630783469}, "K58-U020": {"K58-U023": 157.353472276}, "K53-D040": {"K53-D050": 80.174252942571}, "K52-nU080": {"K52-nU090": 97.88306731844766}, "K53-D120": {"K53-D130": 66.30189330352883}, "K51-D220": {"K51-D230": 292.243429344373}, "K58-D180": {"K58-D190": 312.45794041346056}, "K51-U150": {"K51-U160": 85.30359235710291}, "K51A-U170": {"K51A-U180": 78.0191231689817}, "K51A-D050": {"K51A-D060": 92.0365705387985}, "K51-D010": {"K51-D020": 95.94309738334967}, "K51A-D120": {"K51A-D140": 153.22297796720915}, "K51A-U120": {"K51A-U130": 143.54597211830216}, "K51A-U150": {"K51A-U160": 114.21992759630784}, "K52A-U120": {"K52A-U130": 92.64635149830136}, "K54-D050": {"K54-D060": 79.6189912916873}, "K51A-D250": {"K51A-D260": 119.10035448679098}, "K52-nU010": {"K52-nU020": 140.34283400020072}, "K51A-D060": {"K51A-D070": 102.1932915817529}, "K51A-U050": {"K51A-U060": 313.9875298170608}, "K52-nU030": {"K52-nU040": 133.8409143851008}, "K52-nD170": {"K52-nD180": 110.21661605943616}, "K52-nD130": {"K52-nD140": 96.07511256652037}, "K51-U210": {"K51-U220": 60.7135408097822}, "K51-D110": {"K51-D120": 51.93512086399742}, "K51A-D230": {"K51A-D240": 137.07090459189357}, "K53-U030": {"K53-U040": 203.877866609464}, "K51-D180": {"K51-D190": 180.85311580799663}, "K54-D030": {"K54-D040": 54.55907273675397}, "K53-U020": {"K53-U030": 151.31500648378287, "K53-D160": 890.8829288305062}, "K51-D240": {"K51-D250": 132.1872691558428}, "K53-D090": {"K53-D100": 50.74292959713873}, "K52A-U015": {"K52A-U020": 153.78915585786828}, "K54-D010": {"K54-D020": 91.60440293708686}, "K51A-U010": {"K51A-U020": 93.95743634177472}, "K51A-D010": {"K51A-D020": 55.41098517946996}, "K51-U190": {"K51-U200": 79.7446717097973}, "K53-U050": {"K53-U060": 145.2371350539157}, "K58-U120": {"K58-U130": 171.37798732556305}, "K54-U070": {"K54-D010": 152.1721987642934}, "K51-D140": {"K51-D150": 81.9230845100046}, "K52A-U030": {"K52A-U040": 52.49965104979451}, "K52-nD120": {"K52-nD130": 40.50346486488384}, "K52A-U130": {"K52A-U140": 81.59938654802001},