{"KAT": {"DIH": 75.91477382128276, "SUW": 119.01190766534003}}