{"LOP": {"TIS": 175.9887861547376, "YUL": 94.439628128663}, "LOF": {"WTS": 121.28137225792679, "KOT": 95.66128008546433}, "LOW": {"SHS": 222.76113206092276}}