{"MEF": {"LAK": 124.26239200249881, "LCK": 91.17169331519241, "NAC": 170.09546431320544, "TWW": 267.6971272686011}}