{"MKK": {"HUH": 184.59129658254696, "KOT": 123.18631441946552}}