{"NAC": {"LAK": 239.25321464237794, "AUS": 200.70766792741915, "OLY": 90.2507609826392, "MEF": 173.75273222151657}}