{"OLY": {"NAC": 132.00861429326272, "KOW": 131.52450850788398}}