{"QUB": {"YAT": 248.71603869110658, "TAK": 128.0530578773816, "NOP": 107.4437584347559}}