{"SHT": {"FOT": 158.29853610759378, "TAW": 161.78144459024682}, "SHS": {"LMC": 454.2848225222653, "LOW": 261.7548565289942, "FAN": 120.49706471889752}, "SHM": {"TSH": 222.30961328565786, "CIO": 108.51817316154548}, "SHW": {"CEN": 108.8734810592463, "SYP": 131.43109727420523}}