{"SIH": {"TUM": 154.45115168559687, "TIS": 362.4493948911651}}