{"SSP": {"PRE": 82.28955024336297, "CSW": 123.55397924227273}}