{"SUN": {"DIS": 198.58233387484285, "TUC": 823.8869590938054, "TSY": 464.5627014033278}, "SUW": {"KAT": 84.9610511919828, "TKW": 101.48421400938943}}