{"SWH": {"TAK": 102.32653695909816, "SKW": 124.66120199952272}}