{"SYP": {"SHW": 148.81312956338562, "HKU": 109.4931910996535}}