{"TSW": {"TWH": 68.07452786256539}, "TST": {"JOR": 102.05828064668606, "ADM": 178.54175465944553}, "TSY": {"LAK": 188.26806483702632, "AIR": 1450.564315951441, "KOW": 527.3092456322543, "SUN": 643.3043938798133}, "TSH": {"SHM": 198.8273732527601, "HEO": 132.427420677}}