{"TUC": {"SUN": 811.3896004236636}, "TUM": {"SIH": 147.2205889801725}}