{"TWH": {"KWH": 73.44698701347356, "TSW": 92.10082674003982}, "TWW": {"KSR": 561.6564885999057, "MEF": 291.1438644981531}, "TWO": {"TAP": 165.4352945863293, "FAN": 278.3644282578047}}