{"UNI": {"FOT": 157.30186833635972, "TAP": 322.2136097118146}}