{"WAC": {"ADM": 97.48213696840871, "CAB": 182.24650780019414}}