{"WCH": {"LET": 184.91878630322668, "OCP": 123.77195609174696}}