{"YAT": {"QUB": 255.68674483620492, "TIK": 133.3890692947952, "LAT": 142.4484704855086}}