{"YMT": {"JOR": 116.83724906758448, "MOK": 97.75756604657822, "HOM": 189.20240086639123}}