{"AIR": {"TSY": 1476.2380043422854, "AWE": 221.84062016260737}}