{"CSW": {"LCK": 129.46727567202328, "SSP": 130.94025213404058}}