{"ETS": {"HUH": 169.21936700136843, "AUS": 188.7506006953194}}