{"EXC": {"HUH": 199.51686889441143, "ADM": 97.73723160073595}}