{"HAH": {"TKO": 154.69742619269377, "POA": 125.30037750684203}}