{"HEO": {"MOS": 123.61147444635135, "TSH": 132.4242574191687}}