{"HFC": {"SKW": 144.19979385038724, "CHW": 124.56986640242553}}