{"HIK": {"TAW": 168.036445526363, "DIH": 323.2961714494948}}