{"HOK": {"KOW": 191.5929490261497}, "HOM": {"YMT": 172.9736660734563, "TKW": 142.2956240555872, "HUH": 130.90511737859998, "WHA": 83.44240046537651}}