{"HUH": {"MKK": 220.57237983174045, "EXC": 210.623276313993, "HOM": 134.17444803914245, "ETS": 194.04882}}