{"JOR": {"TST": 124.26420904183801, "YMT": 127.84947272714817}}