{"K65-U200": {"K65-U210": 19.224700000000002}, "K65-U220": {"K65-U230": 75.93910500000001}, "K65-U170": {"K65-U180": 46.86}, "K65-U160": {"K65-U170": 49.830000000000005}, "K65-U210": {"K65-U220": 75.14540000000002}, "K65-U190": {"K65-U200": 33.790000000000006}}