{"K76-D010": {"K76-D020": 170.41630767499117}, "K73-U080": {"K73-U110": 151.50094254395188}, "K75P-D070": {"K75P-D080": 83.85190000000003}, "K73-D090": {"K73-D100": 79.624039}, "K76-U030": {"K76-U040": 163.10085388147724}, "K73-D080": {"K73-D090": 265.1}, "K73-D150": {"K73-D160": 45.201900480000006}, "K74-D020": {"K74-D030": 145.02455711372968}, "K73-D110": {"K73-D120": 61.36394728999998}, "K73-D120": {"K73-D130": 108.1065678}, "K75P-D080": {"K75P-U011": 100.47310000000002}, "K75P-D050": {"K75P-D060": 66.0}, "K73-D140": {"K73-D150": 173.40423728919464}, "K73-D130": {"K73-D140": 119.71095894431001}, "K73-D100": {"K73-D110": 166.77401}, "K75P-D060": {"K75P-D070": 142.238}}