{"KAT": {"SUW": 128.86195341090655, "DIH": 135.20271339106804}}