{"KOW": {"TSY": 530.5764160264579, "HOK": 177.74210021687227, "OLY": 134.10010516709036}, "KOT": {"MKK": 198.78996995660904, "TAW": 335.77345625028715, "SKM": 131.38801343936933, "LOF": 118.94914035733386}, "KOB": {"NTK": 131.84277634670144, "CHH": 188.30482622587016}}