{"KSR": {"TWW": 712.0212463647541, "YUL": 228.65160307377036}}