{"KWT": {"LAT": 130.19981826536707, "NTK": 117.75361844365486}, "KWH": {"KWF": 131.90550595668157, "TWH": 136.882631310622}, "KWF": {"KWH": 123.19246783542863, "LAK": 157.75583145178354}}