{"LAK": {"TSY": 201.36633877991727, "NAC": 233.14454085929674, "KWF": 135.9772522084788, "MEF": 128.99850942827712}, "LAT": {"KWT": 129.34141487495876, "YAT": 116.14386762468169}}