{"LCK": {"CSW": 130.73445818077388, "MEF": 129.66769754284772}}