{"LET": {"WCH": 162.44328869026648, "SOH": 105.53990270241596}}