{"MEF": {"TWW": 338.5862423494554, "LCK": 127.09245654761067, "LAK": 150.37305407808896, "NAC": 172.4451177208751}}