{"MKK": {"KOT": 218.15877050076216, "HUH": 302.6775512861253}}