{"NAC": {"OLY": 95.05238004141363, "LAK": 254.91104939059218, "MEF": 189.3085292000742, "AUS": 209.63476059986186}}