{"OCP": {"ADM": 287.6319565601101, "WCH": 131.29076085391165}}