{"OLY": {"KOW": 132.61718778111035, "NAC": 131.95235404186718}}