{"SHS": {"LMC": 472.89973916895013, "LOW": 261.75478957028747, "FAN": 145.28829939072125}, "SHT": {"FOT": 234.85379459398928, "TAW": 195.29860216651358}, "SHM": {"TSH": 233.2926430889275, "CIO": 127.80004033098706}, "SHW": {"CEN": 104.0676897368483, "SYP": 144.52951453597487}}