{"SSP": {"CSW": 127.26095799690276, "PRE": 130.07035704668135}}