{"SWH": {"SKW": 123.65660521768704, "TAK": 113.81144452859118}}