{"SYP": {"SHW": 145.51744623894928, "HKU": 115.53939878329989}}