{"TAP": {"UNI": 429.34163982129803, "TWO": 236.67658464744622}, "TAW": {"SHT": 219.59112058686682, "KOT": 330.64303111765037, "HIK": 159.66745724466, "CKT": 1064.8917358269962}, "TAK": {"SWH": 127.07124068183211, "QUB": 122.45365171196602}}