{"TKO": {"LHP": 130.98254242840682, "TIK": 193.12014393854074, "HAH": 216.01497157155285}, "TKW": {"SUW": 130.61169427068458, "HOM": 129.367875649407}}