{"TSW": {"TWH": 98.650529707755}, "TSY": {"LAK": 195.18113490160226, "AIR": 1573.7929357855064, "SUN": 576.0234686300649, "KOW": 527.3899124068248}, "TST": {"JOR": 101.65891308298266, "ADM": 191.26443690433382}, "TSH": {"SHM": 211.6147585888964, "HEO": 137.91416722749642}}