{"TWO": {"TAP": 207.61715066014395, "FAN": 347.53954786438646}, "TWW": {"KSR": 626.3153803820163, "MEF": 308.22028383422065}, "TWH": {"KWH": 158.98615655232354, "TSW": 71.94324946937358}}