{"UNI": {"FOT": 202.6354885058086, "TAP": 372.2146603550485}}