{"WAC": {"ADM": 129.3827358147273, "CAB": 176.3733896545836}}