{"WTS": {"DIH": 115.95727088262477, "LOF": 127.69098768234339}}