{"YMT": {"MOK": 106.15796374061264, "HOM": 159.14338061374877, "JOR": 129.27307290827565}}