{"5": {"305": 84.57393570688589, "6": 112.698894552046}}