{"AUS": {"NAC": 209.97717564219437, "ETS": 142.50313014}}