{"CIO": {"STW": 112.07375829947696, "SHM": 100.63554214695357}}