{"CKT": {"STW": 126.11348813786101, "TAW": 124.87125025869452}}