{"DIS": {"SUN": 198.58233387484285}, "DIH": {"KAT": 152.95971352855483, "HIK": 309.3168225274652, "WTS": 130.8062547726, "CHH": 127.09683801987664}}