{"HKU": {"SYP": 123.2871588046057, "KET": 91.604639028465}}