{"HOK": {"KOW": 191.08043372192816}, "HOM": {"HUH": 132.12, "TKW": 133.3011807079959, "YMT": 102.79598205948665, "WHA": 75.07067791293042}}