{"K12-D020": {"K12-D030": 354.53583026283206}, "K18-U020": {"K18-U030": 64.04429286168542}, "K12-U020": {"K12-U030": 225.28521857593864}, "K18-U010": {"K18-U020": 206.14757324017964}, "K18-D010": {"K18-D020": 242.52697414429767}, "K17-D020": {"K17-D030": 43.34908995207559}, "K18-D020": {"K18-D030": 46.83077109831279}, "K12-D030": {"K12-D040": 93.35044332856285}, "K12-U010": {"K12-U020": 272.5496879702554}, "K17-U020": {"K17-U030": 151.4268561282025}, "K17-U030": {"K17-U040": 29.983425537471078}, "K12-D010": {"K12-D020": 175.98565130427423}, "K17-D010": {"K17-D020": 316.05047750509294}, "K17-U010": {"K17-U020": 267.94612894571145}}