{"K68-U170": {"K68-D010": 164.948751304619}, "K66-U160": {"K66-U170": 57.98598157734983}, "K68-U100": {"K68-U110": 210.9313107022124}, "K65-D080": {"K65-D090": 61.157091791193295}, "K66-U110": {"K66-U120": 39.288854626201186}, "K66-U150": {"K66-U160": 57.34136863313745}, "K65-U150": {"K65-U160": 53.46606791114275}, "K65-U030": {"K65-U040": 97.5415326933258}, "K66-D110": {"K66-D120": 69.71689501479895}, "K66-U080": {"K66-U090": 175.41801133387116}, "K66-D060": {"K66-D070": 45.98938481706589}, "K65-U200": {"K65-U210": 79.32905256893106}, "K68-D120": {"K68-D130": 193.30217957230008}, "K65-U190": {"K65-U200": 62.520580318165045}, "K66-D140": {"K66-D150": 102.28949934518324}, "K66-D100": {"K66-D110": 47.91914580716246}, "K65A-U070": {"K65A-U080": 36.29118987865648}, "K65-U180": {"K65-U190": 80.88079945909276}, "K66-D070": {"K66-D080": 52.046576102319634}, "K65-D070": {"K65-D080": 140.776293689428}, "K65A-U060": {"K65A-U070": 49.69639370381645}, "K65A-U120": {"K65A-U130": 80.66592900000002}, "K65A-U100": {"K65A-U110": 53.33422702808201}, "K65-D160": {"K65-D170": 157.67195419699254}, "K66-D120": {"K66-D130": 69.27037444721321}, "K65-D130": {"K65-D140": 105.5520867587085}, "K65-D170": {"K65-D180": 93.42604912148907}, "K66-D040": {"K66-D050": 38.45344043530048}, "K66-U120": {"K66-U130": 59.44266799926155}, "K68-D140": {"K68-D150": 42.77759447708725}, "K65A-U050": {"K65A-U060": 48.638296820214826}, "K65-U210": {"K65-U220": 81.72277438806071}, "K68-D060": {"K68-D070": 104.01816590773126}, "K65-U090": {"K65-U100": 61.4174456984371}, "K68-U150": {"K68-U160": 88.54067825736202}, "K65-D090": {"K65-D100": 119.39325745034094}, "K68-D040": {"K68-D050": 107.25238100104093}, "K66-U070": {"K66-U080": 229.52344749420695}, "K66-D210": {"K66-D220": 162.75475485448163}, "K66-D010": {"K66-D020": 55.381004162995055}, "K65-D050": {"K65-D060": 66.70110603821625}, "K66-U140": {"K66-U150": 48.81649302341238}, "K66-U130": {"K66-U140": 53.75725141287633}, "K66-D230": {"K66-D240": 96.05355999734437}, "K66-D020": {"K66-D030": 72.74414273418414}, "K65-D110": {"K65-D120": 115.70507889047951}, "K68-D030": {"K68-D040": 102.57530292009001}, "K66-D180": {"K66-D190": 77.41671876539638}, "K68-U120": {"K68-U130": 162.436287233173}, "K66-U090": {"K66-U100": 50.33703371924479}, "K65-U050": {"K65-U060": 111.44946573700815}, "K65A-U020": {"K65A-U030": 156.71151458936325}, "K65A-U040": {"K65A-U050": 79.64289350585656}, "K68-D110": {"K68-D120": 93.92010187780004}, "K65A-U030": {"K65A-U040": 28.628531556960684}, "K65A-U110": {"K65A-U120": 72.21759134594312}, "K68-U040": {"K68-U050": 51.681549190356705}, "K65-U120": {"K65-U130": 178.0917752282592}, "K66-D090": {"K66-D100": 46.98702796906257}, "K68-D190": {"K68-D200": 50.731994248015994}, "K65-U110": {"K65-U120": 108.23484568336043}, "K66-U100": {"K66-U110": 71.28239996812962}, "K68-U080": {"K68-U090": 48.650687490251684}, "K66-U060": {"K66-U070": 172.57639266266654}, "K66-D150": {"K66-D160": 95.707530292046}, "K66-D050": {"K66-D060": 46.74694930561484}, "K65-D040": {"K65-D050": 72.06529279275401}, "K68-U020": {"K68-U030": 48.32568900381498}, "K65-D120": {"K65-D130": 70.01503443230918}, "K66-D190": {"K66-D200": 92.00313670372594}, "K66-D080": {"K66-D090": 64.26469951151077}, "K65A-U090": {"K65A-U100": 50.91493814217113}, "K66-U170": {"K66-U180": 34.35649730462466}, "K65-U160": {"K65-U170": 65.06625342219746}, "K66-U030": {"K66-U040": 163.55876479474972}, "K65-U040": {"K65-U050": 91.3645545369316}, "K65-U080": {"K65-U090": 162.38289061218336}, "K65-D100": {"K65-D110": 222.18788321416326}, "K68-D130": {"K68-D140": 64.65394653715}, "K65-D060": {"K65-D070": 92.81762652679669}, "K65-D030": {"K65-D040": 64.08256918197648}, "K66-U180": {"K66-U190": 65.68510838835208}, "K66-U010": {"K66-U020": 131.5598371058164}, "K66-U040": {"K66-U050": 144.22517890191267}, "K66-U050": {"K66-U060": 45.92998827684392}, "K65A-U080": {"K65A-U090": 64.30046329153751}, "K66-D220": {"K66-D230": 92.86277869473489}, "K68-D020": {"K68-D030": 88.30511214106502}, "K65-D150": {"K65-D160": 112.77642142680762}, "K68-U160": {"K68-U170": 76.91961110300001}, "K65-D010": {"K65-D020": 44.407188213569825}, "K68-D160": {"K68-D170": 80.45712290149993}, "K65A-D020": {"K65A-D030": 76.6216137555}, "K65-U220": {"K65-U230": 90.93735948627618}, "K66-U190": {"K66-U200": 70.65241912838133}, "K65A-U010": {"K65A-U020": 56.92686673168195}, "K65-U010": {"K65-U020": 283.77186330000006}, "K68-U030": {"K68-U040": 35.78297919821421}, "K65-D020": {"K65-D030": 76.47554147110908}, "K68-D180": {"K68-D190": 44.488970225727606}, "K68-D150": {"K68-D160": 59.119054408700016}, "K68-U050": {"K68-U060": 57.5624537229494}, "K66-U210": {"K66-U220": 52.40514687512158}, "K66-D170": {"K66-D180": 233.11852695151993}, "K68-D200": {"K68-U011": 74.06084523327769}, "K65-D180": {"K65-D190": 119.96829670402147}, "K68-U060": {"K68-U070": 86.27066980400416}, "K68-U130": {"K68-U140": 179.40904172790005}, "K68-U090": {"K68-U100": 198.4589037853173}, "K65-U140": {"K65-U150": 107.46606337450191}, "K68-D170": {"K68-D180": 43.52001659000001}, "K68-D010": {"K68-D020": 52.50206465531202}, "K66-U200": {"K66-U210": 60.347235317788396}, "K65-U100": {"K65-U110": 168.216783813787}, "K66-D160": {"K66-D170": 157.27657948015542}, "K68-U140": {"K68-U150": 48.54474781734006}, "K68-U070": {"K68-U080": 32.99036071}, "K68-D080": {"K68-D090": 89.38962938015001}, "K68-D090": {"K68-D100": 169.99610779945593}, "K68-D050": {"K68-D060": 60.40440874180001}, "K65-U130": {"K65-U140": 30.049519445330496}, "K66-D200": {"K66-D210": 142.24346640272182}, "K68-D100": {"K68-D110": 97.08584823361514}, "K66-U020": {"K66-U030": 187.53977889318946}, "K65-U070": {"K65-U080": 68.03987598439417}, "K66-D130": {"K66-D140": 40.78252813238991}, "K65-U020": {"K65-U030": 154.81643097671204}, "K65A-D050": {"K65A-D060": 63.8319}, "K65-U170": {"K65-U180": 59.524638869656506}, "K65-U060": {"K65-U070": 36.66414510726616}, "K65-D140": {"K65-D150": 106.70812112082754}, "K68-U010": {"K68-U020": 101.3765424936764}, "K65A-D030": {"K65A-D040": 58.01213232000002}, "K68-D070": {"K68-D080": 196.77946163000837}, "K66-D030": {"K66-D040": 79.02505978896802}, "K65A-D060": {"K65A-D070": 73.37}, "K68-U110": {"K68-U120": 212.38202638400003, "K68-D090": 395.45000000000005}, "K65A-D040": {"K65A-D050": 66.11804400000001}, "K65A-D010": {"K65A-D020": 53.44853809999999}, "K65A-D070": {"K65A-D080": 146.3}}