{"KOT": {"MKK": 160.01847066659028, "TAW": 276.98864944113194, "SKM": 124.351286379909, "LOF": 126.9168631276613}, "KOW": {"TSY": 553.754600959812, "HOK": 177.74210012660552, "OLY": 127.87880685516265}, "KOB": {"NTK": 107.6750818280796, "CHH": 195.24430675462145}}