{"KWH": {"KWF": 125.50519537698581, "TWH": 155.60232129522782}, "KWF": {"KWH": 124.43954881909471, "LAK": 173.0811461161485}, "KWT": {"LAT": 109.32907275157314, "NTK": 136.65365671881972}}