{"LAT": {"YAT": 115.70984815646287, "KWT": 123.62320250374394}, "LAK": {"TSY": 193.2403204781516, "MEF": 131.53576195347233, "NAC": 251.43698829895547, "KWF": 142.00315796397302}}