{"LCK": {"MEF": 133.17601626752412, "CSW": 131.73747274032}}