{"MEF": {"NAC": 183.46540620580623, "LAK": 138.67295413300843, "TWW": 327.9591344487824, "LCK": 127.98750167177677}}