{"MKK": {"HUH": 197.53537100534774, "KOT": 148.90578835171442}}