{"MOK": {"YMT": 121.89778053557282, "PRE": 128.80922681967766}, "MOS": {"HEO": 131.47403734075172, "WKS": 163.83125738375443}}