{"NTK": {"KOB": 128.00796546354266, "KWT": 78.44756542314116}}