{"PRE": {"MOK": 128.91413590431694, "SSP": 132.49083624579015, "SKM": 120.85309284494755}}