{"QUB": {"YAT": 246.88737396244966, "NOP": 122.59551272236652, "TAK": 110.6442473917688}}