{"SHT": {"FOT": 145.88063442765787, "TAW": 143.85921290491612}, "SHS": {"LOW": 261.75469046547653, "LMC": 448.4458198029589, "FAN": 130.69477325144106}, "SHM": {"TSH": 217.82928282583634, "CIO": 103.89517124213485}, "SHW": {"SYP": 136.73390448932784, "CEN": 98.79470687084151}}