{"SIH": {"TIS": 356.3936755342, "TUM": 154.45979989193663}}