{"SUN": {"TUC": 823.8868956510872, "DIS": 198.58233387484285, "TSY": 495.43150581396804}, "SUW": {"TKW": 146.39194664152205, "KAT": 119.3982805811753}}