{"SYP": {"HKU": 102.58918069474608, "SHW": 136.2433122378385}}