{"TAP": {"TWO": 157.13219526835908, "UNI": 356.34968672436537}, "TAW": {"SHT": 133.7505088656198, "KOT": 246.84588231398396, "HIK": 133.14521309807944, "CKT": 181.66102737160864}, "TAK": {"SWH": 128.54205521736998, "QUB": 129.27724347168945}}