{"TIK": {"TKO": 190.0607969145382, "YAT": 142.74530167784786}, "TIH": {"CAB": 125.59860907350192, "FOH": 122.30094421413196}, "TIS": {"LOP": 172.89434532302582, "SIH": 369.99549830929834}}