{"TKO": {"TIK": 182.33037305456318, "LHP": 132.0072019191219, "HAH": 168.28395178456955}, "TKW": {"HOM": 137.487434102304, "SUW": 131.86203270424343}}