{"UNI": {"FOT": 196.504821764145, "TAP": 406.0445433406446}}