{"WCH": {"LET": 186.4418241128698, "OCP": 117.86976941964049}}