{"WTS": {"DIH": 123.35788585927314, "LOF": 125.16120310641163}}