{"YAT": {"TIK": 136.51322251473422, "QUB": 259.2193180476115, "LAT": 178.58718021692124}}