{"YMT": {"MOK": 112.58165049358608, "JOR": 127.53442116464771, "HOM": 131.97428309852225}}