{"1": {"6": 64.86393863569211, "2": 198.69034945561413}}