{"AIR": {"TSY": 1530.2126981620308, "AWE": 114.44939388738086}}