{"CHH": {"DIH": 129.1275592027905, "KOB": 153.36008944436998}, "CHW": {"HFC": 87.70997765577636}}