{"CIO": {"STW": 138.63021728232084, "SHM": 123.28900695998068}}