{"CSW": {"LCK": 132.9527887517148, "SSP": 128.68012368065476}}