{"DIS": {"SUN": 198.58233387484285}, "DIH": {"CHH": 131.92929705122796, "WTS": 129.58855388327626, "KAT": 148.33299521643465, "HIK": 287.1071195755974}}