{"EXC": {"HUH": 146.4871344577835, "ADM": 75.97898051898235}}