{"FOT": {"SHT": 161.25511307185516, "UNI": 207.80459024331032}, "FOH": {"NOP": 123.54366812880357, "TIH": 124.63166850343922}}