{"HIK": {"DIH": 317.83551559412143, "TAW": 150.8192062596874}}