{"HKU": {"SYP": 130.08427175549568, "KET": 100.13571577562324}}