{"HUH": {"MKK": 207.25074092700441, "EXC": 194.16154162602965, "ETS": 194.2914387292749, "HOM": 129.1415920181151}}