{"K12-D010": {"K12-D020": 166.67484229500369}, "K12-U020": {"K12-U030": 225.38311659356836}, "K12-D020": {"K12-D030": 360.5872273104832}, "K12-D030": {"K12-D040": 20.208973118436035}, "K12-U010": {"K12-U020": 319.7596720425161}, "K17-D020": {"K17-D030": 8.778}, "K17-U020": {"K17-U030": 148.39000000000001}, "K18-D010": {"K18-D020": 231.00000000000006}, "K18-U010": {"K18-U020": 223.8929}, "K18-D020": {"K18-D030": 53.750873}, "K18-U020": {"K18-U030": 66.01241766900002}, "K17-U030": {"K17-U040": 33.440000000000005}}