{"K51A-U060": {"K51A-U070": 305.3288104994485}, "K51-D270": {"K51-D280": 96.36073808873007}, "K52A-U170": {"K52A-U180": 386.42883801732256}, "K51-U130": {"K51-U140": 69.80672110972037}, "K52A-D180": {"K52A-D190": 140.3979271200863}, "K54-D020": {"K54-D030": 201.27484885642747}, "K52-nU240": {"K52-nU250": 53.0458742236219}, "K51A-D200": {"K51A-D210": 266.68005593846976}, "K51A-D090": {"K51A-D100": 50.576030512216335}, "K52-nD180": {"K52-nD190": 157.73078809127463}, "K54-U060": {"K54-U070": 207.68270561755884}, "K54-D060": {"K54-D070": 151.77903723836164}, "K53-U100": {"K53-U110": 83.43837075628875}, "K51-D130": {"K51-D140": 57.386436306136986}, "K53-U110": {"K53-U120": 94.12213436740768}, "K52-nD080": {"K52-nD090": 62.50799376496832}, "K53-D030": {"K53-D040": 72.59955503698981}, "K51-U140": {"K51-U150": 63.221236151354866}, "K53-U140": {"K53-D010": 88.73813134384793}, "K52A-D160": {"K52A-D170": 149.2975379796095}, "K52A-D150": {"K52A-D160": 97.70382775256101}, "K53-U050": {"K53-U060": 159.438159531977}, "K51A-D150": {"K51A-D160": 115.83050129974586}, "K53-U120": {"K53-U130": 76.46077739908282}, "K53-D070": {"K53-D080": 44.75535499783938}, "K52-nD120": {"K52-nD130": 40.28059828278073}, "K51A-U040": {"K51A-U050": 129.75246838943048}, "K52-nU010": {"K52-nU020": 34.51762016690012}, "K51A-U190": {"K51A-U200": 78.00685284665381}, "K53-D160": {"K53-D170": 743.2141027454041, "K53-U011": 171.77838974612945}, "K51A-D100": {"K51A-D110": 48.76468175193863}, "K51-U200": {"K51-U210": 90.80225640744695}, "K52-nU180": {"K52-nU190": 71.83593862807761}, "K52-nU170": {"K52-nU180": 127.91727911565722}, "K53-U020": {"K53-U030": 166.35267310951755, "K53-D160": 784.3979874538443}, "K51A-D220": {"K51A-D230": 131.1626475798671}, "K51A-D040": {"K51A-D050": 103.14039644923807}, "K52-nD150": {"K52-nD160": 95.11870939010001}, "K52-nU100": {"K52-nU110": 155.39668708453584}, "K53-D090": {"K53-D100": 47.44972806962165}, "K51-U040": {"K51-U050": 122.6141649304373}, "K52A-D090": {"K52A-D100": 51.897135533420474}, "K52A-D170": {"K52A-D180": 105.4576591073798}, "K53-D060": {"K53-D070": 171.52723737225043}, "K51A-D180": {"K51A-D190": 125.69571319788784}, "K51-U190": {"K51-U200": 79.55172635668117}, "K53-U040": {"K53-U050": 133.32963774447234}, "K53-D015": {"K53-D020": 52.29230892483387}, "K51-D070": {"K51-D080": 61.535162277266544}, "K52-nU270": {"K52-nU280": 174.53981323688245}, "K52-nD110": {"K52-nD120": 142.18628017196198}, "K51A-D080": {"K51A-D090": 175.95630344460275}, "K51-D260": {"K51-D270": 55.90771378818651}, "K51-U150": {"K51-U160": 82.18647240008177}, "K51-D170": {"K51-D180": 128.77844596866697}, "K52-nD060": {"K52-nD070": 130.9884974342256}, "K51-U230": {"K51-U240": 51.92193048726998}, "K51-D200": {"K51-D210": 132.02807277063445}, "K52A-D120": {"K52A-D130": 44.55262260316408}, "K51A-D260": {"K51A-D270": 63.190016179661406}, "K53-U070": {"K53-U080": 59.4375625410438}, "K51A-D030": {"K51A-D040": 39.02176564096318}, "K52-nD270": {"K52-nD280": 96.24125511483342}, "K53-U080": {"K53-U090": 83.63094893417782}, "K52A-D070": {"K52A-D080": 116.73458614309872}, "K52A-D010": {"K52A-D020": 312.90242945110515}, "K51-D080": {"K51-D090": 108.37692117186737}, "K51-U170": {"K51-U180": 81.63325776030902}, "K51A-D170": {"K51A-D180": 151.74777603592676}, "K54-D010": {"K54-D020": 187.13552936436108}, "K52-nD260": {"K52-nD270": 60.56804836305072}, "K51-D010": {"K51-D020": 70.473060853877}, "K53-U060": {"K53-U070": 72.44154517173165}, "K52-nD020": {"K52-nD030": 26.48244403427438}, "K51-D140": {"K51-D150": 87.42627662223943}, "K52-nD040": {"K52-nD050": 24.953140619069515}, "K52A-U050": {"K52A-U060": 55.84915584861879}, "K51A-D210": {"K51A-D220": 76.49748188205295}, "K52A-D020": {"K52A-D030": 31.729735079153535}, "K54-D050": {"K54-D060": 100.33800649109209}, "K52A-D140": {"K52A-D150": 115.71034868655833}, "K53-D100": {"K53-D110": 73.85250586262256}, "K51A-U090": {"K51A-U100": 160.4176543988578}, "K53-U030": {"K53-U040": 234.9097744256162}, "K51A-U200": {"K51A-U210": 57.70208561100071}, "K51A-D190": {"K51A-D200": 208.42971244903669}, "K52-nU070": {"K52-nU080": 104.25747985299502}, "K52-nD210": {"K52-nD220": 231.23903971554574}, "K52A-U060": {"K52A-U070": 132.90726363821128}, "K52A-U040": {"K52A-U050": 122.38178991540039}, "K52A-D110": {"K52A-D120": 124.91313435345026}, "K52-nU280": {"K52-nU290": 46.14933424788397}, "K52A-U020": {"K52A-U030": 81.7913812639661}, "K53-D020": {"K53-D030": 108.07104609327098}, "K53-U010": {"K53-U020": 237.887480772287, "K53-D180": 777.4004871481336}, "K52-nU060": {"K52-nU070": 175.91052905419542}, "K52-nU160": {"K52-nU170": 43.81528600138271}, "K51-D210": {"K51-D220": 213.3622946804857}, "K53-D140": {"K53-D150": 166.71502885251064}, "K51-D230": {"K51-D240": 85.93104584647843}, "K52A-D130": {"K52A-D140": 91.10007882659517}, "K51-D050": {"K51-D060": 53.307286341987776}, "K52-nU300": {"K52-nU310": 44.97933094119947}, "K51-U220": {"K51-U230": 67.34592614561855}, "K52A-U110": {"K52A-U120": 52.512241007204786}, "K53-U090": {"K53-U100": 121.4628523475759}, "K54-U070": {"K54-D010": 177.27613866535427}, "K52-nU020": {"K52-nU030": 102.40108560997093}, "K52-nU220": {"K52-nU230": 93.07376512895866}, "K51-U050": {"K51-U060": 273.08350112410756}, "K54-D040": {"K54-D050": 173.79329691921296}, "K51-D100": {"K51-D110": 176.01530441854527}, "K52A-U010": {"K52A-U015": 285.08569567961115}, "K51-U030": {"K51-U040": 75.65599048173043}, "K51A-U050": {"K51A-U060": 264.0270100473037}, "K51A-D010": {"K51A-D020": 54.29254469632777}, "K52A-U090": {"K52A-U100": 90.53233324489497}, "K51-D040": {"K51-D050": 48.73788837076114}, "K53-U130": {"K53-U140": 46.23313526265677}, "K51A-D250": {"K51A-D260": 93.86913505716853}, "K52A-D050": {"K52A-D060": 33.87899308727329}, "K51A-U220": {"K51A-U230": 87.84382107079055}, "K51-U090": {"K51-U100": 170.78444819529145}, "K51-U060": {"K51-U070": 302.8397024645812}, "K51-U180": {"K51-U190": 109.22080160269263}, "K52-nU210": {"K52-nU220": 71.1032152712459}, "K54-U030": {"K54-U040": 123.2510364708268}, "K51A-U140": {"K51A-U150": 205.79063341850505}, "K51A-U020": {"K51A-U030": 109.7685609698871}, "K51-U100": {"K51-U110": 219.67640603499066}, "K52-nD070": {"K52-nD080": 121.32187447552697}, "K51-D160": {"K51-D170": 72.65886339805567}, "K52A-U100": {"K52A-U110": 61.86227616608767}, "K51-U120": {"K51-U130": 167.09037682866253}, "K51-U020": {"K51-U030": 107.80796002109017}, "K51-U110": {"K51-U120": 131.95501733597266}, "K51A-U070": {"K51A-U080": 224.39092940275117}, "K52-nU080": {"K52-nU090": 76.02139890253054}, "K54-U010": {"K54-U020": 80.86092588340686}, "K53-D040": {"K53-D050": 77.2109603417276}, "K52-nU110": {"K52-nU120": 164.00992269167673}, "K51A-D060": {"K51A-D070": 77.48930358243709}, "K54-U020": {"K54-U030": 138.4207400897322}, "K51A-U010": {"K51A-U020": 54.83622746889945}, "K51A-U160": {"K51A-U170": 76.99595563265225}, "K51A-U230": {"K51A-U240": 40.901804369446}, "K51-U240": {"K51-U250": 111.19936403256943}, "K51-U070": {"K51-U080": 218.99267746979908}, "K51A-U080": {"K51A-U090": 188.37898708094377}, "K51-D060": {"K51-D070": 53.60104410017961}, "K51A-U030": {"K51A-U040": 72.96425951330232}, "K52-nD200": {"K52-nD210": 136.21620751648805}, "K52-nD050": {"K52-nD060": 34.28678769711691}, "K52-nU290": {"K52-nU300": 39.436422578334394}, "K51A-U150": {"K51A-U160": 120.08487637454243}, "K51-D090": {"K51-D100": 95.91849532871595}, "K52-nD280": {"K52-nD290": 92.1061708803811}, "K51A-D050": {"K51A-D060": 70.01728201723039}, "K52-nD240": {"K52-nD250": 153.48601252006438}, "K52-nD090": {"K52-nD100": 52.316661487771114}, "K54-U040": {"K54-U050": 154.32140522470198}, "K52-nU150": {"K52-nU160": 88.57495895248503}, "K52-nD290": {"K52-nD300": 105.39193671587518}, "K51A-U240": {"K51A-U250": 74.42230058306997}, "K52A-D040": {"K52A-D050": 15.232311482661157}, "K52A-U160": {"K52A-U170": 28.809756136292066}, "K51-D240": {"K51-D250": 136.16666268311698}, "K52-nD170": {"K52-nD180": 101.24817343738474}, "K52A-D030": {"K52A-D040": 138.32175227868538},