{"K68-U060": {"K68-U070": 91.97186987495407}, "K66-D090": {"K66-D100": 44.319736985692046}, "K66-U180": {"K66-U190": 63.884565544542696}, "K65-D150": {"K65-D160": 97.62911234559269}, "K66-U210": {"K66-U220": 51.15299483043459}, "K66-D030": {"K66-D040": 85.23425562835672}, "K68-U170": {"K68-D010": 167.6521354965398}, "K65A-D100": {"K65A-D110": 239.91501556658523}, "K65-U100": {"K65-U110": 150.51293578241365}, "K65A-D010": {"K65A-D020": 107.35179981019175}, "K65A-D090": {"K65A-D100": 97.82799104375049}, "K65A-U090": {"K65A-U100": 33.711170035809296}, "K65A-U080": {"K65A-U090": 60.77364707982033}, "K65A-D040": {"K65A-D050": 45.4208812091798}, "K68-D030": {"K68-D040": 87.88266746710002}, "K65A-U050": {"K65A-U060": 42.19957299298198}, "K65-D130": {"K65-D140": 87.27932367839321}, "K65-D140": {"K65-D150": 118.88984402656749}, "K65-D080": {"K65-D090": 60.933557566072544}, "K65-U130": {"K65-U140": 26.883461664284493}, "K68-U020": {"K68-U030": 32.96626545345}, "K68-U110": {"K68-U120": 190.81088966743783, "K68-D090": 580.8000000000001}, "K65A-U020": {"K65A-U030": 161.44150552656475}, "K65-U080": {"K65-U090": 137.12351830606022}, "K65A-U030": {"K65A-U040": 28.85147112387971}, "K65A-U010": {"K65A-U020": 69.03202476622745}, "K65-D030": {"K65-D040": 61.13262816044529}, "K68-U040": {"K68-U050": 43.29346076976788}, "K66-U170": {"K66-U180": 102.271904222188}, "K65-D160": {"K65-D170": 153.8917752541816}, "K68-D100": {"K68-D110": 87.23966616947442}, "K68-U070": {"K68-U080": 25.437224532100675}, "K65-D010": {"K65-D020": 40.55893974804462}, "K66-U060": {"K66-U070": 258.18238704335397}, "K68-D190": {"K68-D200": 42.747895729462}, "K68-D020": {"K68-D030": 79.18054871608078}, "K65A-U040": {"K65A-U050": 80.15584443032262}, "K68-D050": {"K68-D060": 71.583641042101}, "K65A-D030": {"K65A-D040": 54.80392008596008}, "K66-D220": {"K66-D230": 74.00802383469689}, "K65A-U110": {"K65A-U120": 68.12853370699506}, "K65A-U060": {"K65A-U070": 49.74376517120803}, "K66-U010": {"K66-U020": 123.37499027354883}, "K65-D040": {"K65-D050": 53.78512964231866}, "K65A-D050": {"K65A-D060": 43.86648840825268}, "K65-U010": {"K65-U020": 312.1493939305728}, "K66-U050": {"K66-U060": 46.88382320858117}, "K68-U080": {"K68-U090": 36.74046324135086}, "K66-U100": {"K66-U110": 83.13056673155006}, "K68-U120": {"K68-U130": 149.15269808625726}, "K65-D060": {"K65-D070": 78.31028228715782}, "K65-U210": {"K65-U220": 81.23514565995801}, "K65A-U100": {"K65A-U110": 37.41771212203118}, "K68-D130": {"K68-D140": 64.5834510273776}, "K65-D020": {"K65-D030": 72.57632127973507}, "K65-U090": {"K65-U100": 55.309365911651}, "K66-U160": {"K66-U170": 46.484139660552884}, "K65-U120": {"K65-U130": 163.43562954085095}, "K66-U110": {"K66-U120": 41.028647812338804}, "K65-U180": {"K65-U190": 74.55460198067081}, "K66-U130": {"K66-U140": 52.28626503724852}, "K66-U020": {"K66-U030": 202.9300360058083}, "K66-D140": {"K66-D150": 96.57148151976028}, "K65-D050": {"K65-D060": 49.64294962168956}, "K65-U070": {"K65-U080": 67.0226768456818}, "K66-U140": {"K66-U150": 45.96192387824481}, "K66-U070": {"K66-U080": 195.34919229747754}, "K68-D010": {"K68-D020": 140.2742098259744}, "K65-U190": {"K65-U200": 50.355213401594526}, "K68-U050": {"K68-U060": 44.67287454673492}, "K68-U140": {"K68-U150": 46.911998835592776}, "K66-U090": {"K66-U100": 49.09266216109145}, "K68-D200": {"K68-U011": 66.15400368934726}, "K68-D070": {"K68-D080": 214.61895285569122}, "K65A-U070": {"K65A-U080": 35.54113018349858}, "K66-D170": {"K66-D180": 211.70398774476274}, "K68-D060": {"K68-D070": 93.09159018803236}, "K65-D090": {"K65-D100": 108.60664553255208}, "K66-D040": {"K66-D050": 38.3905568671987}, "K65-D070": {"K65-D080": 107.89449163337864}, "K68-U010": {"K68-U020": 100.56096103953305}, "K65-U220": {"K65-U230": 75.11064432770888}, "K66-D190": {"K66-D200": 83.4529164010951}, "K68-U160": {"K68-U170": 76.93086757862905}, "K66-D120": {"K66-D130": 70.52163299341929}, "K66-U200": {"K66-U210": 64.71762353299616}, "K65-U050": {"K65-U060": 97.64870116364177}, "K68-D170": {"K68-D180": 42.12334070271406}, "K66-U080": {"K66-U090": 182.09494065694702}, "K68-D160": {"K68-D170": 75.1251364497491}, "K65-D110": {"K65-D120": 118.07064746830906}, "K66-U120": {"K66-U130": 55.99436336534768}, "K68-U090": {"K68-U100": 147.4821958151421}, "K66-D060": {"K66-D070": 48.26638058701573}, "K66-D210": {"K66-D220": 147.25536263515846}, "K66-D070": {"K66-D080": 49.85588389239848}, "K65-U040": {"K65-U050": 88.37778414380583}, "K66-U190": {"K66-U200": 64.28617669144259}, "K66-D130": {"K66-D140": 35.7040044951134}, "K65A-U120": {"K65A-U130": 68.42029061255488}, "K65-U020": {"K65-U030": 160.6946915672227}, "K68-D180": {"K68-D190": 32.177959841799755}, "K65A-D070": {"K65A-D080": 112.21558961632866}, "K66-D010": {"K66-D020": 22.640046435541226}, "K68-U130": {"K68-U140": 176.25554377516633}, "K65-U060": {"K65-U070": 35.55970201485884}, "K68-U030": {"K68-U040": 29.305202167968037}, "K66-D230": {"K66-D240": 86.71186991590439}, "K68-D150": {"K68-D160": 67.6009805980719}, "K65-D180": {"K65-D190": 127.56590287697095}, "K66-D020": {"K66-D030": 73.30351268098028}, "K66-D150": {"K66-D160": 98.11332902088084}, "K65A-D020": {"K65A-D030": 64.38078105668063}, "K65-U030": {"K65-U040": 105.90024560618072}, "K66-D160": {"K66-D170": 168.9079881620432}, "K66-D200": {"K66-D210": 126.64451662433389}, "K66-U150": {"K66-U160": 56.852062309833116}, "K66-D100": {"K66-D110": 54.10308052377528}, "K65-U170": {"K65-U180": 50.03732800104024}, "K65-U150": {"K65-U160": 56.92145901290341}, "K66-U030": {"K66-U040": 159.64089251600424}, "K68-D140": {"K68-D150": 33.21049363318217}, "K65-D170": {"K65-D180": 100.70370136038046}, "K66-D110": {"K66-D120": 47.27973147515975}, "K65-D100": {"K65-D110": 218.5131147286717}, "K68-D040": {"K68-D050": 93.14539215520001}, "K65A-D080": {"K65A-D090": 47.43144910703237}, "K65-D120": {"K65-D130": 66.29339733280631}, "K68-U100": {"K68-U110": 189.4705812865165}, "K65-U110": {"K65-U120": 110.21935532115415}, "K66-D180": {"K66-D190": 74.1066439688507}, "K65-U160": {"K65-U170": 51.824398907768185}, "K65-U140": {"K65-U150": 101.43962126692199}, "K65A-D060": {"K65A-D070": 64.6207702600934}, "K68-D120": {"K68-D130": 178.4763368993223}, "K66-U040": {"K66-U050": 129.58864208854104}, "K68-D110": {"K68-D120": 89.81287035497098}, "K68-D080": {"K68-D090": 98.60707489687482}, "K66-D080": {"K66-D090": 57.909786826748245}, "K65-U200": {"K65-U210": 63.84806160708579}, "K66-D050": {"K66-D060": 45.278063866570406}, "K68-U150": {"K68-U160": 79.79918816143397}, "K68-D090": {"K68-D100": 144.97114609539685}, "K66A-D200": {"K66A-D210": 145.97}, "K66A-D090": {"K66A-D100": 51.051}, "K66A-D220": {"K66A-D230": 66.0}, "K66A-D230": {"K66A-D240": 79.86000000000001}, "K66A-D150": {"K66A-D160": 182.60000000000002}, "K66A-D110": {"K66A-D120": 41.690000000000005}, "K66A-D040": {"K66A-D050": 37.730000000000004}, "K66A-D190": {"K66A-D200": 78.705}, "K66A-D210": {"K66A-D220": 190.21959}, "K66A-D120": {"K66A-D130": 41.25000000000001}, "K66A-D025": {"K66A-D030": 123.20000000000002}, "K66A-D080": {"K66A-D090": 49.9763}, "K66A-D060": {"K66A-D070": 47.300000000000004}, "K66A-D180": {"K66A-D190": 88.66000000000001}, "K66A-D030": {"K66A-D040": 88.88000000000001}, "K66A-D160": {"K66A-D170": 194.70000000000002}, "K66A-D070": {"K66A-D080": 45.1}, "K66A-D050": {"K66A-D060": 20.900000000000002}, "K66A-D100": {"K66A-D110": 40.7}}