{"KWH": {"TWH": 154.00346119776947, "KWF": 129.8459281290215}, "KWF": {"KWH": 126.53359355209152, "LAK": 183.19940121615713}, "KWT": {"NTK": 125.55503945335299, "LAT": 124.61515655512123}}