{"LAK": {"TSY": 193.49466589534057, "NAC": 261.2569582205563, "MEF": 138.6283026231244, "KWF": 145.37894542011313}, "LAT": {"YAT": 131.55329994251971, "KWT": 112.66929448807119}}