{"LCK": {"CSW": 125.44155098984174, "MEF": 124.10922168781978}}