{"LET": {"WCH": 146.08720077892332, "SOH": 100.79061475899505}}