{"LOW": {"SHS": 239.27263698530027}, "LOP": {"TIS": 176.20724636368186, "YUL": 115.65518327059836}, "LOF": {"WTS": 121.20134316988288, "KOT": 130.82558722519053}}