{"MEF": {"TWW": 321.557304523934, "LCK": 125.92462392912576, "NAC": 187.29199878888065, "LAK": 115.50661846968092}}