{"MKK": {"HUH": 197.69604713654903, "KOT": 169.28092780897663}}