{"NAC": {"MEF": 186.36393878671683, "OLY": 86.96937481294114, "AUS": 208.470908303766, "LAK": 246.65036232654703}}