{"NOP": {"QUB": 131.05997240289776, "FOH": 131.947741638236}}