{"SSP": {"PRE": 131.6546087763781, "CSW": 126.35158734016117}}