{"SUN": {"DIS": 198.58233387484285, "TUC": 823.8869884692715, "TSY": 586.4004037054497}, "SUW": {"TKW": 134.62968041968324, "KAT": 116.93494489537014}}