{"SWH": {"TAK": 123.30777184220585, "SKW": 128.57008251745034}}