{"TAK": {"SWH": 124.1910761206755, "QUB": 129.44278650197742}, "TAP": {"UNI": 385.9979394342459, "TWO": 174.23926931661273}, "TAW": {"KOT": 301.80308714416833, "CKT": 135.32192773782543, "SHT": 120.98584876059874, "HIK": 158.63619479854646}}