{"TKO": {"HAH": 197.26381456794684, "LHP": 131.77885691205222, "TIK": 291.7683083845051}, "TKW": {"SUW": 131.06896880644484, "HOM": 132.86770649926723}}