{"TSH": {"HEO": 130.77693699473542, "SHM": 208.56665979113595}, "TSY": {"AIR": 1496.2512312408874, "KOW": 456.2866274394126, "SUN": 748.4827040747256, "LAK": 197.49574189719925}, "TST": {"ADM": 188.91313956747064, "JOR": 95.09739329697273}, "TSW": {"TWH": 66.07905940597948}}