{"TWH": {"KWH": 126.38565243401638, "TSW": 71.77558494916521}, "TWO": {"FAN": 310.1370250729885, "TAP": 176.89239356093236}, "TWW": {"KSR": 516.6902507443235, "MEF": 298.9297930586245}}