{"WTS": {"DIH": 106.07061664548408, "LOF": 131.67437306899257}}