{"YAT": {"LAT": 137.85344829484112, "QUB": 247.92287629295802, "TIK": 129.97469595318574}}