{"YUL": {"KSR": 251.60601546812023, "LOP": 128.48645362707694}}