{"CHW": {"HFC": 108.33937744908735}, "CHH": {"DIH": 131.67320830790862, "KOB": 146.16622354986185}}