{"CIO": {"STW": 134.4825878640486, "SHM": 133.9253382869987}}