{"CSW": {"SSP": 129.32349970432873, "LCK": 131.57257419780544}}