{"DIS": {"SUN": 198.58233387484285}, "DIH": {"HIK": 299.3555482575912, "CHH": 127.29120358569314, "WTS": 136.67803646234796, "KAT": 176.470530135}}