{"EXC": {"HUH": 229.0207045273944, "ADM": 77.89155649064386}}