{"HEO": {"MOS": 129.829948233663, "TSH": 128.01576921999998}}