{"HFC": {"SKW": 150.49078966741814, "CHW": 110.87317471849822}}