{"HIK": {"DIH": 326.7102093139064, "TAW": 144.01905791937793}}