{"HOK": {"KOW": 197.41656984308867}, "HOM": {"TKW": 140.80129812496438, "YMT": 169.7258041386804, "WHA": 79.65039990964087, "HUH": 129.200112125997}}