{"HUH": {"EXC": 223.21661823591177, "MKK": 249.535821100847, "HOM": 136.59422401229892, "ETS": 194.87764197}}