{"K17-D010": {"K17-D020": 267.85490662412934}, "K18-D020": {"K18-D030": 30.831489738015385}, "K18-U020": {"K18-U030": 51.4022106503373}, "K17-U020": {"K17-U030": 116.9558529512274}, "K17-U030": {"K17-U040": 40.42988614055895}, "K18-U010": {"K18-U020": 220.65881301579284}, "K17-D020": {"K17-D030": 28.680506041814}, "K17-U010": {"K17-U020": 260.6291954585972}, "K18-D010": {"K18-D020": 246.02249326535724}}