{"K65-U210": {"K65-U220": 73.943859}, "K65-U120": {"K65-U130": 118.80000000000001}, "K65-U150": {"K65-U160": 31.790000000000003}, "K65-U200": {"K65-U210": 44.73700000000001}, "K65-U220": {"K65-U230": 68.97390000000001}, "K65-U170": {"K65-U180": 49.743}, "K65-U160": {"K65-U170": 54.80000000000001}, "K65-U190": {"K65-U200": 39.350970000000004}, "K65-U180": {"K65-U190": 79.0}}