{"KAT": {"DIH": 148.81709820240604, "SUW": 123.91539000000003}}