{"KSR": {"TWW": 733.8165292498097, "YUL": 241.13419697524014}}