{"KWH": {"KWF": 128.59598390754232, "TWH": 147.4310495997457}, "KWF": {"KWH": 129.7707920332287, "LAK": 146.42873909972204}, "KWT": {"LAT": 130.64364168932445, "NTK": 120.3052402087047}}