{"LCK": {"CSW": 130.84798810985654, "MEF": 129.52798733582964}}