{"LOW": {"SHS": 247.45434731697554}, "LOP": {"TIS": 187.9022270298113, "YUL": 126.29570882505531}, "LOF": {"WTS": 127.29810900146663, "KOT": 131.22676441502233}}