{"MEF": {"LAK": 135.91728026081194, "LCK": 129.45830358587978, "TWW": 316.35456137411035, "NAC": 186.15493799466012}}