{"MOK": {"YMT": 128.16598815326603, "PRE": 129.84953671750452}, "MOS": {"HEO": 135.96942123302745, "WKS": 150.12944947924342}}