{"NOP": {"QUB": 132.05308833468308, "FOH": 130.274041721505}}