{"NTK": {"KOB": 130.17429737989397, "KWT": 120.60343024026665}}