{"OCP": {"WCH": 132.49174205315558, "ADM": 287.6319563858975}}