{"SHT": {"FOT": 215.51497052263147, "TAW": 190.19828719060288}, "SHS": {"FAN": 159.25810782987986, "LMC": 485.89931806492893, "LOW": 261.75481672194667}, "SHM": {"CIO": 125.38329981300299, "TSH": 240.68344955980828}, "SHW": {"SYP": 132.91023684381096, "CEN": 128.65759097993958}}