{"SIH": {"TUM": 154.44912309398632, "TIS": 366.99549830929834}}