{"STW": {"CIO": 144.38159420823, "CKT": 137.87705071946687}}