{"SYP": {"HKU": 98.49109040362649, "SHW": 134.62776821925334}}