{"TIK": {"TKO": 274.2552705777177, "YAT": 134.29089480679795}, "TIS": {"LOP": 173.48888537485786, "SIH": 380.4394425658871}, "TIH": {"CAB": 121.7616815216771, "FOH": 93.48059915972733}}