{"TSY": {"KOW": 507.90635976299245, "LAK": 196.60081352472014, "AIR": 1583.9035120234128, "SUN": 461.39185232946477}, "TSW": {"TWH": 64.97858454555576}, "TST": {"ADM": 193.19355459644308, "JOR": 110.64609285886661}, "TSH": {"SHM": 219.35880860604766, "HEO": 130.89939378144615}}