{"UNI": {"TAP": 392.43785666538747, "FOT": 192.7129745901555}}