{"WTS": {"DIH": 117.82654956237889, "LOF": 131.12623119382465}}