{"YAT": {"TIK": 135.07451199881513, "QUB": 261.2042963595195, "LAT": 152.47754167803222}}