{"YMT": {"HOM": 177.47663621754538, "MOK": 116.3226027561805, "JOR": 127.88320476295385}}