{"YUL": {"KSR": 254.38216732189625, "LOP": 124.57809843273496}}