{"1": {"6": 244.50864400272968, "2": 65.78294332579718}}