{"AIR": {"TSY": 1493.013603864048, "AWE": 117.75376260458718}}