{"AUS": {"ETS": 129.53303017405997, "NAC": 211.37069764249276}}