{"CHW": {"HFC": 107.93042923787509}, "CHH": {"KOB": 129.5133140381412, "DIH": 123.2632632472477}}