{"CIO": {"STW": 129.50139565068, "SHM": 126.77274027749998}}