{"CKT": {"TAW": 112.58129042985993, "STW": 130.18727040759597}}