{"ETS": {"AUS": 108.57507914218002, "HUH": 92.9991013552}}