{"EXC": {"HUH": 167.4951076986749, "ADM": 52.5414389281348}}