{"FOT": {"UNI": 180.6787585794287, "SHT": 157.74303735263604}, "FOH": {"NOP": 106.81605488190833, "TIH": 121.50867110991028}}