{"HAH": {"TKO": 145.46903759200285, "POA": 122.22823550661042}}