{"HEO": {"TSH": 130.3397881869644, "MOS": 128.17485137015345}}