{"HFC": {"SKW": 166.1676847045926, "CHW": 122.57779344156025}}