{"HOK": {"KOW": 196.3636412189557}, "HOM": {"HUH": 112.45795194686897, "YMT": 157.3444522774044, "WHA": 80.1598737361936, "TKW": 92.77893046588939}}