{"HUH": {"MKK": 175.14843716146532, "EXC": 196.09239872788507, "HOM": 118.99738646289514, "ETS": 121.0177513725052}}