{"JOR": {"TST": 120.43426553143328, "YMT": 117.35632220205677}}