{"K76-D020": {"K76-D030": 127.60770742927647}, "K73-D120": {"K73-D130": 105.63056046234337}, "K76-D010": {"K76-D020": 338.5726850420414}, "K73-U100": {"K73-U110": 246.73144971245142}, "K74-U050": {"K74-U060": 230.03470637352143}, "K75P-U070": {"K75P-U080": 111.1675638441958}, "K75A-D100": {"K75A-D110": 104.08071720326772}, "K73-U060": {"K73-U070": 136.73382641075239}, "K74-U080": {"K74-U090": 227.09589040801353}, "K76-U040": {"K76-U050": 200.7432426076545}, "K75P-D010": {"K75P-D020": 138.51306398341268}, "K73-U030": {"K73-U040": 95.0992504074546}, "K73-U040": {"K73-U050": 119.46180928703188, "K73-U060": 231.20193489588115}, "K75P-D020": {"K75P-D030": 37.47181764676948}, "K75A-D010": {"K75A-D020": 215.17054141916827}, "K75A-D080": {"K75A-D090": 132.11849275001126}, "K73-D130": {"K73-D140": 134.1206486853518}, "K75P-U130": {"K75P-U140": 46.21385359208688}, "K76-D030": {"K76-D040": 57.92357476017988}, "K74-U004": {"K74-U007": 95.14173179662004}, "K73-D040": {"K73-D050": 79.60490260319114}, "K74-D010": {"K74-D020": 144.09055990176188}, "K75A-D050": {"K75A-D060": 72.58141235544863}, "K75A-D070": {"K75A-D080": 47.6545521503206}, "K75A-D020": {"K75A-D030": 24.64623479799409}, "K75P-D080": {"K75P-U011": 133.1834708705922}, "K73-U070": {"K73-U080": 156.18064709762996}, "K73-U080": {"K73-U110": 374.267108583464, "K73-U090": 284.33824777611306}, "K76-U030": {"K76-U040": 302.1373050707861}, "K73-U050": {"K73-U060": 120.0276576644628}, "K73-U090": {"K73-U100": 119.15998516943655}, "K75P-D030": {"K75P-D040": 117.19271637805082}, "K75P-U120": {"K75P-U130": 62.742237489338024}, "K73-D110": {"K73-D120": 69.78904534727104}, "K73-U110": {"K73-U120": 228.03928477941403}, "K73-D150": {"K73-D160": 41.621881015132736}, "K73-D010": {"K73-D020": 77.95120227115557}, "K73-U020": {"K73-U030": 171.34066489200785}, "K75A-D040": {"K75A-D050": 57.882444969740774}, "K74-U011": {"K74-D100": 160.297391598069}, "K75P-U100": {"K75P-U110": 61.042230262790284}, "K75P-D070": {"K75P-D080": 93.44363911685}, "K75A-D110": {"K75A-U011": 172.78284703964223}, "K75A-D060": {"K75A-D070": 41.276220586382664}, "K75P-D050": {"K75P-D060": 77.10253465760711}, "K75P-U020": {"K75P-U030": 115.28938563689451}, "K74-U020": {"K74-U030": 132.54482791601822}, "K75A-D030": {"K75A-D040": 48.819249390720806}, "K74-D080": {"K74-D090": 153.37995184389047}, "K76-U020": {"K76-U030": 163.5760689716818}, "K74-U060": {"K74-U070": 142.78587438409997}, "K76-U010": {"K76-U020": 15.917736722949096}, "K75A-D090": {"K75A-D100": 53.4338741483219}, "K74-D100": {"K74-D110": 74.9522895069277}, "K74-U040": {"K74-U050": 199.10482082799174}, "K75P-U110": {"K75P-U120": 89.83216347265711}, "K75A-U020": {"K75A-U030": 129.0067934437551}, "K75P-U060": {"K75P-U070": 25.968672302396147}, "K75P-D060": {"K75P-D070": 167.32507362487593}, "K73-D070": {"K73-D080": 172.29897508557792}, "K75P-U090": {"K75P-U100": 38.21872560507573}, "K74-D040": {"K74-D050": 88.03562621162072}, "K75P-U050": {"K75P-U060": 140.04570975138893}, "K73-D080": {"K73-D090": 255.38073894370956}, "K74-U001": {"K74-U004": 143.77571493949307}, "K73-D030": {"K73-D040": 145.6022258841163}, "K75P-U040": {"K75P-U050": 106.95755640272041}, "K74-U090": {"K74-U100": 206.92587382062067}, "K74-D090": {"K74-U011": 70.25797418776268}, "K73-U010": {"K73-U020": 68.14453507603847}, "K75P-U080": {"K75P-U090": 42.00195171479876}, "K75A-U030": {"K75A-D010": 234.19212779259388}, "K73-D050": {"K73-D070": 101.95382700302446}, "K75A-U010": {"K75A-U020": 43.35896426122686}, "K75P-D040": {"K75P-D050": 171.01116816538308}, "K74-U070": {"K74-U080": 156.3182405757352}, "K75P-U010": {"K75P-U020": 94.87865323232757}, "K75P-U140": {"K75P-D010": 147.5801425586439}, "K74-D110": {"K74-U002": 168.33243933593337}, "K74-D050": {"K74-D060": 79.49578126568312}, "K74-U007": {"K74-U010": 246.40703650160305}, "K74-D020": {"K74-D030": 145.02339764528094}, "K73-D140": {"K73-D150": 179.92515523299696}, "K74-D030": {"K74-D040": 136.86503968560004}, "K73-D020": {"K73-D030": 90.86690006071929}, "K73-D090": {"K73-D100": 84.42561102990013}, "K75P-U030": {"K75P-U040": 126.96143027975197}, "K74-U010": {"K74-U020": 168.3383578053916}, "K73-D100": {"K73-D110": 182.62910235010304}, "K74-U030": {"K74-U040": 285.35997817399993}, "K74-D060": {"K74-D070": 162.38139894039006}, "K74-U100": {"K74-D010": 126.3065218056}, "K74-D070": {"K74-D080": 257.53726415}}