{"KAT": {"SUW": 116.54626325000001, "DIH": 133.62480496457746}}