{"KOW": {"TSY": 509.1510779793918, "HOK": 177.7421002150356, "OLY": 130.19384620232407}, "KOB": {"NTK": 100.50535981338189, "CHH": 194.17066539534}, "KOT": {"TAW": 264.56310361168863, "LOF": 109.78907755136652, "MKK": 150.4296675669692, "SKM": 102.02899181862311}}