{"KWF": {"LAK": 171.46893483645619, "KWH": 90.3920758253525}, "KWT": {"NTK": 127.45106765472785, "LAT": 111.0878280971508}, "KWH": {"KWF": 129.74584222469616, "TWH": 119.62330746327265}}