{"LAK": {"NAC": 262.93066132525774, "MEF": 134.58630746251555, "KWF": 92.96831749504861, "TSY": 191.5881425509653}, "LAT": {"YAT": 82.61539501690116, "KWT": 131.33259765220902}}