{"LCK": {"CSW": 131.7715999678852, "MEF": 114.40721331784661}}