{"MEF": {"NAC": 179.20579882000646, "TWW": 349.68914730654564, "LAK": 136.11630746251555, "LCK": 131.72836623908418}}