{"MKK": {"HUH": 194.14859288422628, "KOT": 136.40231111302737}}