{"MOS": {"HEO": 132.65095463096316, "WKS": 163.42695415024906}, "MOK": {"YMT": 120.8833975967407, "PRE": 122.55777781087302}}