{"NOP": {"QUB": 128.25901557563984, "FOH": 113.199956644416}}