{"NTK": {"KWT": 59.308823328269945, "KOB": 130.43106007767062}}