{"OCP": {"WCH": 130.1864734676875, "ADM": 287.63199180478654}}