{"OLY": {"NAC": 132.2855148078603, "KOW": 129.16055570668658}}