{"PRE": {"SKM": 123.49367938891555, "SSP": 115.07581578234851, "MOK": 124.31335926982865}}