{"SUN": {"DIS": 198.58233387484285, "TUC": 823.8868728027337, "TSY": 509.68126873546805}, "SUW": {"KAT": 93.77732567086998, "TKW": 119.10817800011196}}