{"SWH": {"SKW": 93.40107912974791, "TAK": 121.97849613681373}}