{"SYP": {"HKU": 89.76843619836055, "SHW": 140.27027499501776}}