{"TIH": {"FOH": 64.6557997415579, "CAB": 127.02587263520999}, "TIK": {"TKO": 184.4153495470507, "YAT": 139.39920699318355}, "TIS": {"SIH": 366.33954026274466, "LOP": 182.9232355499121}}