{"TSY": {"SUN": 667.1835116856645, "AIR": 1505.115221914165, "LAK": 193.76156150169194, "KOW": 490.77514736397836}, "TSW": {"TWH": 64.55823807862812}, "TST": {"ADM": 184.1897322168196, "JOR": 93.43786576218601}, "TSH": {"SHM": 219.4229061117337, "HEO": 134.58851550599996}}