{"TUC": {"SUN": 835.8699996305122}, "TUM": {"SIH": 146.7154757172787}}