{"UNI": {"FOT": 195.35264866441761, "TAP": 329.31406448081304}}