{"WCH": {"OCP": 119.4788599986982, "LET": 195.47467531007305}}