{"WTS": {"DIH": 81.0577536178534, "LOF": 129.8098274228262}}