{"YUL": {"KSR": 246.45570528946845, "LOP": 89.36121626740001}}