{"1": {"6": 245.76304216583702, "2": 35.29108898232572}}