{"AUS": {"ETS": 164.39114399410292, "NAC": 199.15533755060432}}