{"CIO": {"SHM": 126.55747295262674, "STW": 126.63983869441506}}