{"CKT": {"STW": 118.52163005960979, "TAW": 126.79757319935027}}