{"CSW": {"SSP": 132.07021553708532, "LCK": 130.31195849210465}}