{"DIS": {"SUN": 198.58233387484285}, "DIH": {"HIK": 306.9793818925702, "CHH": 130.97972699764875, "WTS": 114.92707428750961, "KAT": 177.05696319153188}}