{"HAH": {"TKO": 139.75127860796354, "POA": 155.3499425807932}}