{"HEO": {"MOS": 123.40614556132793, "TSH": 133.28897212882148}}