{"HFC": {"SKW": 153.16295401133632, "CHW": 138.84070258384946}}