{"HIK": {"DIH": 311.13719477434745, "TAW": 149.59295247577}}