{"HOK": {"KOW": 196.8753514776242}, "HOM": {"YMT": 178.70967892440487, "HUH": 130.59397197343247, "TKW": 132.53047020304376, "WHA": 82.49561700725671}}