{"HUH": {"MKK": 199.33079410300562, "EXC": 197.54392435970652, "ETS": 189.53178713561715, "HOM": 120.92830665239985}}