{"K12-D010": {"K12-D020": 188.42571671550837}, "K12-U020": {"K12-U030": 203.7973961380658}, "K12-D030": {"K12-D040": 10.721419657093474}, "K12-D020": {"K12-D030": 316.79005945476047}, "K12-U010": {"K12-U020": 234.3}, "K18-U020": {"K18-U030": 65.475865114}, "K18-D020": {"K18-D030": 35.693349999999995}, "K17-U030": {"K17-U040": 24.287175}, "K17-D020": {"K17-D030": 18.448533535300005}, "K17-D010": {"K17-D020": 238.47571000000002}, "K17-U010": {"K17-U020": 212.90610000000007}, "K17-U020": {"K17-U030": 132.0}, "K18-U010": {"K18-U020": 268.4891}, "K18-D010": {"K18-D020": 215.006}}