{"K65-D150": {"K65-D160": 89.90577304115945}, "K68-D070": {"K68-D080": 191.18791155422196}, "K66-D100": {"K66-D110": 30.833954687916794}, "K68-D080": {"K68-D090": 74.77309566744971}, "K65-U110": {"K65-U120": 105.32816114520529}, "K65-U200": {"K65-U210": 55.770201425536825}, "K66-D040": {"K66-D050": 27.753597064020163}, "K66-U100": {"K66-U110": 64.0855110416804}, "K66-D050": {"K66-D060": 23.656792249161064}, "K65-D020": {"K65-D030": 58.41612177344096}, "K68-D150": {"K68-D160": 52.81601264118169}, "K68-D140": {"K68-D150": 28.387017333179564}, "K65-D110": {"K65-D120": 108.31779603841747}, "K65-U130": {"K65-U140": 28.292187769251505}, "K65-U160": {"K65-U170": 57.91011989186613}, "K68-U080": {"K68-U090": 34.50520474522509}, "K65-U100": {"K65-U110": 129.3340896428102}, "K68-U020": {"K68-U030": 38.88037607368089}, "K65-U060": {"K65-U070": 33.97299273419024}, "K68-D050": {"K68-D060": 43.107956015438106}, "K65-U150": {"K65-U160": 53.76536135580909}, "K66-U150": {"K66-U160": 54.43631007066997}, "K65-D070": {"K65-D080": 90.45467456653118}, "K66-U120": {"K66-U130": 56.31345277160462}, "K65-D140": {"K65-D150": 100.63562765814099}, "K65-D080": {"K65-D090": 73.45799325890047}, "K66-D150": {"K66-D160": 80.73721488813835}, "K65-D060": {"K65-D070": 54.31747505257151}, "K66-D200": {"K66-D210": 108.0390077022688}, "K66-D070": {"K66-D080": 31.264380423063262}, "K66-U110": {"K66-U120": 44.35666639978299}, "K68-D180": {"K68-D190": 29.04051155430083}, "K65-D130": {"K65-D140": 76.57535053724496}, "K68-D190": {"K68-D200": 48.88922212110584}, "K66-U180": {"K66-U190": 66.1072418319066}, "K66-D170": {"K66-D180": 180.7318893113616}, "K65-D050": {"K65-D060": 54.95206356829537}, "K68-U160": {"K68-U170": 70.20638969806184}, "K66-D220": {"K66-D230": 70.68582567580138}, "K65-U010": {"K65-U020": 268.0409345602353}, "K68-U030": {"K68-U040": 80.08797585355715}, "K66-U090": {"K66-U100": 50.87879709490433}, "K66-D020": {"K66-D030": 59.50574885088931}, "K68-D110": {"K68-D120": 82.8978579923926}, "K66-D080": {"K66-D090": 41.891985967232245}, "K66-U130": {"K66-U140": 55.10508988779708}, "K66-D230": {"K66-D240": 87.37812327567642}, "K66-U160": {"K66-U170": 48.22589183518145}, "K65-D090": {"K65-D100": 59.371634266757304}, "K66-U080": {"K66-U090": 160.35857219601814}, "K65-D170": {"K65-D180": 102.59729697039657}, "K66-U040": {"K66-U050": 118.19466905316558}, "K65-U220": {"K65-U230": 74.60579787434565}, "K66-D120": {"K66-D130": 56.34052484460697}, "K65-U080": {"K65-U090": 111.79551758418805}, "K65-U090": {"K65-U100": 53.01468003897543}, "K65-U190": {"K65-U200": 38.80818983780542}, "K66-D110": {"K66-D120": 25.76072198319853}, "K66-U170": {"K66-U180": 32.90783498290439}, "K66-D060": {"K66-D070": 26.202410471130378}, "K65-U070": {"K65-U080": 53.90690633119105}, "K65-U140": {"K65-U150": 102.5396970320747}, "K65-U180": {"K65-U190": 75.4395888877511}, "K65-D100": {"K65-D110": 186.96131567467458}, "K68-U120": {"K68-U130": 127.45636959804331}, "K66-D090": {"K66-D100": 27.615013103694025}, "K65-U030": {"K65-U040": 79.14981955499516}, "K66-D010": {"K66-D020": 14.137859608530155}, "K68-U140": {"K68-U150": 22.644820386588002}, "K66-U210": {"K66-U220": 45.09813239018231}, "K65-D040": {"K65-D050": 47.86644591807051}, "K68-D100": {"K68-D110": 77.70885458679153}, "K65-U210": {"K65-U220": 80.34882865065214}, "K65-U050": {"K65-U060": 101.96913795499682}, "K66-D140": {"K66-D150": 75.7160734709833}, "K65-U120": {"K65-U130": 193.99175729718087}, "K68-U170": {"K68-D010": 138.80112917864685}, "K68-D130": {"K68-D140": 60.498097499410335}, "K68-D030": {"K68-D040": 60.8722720463987}, "K68-U130": {"K68-U140": 141.9009162886912}, "K68-U150": {"K68-U160": 81.34781137059217}, "K66-U200": {"K66-U210": 57.43480204349893}, "K68-D060": {"K68-D070": 80.12261027411105}, "K66-D130": {"K66-D140": 28.568683871940742}, "K68-D010": {"K68-D020": 50.03442622630997}, "K66-U190": {"K66-U200": 68.95226734794974}, "K65-D160": {"K65-D170": 126.63628921570637}, "K66-D210": {"K66-D220": 136.9940448959216}, "K65-U020": {"K65-U030": 115.35424916380494}, "K66-U140": {"K66-U150": 46.38953625850646}, "K66-D030": {"K66-D040": 74.81020330436826}, "K68-U070": {"K68-U080": 24.85634804055811}, "K65-D010": {"K65-D020": 36.87214584112151}, "K65-U040": {"K65-U050": 84.77019705758201}, "K68-U110": {"K68-U120": 185.47285254752651, "K68-D090": 336.71506}, "K66-D160": {"K66-D170": 121.40411278747555}, "K68-D020": {"K68-D030": 73.23495587551363}, "K68-U050": {"K68-U060": 48.44872116936971}, "K65-D120": {"K65-D130": 51.03593398115751}, "K66-U010": {"K66-U020": 116.82041256923208}, "K66-U070": {"K66-U080": 160.34925696967932}, "K68-U010": {"K68-U020": 103.40238744897049}, "K68-U090": {"K68-U100": 111.89724386732533}, "K66-U060": {"K66-U070": 159.56862584544547}, "K65-D030": {"K65-D040": 42.04263350598889}, "K66-U050": {"K66-U060": 36.59247344452895}, "K66-D190": {"K66-D200": 66.87519753955095}, "K68-D090": {"K68-D100": 143.2517715441784}, "K68-U040": {"K68-U050": 47.115968577608186}, "K65-D180": {"K65-D190": 90.99682490116041}, "K68-D170": {"K68-D180": 39.088480921476744}, "K68-D040": {"K68-D050": 82.14216671633831}, "K68-U100": {"K68-U110": 171.98526648469905}, "K66-D180": {"K66-D190": 50.66142246115386}, "K68-D160": {"K68-D170": 81.43128376982563}, "K66-U030": {"K66-U040": 167.3920934011242}, "K66-U020": {"K66-U030": 178.61608782365414}, "K68-D200": {"K68-U011": 61.07000267819537}, "K65-U170": {"K65-U180": 49.27025833831047}, "K68-D120": {"K68-D130": 149.63782217166317}, "K68-U060": {"K68-U070": 86.63607783389963}}