{"K75P-U020": {"K75P-U030": 110.0244091604809}, "K75P-D030": {"K75P-D040": 103.82552510908313}, "K73-U110": {"K73-U120": 214.0751266797791}, "K75P-D070": {"K75P-D080": 85.78557642918403}, "K75P-D060": {"K75P-D070": 178.4707987684636}, "K75P-D080": {"K75P-U011": 120.0869996884848}, "K75A-D050": {"K75A-D060": 70.92356213601767}, "K73-U080": {"K73-U090": 276.30269015451245, "K73-U110": 327.79425570377254}, "K75P-U130": {"K75P-U140": 33.98989733741296}, "K73-U040": {"K73-U060": 173.71932130039488, "K73-U050": 89.10350991043643}, "K73-D130": {"K73-D140": 132.52243972709738}, "K75A-D010": {"K75A-D020": 192.8250947378414}, "K76-D020": {"K76-D030": 139.07293397296024}, "K73-U010": {"K73-U020": 64.60368787490991}, "K75A-D070": {"K75A-D080": 275.3415792975378}, "K76-D030": {"K76-D040": 79.40005640456353}, "K76-U020": {"K76-U030": 157.4440260350505}, "K74-D020": {"K74-D030": 145.02424289778008}, "K73-U070": {"K73-U080": 139.08194244232857}, "K73-U100": {"K73-U110": 221.73204902945093}, "K73-D030": {"K73-D040": 105.89089389975236}, "K75P-U110": {"K75P-U120": 87.35442240691455}, "K75P-U100": {"K75P-U110": 55.11678380221899}, "K75P-U070": {"K75P-U080": 119.90077087923888}, "K73-U060": {"K73-U070": 123.49105991325885}, "K75P-U140": {"K75P-D010": 136.76988733368086}, "K75A-U020": {"K75A-U030": 147.69089468163577}, "K75A-D080": {"K75A-D090": 72.58781089249563}, "K75A-U010": {"K75A-U020": 42.32497660371746}, "K75P-D050": {"K75P-D060": 72.74868368587414}, "K75A-D030": {"K75A-D040": 50.716471455995176}, "K75P-D010": {"K75P-D020": 124.28021195460194}, "K73-D010": {"K73-D020": 72.1038799883919}, "K73-D150": {"K73-D160": 48.68068280692507}, "K73-D040": {"K73-D050": 76.78302858880285}, "K75P-D040": {"K75P-D050": 161.29043560917626}, "K75P-U090": {"K75P-U100": 42.62715947730012}, "K73-D070": {"K73-D080": 156.73049994390993}, "K73-U050": {"K73-U060": 87.82697989639144}, "K73-U030": {"K73-U040": 77.62120639332548}, "K73-U090": {"K73-U100": 89.35616290905965}, "K75A-D020": {"K75A-D030": 24.48420113740749}, "K76-U030": {"K76-U040": 267.5450618468788}, "K73-D120": {"K73-D130": 105.68658068075445}, "K75A-D100": {"K75A-D110": 94.8838753495118}, "K76-D010": {"K76-D020": 297.6481692626567}, "K75P-U060": {"K75P-U070": 26.760323980962703}, "K75P-U030": {"K75P-U040": 117.18699179987175}, "K75P-U120": {"K75P-U130": 56.96916180644769}, "K76-U040": {"K76-U050": 146.944348560328}, "K73-D050": {"K73-D070": 95.64272807168376}, "K75A-D110": {"K75A-U011": 134.8343060420688}, "K75P-U010": {"K75P-U020": 86.32688842708089}, "K75A-U030": {"K75A-D010": 216.50635270987823}, "K75A-D060": {"K75A-D070": 28.903989119843466}, "K73-D020": {"K73-D030": 78.11144038768194}, "K73-D090": {"K73-D100": 81.74968028166798}, "K73-D140": {"K73-D150": 195.76187158527438}, "K75P-U080": {"K75P-U090": 44.06704311314762}, "K75P-U050": {"K75P-U060": 175.59556898314275}, "K76-U010": {"K76-U020": 19.65999592369446}, "K73-D080": {"K73-D090": 254.5017715455267}, "K75A-D090": {"K75A-D100": 38.45444656862962}, "K75P-D020": {"K75P-D030": 29.31544601034266}, "K75A-D040": {"K75A-D050": 112.48003238180897}, "K75P-U040": {"K75P-U050": 105.04755651024422}, "K73-D100": {"K73-D110": 179.21737465296883}, "K73-U020": {"K73-U030": 172.14337040744383}, "K73-D110": {"K73-D120": 77.92609587825748}}