{"LAT": {"KWT": 122.27264821441383, "YAT": 130.38310798691614}, "LAK": {"TSY": 193.2130060317131, "NAC": 244.37894037872147, "KWF": 142.41319502399944, "MEF": 135.10495010048007}}