{"LCK": {"MEF": 128.53039390075128, "CSW": 131.99173384939385}}