{"LET": {"WCH": 182.25718532925137, "SOH": 96.73093638370696}}