{"LOW": {"SHS": 238.32624113455017}, "LOP": {"YUL": 126.00478128201173, "TIS": 192.03624975009416}, "LOF": {"WTS": 132.24432942573125, "KOT": 129.35362306938708}}