{"NAC": {"LAK": 251.62635591683065, "AUS": 202.5709310248006, "OLY": 105.44406662594422, "MEF": 186.76330461053703}}