{"NOP": {"QUB": 130.1563255436966, "FOH": 131.1890049809704}}