{"NTK": {"KOB": 127.37681523970623, "KWT": 114.82832450083588}}