{"OCP": {"ADM": 287.6319548388417, "WCH": 133.99973278567884}}