{"OLY": {"NAC": 134.0119620366182, "KOW": 134.04270049150642}}