{"SHT": {"TAW": 194.22760764351193, "FOT": 159.67452791631538}, "SHS": {"LOW": 261.7548921135963, "FAN": 129.98664613034882, "LMC": 456.6812074036734}, "SHM": {"CIO": 117.36378128168583, "TSH": 229.20059633473565}, "SHW": {"SYP": 141.78875774029657, "CEN": 121.53171635458143}}