{"SIH": {"TIS": 355.2713479880934, "TUM": 154.45979989193663}}