{"SKW": {"HFC": 142.54466583449806, "SWH": 109.71678193257749}, "SKM": {"KOT": 136.40306198931003, "PRE": 128.7317154606126}}