{"SSP": {"PRE": 133.52615565384218, "CSW": 119.62881665625218}}