{"SWH": {"TAK": 123.7319322340577, "SKW": 126.91117279085336}}