{"TAW": {"KOT": 311.5671759087705, "HIK": 169.9568176556995, "SHT": 130.2592990245568, "CKT": 196.40536669541916}, "TAK": {"QUB": 132.0851819701175, "SWH": 125.13408992144575}, "TAP": {"TWO": 181.6633830878662, "UNI": 393.6317462786039}}