{"TIK": {"TKO": 298.90657149433997, "YAT": 137.51979952126868}, "TIS": {"SIH": 352.16084801503223, "LOP": 176.16777176048586}, "TIH": {"CAB": 125.40217378762532, "FOH": 99.22149417333385}}