{"TKO": {"LHP": 130.96705386575792, "TIK": 309.18213165577725, "HAH": 195.7206460613748}, "TKW": {"SUW": 127.19891954582927, "HOM": 118.68000651379893}}