{"TSY": {"LAK": 197.55016466070873, "AIR": 1511.176645788899, "KOW": 385.7323842557547, "SUN": 584.055278826275}, "TST": {"JOR": 102.63578460496679, "ADM": 186.54711146165891}, "TSW": {"TWH": 79.95063223831423}, "TSH": {"SHM": 213.18687510774308, "HEO": 127.79317528228368}}