{"WAC": {"ADM": 129.98197520410417, "CAB": 187.46179313606288}}