{"WTS": {"DIH": 115.25480586277702, "LOF": 124.69401451575838}}