{"YAT": {"TIK": 134.18747023854863, "LAT": 171.1898576348841, "QUB": 263.899544360515}}