{"YUL": {"KSR": 249.39216420655134, "LOP": 122.71326717603658}}