{"1": {"2": 63.64629660802577, "6": 362.8715285209702}}