{"5": {"305": 85.48123667561238, "6": 118.47428387634707}}