{"AIR": {"TSY": 1676.6649494642584, "AWE": 125.63083637154361}}