{"CHW": {"HFC": 106.0516665404947}, "CHH": {"DIH": 127.2575696017841, "KOB": 159.22438819422538}}