{"CIO": {"STW": 126.1528773, "SHM": 128.3204261322}}