{"DIS": {"SUN": 198.58233387484285}, "DIH": {"WTS": 117.56866520340964, "HIK": 299.1436583825158, "CHH": 131.42695583147108, "KAT": 170.63722495629838}}