{"FOH": {"NOP": 122.26789706042527, "TIH": 124.24437703436953}, "FOT": {"SHT": 181.922300885273, "UNI": 182.5406658538946}}