{"HAH": {"TKO": 147.7660203178355, "POA": 139.96595840685225}}