{"HIK": {"DIH": 325.99844505752094, "TAW": 150.984821448}}