{"HOK": {"KOW": 191.13565070979502}, "HOM": {"TKW": 128.8869965039679, "YMT": 162.07281637767974, "HUH": 145.14195899784062, "WHA": 81.61638034821546}}