{"JOR": {"YMT": 126.10851610327919, "TST": 122.2362690841234}}