{"K18-D020": {"K18-D030": 86.57881070575179}, "K12-U020": {"K12-U030": 207.45597228080678}, "K12-D020": {"K12-D030": 293.89588455660015}, "K18-U020": {"K18-U030": 55.61700623329138}, "K17-U020": {"K17-U030": 138.89453334511205}, "K14-D010": {"K14-D020": 245.28944114108657}, "K12-D030": {"K12-D040": 32.22511729884686}, "K17-D020": {"K17-D030": 49.710535675897304}, "K14-D020": {"K14-D030": 61.69047972427391}, "K18-U010": {"K18-U020": 199.02996024041553}, "K17-D010": {"K17-D020": 352.47288952440744}, "K12-U010": {"K12-U020": 229.83159866180503}, "K17-U030": {"K17-U040": 50.8752548006256}, "K17-U010": {"K17-U020": 263.83660864641286}, "K18-D010": {"K18-D020": 254.68637436327973}, "K12-D010": {"K12-D020": 143.51639533164018}}