{"KSR": {"YUL": 242.2557800101415, "TWW": 549.6501207703983}}