{"KWF": {"KWH": 130.6295953985337, "LAK": 179.2478714903532}, "KWH": {"KWF": 127.2950449592244, "TWH": 151.17401384279987}, "KWT": {"LAT": 120.61013910738825, "NTK": 126.87277674410848}}