{"LCK": {"CSW": 134.40711654759616, "MEF": 132.1801164945955}}