{"LET": {"WCH": 167.28390781152544, "SOH": 106.44968697351479}}