{"MEF": {"NAC": 186.86211479022728, "LAK": 154.3708384220383, "TWW": 287.4120430176996, "LCK": 132.39060959222383}}