{"MKK": {"KOT": 155.33249888857117, "HUH": 187.78054007791155}}