{"NAC": {"LAK": 247.68982147627995, "OLY": 96.84116346518876, "AUS": 209.37851698556932, "MEF": 189.3506529200601}}