{"OLY": {"NAC": 132.57134910956452, "KOW": 130.48029635238362}}