{"QUB": {"TAK": 129.05743609216188, "YAT": 229.1046118297369, "NOP": 125.99056348531926}}