{"SHS": {"FAN": 149.78679295676136, "LMC": 432.21017350087914, "LOW": 261.75493247375704}, "SHM": {"TSH": 220.19304037874736, "CIO": 110.09651436460885}, "SHW": {"CEN": 117.04538668164423, "SYP": 138.17583297967934}, "SHT": {"TAW": 180.08935917819932, "FOT": 142.72855838876018}}