{"SIH": {"TUM": 154.45019077378134, "TIS": 298.0580536305317}}