{"STW": {"CIO": 138.90393479166002, "CKT": 115.45337094282888}}