{"SYP": {"HKU": 106.7237481629702, "SHW": 152.8311518116505}}