{"TAK": {"SWH": 129.54914897715585, "QUB": 129.32618808983918}, "TAP": {"TWO": 149.57665066483173, "UNI": 375.5129176612907}, "TAW": {"KOT": 300.11370150742977, "SHT": 125.54079190771645, "CKT": 167.4553983876295, "HIK": 145.520283694194}}