{"TKO": {"HAH": 159.98087018318512, "TIK": 218.91388194754262, "LHP": 131.59847581875118}, "TKW": {"SUW": 131.18501454, "HOM": 129.74157115159528}}