{"WCH": {"LET": 168.8411161332829, "OCP": 117.35048898163743}}