{"WTS": {"LOF": 121.47566643103669, "DIH": 113.71709317623694}}