{"YAT": {"TIK": 132.68562642520942, "LAT": 118.93922218127064, "QUB": 230.62870703893972}}