{"YMT": {"JOR": 130.0992102157853, "MOK": 114.00769783240612, "HOM": 204.0283046607326}}