{"YUL": {"LOP": 129.82369849053, "KSR": 239.59710831350017}}