{"AIR": {"TSY": 1615.709180730971, "AWE": 281.90828785666656}}