{"AUS": {"ETS": 154.58707446697142, "NAC": 203.73481659256933}}