{"CHW": {"HFC": 106.04030908901855}, "CHH": {"KOB": 161.1614864395762, "DIH": 131.35045311421905}}