{"CIO": {"SHM": 114.16025031802022, "STW": 131.33334307664182}}