{"CKT": {"TAW": 103.48672264056601, "STW": 127.34066940000002}}