{"ETS": {"AUS": 172.8071865577, "HUH": 169.01328395169998}}