{"EXC": {"HUH": 182.25101246169373, "ADM": 84.13108490754036}}