{"HKU": {"SYP": 129.09798082841735, "KET": 98.06540976790947}}