{"K66-D100": {"K66-D110": 30.040171782739094}, "K66-U190": {"K66-U200": 68.70233276971953}, "K66-D200": {"K66-D210": 100.63450570033929}, "K65-U120": {"K65-U130": 200.30606081525806}, "K66-D010": {"K66-D020": 15.29808609732164}, "K68-U170": {"K68-D010": 137.364679216472}, "K68-U020": {"K68-U030": 39.7026763162002}, "K65-D090": {"K65-D100": 62.79440562392885}, "K65-U190": {"K65-U200": 37.95587555015948}, "K65-D160": {"K65-D170": 127.17634206604187}, "K68-D050": {"K68-D060": 43.56445869068206}, "K65-U090": {"K65-U100": 54.72736868431282}, "K66-U040": {"K66-U050": 118.76070812750454}, "K66-U090": {"K66-U100": 49.49460383615782}, "K66-D230": {"K66-D240": 83.033008174721}, "K65-D120": {"K65-D130": 51.67139523585055}, "K65-D170": {"K65-D180": 76.81758771388908}, "K65-D150": {"K65-D160": 98.88712561799778}, "K65-U050": {"K65-U060": 105.76216276569494}, "K65-U010": {"K65-U020": 239.9110784977689}, "K65-D030": {"K65-D040": 51.16315125068233}, "K66-U060": {"K66-U070": 154.41633864203217}, "K68-U130": {"K68-U140": 136.68017026771105}, "K68-D070": {"K68-D080": 191.85650693903966}, "K65-D070": {"K65-D080": 95.32642063177045}, "K66-U130": {"K66-U140": 57.72166984135079}, "K65-D040": {"K65-D050": 59.9018486735482}, "K68-D010": {"K68-D020": 53.05122629297127}, "K65-U150": {"K65-U160": 50.91375054001295}, "K65-U100": {"K65-U110": 129.87976327829563}, "K68-U080": {"K68-U090": 45.42273691267578}, "K68-D040": {"K68-D050": 84.03507190429602}, "K66-D190": {"K66-D200": 67.17049401474979}, "K66-U120": {"K66-U130": 57.01617626789856}, "K66-D130": {"K66-D140": 25.299280313757958}, "K68-D120": {"K68-D130": 151.13943803806197}, "K65-U180": {"K65-U190": 75.6162938795307}, "K65-D080": {"K65-D090": 38.38537859598431}, "K66-U140": {"K66-U150": 51.111822528372976}, "K66-U070": {"K66-U080": 167.21582994656004}, "K68-U030": {"K68-U040": 29.532567504495802}, "K68-D110": {"K68-D120": 86.93687092785258}, "K66-U080": {"K66-U090": 153.9220554101491}, "K66-D150": {"K66-D160": 84.52744758170607}, "K65-D060": {"K65-D070": 60.42846549412364}, "K66-D080": {"K66-D090": 42.33245030905243}, "K66-U210": {"K66-U220": 49.01648851714849}, "K68-D100": {"K68-D110": 79.31235599791874}, "K68-U070": {"K68-U080": 37.621500825200016}, "K65-U220": {"K65-U230": 77.15384257805661}, "K65-U080": {"K65-U090": 117.66112817795349}, "K66-U100": {"K66-U110": 68.24045703166962}, "K68-U090": {"K68-U100": 112.67271457179103}, "K65-D010": {"K65-D020": 38.08447690367151}, "K66-D050": {"K66-D060": 25.217851804200006}, "K66-U110": {"K66-U120": 41.396168476510056}, "K68-D060": {"K68-D070": 89.70527888836304}, "K65-D130": {"K65-D140": 76.33205399387275}, "K66-U160": {"K66-U170": 46.59853628113298}, "K68-U050": {"K68-U060": 48.330584624680796}, "K66-U150": {"K66-U160": 57.49970480756316}, "K68-D190": {"K68-D200": 50.449799090699486}, "K65-U140": {"K65-U150": 104.4706381869255}, "K65-U060": {"K65-U070": 38.6981292164817}, "K66-D170": {"K66-D180": 169.95313631800764}, "K65-D110": {"K65-D120": 104.70102405510804}, "K68-U040": {"K68-U050": 49.794527867242785}, "K65-U160": {"K65-U170": 58.28309798450184}, "K66-D040": {"K66-D050": 25.379784165981444}, "K66-U180": {"K66-U190": 61.908523848263506}, "K65-U030": {"K65-U040": 91.60195327260601}, "K66-D120": {"K66-D130": 56.0513508015927}, "K65-U040": {"K65-U050": 87.20161700479812}, "K68-D030": {"K68-D040": 63.94939087999999}, "K65-D180": {"K65-D190": 91.74347655967408}, "K65-U020": {"K65-U030": 115.80437510468266}, "K66-U020": {"K66-U030": 177.48737264380185}, "K65-U070": {"K65-U080": 63.18122313707181}, "K66-D110": {"K66-D120": 26.50928895009927}, "K65-D140": {"K65-D150": 100.74564023805924}, "K65-U110": {"K65-U120": 96.68435190684838}, "K65-D050": {"K65-D060": 63.17515704970176}, "K66-D180": {"K66-D190": 54.25322091802192}, "K68-D130": {"K68-D140": 60.69710985657}, "K68-D200": {"K68-U011": 69.20716643079149}, "K66-U170": {"K66-U180": 95.71601958927887}, "K68-D150": {"K68-D160": 50.92115815526672}, "K66-D020": {"K66-D030": 58.72973265998189}, "K65-U170": {"K65-U180": 50.30391831196037}, "K65-D020": {"K65-D030": 62.50066673534555}, "K66-D210": {"K66-D220": 133.94773809312008}, "K68-U060": {"K68-U070": 80.99532916363543}, "K66-D090": {"K66-D100": 28.105927203605535}, "K68-D180": {"K68-D190": 30.147316892000003}, "K68-D170": {"K68-D180": 41.22442937448344}, "K66-D030": {"K66-D040": 66.28289553873597}, "K65-D100": {"K65-D110": 170.7422029935452}, "K66-D070": {"K66-D080": 32.146706488296864}, "K66-D160": {"K66-D170": 119.71526793557254}, "K66-D060": {"K66-D070": 27.98803267269384}, "K65-U210": {"K65-U220": 80.1725846157137}, "K66-D140": {"K66-D150": 74.2877086155545}, "K66-U050": {"K66-U060": 38.617875238149665}, "K68-U140": {"K68-U150": 93.42077347071323}, "K68-U110": {"K68-U120": 178.8823593487799}, "K68-D020": {"K68-D030": 71.72133914689752}, "K66-U030": {"K66-U040": 167.2639562027594}, "K68-U120": {"K68-U130": 129.9401522230735}, "K68-D090": {"K68-D100": 137.7106531222077}, "K65-U130": {"K65-U140": 26.612048166885586}, "K66-U010": {"K66-U020": 114.02859886250383}, "K66-U200": {"K66-U210": 58.47119892071309}, "K65-U200": {"K65-U210": 53.08338937130767}, "K66-D220": {"K66-D230": 78.28464142113464}, "K68-D140": {"K68-D150": 25.852620099999996}, "K68-U160": {"K68-U170": 69.153245975}, "K68-D160": {"K68-D170": 84.88302562188002}, "K68-U100": {"K68-U110": 185.855276545}, "K68-U150": {"K68-U160": 82.31119963059118}, "K68-D080": {"K68-D090": 69.17564790271857}, "K68-U010": {"K68-U020": 108.50069700000002}}