{"K73-U080": {"K73-U110": 370.12301842265384, "K73-U090": 280.16922430069735}, "K75P-U020": {"K75P-U030": 96.01279881808401}, "K76-U010": {"K76-U020": 29.630926969069304}, "K75P-D060": {"K75P-D070": 166.09211715659936}, "K73-U050": {"K73-U060": 85.92764075615153}, "K73-U040": {"K73-U050": 97.62911306990469, "K73-U060": 171.275201192338}, "K76-D010": {"K76-D020": 322.6164488513673}, "K75P-D020": {"K75P-D030": 28.513023114315466}, "K75P-U040": {"K75P-U050": 100.14793345203275}, "K73-D010": {"K73-D020": 73.518488611205}, "K75P-U060": {"K75P-U070": 27.03204388261504}, "K73-U060": {"K73-U070": 119.85137212419849}, "K75P-U070": {"K75P-U080": 115.3808746040118}, "K75P-U030": {"K75P-U040": 115.0490601869263}, "K75P-D070": {"K75P-D080": 77.51064811408105}, "K73-U070": {"K73-U080": 132.92559025742864}, "K73-D110": {"K73-D120": 77.74443978719765}, "K76-D030": {"K76-D040": 82.92387693582947}, "K73-D080": {"K73-D090": 253.00959135627218}, "K73-U090": {"K73-U100": 92.6273664186448}, "K75P-U090": {"K75P-U100": 39.1634404605668}, "K75A-D010": {"K75A-D020": 175.20344525170307}, "K75P-U110": {"K75P-U120": 86.9472213755198}, "K76-U030": {"K76-U040": 280.5792946683815}, "K73-D070": {"K73-D080": 156.99875918429376}, "K75P-D050": {"K75P-D060": 70.01258915248053}, "K73-D040": {"K73-D050": 71.63282702180494}, "K75P-U120": {"K75P-U130": 62.26382688319916}, "K75P-U100": {"K75P-U110": 53.28624249749678}, "K73-D150": {"K73-D160": 47.959184482641426}, "K76-U040": {"K76-U050": 147.63131934662937}, "K73-U110": {"K73-U120": 219.93774787181314}, "K75P-U140": {"K75P-D010": 134.18172704399117}, "K75A-D090": {"K75A-D100": 35.02474124185942}, "K73-D120": {"K73-D130": 101.26420973501997}, "K73-D030": {"K73-D040": 111.53337352685412}, "K76-D020": {"K76-D030": 139.18769769347438}, "K75A-U030": {"K75A-D010": 214.43885572473943}, "K75P-D030": {"K75P-D040": 101.52575705572758}, "K75A-D030": {"K75A-D040": 49.30419056707433}, "K75P-U080": {"K75P-U090": 44.0852681666278}, "K75P-U130": {"K75P-U140": 33.16811679404355}, "K75P-D010": {"K75P-D020": 114.599586698614}, "K73-U100": {"K73-U110": 231.29138473877555}, "K75A-D060": {"K75A-D070": 26.577620392956085}, "K75A-U010": {"K75A-U020": 44.38377021045809}, "K75A-D050": {"K75A-D060": 62.54875907576682}, "K75A-D070": {"K75A-D080": 25.262940218180276}, "K75A-U020": {"K75A-U030": 144.27206332402284}, "K75A-D110": {"K75A-U011": 139.5093657652871}, "K75A-D040": {"K75A-D050": 56.56133706451025}, "K75P-D040": {"K75P-D050": 161.42263832922177}, "K73-U030": {"K73-U040": 76.61007768471254}, "K73-D020": {"K73-D030": 69.6365454479703}, "K73-D140": {"K73-D150": 186.66014385392705}, "K73-D130": {"K73-D140": 130.85204045207868}, "K76-U020": {"K76-U030": 150.66120022892784}, "K75P-D080": {"K75P-U011": 113.72440006878034}, "K75P-U050": {"K75P-U060": 167.02826744962624}, "K73-D090": {"K73-D100": 86.45163281605268}, "K75A-D100": {"K75A-D110": 96.87554748868588}, "K73-U020": {"K73-U030": 168.73736946742886}, "K75A-D020": {"K75A-D030": 18.879355498389607}, "K74-D020": {"K74-D030": 145.02516485828005}, "K73-U010": {"K73-U020": 62.909956113671896}, "K75A-D080": {"K75A-D090": 65.7822250848142}, "K75P-U010": {"K75P-U020": 75.60329540940472}, "K73-D050": {"K73-D070": 93.89226298638066}, "K73-D100": {"K73-D110": 179.14824374916964}}