{"KWF": {"KWH": 129.02228049697672, "LAK": 160.0641661731751}, "KWH": {"TWH": 168.1549840533208, "KWF": 129.53152047719632}, "KWT": {"NTK": 122.32695895112313, "LAT": 125.52042388305975}}