{"LCK": {"CSW": 131.30752012631424, "MEF": 123.34238800708245}}