{"LET": {"WCH": 181.61729954014373, "SOH": 104.8353142737162}}