{"LOW": {"SHS": 262.582786824848}, "LOF": {"KOT": 131.33761048140735, "WTS": 122.29882995772228}, "LOP": {"YUL": 115.732270508217, "TIS": 180.60175532302583}}