{"MEF": {"LAK": 137.60289575812504, "LCK": 130.3189662954283, "NAC": 177.26987195896973, "TWW": 310.7778554442669}}