{"NAC": {"LAK": 252.23805388184414, "OLY": 93.49147062401944, "MEF": 185.61646055452758, "AUS": 211.20398153987566}}