{"OCP": {"ADM": 287.6320174554589, "WCH": 132.82641656839058}}