{"OLY": {"KOW": 129.97092785668053, "NAC": 132.93519878675824}}