{"PRE": {"SKM": 122.77542848239008, "MOK": 128.06176973114495, "SSP": 130.78770431466586}}