{"SIH": {"TIS": 329.0489882674786, "TUM": 154.45979989193663}}