{"SKM": {"KOT": 136.68563615629267, "PRE": 132.6013613328189}, "SKW": {"SWH": 89.62236400076424, "HFC": 159.16497109445385}}