{"SSP": {"PRE": 132.5182099455739, "CSW": 129.7796824943655}}