{"STW": {"CKT": 118.35445657038399, "CIO": 136.67979774190854}}