{"SYP": {"HKU": 100.2585425013248, "SHW": 147.60233246186164}}