{"TKO": {"LHP": 132.0323793014656, "TIK": 191.8886816612159, "HAH": 173.0722543578126}, "TKW": {"HOM": 135.22516938465003, "SUW": 131.45486482816855}}