{"TSY": {"AIR": 1434.0094603060345, "KOW": 459.09166910023225, "SUN": 523.2388616028528, "LAK": 195.87411935774549}, "TST": {"ADM": 176.73828423064288, "JOR": 101.1760610109067}, "TSW": {"TWH": 69.59990573201647}, "TSH": {"HEO": 128.09558205509614, "SHM": 219.16383592748406}}