{"WAC": {"ADM": 131.19124294024192, "CAB": 190.50170402394002}}