{"WCH": {"OCP": 143.00122603443668, "LET": 195.82465089381793}}