{"YAT": {"TIK": 135.6896903858021, "QUB": 261.8762838068011, "LAT": 189.87070091177128}}