{"5": {"6": 114.37707122967572, "305": 80.88373292021949}}