{"AIR": {"TSY": 1522.4816059227917, "AWE": 138.54052313300025}}