{"CKT": {"STW": 113.26013638374702, "TAW": 100.92740810850981}}