{"HAH": {"TKO": 136.5936072804257, "POA": 130.02964695355786}}