{"HFC": {"SKW": 116.16381209374845, "CHW": 120.54815151461855}}