{"HOK": {"KOW": 189.26107948076748}, "HOM": {"YMT": 101.2276524375762, "TKW": 131.11970799933474, "HUH": 130.00611899999998, "WHA": 88.1567274863631}}