{"HUH": {"ETS": 141.7847617929995, "EXC": 193.9841810353636, "MKK": 212.59356707044427, "HOM": 122.45654956683538}}