{"K51-U200": {"K51-U210": 88.22155277061883}, "K53-U060": {"K53-U070": 70.57550882376702}, "K52A-D180": {"K52A-D190": 138.72512552307364}, "K58-D100": {"K58-D110": 177.729827}, "K52A-U080": {"K52A-U090": 73.72400572081992}, "K51-U020": {"K51-U030": 101.57880124516873}, "K58-U030": {"K58-U040": 283.897878}, "K58-D140": {"K58-D150": 40.66310599999999}, "K52-nU010": {"K52-nU020": 38.46184865820441}, "K51A-U120": {"K51A-U130": 138.10165403868976}, "K53-U140": {"K53-D010": 87.22288775341883}, "K53-U100": {"K53-U110": 73.30886173652137}, "K54-U020": {"K54-U030": 143.36743391234205}, "K53-U080": {"K53-U090": 80.27500912851932}, "K52-nU300": {"K52-nU310": 48.24153556221175}, "K58-D160": {"K58-D170": 224.47579000000002}, "K51A-D110": {"K51A-D120": 56.34829069803044}, "K52-nU060": {"K52-nU070": 187.98865301131895}, "K53-D030": {"K53-D040": 79.68482263822543}, "K53-D090": {"K53-D100": 48.73833388861383}, "K52A-U160": {"K52A-U170": 30.471995389387832}, "K51A-D060": {"K51A-D070": 87.28246023544202}, "K51A-D200": {"K51A-D210": 268.54166954203686}, "K51-U110": {"K51-U120": 148.44743084276044}, "K58-D050": {"K58-D060": 181.41200000000003}, "K58-U080": {"K58-U090": 70.30229470000002}, "K54-U060": {"K54-U070": 231.33903344473097}, "K51A-U080": {"K51A-U090": 191.69522387564643}, "K52A-D070": {"K52A-D080": 140.2777701351178}, "K52A-U060": {"K52A-U070": 144.41798648985431}, "K51A-D140": {"K51A-D150": 117.64484360599074}, "K58-D040": {"K58-D050": 89.96460000000002}, "K51A-D100": {"K51A-D110": 55.44242670585849}, "K58-U010": {"K58-U020": 35.17800000000001}, "K52-nD040": {"K52-nD050": 26.78317733571192}, "K58-U070": {"K58-U080": 112.2}, "K58-U190": {"K58-U200": 137.16450000000003}, "K52-nU270": {"K52-nU280": 174.6377654122046}, "K51-U190": {"K51-U200": 75.89821136350011}, "K52-nU100": {"K52-nU110": 176.60510426108019}, "K51-D010": {"K51-D020": 84.83159695070651}, "K58-U120": {"K58-U130": 127.75345}, "K51-D070": {"K51-D080": 60.95419239127595}, "K54-D010": {"K54-D020": 180.98234540124184}, "K52A-D050": {"K52A-D060": 33.79006797680684}, "K54-U050": {"K54-U060": 338.6939975707654}, "K53-D160": {"K53-D170": 518.0002182806678, "K53-U011": 215.71361890147506}, "K51A-D250": {"K51A-D260": 93.88819677761958}, "K53-U010": {"K53-U020": 265.2120880715808, "K53-D180": 1038.8725532104859}, "K51A-D260": {"K51A-D270": 68.84895218830212}, "K53-D080": {"K53-D090": 100.89493381799457}, "K58-U090": {"K58-U100": 160.37491624000003}, "K52A-U010": {"K52A-U015": 353.1016022434192}, "K52-nD030": {"K52-nD040": 27.88930553592426}, "K51A-U040": {"K51A-U050": 130.09685157370058}, "K51A-D040": {"K51A-D050": 104.58311024595768}, "K52A-U050": {"K52A-U060": 56.95584303453933}, "K52A-D010": {"K52A-D020": 310.3619445312649}, "K52A-D080": {"K52A-D090": 70.4270400787586}, "K52-nD110": {"K52-nD120": 170.9006119892323}, "K52-nU230": {"K52-nU240": 82.69464389602163}, "K54-U040": {"K54-U050": 150.81527117299566}, "K52A-U090": {"K52A-U100": 96.6439220680549}, "K51-D160": {"K51-D170": 109.61706657260265}, "K54-U010": {"K54-U020": 74.05902386886365}, "K53-U030": {"K53-U040": 239.48836200853992}, "K51-U050": {"K51-U060": 277.550637429093}, "K51A-D050": {"K51A-D060": 80.35104261757344}, "K52A-D130": {"K52A-D140": 95.5523865426344}, "K54-D040": {"K54-D050": 169.836268287518}, "K51-U170": {"K51-U180": 86.23782685214228}, "K51A-U110": {"K51A-U120": 152.28277238398763}, "K53-U120": {"K53-U130": 75.91709480196911}, "K52A-D120": {"K52A-D130": 49.42757264237969}, "K51-D200": {"K51-D210": 125.51160285234}, "K58-U100": {"K58-U110": 102.4340383}, "K52-nD070": {"K52-nD080": 143.51585347290407}, "K51A-D240": {"K51A-D250": 55.96428531309128}, "K51A-D020": {"K51A-D030": 131.9513273682517}, "K52-nD270": {"K52-nD280": 99.17128415207226}, "K53-U070": {"K53-U080": 62.69770679387877}, "K58-U150": {"K58-U160": 190.90500000000003}, "K51A-U230": {"K51A-U240": 39.720309758175006}, "K51A-U020": {"K51A-U030": 106.02048889886866}, "K51-D170": {"K51-D180": 103.076447059522}, "K51-D040": {"K51-D050": 51.892431113155965}, "K53-U130": {"K53-U140": 55.638843679580575}, "K51A-U070": {"K51A-U080": 206.93347324190555}, "K52-nD250": {"K52-nD260": 196.45084972752562}, "K52A-U030": {"K52A-U040": 43.122871078435324}, "K52-nU250": {"K52-nU260": 71.755422943732}, "K52A-D020": {"K52A-D030": 23.163284701745347}, "K51-D060": {"K51-D070": 64.34695594041857}, "K51A-U170": {"K51A-U180": 76.55760467912471}, "K52A-D040": {"K52A-D050": 16.01564367937553}, "K52A-U100": {"K52A-U110": 73.65897760143989}, "K52A-U120": {"K52A-U130": 82.28422322214485}, "K51-U090": {"K51-U100": 173.13046656607403}, "K58-U110": {"K58-U120": 154.45155}, "K53-U040": {"K53-U050": 156.12712471370168}, "K58-D110": {"K58-D120": 177.936}, "K51-D180": {"K51-D190": 175.03781281198388}, "K54-U030": {"K54-U040": 129.2260290347567}, "K51A-D180": {"K51A-D190": 136.04018318188764}, "K52A-D090": {"K52A-D100": 68.91921068804712}, "K58-U050": {"K58-U060": 50.01477799999999}, "K51-U010": {"K51-U020": 33.90586277107909}, "K51A-D160": {"K51A-D170": 170.9597293262609}, "K51-D220": {"K51-D230": 250.3006738829187}, "K58-D010": {"K58-D020": 19.4337}, "K53-D060": {"K53-D070": 186.33551151805167}, "K58-D200": {"K58-D210": 68.355408}, "K51A-U100": {"K51A-U110": 248.45318800170452}, "K52-nD290": {"K52-nD300": 108.30247177750766}, "K51A-U160": {"K51A-U170": 87.76222136064152}, "K54-D020": {"K54-D030": 189.05832759487913}, "K51A-D010": {"K51A-D020": 53.440745837831834}, "K51-D280": {"K51-D290": 72.54574459823327}, "K53-U020": {"K53-U030": 164.99841991239262, "K53-D160": 775.1931916665756}, "K58-D150": {"K58-D160": 76.131}, "K52-nD150": {"K52-nD160": 99.32567821952038}, "K58-D193": {"K58-D196": 64.57290400000001}, "K53-U110": {"K53-U120": 97.53190518991781}, "K58-D070": {"K58-D080": 100.155539}, "K52A-D150": {"K52A-D160": 86.69666542619998}, "K52-nU140": {"K52-nU150": 195.12227970407997}, "K51A-U190": {"K51A-U200": 71.32008235360058}, "K51-D240": {"K51-D250": 136.87802870686892}, "K52-nU030": {"K52-nU040": 135.469947169}, "K54-D060": {"K54-D070": 147.03316685125918}, "K52-nU080": {"K52-nU090": 98.00519958444568}, "K53-U090": {"K53-U100": 126.94370269027775}, "K51-D120": {"K51-D130": 52.438555399999984}, "K52A-U015": {"K52A-U020": 152.51375653404017}, "K52-nD210": {"K52-nD220": 242.4697249911285}, "K52A-U040": {"K52A-U050": 140.09087194039358}, "K51A-D080": {"K51A-D090": 205.97243097817756}, "K52-nU180": {"K52-nU190": 77.821078727306}, "K58-U020": {"K58-U023": 84.7}, "K52-nU240": {"K52-nU250": 58.93881759874439}, "K52-nU160": {"K52-nU170": 45.29543272847701}, "K52-nU090": {"K52-nU100": 104.86963630704315}, "K51A-U060": {"K51A-U070": 313.5823700218635}, "K51A-D150": {"K51A-D160": 91.15043604266182}, "K51A-D220": {"K51A-D230": 151.02866052999997}, "K52A-D100": {"K52A-D110": 72.39552836529526}, "K54-D050": {"K54-D060": 101.66227207146103}, "K51-U130": {"K51-U140": 77.67189552224514}, "K58-U023": {"K58-U026": 66.5346}, "K52-nD260": {"K52-nD270": 62.07749155378501}, "K51A-D230": {"K51A-D240": 159.68996358049523}, "K51-D140": {"K51-D150": 83.81358832072178}, "K52-nD280": {"K52-nD290": 91.67733412972714}, "K51A-U210": {"K51A-U220": 80.51882057029552}, "K52-nD010": {"K52-nD020": 17.923583731297285}, "K51-D260": {"K51-D270": 56.617215819624406}, "K52A-D160": {"K52A-D170": 146.9191558400866}, "K58-U200": {"K58-U210": 75.06939000000001}, "K51A-D070": {"K51A-D080": 96.45690507008032}, "K52-nU190": {"K52-nU200": 134.29055823155107}, "K53-U050": {"K53-U060": 146.5227043418621}, "K53-D120": {"K53-D130": 98.93802932686035}, "K51-U220": {"K51-U230": 73.74438655501636}, "K52-nD130": {"K52-nD140": 92.340252548275}, "K52-nU040": {"K52-nU050": 84.02870436281201}, "K52-nD240": {"K52-nD250": 166.50553060030228}, "K53-D015": {"K53-D020": 109.8762894700506}, "K58-D030": {"K58-D040": 108.5931}, "K52-nD050": {"K52-nD060": 39.4060131316602}, "K51-D190": {"K51-D200": 178.9195822867101}, "K51A-U130": {"K51A-U140": 79.1338462759999}, "K51A-U090": {"K51A-U100": 168.81298617651493}, "K52-nU280": {"K52-nU290": 46.70717831120478},