{"K66-U200": {"K66-U210": 53.925318002173945}, "K65-U120": {"K65-U130": 165.30721258777984}, "K65-U090": {"K65-U100": 56.906067010702486}, "K65-D130": {"K65-D140": 108.86942105457213}, "K65A-U080": {"K65A-U090": 64.83119893375128}, "K65-U220": {"K65-U230": 83.18515191088457}, "K65A-D070": {"K65A-D080": 129.50762619623714}, "K65-U110": {"K65-U120": 115.31894315016113}, "K65A-D040": {"K65A-D050": 76.189457564097}, "K65A-D020": {"K65A-D030": 80.51845087386758}, "K66-U010": {"K66-U020": 139.69173417124867}, "K65-D080": {"K65-D090": 65.25822715094385}, "K65A-U110": {"K65A-U120": 75.37652877124223}, "K65-U080": {"K65-U090": 197.35853232184382}, "K65-D060": {"K65-D070": 94.30728009984237}, "K65-D020": {"K65-D030": 83.76659469269748}, "K66-D200": {"K66-D210": 137.2113527021028}, "K65-D030": {"K65-D040": 68.41133350285546}, "K66-U070": {"K66-U080": 233.4474084352709}, "K65A-U050": {"K65A-U060": 51.105029509935605}, "K68-U170": {"K68-D010": 183.00880913991006}, "K68-D160": {"K68-D170": 81.61016502615522}, "K65-U060": {"K65-U070": 38.85823292318429}, "K68-D180": {"K68-D190": 146.33267468036604}, "K65-D140": {"K65-D150": 120.00957620429695}, "K65-U010": {"K65-U020": 298.3887708535799}, "K65-D010": {"K65-D020": 42.718201576964475}, "K65A-D050": {"K65A-D060": 65.13888156652628}, "K66-U120": {"K66-U130": 47.920831750000005}, "K65-D180": {"K65-D190": 125.5957422943155}, "K65A-U020": {"K65A-U030": 153.80146952000516}, "K65-D100": {"K65-D110": 228.3311654370094}, "K65-D110": {"K65-D120": 120.65984503269632}, "K65A-D090": {"K65A-D100": 115.71191738932002}, "K68-D150": {"K68-D160": 54.392347408272954}, "K65A-U030": {"K65A-U040": 28.014866664173418}, "K65A-U090": {"K65A-U100": 75.08593280011779}, "K65-D170": {"K65-D180": 109.46488192215232}, "K65A-D080": {"K65A-D090": 59.113327127289175}, "K66-U190": {"K66-U200": 71.79142752514431}, "K65-D040": {"K65-D050": 78.13932271381226}, "K68-U080": {"K68-U090": 57.761220696294004}, "K66-D160": {"K66-D170": 154.15277720667123}, "K65-U150": {"K65-U160": 58.82117951417295}, "K66-D140": {"K66-D150": 97.38696437913177}, "K65-D050": {"K65-D060": 71.63118839437671}, "K68-U030": {"K68-U040": 35.2608124679}, "K68-D050": {"K68-D060": 78.87748886970057}, "K65A-D100": {"K65A-D110": 208.35155109090775}, "K66-U100": {"K66-U110": 70.3458777414645}, "K66-U040": {"K66-U050": 139.30631828474446}, "K68-U120": {"K68-U130": 152.07063694369998}, "K66-D210": {"K66-D220": 155.57632767842892}, "K65-U130": {"K65-U140": 27.859169097426182}, "K68-D100": {"K68-D110": 91.28373907889262}, "K65-U100": {"K65-U110": 165.2639979926129}, "K65-U030": {"K65-U040": 105.6688020012837}, "K66-D060": {"K66-D070": 45.772850267997185}, "K68-D040": {"K68-D050": 118.27854653459171}, "K65A-U010": {"K65A-U020": 57.20455604625401}, "K66-U060": {"K66-U070": 213.47172406125566}, "K66-D180": {"K66-D190": 91.23181267400001}, "K68-D070": {"K68-D080": 206.8550587991925}, "K65-U020": {"K65-U030": 139.210441336416}, "K65-U040": {"K65-U050": 92.80773974303322}, "K65-U180": {"K65-U190": 83.80924389994193}, "K66-D170": {"K66-D180": 246.5580956866519}, "K65-U200": {"K65-U210": 71.08114637376937}, "K65A-D010": {"K65A-D020": 85.3567325245156}, "K68-U140": {"K68-U150": 50.5687364382607}, "K66-U160": {"K66-U170": 49.078821945416266}, "K65-D090": {"K65-D100": 117.49000797970234}, "K66-U170": {"K66-U180": 36.58242779821677}, "K66-U130": {"K66-U140": 55.80997580772073}, "K65A-U070": {"K65A-U080": 49.93843835789809}, "K65A-D030": {"K65A-D040": 68.28501002789707}, "K66-D220": {"K66-D230": 88.27413124937041}, "K68-D170": {"K68-D180": 42.86986675506325}, "K66-D150": {"K66-D160": 83.15269161736094}, "K65A-U060": {"K65A-U070": 45.54401982278138}, "K66-D030": {"K66-D040": 78.3423809562581}, "K65A-D060": {"K65A-D070": 101.00094232079934}, "K66-U140": {"K66-U150": 47.505941300273136}, "K68-D130": {"K68-D140": 65.34297484011354}, "K68-U040": {"K68-U050": 57.8029577319145}, "K66-U210": {"K66-U220": 52.88703701321153}, "K66-U030": {"K66-U040": 181.88173878804417}, "K65-U140": {"K65-U150": 96.07104171752216}, "K65-D120": {"K65-D130": 70.08967282839885}, "K68-U100": {"K68-U110": 155.86540624193987}, "K66-U150": {"K66-U160": 61.05513012944664}, "K66-U180": {"K66-U190": 66.16941376115787}, "K66-U050": {"K66-U060": 49.59502005177997}, "K68-U150": {"K68-U160": 90.35173268850001}, "K68-U060": {"K68-U070": 102.1161999332365}, "K66-D080": {"K66-D090": 64.5808300551468}, "K65-D070": {"K65-D080": 147.6608551367558}, "K65A-U100": {"K65A-U110": 55.14482407301638}, "K65-U170": {"K65-U180": 59.00625216519022}, "K66-D090": {"K66-D100": 49.40536722295288}, "K68-D110": {"K68-D120": 106.12990600996}, "K68-D060": {"K68-D070": 116.35617190711878}, "K68-U020": {"K68-U030": 56.28455769599223}, "K68-U130": {"K68-U140": 176.16135780000002}, "K65A-U120": {"K65A-U130": 76.9719921290683}, "K66-U090": {"K66-U100": 47.930577606313236}, "K66-D120": {"K66-D130": 71.74900969387036}, "K66-U110": {"K66-U120": 37.231004181405005}, "K65A-U040": {"K65A-U050": 93.48473781216758}, "K66-D070": {"K66-D080": 52.239582661980386}, "K65-D160": {"K65-D170": 159.4496502788075}, "K68-U050": {"K68-U060": 60.55243310550945}, "K66-D010": {"K66-D020": 16.40739874878609}, "K65-U160": {"K65-U170": 63.97765443870836}, "K66-D020": {"K66-D030": 70.90672436758567}, "K66-D040": {"K66-D050": 40.08239422416363}, "K65-U070": {"K65-U080": 70.02543040910498}, "K68-D140": {"K68-D150": 36.919158998846}, "K68-D010": {"K68-D020": 48.92792534864524}, "K65-U050": {"K65-U060": 104.84664897293901}, "K68-U160": {"K68-U170": 78.08038130999}, "K65-D150": {"K65-D160": 111.29481647043602}, "K66-D130": {"K66-D140": 40.30104098462216}, "K68-U070": {"K68-U080": 44.0507414227}, "K66-D190": {"K66-D200": 97.66461516751939}, "K66-U080": {"K66-U090": 176.1616915337736}, "K66-D050": {"K66-D060": 44.67221786317494}, "K68-D120": {"K68-D130": 202.36551107427314}, "K65-U210": {"K65-U220": 82.35960569984965}, "K68-D080": {"K68-D090": 95.47010623029999}, "K66-U020": {"K66-U030": 210.2502445026998}, "K65-U190": {"K65-U200": 59.47683361752}, "K66-D110": {"K66-D120": 43.618730008646814}, "K66-D100": {"K66-D110": 48.57854816543316}, "K68-U110": {"K68-U120": 212.81502164450004, "K68-D090": 265.76000000000005}, "K68-D190": {"K68-D200": 51.128766789053266}, "K68-D030": {"K68-D040": 103.44578044039994}, "K68-D020": {"K68-D030": 113.65175268600004}, "K68-D090": {"K68-D100": 156.68127119797902}, "K68-U090": {"K68-U100": 168.36845036000005}, "K66-D230": {"K66-D240": 92.98714487553113}, "K68-U010": {"K68-U020": 99.55667349185642}, "K68-D200": {"K68-U011": 67.14728446140002}}