{"K75P-D030": {"K75P-D040": 111.32454055091459}, "K75P-U100": {"K75P-U110": 59.91327066911792}, "K73-U060": {"K73-U070": 133.76717372915323}, "K73-U110": {"K73-U120": 254.6195986722315}, "K75P-D040": {"K75P-D050": 175.6429784987306}, "K75A-D040": {"K75A-D050": 47.98575465560362}, "K73-D040": {"K73-D050": 84.3233400315717}, "K75P-D020": {"K75P-D030": 34.52577352618463}, "K75P-D010": {"K75P-D020": 135.52578702115014}, "K73-D110": {"K73-D120": 84.10122682261375}, "K75P-D050": {"K75P-D060": 81.44186524743849}, "K74-U004": {"K74-U007": 86.3817335591041}, "K75P-U090": {"K75P-U100": 41.59160346334724}, "K76-D030": {"K76-D040": 78.4642845434215}, "K75A-D020": {"K75A-D030": 22.942192508651516}, "K75A-D110": {"K75A-U011": 178.02760923615978}, "K73-U070": {"K73-U080": 168.2538982692003}, "K75A-U020": {"K75A-U030": 131.2431975496308}, "K73-D120": {"K73-D130": 109.88972685517172}, "K73-D010": {"K73-D020": 77.91935646932336}, "K75P-D070": {"K75P-D080": 93.30537376503447}, "K73-D080": {"K73-D090": 253.82513935185762}, "K74-D080": {"K74-D090": 164.5690076533669}, "K73-U030": {"K73-U040": 95.64444351810788}, "K76-U040": {"K76-U050": 175.20063225927265}, "K76-U020": {"K76-U030": 163.581105082474}, "K73-U040": {"K73-U060": 259.1797749599981, "K73-U050": 118.19548610812595}, "K75A-D030": {"K75A-D040": 46.77068380603929}, "K76-D020": {"K76-D030": 140.9189549448022}, "K73-U080": {"K73-U110": 280.9956538107046, "K73-U090": 297.70721528364675}, "K74-U001": {"K74-U004": 154.37986144456386}, "K75P-U120": {"K75P-U130": 57.53122263549212}, "K73-D020": {"K73-D030": 115.44218976293408}, "K75P-U010": {"K75P-U020": 95.49176709259616}, "K74-U080": {"K74-U090": 236.813155}, "K74-D010": {"K74-D020": 164.99697258967996}, "K74-D090": {"K74-U011": 83.1541413588128}, "K73-U090": {"K73-U100": 141.26247521861427}, "K75P-U030": {"K75P-U040": 141.22958962738682}, "K75A-U030": {"K75A-D010": 262.894104758505}, "K75P-D080": {"K75P-U011": 152.1408033154242}, "K73-D030": {"K73-D040": 149.24129218461573}, "K75P-U140": {"K75P-D010": 148.4288123455457}, "K76-D010": {"K76-D020": 281.81077206813563}, "K75P-U110": {"K75P-U120": 86.9014071390433}, "K74-U011": {"K74-D100": 183.968670625327}, "K75P-U040": {"K75P-U050": 115.80456909642325}, "K73-D070": {"K73-D080": 199.54408700058704}, "K75A-D060": {"K75A-D070": 43.4848362899801}, "K75A-D090": {"K75A-D100": 54.22166020277474}, "K75A-U010": {"K75A-U020": 45.92839209801563}, "K76-U030": {"K76-U040": 196.77691754805366}, "K76-U010": {"K76-U020": 34.68913346109092}, "K73-D150": {"K73-D160": 56.259496384082716}, "K75P-U130": {"K75P-U140": 40.07661535321801}, "K73-U050": {"K73-U060": 134.53343610925734}, "K75P-U080": {"K75P-U090": 44.81687002914492}, "K75A-D070": {"K75A-D080": 273.9271125701786}, "K73-U100": {"K73-U110": 293.9237974738091}, "K74-U007": {"K74-U010": 261.85499405243917}, "K73-D090": {"K73-D100": 91.13740449082987}, "K75A-D080": {"K75A-D090": 144.62274952508588}, "K73-D130": {"K73-D140": 139.29668721322093}, "K74-U100": {"K74-D010": 132.5824046691059}, "K74-U050": {"K74-U060": 240.8997948008895}, "K75P-U050": {"K75P-U060": 151.82987574296493}, "K74-U030": {"K74-U040": 290.6966465276015}, "K75A-D100": {"K75A-D110": 105.59098078713653}, "K73-D140": {"K73-D150": 222.4604972616939}, "K75P-D060": {"K75P-D070": 170.83141645533328}, "K74-U010": {"K74-U020": 163.45373249587246}, "K74-D050": {"K74-D060": 97.74292148008746}, "K75A-D010": {"K75A-D020": 221.1705721963453}, "K73-U010": {"K73-U020": 72.41472765376899}, "K74-D060": {"K74-D070": 172.83383613796806}, "K74-D030": {"K74-D040": 138.71053253933698}, "K74-U040": {"K74-U050": 191.18176901264093}, "K73-U020": {"K73-U030": 207.75374400938023}, "K74-D100": {"K74-D110": 90.913496655}, "K74-U070": {"K74-U080": 169.2354096061006}, "K74-D110": {"K74-U002": 174.83732004821084}, "K75A-D050": {"K75A-D060": 74.87622890375732}, "K74-D020": {"K74-D030": 149.32105788075285}, "K75P-U060": {"K75P-U070": 29.92874341933007}, "K74-U090": {"K74-U100": 217.4833780708622}, "K74-D040": {"K74-D050": 95.42618343653007}, "K74-U020": {"K74-U030": 135.00480082369955}, "K74-U060": {"K74-U070": 143.04738951688722}, "K75P-U020": {"K75P-U030": 107.70499022659885}, "K73-D100": {"K73-D110": 200.3324842832003}, "K74-D070": {"K74-D080": 246.02380501138836}, "K73-D050": {"K73-D070": 106.19744929396661}, "K75P-U070": {"K75P-U080": 114.86942960211486}}