{"KWF": {"LAK": 125.49429305353235, "KWH": 130.88773592600134}, "KWT": {"NTK": 121.92334654760523, "LAT": 117.23957718025754}, "KWH": {"KWF": 92.38464668252192, "TWH": 157.1963340381247}}