{"LET": {"WCH": 147.11933029300886, "SOH": 108.073962962252}}