{"LOP": {"TIS": 182.34695952722342, "YUL": 99.974436964854}, "LOW": {"SHS": 240.46325201440254}, "LOF": {"KOT": 127.96656472460579, "WTS": 116.80730862598912}}