{"MEF": {"LCK": 111.35582444380832, "NAC": 174.59990154737548, "LAK": 123.29564348112049, "TWW": 330.67629919685845}}