{"MKK": {"KOT": 143.12339995214182, "HUH": 194.06013426413477}}