{"NOP": {"QUB": 115.99773169844134, "FOH": 132.252157629035}}