{"OLY": {"KOW": 129.1275471445556, "NAC": 131.87126810023807}}