{"QUB": {"YAT": 257.52288274706063, "TAK": 123.08013859572861, "NOP": 117.17146226116033}}