{"SIH": {"TUM": 154.44171864085644, "TIS": 371.4398028286168}}