{"SKW": {"SWH": 52.678646518799994, "HFC": 157.36185302321346}, "SKM": {"PRE": 126.80294303821753, "KOT": 154.29395344666554}}