{"STW": {"CIO": 127.1455579999194, "CKT": 132.312096806064}}