{"SUN": {"DIS": 198.58233387484285, "TSY": 331.889821339811, "TUC": 823.8866098499866}, "SUW": {"TKW": 132.54780957, "KAT": 119.84100197412302}}