{"TAW": {"KOT": 286.8153840101582, "CKT": 135.14365428630657, "SHT": 116.69955623028753, "HIK": 147.89587592831302}, "TAP": {"UNI": 397.2729432085398, "TWO": 156.78608105513646}, "TAK": {"QUB": 127.56161166459371, "SWH": 79.86561260370001}}