{"TKO": {"LHP": 130.9514210095087, "TIK": 191.42576064200378, "HAH": 192.27630332503102}, "TKW": {"SUW": 123.5882991426779, "HOM": 129.71382121600112}}