{"TSH": {"SHM": 216.41402538300704, "HEO": 130.9341052926}, "TSY": {"KOW": 457.44191714461203, "LAK": 193.4641661912129, "SUN": 679.1555112818239, "AIR": 1456.4656271213103}, "TSW": {"TWH": 56.17644426228692}, "TST": {"ADM": 159.64096073665104, "JOR": 103.12356056735157}}