{"UNI": {"TAP": 375.21084376196524, "FOT": 183.86980542681917}}