{"WCH": {"OCP": 112.7958796802244, "LET": 182.4149874240608}}