{"WTS": {"LOF": 128.9400244972333, "DIH": 123.97366213497796}}