{"YUL": {"LOP": 129.9916970309254, "KSR": 253.356555530736}}