{"AUS": {"NAC": 184.05545804250508, "ETS": 166.71575934211612}}