{"CKT": {"STW": 141.3917211313024, "TAW": 136.3818464150675}}