{"DIS": {"SUN": 198.58233387484285}, "DIH": {"WTS": 119.67215123451876, "KAT": 177.87611964652928, "HIK": 317.4279714494948, "CHH": 118.05420017007957}}