{"ETS": {"HUH": 186.75213907551864, "AUS": 185.27959765875838}}