{"FOT": {"SHT": 181.2099316869147, "UNI": 172.65617991867202}, "FOH": {"NOP": 131.93356172105447, "TIH": 96.9828162054}}