{"HEO": {"TSH": 137.38572126119163, "MOS": 124.06144900161439}}