{"HKU": {"SYP": 118.74845057699982, "KET": 99.03232580347432}}