{"HUH": {"EXC": 230.42179940527572, "MKK": 253.2980157232878, "ETS": 454.3491629842394, "HOM": 135.07411998754802}}