{"K76-U030": {"K76-U040": 163.10085409865175}, "K73-U080": {"K73-U110": 151.5009465496323}, "K76-D010": {"K76-D020": 170.41630763930016}, "K74-D020": {"K74-D030": 145.02339764528094}}