{"KSR": {"TWW": 570.2027086354602, "YUL": 240.70112753127023}}