{"LET": {"WCH": 161.49110793007213, "SOH": 106.00585132725817}}