{"LOW": {"SHS": 261.75491840103916}, "LOP": {"YUL": 131.00669524601415, "TIS": 197.44009473446926}, "LOF": {"WTS": 101.31488275050324, "KOT": 118.8029682195004}}