{"MEF": {"LAK": 138.37213909848714, "TWW": 307.8563284218931, "LCK": 118.3360385184327, "NAC": 186.42178330471882}}