{"NOP": {"FOH": 103.3676615932861, "QUB": 131.22716072396491}}