{"NTK": {"KWT": 89.18477868101735, "KOB": 124.52033804142233}}