{"OCP": {"WCH": 122.0876612375541, "ADM": 287.6319548189664}}