{"OLY": {"KOW": 133.38954398592261, "NAC": 131.478638290873}}