{"PRE": {"SSP": 134.9792474741919, "SKM": 115.24559772791015, "MOK": 106.64674831343025}}