{"QUB": {"NOP": 120.49536218185429, "YAT": 251.0785262792158, "TAK": 98.54433131878815}}