{"SHS": {"FAN": 156.4902347450373, "LMC": 487.2510018955969, "LOW": 261.75492574281975}, "SHM": {"TSH": 249.89855400970532, "CIO": 133.93979056595578}, "SHT": {"TAW": 178.50394941071153, "FOT": 209.31324761926732}, "SHW": {"SYP": 120.52252940307878, "CEN": 127.99353876958044}}