{"SKM": {"KOT": 129.68074418554468, "PRE": 122.70920228127014}, "SKW": {"SWH": 108.2904697859461, "HFC": 195.30521206826324}}