{"SSP": {"CSW": 129.11474506489512, "PRE": 138.92621530310228}}