{"STW": {"CKT": 137.6623139511321, "CIO": 163.57833000000002}}