{"SYP": {"HKU": 107.08716054516185, "SHW": 136.65276497570954}}