{"TAW": {"SHT": 269.258287047844, "KOT": 340.174915209583, "HIK": 168.74152608917623, "CKT": 152.04693030873796}, "TAP": {"TWO": 140.90683435443356, "UNI": 417.9570942273808}, "TAK": {"QUB": 117.81877089681083, "SWH": 106.39683140144935}}