{"TIK": {"YAT": 157.6002466388305, "TKO": 241.59367667840996}, "TIH": {"FOH": 91.65422585178962, "CAB": 113.08870115816065}, "TIS": {"LOP": 192.76811594593676, "SIH": 310.82829343659284}}