{"TSY": {"AIR": 1583.9934138889307, "KOW": 437.3480184647926, "SUN": 390.42188701384225, "LAK": 176.75523183421018}, "TST": {"ADM": 200.62500597171768, "JOR": 125.03792085954285}, "TSH": {"SHM": 244.44021246661154, "HEO": 122.50741477735092}, "TSW": {"TWH": 95.46736599599771}}