{"TUC": {"SUN": 510.90303664954433}, "TUM": {"SIH": 161.9426257378058}}