{"UNI": {"TAP": 418.469091717058, "FOT": 227.49461944157937}}