{"WAC": {"CAB": 126.24892399506321, "ADM": 124.49332013255828}}