{"WCH": {"LET": 174.08921198413805, "OCP": 123.17624732039425}}