{"YAT": {"QUB": 256.22072313091826, "LAT": 146.21753011924343, "TIK": 139.6320456277062}}