{"1": {"6": 78.31757184403244, "2": 60.65712900302863}}