{"AIR": {"TSY": 1515.4059343432796, "AWE": 131.51387971003425}}