{"CIO": {"SHM": 128.9987126065194, "STW": 130.02049281007697}}