{"CKT": {"STW": 119.95970084834, "TAW": 108.92246744175995}}