{"DIH": {"CHH": 101.55707704239667, "KAT": 151.93545427319404, "HIK": 306.63671182066827, "WTS": 104.69559638421413}, "DIS": {"SUN": 198.58233387484285}}