{"EXC": {"HUH": 171.77203152771582, "ADM": 86.32417189770824}}