{"HAH": {"TKO": 151.43853873211688, "POA": 124.34021791861885}}