{"HEO": {"MOS": 114.88923665934003, "TSH": 137.0813432523267}}