{"HFC": {"SKW": 121.15170995907269, "CHW": 126.90578311785359}}