{"HOK": {"KOW": 187.3971703430324}, "HOM": {"HUH": 127.37712441442541, "YMT": 118.73820086829865, "TKW": 129.7657086613, "WHA": 81.4722850670463}}