{"JOR": {"TST": 74.93442059009605, "YMT": 105.33202570429944}}