{"K18-U020": {"K18-U030": 58.17704086633804}, "K17-D020": {"K17-D030": 38.6031355251957}, "K17-U030": {"K17-U040": 29.115637185909446}, "K18-D020": {"K18-D030": 106.72724537788511}, "K17-U020": {"K17-U030": 142.39416386001602}, "K12-U020": {"K12-U030": 250.9013900687224}, "K12-D010": {"K12-D020": 171.58688100717944}, "K17-D010": {"K17-D020": 366.0786647640009}, "K18-D010": {"K18-D020": 247.92536485944134}, "K12-D030": {"K12-D040": 108.19700266079171}, "K12-D020": {"K12-D030": 383.9900234410018}, "K18-U010": {"K18-U020": 206.06009757383453}, "K17-U010": {"K17-U020": 261.48078729900453}, "K12-U010": {"K12-U020": 280.3443099643636}}