{"K65-D160": {"K65-D170": 154.94886235832652}, "K68-U110": {"K68-U120": 193.67408081263, "K68-D090": 810.2600000000001}, "K65-U150": {"K65-U160": 55.970383740505454}, "K65-D080": {"K65-D090": 60.893990566434205}, "K68-U050": {"K68-U060": 56.57411680593916}, "K68-U140": {"K68-U150": 39.73305383501811}, "K65A-D040": {"K65A-D050": 76.07475709463112}, "K65A-U120": {"K65A-U130": 89.29294289835627}, "K65-D130": {"K65-D140": 110.05692280456174}, "K65A-D100": {"K65A-D110": 242.25023468280347}, "K66-U100": {"K66-U110": 81.66618770380148}, "K65-D020": {"K65-D030": 85.84540238828588}, "K65-D150": {"K65-D160": 109.22364593733735}, "K68-U060": {"K68-U070": 80.70342451337437}, "K65A-U100": {"K65A-U110": 53.445474793064236}, "K65-U010": {"K65-U020": 261.05048487198997}, "K65-U180": {"K65-U190": 79.80373178632155}, "K66-D070": {"K66-D080": 49.40335205643201}, "K66-U210": {"K66-U220": 50.67779025078873}, "K66-U150": {"K66-U160": 61.82663651317351}, "K65-U030": {"K65-U040": 126.49483986121723}, "K65A-U080": {"K65A-U090": 71.2562084545946}, "K68-U160": {"K68-U170": 78.65094438508889}, "K66-U010": {"K66-U020": 134.81260975316}, "K65-D050": {"K65-D060": 69.71148438173593}, "K65A-U040": {"K65A-U050": 77.2342233956846}, "K65A-U060": {"K65A-U070": 52.19647614748648}, "K66-D040": {"K66-D050": 40.32409146567126}, "K65-U110": {"K65-U120": 120.47456525744887}, "K65A-U090": {"K65A-U100": 47.38007939226351}, "K65A-U020": {"K65A-U030": 208.77490636761257}, "K65-D040": {"K65-D050": 94.30399033185184}, "K66-U020": {"K66-U030": 200.012195152775}, "K65A-D020": {"K65A-D030": 74.57317153674744}, "K65-U190": {"K65-U200": 47.08813156997596}, "K65A-D070": {"K65A-D080": 104.05272953431043}, "K66-U040": {"K66-U050": 143.0648637461734}, "K68-D110": {"K68-D120": 102.0258730176136}, "K65-D100": {"K65-D110": 232.5598277055477}, "K65A-U050": {"K65A-U060": 51.4841491473086}, "K65-D010": {"K65-D020": 39.28254935626416}, "K66-U050": {"K66-U060": 45.7763478944448}, "K65-U040": {"K65-U050": 98.89010538593239}, "K68-D180": {"K68-D190": 31.336818658680993}, "K66-D190": {"K66-D200": 82.32868879118548}, "K66-U180": {"K66-U190": 71.67300187110038}, "K66-D120": {"K66-D130": 76.50302012453466}, "K68-D080": {"K68-D090": 100.99256892994143}, "K65A-U010": {"K65A-U020": 60.058202703730544}, "K65-U130": {"K65-U140": 29.764238966182564}, "K65-D030": {"K65-D040": 68.23628394147006}, "K65A-U030": {"K65A-U040": 28.985592884592826}, "K66-D180": {"K66-D190": 72.51517169885793}, "K65A-U110": {"K65A-U120": 80.9978398025215}, "K66-D210": {"K66-D220": 157.8053526883737}, "K65-D180": {"K65-D190": 131.14514894217615}, "K65A-U070": {"K65A-U080": 50.296076281869375}, "K66-D060": {"K66-D070": 44.77778739109744}, "K66-D230": {"K66-D240": 89.83350745338865}, "K65-D110": {"K65-D120": 126.68010433092184}, "K65-U050": {"K65-U060": 116.56645517853356}, "K65-U170": {"K65-U180": 57.6845157461138}, "K66-D200": {"K66-D210": 138.10165610147357}, "K66-D010": {"K66-D020": 24.65445785530732}, "K66-D030": {"K66-D040": 82.58144288150137}, "K68-U170": {"K68-D010": 159.27450953485808}, "K65-D070": {"K65-D080": 111.97285630377185}, "K66-U110": {"K66-U120": 44.13000046008419}, "K65-U220": {"K65-U230": 86.04774060978163}, "K66-D090": {"K66-D100": 47.92144578589024}, "K65A-D080": {"K65A-D090": 56.10006694323537}, "K68-D050": {"K68-D060": 74.74945275844405}, "K65-U120": {"K65-U130": 196.278251022215}, "K66-U070": {"K66-U080": 251.01880154000008}, "K65-U020": {"K65-U030": 172.69458007027487}, "K68-U080": {"K68-U090": 54.71709243625802}, "K66-D100": {"K66-D110": 49.17142290919595}, "K68-D140": {"K68-D150": 33.22263489612537}, "K65-D170": {"K65-D180": 123.29019075011124}, "K68-D020": {"K68-D030": 94.74001838393241}, "K68-D090": {"K68-D100": 151.77144987483763}, "K68-D170": {"K68-D180": 45.140567886202476}, "K66-U200": {"K66-U210": 62.376665566520785}, "K66-U140": {"K66-U150": 52.16024655291003}, "K65-D060": {"K65-D070": 79.98879024005775}, "K68-U040": {"K68-U050": 57.08000751329413}, "K65-D090": {"K65-D100": 115.08162684747235}, "K66-D050": {"K66-D060": 45.31404701301301}, "K66-U170": {"K66-U180": 36.70075216421452}, "K65-U080": {"K65-U090": 176.82632362092963}, "K65-D120": {"K65-D130": 69.42369663517266}, "K68-D130": {"K68-D140": 63.10718529507314}, "K65A-D010": {"K65A-D020": 146.12963746085052}, "K66-U120": {"K66-U130": 60.472118721182916}, "K68-U150": {"K68-U160": 85.25156037121002}, "K66-U160": {"K66-U170": 49.39583365113332}, "K65-U200": {"K65-U210": 56.10301273018598}, "K65-U160": {"K65-U170": 54.4949168733967}, "K66-D130": {"K66-D140": 42.46530768594782}, "K68-D010": {"K68-D020": 51.76408254763936}, "K66-D220": {"K66-D230": 81.61338089411328}, "K68-U090": {"K68-U100": 131.890071839563}, "K65-U140": {"K65-U150": 94.1802859963253}, "K65-U060": {"K65-U070": 46.91057705010046}, "K65A-D090": {"K65A-D100": 107.63695802977603}, "K65-U100": {"K65-U110": 158.4950276487448}, "K66-U080": {"K66-U090": 167.8400060426739}, "K65-U070": {"K65-U080": 70.250106229205}, "K65-U210": {"K65-U220": 82.57994585360464}, "K68-D190": {"K68-D200": 54.847623639999995}, "K65A-D050": {"K65A-D060": 68.1887900833567}, "K68-D030": {"K68-D040": 89.66929359310002}, "K66-D160": {"K66-D170": 155.84876419884486}, "K66-U060": {"K66-U070": 181.95008356294306}, "K65-D140": {"K65-D150": 112.00714103271166}, "K66-D170": {"K66-D180": 225.64841392232194}, "K66-U190": {"K66-U200": 72.14506972965805}, "K66-D080": {"K66-D090": 65.03905338514559}, "K65-U090": {"K65-U100": 59.19729748619536}, "K66-U090": {"K66-U100": 58.89573916815675}, "K68-U120": {"K68-U130": 168.3344176253396}, "K68-U100": {"K68-U110": 195.70199971353236}, "K68-U070": {"K68-U080": 44.379793801180014}, "K65A-D030": {"K65A-D040": 62.43743581987867}, "K66-U130": {"K66-U140": 57.989798233516204}, "K66-U030": {"K66-U040": 199.40382528420997}, "K66-D110": {"K66-D120": 46.82257412709683}, "K66-D150": {"K66-D160": 112.31908118150508}, "K68-D150": {"K68-D160": 74.92458766767741}, "K68-U010": {"K68-U020": 84.99031409999999}, "K68-D070": {"K68-D080": 192.69455799412316}, "K66-D020": {"K66-D030": 73.99804171868962}, "K66-D140": {"K66-D150": 120.95674589785422}, "K68-D100": {"K68-D110": 85.26527521063622}, "K68-D120": {"K68-D130": 187.3667104195639}, "K68-D060": {"K68-D070": 98.6675920190626}, "K68-U130": {"K68-U140": 187.28120157489997}, "K65A-D060": {"K65A-D070": 75.88186045922411}, "K68-U020": {"K68-U030": 41.191085654802}, "K68-U030": {"K68-U040": 37.081232064800005}, "K68-D040": {"K68-D050": 104.62169082199998}, "K68-D160": {"K68-D170": 78.49461883450002}, "K68-D200": {"K68-U011": 59.94034815968071}}