{"K74-D060": {"K74-D070": 158.66721889280615}, "K73-U060": {"K73-U070": 144.74708973026037}, "K73-U040": {"K73-U050": 113.33294791155606, "K73-U060": 222.11995044342325}, "K73-D070": {"K73-D080": 197.33065651072837}, "K73-D050": {"K73-D070": 113.11545817388485}, "K75A-U010": {"K75A-U020": 47.24493766889624}, "K75A-D070": {"K75A-D080": 38.500789505965955}, "K76-U010": {"K76-U020": 32.434032526201335}, "K73-U070": {"K73-U080": 188.93272286091118}, "K73-U080": {"K73-U090": 290.60265320350186, "K73-U110": 353.4136679731014}, "K75A-D090": {"K75A-D100": 50.79542957324394}, "K75P-U010": {"K75P-U020": 98.19229968708932}, "K76-U020": {"K76-U030": 166.6391604553661}, "K75A-D010": {"K75A-D020": 223.53995643570315}, "K75P-U100": {"K75P-U110": 64.22285573833047}, "K75A-D100": {"K75A-D110": 105.97917214433053}, "K75P-U110": {"K75P-U120": 88.28605789341125}, "K75A-D030": {"K75A-D040": 56.199975274321105}, "K76-D020": {"K76-D030": 143.9628791623699}, "K74-D040": {"K74-D050": 77.221956297054}, "K75P-U080": {"K75P-U090": 47.262660256992326}, "K73-U100": {"K73-U110": 290.08682049694585}, "K74-U080": {"K74-U090": 254.90712099254105}, "K73-U090": {"K73-U100": 122.4249022692978}, "K74-D020": {"K74-D030": 145.02444116688483}, "K73-U110": {"K73-U120": 249.05441636148763}, "K76-D010": {"K76-D020": 246.07655015791687}, "K73-U050": {"K73-U060": 107.88683349664159}, "K75P-D050": {"K75P-D060": 87.81396502882237}, "K73-U030": {"K73-U040": 97.47850376354424}, "K74-U090": {"K74-U100": 230.02736495019545}, "K75P-U090": {"K75P-U100": 39.01345323852747}, "K76-D030": {"K76-D040": 85.43337522553186}, "K75P-D030": {"K75P-D040": 105.75728203523158}, "K75P-U120": {"K75P-U130": 65.6712117918425}, "K75P-D040": {"K75P-D050": 176.99057121833226}, "K75P-D060": {"K75P-D070": 197.0221772214345}, "K75A-D020": {"K75A-D030": 35.45675639945709}, "K75P-U030": {"K75P-U040": 125.1800462409011}, "K74-D100": {"K74-D110": 86.86660030413915}, "K73-U010": {"K73-U020": 66.00675625769344}, "K75A-D050": {"K75A-D060": 74.01955548710349}, "K74-D050": {"K74-D060": 95.07351211103513}, "K74-U030": {"K74-U040": 293.71042357545525}, "K75P-U070": {"K75P-U080": 103.59894578170201}, "K74-U007": {"K74-U010": 255.5872415510616}, "K73-D120": {"K73-D130": 114.80192610126282}, "K75P-U050": {"K75P-U060": 188.89481957445074}, "K75P-D010": {"K75P-D020": 132.62430927522456}, "K74-D090": {"K74-U011": 73.31930913894197}, "K75P-D020": {"K75P-D030": 36.783721878417445}, "K74-U001": {"K74-U004": 154.68781343421549}, "K73-D150": {"K73-D160": 58.167957939075656}, "K76-U030": {"K76-U040": 253.56671351077026}, "K73-D130": {"K73-D140": 154.61821259849904}, "K75P-U040": {"K75P-U050": 124.28938341817748}, "K75A-U020": {"K75A-U030": 130.91258945132796}, "K74-U004": {"K74-U007": 91.10394216290341}, "K74-D070": {"K74-D080": 253.70737667410805}, "K73-D090": {"K73-D100": 91.89659257297458}, "K75P-D070": {"K75P-D080": 103.77719621942758}, "K75P-D080": {"K75P-U011": 145.91384531517573}, "K73-D010": {"K73-D020": 81.3801857717589}, "K74-U100": {"K74-D010": 108.81884798723584}, "K75P-U130": {"K75P-U140": 48.10182418857672}, "K73-D040": {"K73-D050": 77.28793682382977}, "K73-D140": {"K73-D150": 238.58815844333566}, "K73-D100": {"K73-D110": 197.64512014974338}, "K75P-U060": {"K75P-U070": 42.65561413098264}, "K74-D110": {"K74-U002": 168.97805896355754}, "K75P-U140": {"K75P-D010": 152.92109995637276}, "K75A-D060": {"K75A-D070": 44.71140854949096}, "K73-D020": {"K73-D030": 117.85010215556113}, "K73-D030": {"K73-D040": 137.67156557245534}, "K74-U060": {"K74-U070": 134.83447385016947}, "K75A-D110": {"K75A-U011": 180.06024064058914}, "K74-U020": {"K74-U030": 125.40531267875517}, "K75A-D080": {"K75A-D090": 104.20890183149098}, "K74-D010": {"K74-D020": 156.8762496153193}, "K73-D110": {"K73-D120": 92.85920917801992}, "K75A-D040": {"K75A-D050": 59.516700622383084}, "K76-U040": {"K76-U050": 166.82766991551702}, "K75A-U030": {"K75A-D010": 254.79543475391137}, "K73-U020": {"K73-U030": 209.49610595430994}, "K74-U011": {"K74-D100": 178.0177621821452}, "K73-D080": {"K73-D090": 253.71482916310543}, "K74-U070": {"K74-U080": 175.45507482485831}, "K74-D030": {"K74-D040": 130.57421992649114}, "K74-U050": {"K74-U060": 235.31213482958825}, "K74-U010": {"K74-U020": 143.0250885223018}, "K74-U040": {"K74-U050": 166.04069981528545}, "K74-D080": {"K74-D090": 171.12047232}, "K75P-U020": {"K75P-U030": 102.44251920195659}}