{"KAT": {"SUW": 87.22792283999999, "DIH": 131.92837114313}}