{"KOW": {"HOK": 177.74210009268404, "OLY": 132.9705778836115, "TSY": 511.9819768422682}, "KOT": {"TAW": 290.50014106212154, "MKK": 132.47016835171436, "SKM": 100.21159283829464, "LOF": 104.73408288589567}, "KOB": {"NTK": 105.17904846833683, "CHH": 141.33589830618743}}