{"KSR": {"TWW": 587.1076073950071, "YUL": 231.10094497796072}}