{"LCK": {"MEF": 94.49415801527515, "CSW": 99.74229046113008}}