{"LOW": {"SHS": 219.45467129349805}, "LOF": {"KOT": 95.19120287977492, "WTS": 103.99039159524992}, "LOP": {"YUL": 123.1513047726, "TIS": 179.9121471034373}}