{"MOS": {"HEO": 137.91501684669709, "WKS": 161.90066322673343}, "MOK": {"YMT": 117.09511634561152, "PRE": 116.16265871389389}}