{"NAC": {"LAK": 246.11107561264325, "OLY": 107.36019436263302, "MEF": 189.64229422665875, "AUS": 206.52747322347938}}