{"OCP": {"ADM": 287.6319691474291, "WCH": 133.29236028132604}}