{"OLY": {"NAC": 129.9092652344257, "KOW": 131.75747487517884}}