{"SHT": {"FOT": 128.72736831707832, "TAW": 141.49634856314216}, "SHS": {"LMC": 481.2545959335207, "FAN": 149.62255045938022, "LOW": 261.75478957028747}, "SHW": {"CEN": 110.07307938866548, "SYP": 113.76872716832978}, "SHM": {"TSH": 206.67111412031454, "CIO": 96.0122818187286}}