{"SIH": {"TIS": 343.5880684644318, "TUM": 154.44515407856167}}