{"SSP": {"CSW": 107.19368150696717, "PRE": 102.43310808562418}}