{"STW": {"CIO": 129.91473544697698, "CKT": 115.92236848397121}}