{"SUN": {"DIS": 198.58233387484285, "TSY": 248.7064828979075, "TUC": 823.8867416349561}, "SUW": {"KAT": 109.13469788971426, "TKW": 133.100748613}}