{"SYP": {"HKU": 91.53894949022657, "SHW": 100.25856737210579}}