{"TIK": {"TKO": 231.76479239349572, "YAT": 138.73759294034326}, "TIH": {"CAB": 128.82967000008003, "FOH": 102.89193471481198}, "TIS": {"SIH": 323.04190168585836, "LOP": 183.84100504681132}}