{"TKO": {"TIK": 200.48779535659008, "LHP": 131.82757311466128, "HAH": 143.05401437303954}, "TKW": {"SUW": 122.37409329473401, "HOM": 139.22178666}}