{"TSY": {"LAK": 190.99027209109497, "SUN": 664.2158734163896, "AIR": 1435.7653908509928, "KOW": 438.2655202936463}, "TSH": {"SHM": 215.6550097627308, "HEO": 133.52836172580598}, "TST": {"JOR": 75.28230044234303, "ADM": 144.57296523206222}, "TSW": {"TWH": 59.74079126966586}}