{"TUC": {"SUN": 821.4829689350678}, "TUM": {"SIH": 144.3732407772278}}