{"WAC": {"CAB": 131.19423460695293, "ADM": 114.00789337067144}}