{"WTS": {"LOF": 120.94147765918396, "DIH": 102.53809464700703}}