{"YAT": {"QUB": 239.45375987875246, "TIK": 135.07732302069059, "LAT": 140.59523025904042}}