{"1": {"2": 35.673786283100505, "6": 69.55433397975818}}