{"5": {"305": 77.37284084188772, "6": 153.02748940881133}}