{"CHH": {"KOB": 119.0114850365109, "DIH": 128.7264971148965}, "CHW": {"HFC": 99.8896859125641}}