{"CSW": {"LCK": 128.95583958821052, "SSP": 128.23180082916087}}