{"DIH": {"KAT": 172.0785746847927, "HIK": 304.95036262964265, "WTS": 127.69242082040925, "CHH": 127.79569505616826}, "DIS": {"SUN": 198.58233387484285}}