{"HAH": {"TKO": 155.17425701176646, "POA": 125.86612834281759}}