{"HIK": {"DIH": 320.12503300223955, "TAW": 134.22367}}