{"HOK": {"KOW": 188.01191540479175}, "HOM": {"TKW": 129.66022306899998, "HUH": 123.82572293300002, "YMT": 163.45205328091416, "WHA": 83.9258076530017}}