{"JOR": {"YMT": 134.46516986205384, "TST": 116.03769265193793}}