{"K12-D030": {"K12-D040": 65.76853708447936}, "K17-U020": {"K17-U030": 147.59760688499676}, "K17-U010": {"K17-U020": 307.67128677568036}, "K12-D010": {"K12-D020": 180.54392475464564}, "K12-U020": {"K12-U030": 220.04565939959767}, "K18-U010": {"K18-U020": 276.46547093572855}, "K12-U010": {"K12-U020": 259.3600844767157}, "K18-D020": {"K18-D030": 45.428101123972546}, "K17-D020": {"K17-D030": 31.631868076670912}, "K18-U020": {"K18-U030": 60.83869418927611}, "K18-D010": {"K18-D020": 223.11074191808575}, "K17-D010": {"K17-D020": 267.26288590899424}, "K12-D020": {"K12-D030": 331.43816927251015}, "K17-U030": {"K17-U040": 70.36512280864557}}