{"K68-D030": {"K68-D040": 74.42448499999999}, "K66-D060": {"K66-D070": 36.18984896599848}, "K68-U110": {"K68-U120": 180.6944954186148, "K68-D090": 615.043}, "K66-D150": {"K66-D160": 86.69472741634941}, "K68-U080": {"K68-U090": 37.97576123613395}, "K65-U130": {"K65-U140": 30.4079332770661}, "K66-U110": {"K66-U120": 42.38412896841217}, "K66-U100": {"K66-U110": 79.89387647651378}, "K65-U160": {"K65-U170": 56.62882149251018}, "K65-U030": {"K65-U040": 113.34059914918528}, "K65-U050": {"K65-U060": 104.59619814983577}, "K66-D070": {"K66-D080": 42.4253954411289}, "K68-U070": {"K68-U080": 30.79030100576731}, "K68-D160": {"K68-D170": 81.85907379315869}, "K65-D100": {"K65-D110": 219.22922216133512}, "K65-D170": {"K65-D180": 90.03448208062032}, "K65-U080": {"K65-U090": 131.3687375698543}, "K65-U170": {"K65-U180": 55.11557487095568}, "K65-D010": {"K65-D020": 41.28730137099628}, "K66-D180": {"K66-D190": 63.70402761279861}, "K66-D020": {"K66-D030": 64.53362390624376}, "K65-U190": {"K65-U200": 41.3137376097055}, "K65-D050": {"K65-D060": 54.029682216239415}, "K66-D220": {"K66-D230": 75.69814695226042}, "K65-U090": {"K65-U100": 55.86634048474637}, "K66-D040": {"K66-D050": 32.689951233974604}, "K66-U120": {"K66-U130": 48.60656595624408}, "K66-D170": {"K66-D180": 197.9433986697146}, "K68-D200": {"K68-U011": 58.55248178962196}, "K66-U150": {"K66-U160": 56.16392709048351}, "K68-D040": {"K68-D050": 90.20384088265868}, "K65-D140": {"K65-D150": 114.77339277542896}, "K65-D110": {"K65-D120": 122.63081467044927}, "K66-U200": {"K66-U210": 61.463379052745246}, "K66-U140": {"K66-U150": 50.58800479369111}, "K66-U010": {"K66-U020": 122.96214437472152}, "K65-U150": {"K65-U160": 55.60505819919153}, "K65-D070": {"K65-D080": 88.50108856517686}, "K65-D160": {"K65-D170": 142.865541128266}, "K68-U140": {"K68-U150": 36.04482279707601}, "K66-D210": {"K66-D220": 139.13025788113038}, "K65-D120": {"K65-D130": 59.536200890073154}, "K68-D110": {"K68-D120": 92.5902221172581}, "K65-U210": {"K65-U220": 82.31966291240808}, "K66-U130": {"K66-U140": 55.59887634907094}, "K66-U080": {"K66-U090": 171.1369574690887}, "K65-U120": {"K65-U130": 202.95859054598876}, "K65-U110": {"K65-U120": 110.39832486846736}, "K66-U180": {"K66-U190": 63.232717111915846}, "K68-D140": {"K68-D150": 27.23763486132001}, "K65-U020": {"K65-U030": 130.11519351516998}, "K66-D160": {"K66-D170": 147.09102101042942}, "K65-U180": {"K65-U190": 73.62914150128032}, "K68-D130": {"K68-D140": 60.91106037139558}, "K66-U190": {"K66-U200": 73.24465222298566}, "K65-D040": {"K65-D050": 60.77427831188}, "K65-D130": {"K65-D140": 86.47870948100703}, "K65-D020": {"K65-D030": 66.45484737124308}, "K66-U040": {"K66-U050": 132.79459716011598}, "K65-U060": {"K65-U070": 39.467088573467}, "K68-U090": {"K68-U100": 116.78322636104151}, "K68-D120": {"K68-D130": 158.10263472632943}, "K66-D120": {"K66-D130": 57.42614898183027}, "K66-U060": {"K66-U070": 176.86211893025705}, "K68-U160": {"K68-U170": 79.29614379098254}, "K66-U170": {"K66-U180": 35.09507026075283}, "K66-D130": {"K66-D140": 33.824535775522776}, "K65-U200": {"K65-U210": 56.92044982120336}, "K66-D230": {"K66-D240": 91.32437327915511}, "K65-U010": {"K65-U020": 318.708255827657}, "K65-U140": {"K65-U150": 101.98777482290491}, "K68-D190": {"K68-D200": 46.84490907028468}, "K66-D030": {"K66-D040": 75.72150666420883}, "K66-D110": {"K66-D120": 77.49670477089533}, "K65-D080": {"K65-D090": 50.67737645665902}, "K68-D180": {"K68-D190": 25.114037192902}, "K66-U210": {"K66-U220": 48.285111818765486}, "K68-D070": {"K68-D080": 202.47041814400774}, "K66-D140": {"K66-D150": 114.83776211853069}, "K68-U030": {"K68-U040": 29.6918936046905}, "K65-D060": {"K65-D070": 72.22605064221231}, "K65-U100": {"K65-U110": 151.00165858206003}, "K68-D100": {"K68-D110": 81.98381246248303}, "K66-U090": {"K66-U100": 46.35405520120785}, "K66-U070": {"K66-U080": 214.54113562721105}, "K68-D090": {"K68-D100": 124.17560657473072}, "K68-U130": {"K68-U140": 160.71361}, "K65-D090": {"K65-D100": 89.60384234220604}, "K68-D050": {"K68-D060": 52.514514347173986}, "K65-U220": {"K65-U230": 83.2099334921758}, "K65-D180": {"K65-D190": 111.14169850284864}, "K65-D150": {"K65-D160": 95.05751295895698}, "K68-D010": {"K68-D020": 49.837876858220014}, "K66-D080": {"K66-D090": 50.0423624858643}, "K68-U100": {"K68-U110": 188.54139795536545}, "K65-U040": {"K65-U050": 93.7852537660003}, "K65-D030": {"K65-D040": 55.05807734382252}, "K65-U070": {"K65-U080": 67.75761371515856}, "K68-D170": {"K68-D180": 36.45869101054281}, "K68-U150": {"K68-U160": 84.81526803320001}, "K66-U160": {"K66-U170": 51.263089155940655}, "K68-U050": {"K68-U060": 48.01466942301526}, "K66-D200": {"K66-D210": 122.7536965223696}, "K68-U010": {"K68-U020": 84.4961204791575}, "K68-U020": {"K68-U030": 38.30025900338}, "K68-U120": {"K68-U130": 148.69982216700004}, "K66-D190": {"K66-D200": 73.49567975408392}, "K66-D050": {"K66-D060": 33.33634421935238}, "K66-U020": {"K66-U030": 179.45900630048544}, "K68-U040": {"K68-U050": 45.928033655633}, "K66-D100": {"K66-D110": 36.77744714321592}, "K66-D010": {"K66-D020": 17.474901356285876}, "K66-U030": {"K66-U040": 172.30491047944437}, "K68-D080": {"K68-D090": 78.0364261111}, "K68-D020": {"K68-D030": 72.43153326278198}, "K68-D150": {"K68-D160": 60.50568149295807}, "K68-U060": {"K68-U070": 84.89213285039123}, "K68-D060": {"K68-D070": 91.95338536792508}, "K66-D090": {"K66-D100": 37.547861174000005}, "K66-U050": {"K66-U060": 39.43046704941}, "K68-U170": {"K68-D010": 134.17853361279305}}