{"KOW": {"TSY": 517.9291778926156, "OLY": 134.81671847054392, "HOK": 177.74210006332282}, "KOT": {"TAW": 290.47425862593565, "MKK": 161.97318764303296, "SKM": 131.53098095217038, "LOF": 103.60243341797334}, "KOB": {"NTK": 119.5311275941472, "CHH": 178.45680393804005}}