{"LAK": {"KWF": 143.55111128786376, "NAC": 263.6672203145434, "TSY": 197.84070013957287, "MEF": 138.48156230189173}, "LAT": {"YAT": 126.233850899508, "KWT": 141.3293694556644}}