{"LOP": {"YUL": 131.38255641732, "TIS": 185.95513505743727}, "LOW": {"SHS": 227.72515740378404}, "LOF": {"KOT": 127.52879507948617, "WTS": 124.90947693079067}}