{"MEF": {"NAC": 180.37638460035487, "LAK": 134.730506111468, "LCK": 129.68039236958992, "TWW": 319.45487812174116}}