{"MKK": {"HUH": 186.33758587404745, "KOT": 159.63382256027768}}