{"MOK": {"YMT": 127.80613126347582, "PRE": 127.59582578645889}, "MOS": {"HEO": 135.17417108267753, "WKS": 161.50943130253057}}