{"PRE": {"SSP": 127.93606307570323, "MOK": 121.06766756041024, "SKM": 115.76862978610609}}