{"SHW": {"SYP": 97.12242565768685, "CEN": 117.08160275345108}, "SHT": {"FOT": 155.4120623205696, "TAW": 168.29133105630677}, "SHS": {"FAN": 152.57700202203608, "LMC": 452.8755718572887, "LOW": 261.7547560497205}, "SHM": {"TSH": 218.7023912136875, "CIO": 101.87599089065999}}