{"SIH": {"TIS": 337.02816364069287, "TUM": 154.45979989193663}}