{"SSP": {"CSW": 130.78633202477434, "PRE": 129.79623101828795}}