{"TSY": {"AIR": 1494.9883257849867, "LAK": 193.7639748433066, "KOW": 412.31519715089155, "SUN": 726.4550934057586}, "TST": {"ADM": 173.67255781611053, "JOR": 102.62493873689523}, "TSH": {"SHM": 223.94697146399466, "HEO": 133.87007342186263}, "TSW": {"TWH": 84.86180298531136}}