{"UNI": {"FOT": 197.2332871773171, "TAP": 365.3239668915867}}