{"WTS": {"DIH": 116.98345067814589, "LOF": 126.23921391534004}}