{"YMT": {"JOR": 131.45210735692257, "HOM": 257.54372308048085, "MOK": 116.9612962232541}}