{"1": {"2": 57.510574595168556, "6": 256.94475156802724}}