{"5": {"305": 84.10063532537751, "6": 116.74300378774618}}