{"AUS": {"ETS": 152.26320486452875, "NAC": 209.90000397960407}}