{"CIO": {"STW": 108.08989707205997, "SHM": 115.48334514116364}}