{"DIS": {"SUN": 198.58233387484285}, "DIH": {"KAT": 153.5038487208, "WTS": 115.24112444456304, "HIK": 301.24571988716104, "CHH": 112.18090608983061}}