{"EXC": {"HUH": 124.05088542476119, "ADM": 68.67571588565309}}