{"FOT": {"SHT": 165.6001114707696, "UNI": 196.47404569098575}, "FOH": {"TIH": 127.10896910620514, "NOP": 124.37320145595535}}