{"HEO": {"MOS": 133.28274738459717, "TSH": 112.5930916028702}}