{"HIK": {"DIH": 326.2407821689569, "TAW": 152.13006399800003}}