{"HKU": {"SYP": 132.46459745910002, "KET": 93.18709326618145}}