{"HOK": {"KOW": 188.33137314263385}, "HOM": {"TKW": 130.9776155510082, "YMT": 146.7884176492284, "HUH": 132.56094775396, "WHA": 86.30819234196512}}