{"HUH": {"EXC": 196.750813913201, "ETS": 193.4712387377946, "MKK": 196.95104996706553, "HOM": 123.88960463790768}}