{"JOR": {"YMT": 127.77924974729387, "TST": 122.49335108450396}}