{"K52A-D080": {"K52A-D090": 67.40641219434845}, "K53-U060": {"K53-U070": 76.57023884364173}, "K51A-U200": {"K51A-U210": 58.793666541686136}, "K53-U130": {"K53-U140": 56.88420144106956}, "K52-nD010": {"K52-nD020": 16.786980205751647}, "K51-D080": {"K51-D090": 125.7918322898424}, "K53-D140": {"K53-D150": 190.94918572385308}, "K51A-D240": {"K51A-D250": 55.29598875561891}, "K51-D100": {"K51-D110": 185.307588189543}, "K53-U070": {"K53-U080": 46.625534721967924}, "K51-D200": {"K51-D210": 136.83199313818923}, "K51A-U130": {"K51A-U140": 72.67344392838407}, "K51A-U190": {"K51A-U200": 77.63621858838835}, "K52-nU030": {"K52-nU040": 142.7729502037192}, "K52-nD090": {"K52-nD100": 55.75604009106776}, "K52A-D070": {"K52A-D080": 99.9656878671243}, "K51-D060": {"K51-D070": 63.70198843061429}, "K51-U160": {"K51-U170": 120.39510953611139}, "K52-nU010": {"K52-nU020": 36.04265662767}, "K52-nD050": {"K52-nD060": 37.44719968910819}, "K53-U140": {"K53-D010": 85.68984140859428}, "K52A-U020": {"K52A-U030": 92.05400991118297}, "K52-nU040": {"K52-nU050": 83.49400010109824}, "K53-U100": {"K53-U110": 71.2810133001374}, "K51A-U160": {"K51A-U170": 78.1891656098653}, "K52-nU270": {"K52-nU280": 180.87621301408586}, "K53-D110": {"K53-D120": 209.0970843608553}, "K51-D010": {"K51-D020": 58.05521080229998}, "K53-U090": {"K53-U100": 126.93807179208086}, "K51A-D070": {"K51A-D080": 94.96173621687231}, "K51A-U050": {"K51A-U060": 272.54404264493013}, "K52A-U160": {"K52A-U170": 23.40495676210104}, "K53-U030": {"K53-U040": 218.8444087289262}, "K52A-D170": {"K52A-D180": 100.63329884330018}, "K51-U140": {"K51-U150": 55.02510801937844}, "K52A-U030": {"K52A-U040": 45.53818364958925}, "K52-nD240": {"K52-nD250": 159.7696393793934}, "K53-D100": {"K53-D110": 91.62792851267417}, "K51-U030": {"K51-U040": 65.80312463951307}, "K51-U060": {"K51-U070": 304.86101436338214}, "K51A-D060": {"K51A-D070": 83.44243558665923}, "K52A-D090": {"K52A-D100": 51.974082022656134}, "K52-nU070": {"K52-nU080": 110.79187136083942}, "K53-U050": {"K53-U060": 155.34433043233406}, "K54-D050": {"K54-D060": 100.44859103456409}, "K54-D030": {"K54-D040": 70.8334090060379}, "K54-D060": {"K54-D070": 155.1485065318285}, "K52A-U100": {"K52A-U110": 85.71949315038381}, "K51A-D120": {"K51A-D140": 154.01341073387977}, "K54-U050": {"K54-U060": 394.9565175591553}, "K52-nU060": {"K52-nU070": 185.7445283681753}, "K52A-U060": {"K52A-U070": 152.9866516335469}, "K51-U150": {"K51-U160": 85.0462075580973}, "K52A-D060": {"K52A-D070": 137.86764246021642}, "K51A-D040": {"K51A-D050": 114.0600731294461}, "K52A-D110": {"K52A-D120": 147.27487143992965}, "K51-D260": {"K51-D270": 56.08646979362377}, "K52-nD130": {"K52-nD140": 90.89166235257383}, "K53-U080": {"K53-U090": 74.37593412617687}, "K53-U120": {"K53-U130": 69.10544693585314}, "K51-D190": {"K51-D200": 166.62263007557743}, "K52-nD110": {"K52-nD120": 143.46059660989977}, "K52-nD150": {"K52-nD160": 115.7657212280571}, "K51A-D080": {"K51A-D090": 169.66550206682524}, "K51A-U220": {"K51A-U230": 81.62392436377048}, "K53-D080": {"K53-D090": 57.2312314487463}, "K51A-U140": {"K51A-U150": 243.36955253616824}, "K52-nD080": {"K52-nD090": 67.26338743298183}, "K52-nD220": {"K52-nD230": 141.1432988819345}, "K51-D230": {"K51-D240": 82.70351249954622}, "K53-D060": {"K53-D070": 172.95178101267007}, "K52-nD250": {"K52-nD260": 198.04951599990903}, "K52-nU020": {"K52-nU030": 99.72211402032555}, "K52A-U130": {"K52A-U140": 61.60134957824332}, "K52A-U040": {"K52A-U050": 129.8539532195928}, "K51-U110": {"K51-U120": 143.28984613594614}, "K52-nD060": {"K52-nD070": 130.73377778172275}, "K53-D190": {"K53-U011": 459.7205292084594}, "K51A-D210": {"K51A-D220": 78.39127880605122}, "K51-U210": {"K51-U220": 48.149917705456126}, "K53-U020": {"K53-U030": 164.37816179598988, "K53-D160": 643.7808204145788}, "K51A-U240": {"K51A-U250": 73.03668409628125}, "K54-U020": {"K54-U030": 160.40789588971853}, "K51-U100": {"K51-U110": 217.58076031821975}, "K51-U050": {"K51-U060": 261.25209452790716}, "K51A-D100": {"K51A-D110": 58.127775865717844}, "K52A-D180": {"K52A-D190": 124.996799182265}, "K54-D040": {"K54-D050": 179.49120242429223}, "K54-U060": {"K54-U070": 230.39875130615764}, "K51-U040": {"K51-U050": 129.5873495819808}, "K51-D140": {"K51-D150": 96.91101046052844}, "K52A-U070": {"K52A-U080": 83.421223212387}, "K51A-D190": {"K51A-D200": 205.71981025407644}, "K51-D070": {"K51-D080": 67.37805706355473}, "K52-nU050": {"K52-nU060": 271.6184881644705}, "K52A-D040": {"K52A-D050": 17.349404274873987}, "K51-U170": {"K51-U180": 77.96244817134452}, "K52A-U110": {"K52A-U120": 55.21206604851469}, "K52A-U010": {"K52A-U015": 274.34121674878463}, "K53-D150": {"K53-D160": 174.6693344701589}, "K52A-U140": {"K52A-U150": 173.39375393519424}, "K51A-U010": {"K51A-U020": 48.60498965130599}, "K51A-U100": {"K51A-U110": 223.54021158580832}, "K53-D120": {"K53-D130": 82.50156759816855}, "K52A-U150": {"K52A-U160": 35.24028214515619}, "K51-D270": {"K51-D280": 96.36393201591208}, "K51A-U090": {"K51A-U100": 148.56260362572021}, "K51A-U210": {"K51A-U220": 77.50734946698552}, "K54-U040": {"K54-U050": 179.3688770083608}, "K51A-D220": {"K51A-D230": 132.2027466411992}, "K53-D130": {"K53-D140": 100.07367623745711}, "K51-D240": {"K51-D250": 136.22689087646577}, "K52-nD210": {"K52-nD220": 224.48949634598972}, "K52-nD170": {"K52-nD180": 104.6518369391802}, "K51A-U150": {"K51A-U160": 129.00115828251555}, "K51A-D010": {"K51A-D020": 50.75194237541312}, "K51A-D090": {"K51A-D100": 60.60241910821175}, "K53-D070": {"K53-D080": 48.62596440953841}, "K51A-U110": {"K51A-U120": 138.14568102368148}, "K51-D150": {"K51-D160": 217.60052432919693}, "K52-nU290": {"K52-nU300": 34.45821881358309}, "K51-D180": {"K51-D190": 212.58893809900005}, "K54-U030": {"K54-U040": 132.06719610749516}, "K52-nD160": {"K52-nD170": 165.74355396164}, "K52-nU160": {"K52-nU170": 48.6521331948414}, "K51A-U030": {"K51A-U040": 72.4485006822202}, "K51-D120": {"K51-D130": 55.832590916828906}, "K52-nU150": {"K52-nU160": 98.59373956114281}, "K52A-D140": {"K52A-D150": 115.42736048352455}, "K54-D020": {"K54-D030": 233.90740661555165}, "K53-D040": {"K53-D050": 84.7545821630487}, "K52-nD290": {"K52-nD300": 97.77300270572455}, "K51A-D110": {"K51A-D120": 54.41853543211501}, "K52-nD260": {"K52-nD270": 57.487480988287665}, "K52A-D150": {"K52A-D160": 106.32073829697185}, "K51-U070": {"K51-U080": 220.25609100919505}, "K52-nD230": {"K52-nD240": 169.4674240333513}, "K52A-U090": {"K52A-U100": 98.02100186306208}, "K51-D040": {"K51-D050": 55.37600777862142}, "K52-nD280": {"K52-nD290": 95.36850909151002}, "K52A-D160": {"K52A-D170": 159.28219460871054}, "K52A-U015": {"K52A-U020": 193.19018011268352}, "K51-D130": {"K51-D140": 62.507632908467556}, "K52-nD020": {"K52-nD030": 110.6127968994125}, "K52-nU140": {"K52-nU150": 180.08827486483014}, "K52A-D100": {"K52A-D110": 56.18869069728667}, "K53-U110": {"K53-U120": 96.15805838307612}, "K51A-U020": {"K51A-U030": 134.07725235019743}, "K52-nD200": {"K52-nD210": 143.0610151761399}, "K51-D020": {"K51-D030": 68.31046646205962}, "K51-U230": {"K51-U240": 50.00593665365635}, "K53-D015": {"K53-D020": 53.22212822014878}, "K52-nU190": {"K52-nU200": 138.75015055865111}, "K52-nU220": {"K52-nU230": 96.77356358926772}, "K52-nD040": {"K52-nD050": 30.281890829316552}, "K51-U130": {"K51-U140": 72.14774452417598}, "K51-U010": {"K51-U020": 36.08128610614923}, "K52A-D030": {"K52A-D040": 27.142699793972685}, "K52A-D020": {"K52A-D030": 28.971670526325898}, "K52-nU260": {"K52-nU270": 58.296084435}, "K52A-D130": {"K52A-D140": 86.47484585967923}, "K53-U010": {"K53-U020": 268.68097938720655, "K53-D180": 1355.7315531768388}, "K51A-U180": {"K51A-U190": 93.56371246522109}, "K51A-D020": {"K51A-D030": 110.0024021419454}, "K52A-D050": {"K52A-D060": 31.086612567155775}, "K51A-U120": {"K51A-U130": 154.3981231938025}, "K52A-U170": {"K52A-U180": 356.20543854724957}, "K52-nU100": {"K52-nU110": 216.09202687270005}, "K53-U040": {"K53-U050": 132.67244958337}, "K51-U090": {"K51-U100": 154.82322459433095},