{"K65A-U030": {"K65A-U040": 30.42586942467208}, "K65-D180": {"K65-D190": 130.1428067103957}, "K65A-U110": {"K65A-U120": 70.82372575502905}, "K65A-D100": {"K65A-D110": 208.50866113986928}, "K66-D230": {"K66-D240": 96.89109054816963}, "K65-U020": {"K65-U030": 167.33689986698468}, "K68-U110": {"K68-U120": 202.26747748000003, "K68-D090": 670.34}, "K68-U050": {"K68-U060": 59.17919240016298}, "K66-D130": {"K66-D140": 48.651947511269995}, "K65A-D040": {"K65A-D050": 64.63508913647267}, "K65A-D080": {"K65A-D090": 54.7489668861136}, "K66-D140": {"K66-D150": 117.21437087241368}, "K65A-U050": {"K65A-U060": 49.31573019479329}, "K66-D090": {"K66-D100": 54.12739040782144}, "K65A-U120": {"K65A-U130": 76.0890531793289}, "K65-U140": {"K65-U150": 103.64095688723762}, "K65A-U090": {"K65A-U100": 51.50108243900462}, "K66-U020": {"K66-U030": 209.92763585703423}, "K65-U120": {"K65-U130": 181.14723218813964}, "K65A-U070": {"K65A-U080": 35.825095207844065}, "K65-D160": {"K65-D170": 166.32694847368697}, "K65-D070": {"K65-D080": 131.66346363778325}, "K66-D050": {"K66-D060": 57.83346570609058}, "K68-D010": {"K68-D020": 49.72016910589}, "K65-U150": {"K65-U160": 52.58824093978079}, "K65A-D050": {"K65A-D060": 54.89253308453167}, "K66-D180": {"K66-D190": 103.4256773934699}, "K65A-U040": {"K65A-U050": 87.21710869537057}, "K65-D120": {"K65-D130": 71.00456948626939}, "K65-D010": {"K65-D020": 43.20625573950057}, "K68-D120": {"K68-D130": 177.86478640669208}, "K68-U020": {"K68-U030": 46.14772150533778}, "K65-D040": {"K65-D050": 69.18001244537894}, "K65-D150": {"K65-D160": 113.2411534948694}, "K68-D130": {"K68-D140": 60.40018318723454}, "K66-U180": {"K66-U190": 62.35774936499606}, "K65A-U060": {"K65A-U070": 46.25009914793493}, "K66-U010": {"K66-U020": 128.72762094734702}, "K65-U200": {"K65-U210": 64.50357230563783}, "K65-U210": {"K65-U220": 76.16878456517229}, "K66-U040": {"K66-U050": 137.19441321385992}, "K65A-U100": {"K65A-U110": 50.88379488039499}, "K65-U030": {"K65-U040": 116.28885086518387}, "K65-D030": {"K65-D040": 72.7430661658744}, "K65A-D060": {"K65A-D070": 75.26771859099755}, "K65-U070": {"K65-U080": 63.35398046638221}, "K66-D150": {"K66-D160": 110.31364900000003}, "K68-D140": {"K68-D150": 37.360047752699344}, "K66-D200": {"K66-D210": 129.16914221078474}, "K66-D100": {"K66-D110": 54.59517794711646}, "K65A-D030": {"K65A-D040": 61.08657955015618}, "K66-U090": {"K66-U100": 51.45739214504215}, "K66-U080": {"K66-U090": 185.93128507958755}, "K66-U050": {"K66-U060": 49.31793267467098}, "K68-D160": {"K68-D170": 75.87459571075425}, "K65-U180": {"K65-U190": 76.7222217524521}, "K65-D130": {"K65-D140": 104.6105187217792}, "K66-D110": {"K66-D120": 51.47668953919307}, "K68-D190": {"K68-D200": 49.59341760410901}, "K65A-D070": {"K65A-D080": 123.10839787176705}, "K68-D020": {"K68-D030": 84.23334039619475}, "K65-U220": {"K65-U230": 84.29237357069948}, "K66-U210": {"K66-U220": 57.197067584450544}, "K65-U090": {"K65-U100": 58.52651487961549}, "K65A-U080": {"K65A-U090": 59.42083769804276}, "K66-D080": {"K66-D090": 75.53639208709882}, "K65A-U010": {"K65A-U020": 51.06808020059246}, "K66-U170": {"K66-U180": 34.42013445490884}, "K65-D050": {"K65-D060": 61.65549147068914}, "K65-D080": {"K65-D090": 63.02237848326992}, "K68-D090": {"K68-D100": 160.1662642477107}, "K68-D110": {"K68-D120": 91.5984109479}, "K65-U110": {"K65-U120": 114.57752865092384}, "K66-U030": {"K66-U040": 206.024791591047}, "K66-D060": {"K66-D070": 50.725853932276024}, "K68-U040": {"K68-U050": 53.41326952851874}, "K68-D170": {"K68-D180": 41.18736638122525}, "K65-U130": {"K65-U140": 31.0672896915897}, "K65A-U020": {"K65A-U030": 165.78965984191572}, "K68-U160": {"K68-U170": 74.17447597559362}, "K65-D170": {"K65-D180": 115.66144991741142}, "K66-D120": {"K66-D130": 79.04900537129734}, "K66-D030": {"K66-D040": 84.73166418246976}, "K68-U070": {"K68-U080": 50.34965439284001}, "K66-D020": {"K66-D030": 74.90603989784151}, "K65-D020": {"K65-D030": 88.41421209631558}, "K66-D160": {"K66-D170": 185.91590743056358}, "K65A-D090": {"K65A-D100": 105.13755607492544}, "K66-U060": {"K66-U070": 228.71220043667563}, "K68-U100": {"K68-U110": 181.64429626159045}, "K66-U190": {"K66-U200": 67.39740076794287}, "K66-U140": {"K66-U150": 44.43133222844806}, "K66-U100": {"K66-U110": 71.49870114133127}, "K68-D040": {"K68-D050": 121.560663815}, "K65A-D010": {"K65A-D020": 293.69167167876316}, "K66-U110": {"K66-U120": 40.25018347904264}, "K68-D060": {"K68-D070": 104.62201800560749}, "K65-U060": {"K65-U070": 36.8814602679573}, "K68-U120": {"K68-U130": 105.25265674000002}, "K65-U050": {"K65-U060": 106.83917765994848}, "K65-D100": {"K65-D110": 230.77295936474985}, "K65-U170": {"K65-U180": 49.89758358074174}, "K65-U040": {"K65-U050": 93.56947817522979}, "K65A-D020": {"K65A-D030": 68.0621428259914}, "K65-U190": {"K65-U200": 59.175107219372066}, "K66-D010": {"K66-D020": 47.76048931864246}, "K65-D090": {"K65-D100": 109.87743671703204}, "K66-U160": {"K66-U170": 45.72346786745411}, "K65-U160": {"K65-U170": 49.26797467905426}, "K68-U150": {"K68-U160": 80.80790774}, "K66-U130": {"K66-U140": 56.02041367460654}, "K68-D070": {"K68-D080": 290.22840386568384}, "K66-U150": {"K66-U160": 55.28424370118903}, "K65-D110": {"K65-D120": 122.03853944927619}, "K65-U100": {"K65-U110": 162.7326762260505}, "K68-U130": {"K68-U140": 184.08581494137903}, "K66-U120": {"K66-U130": 51.03919623553586}, "K68-U030": {"K68-U040": 32.95366926450164}, "K66-D220": {"K66-D230": 80.54947160473719}, "K66-D070": {"K66-D080": 54.78348976519801}, "K68-U010": {"K68-U020": 101.64025175766001}, "K66-U200": {"K66-U210": 58.943618541151366}, "K66-D040": {"K66-D050": 51.00752817995435}, "K68-U090": {"K68-U100": 143.56741783582004}, "K68-D180": {"K68-D190": 35.32354519261791}, "K66-D210": {"K66-D220": 159.9358745192286}, "K68-U060": {"K68-U070": 102.1229827479}, "K68-U170": {"K68-D010": 156.68610985500004}, "K68-U080": {"K68-U090": 46.67374734099999}, "K65-D140": {"K65-D150": 129.96489512952297}, "K68-D150": {"K68-D160": 65.35687666529076}, "K65-D060": {"K65-D070": 90.37822071483205}, "K68-D080": {"K68-D090": 106.96112930000001}, "K68-D050": {"K68-D060": 75.187012532687}, "K68-D200": {"K68-U011": 64.12651670924407}, "K66-U070": {"K66-U080": 228.76806433898724}, "K66-D170": {"K66-D180": 272.64416830395345}, "K68-D030": {"K68-D040": 105.03296}, "K65-U080": {"K65-U090": 165.140703401716}, "K68-U140": {"K68-U150": 47.79465506297252}, "K66-D190": {"K66-D200": 99.4328336475716}, "K68-D100": {"K68-D110": 77.72288893766019}, "K65-U010": {"K65-U020": 330.69985899999995}, "K66A-U050": {"K66A-U060": 41.800000000000004}, "K66A-U120": {"K66A-U130": 60.137000000000015}, "K66A-U100": {"K66A-U110": 61.27}, "K66A-U170": {"K66A-U180": 40.040000000000006}, "K66A-U090": {"K66A-U100": 43.89}, "K66A-U070": {"K66A-U080": 259.71}, "K66A-U060": {"K66A-U070": 203.61}, "K66A-U200": {"K66A-U205": 147.675}, "K66A-U160": {"K66A-U170": 42.790000000000006}, "K66A-U010": {"K66A-U020": 165.0}, "K66A-U040": {"K66A-U050": 140.8}, "K66A-U180": {"K66A-U190": 58.74000000000001}, "K66A-U190": {"K66A-U200": 38.5}, "K66A-U130": {"K66A-U140": 50.6}, "K66A-U110": {"K66A-U120": 34.1}, "K66A-U080": {"K66A-U090": 235.4}}