{"K73-U010": {"K73-U020": 66.07971879237044}, "K76-D020": {"K76-D030": 129.4228938402701}, "K75P-U110": {"K75P-U120": 91.22698559723389}, "K73-U040": {"K73-U050": 116.37680159859272, "K73-U060": 236.89156440213114}, "K73-U050": {"K73-U060": 127.09721182043936}, "K73-D110": {"K73-D120": 92.55217280907831}, "K75P-U060": {"K75P-U070": 27.3390294943745}, "K73-U060": {"K73-U070": 135.7729215736106}, "K76-U030": {"K76-U040": 294.09790228533086}, "K75P-D070": {"K75P-D080": 89.02381059989418}, "K73-U110": {"K73-U120": 254.050110098788}, "K75P-U140": {"K75P-D010": 139.21465416678572}, "K75P-U130": {"K75P-U140": 43.43426177383013}, "K75P-D080": {"K75P-U011": 155.43131611483955}, "K76-U010": {"K76-U020": 21.30941118385568}, "K74-D060": {"K74-D070": 143.14543041562274}, "K75P-D040": {"K75P-D050": 172.71540437395728}, "K75P-D020": {"K75P-D030": 36.2069476446004}, "K76-D030": {"K76-D040": 59.1156173538871}, "K75A-D100": {"K75A-D110": 107.3241962207342}, "K75A-D040": {"K75A-D050": 56.96968582126495}, "K74-D110": {"K74-U002": 166.48830797797}, "K75P-U050": {"K75P-U060": 141.6996659679137}, "K75A-D110": {"K75A-U011": 176.07768143258033}, "K74-U070": {"K74-U080": 189.29812305958882}, "K76-U040": {"K76-U050": 184.2447832667016}, "K73-U080": {"K73-U090": 300.16845906421474, "K73-U110": 432.892618123473}, "K75A-U010": {"K75A-U020": 47.26685694205572}, "K75P-U120": {"K75P-U130": 57.8054587978703}, "K73-D010": {"K73-D020": 93.74390868324443}, "K73-U100": {"K73-U110": 262.90688589475116}, "K74-D050": {"K74-D060": 90.55312134034043}, "K75A-D060": {"K75A-D070": 40.79159016933006}, "K75P-D050": {"K75P-D060": 81.93707992813171}, "K73-U020": {"K73-U030": 176.27993561005766}, "K73-D140": {"K73-D150": 188.43859655820376}, "K75P-U040": {"K75P-U050": 110.38645303539576}, "K75P-U080": {"K75P-U090": 49.72694567773844}, "K73-U070": {"K73-U080": 159.88023975689848}, "K74-D020": {"K74-D030": 161.37038353520683}, "K74-D040": {"K74-D050": 77.36537038100002}, "K75P-U100": {"K75P-U110": 59.49460620206679}, "K73-D020": {"K73-D030": 127.08825154418693}, "K75P-D060": {"K75P-D070": 190.02746451650302}, "K74-D090": {"K74-U011": 70.37401886285313}, "K75P-U070": {"K75P-U080": 118.07009506165295}, "K75P-D030": {"K75P-D040": 127.12186487555365}, "K74-U001": {"K74-U004": 136.98142500731402}, "K74-U020": {"K74-U030": 100.35302130000001}, "K75P-U020": {"K75P-U030": 112.79620013188605}, "K73-D130": {"K73-D140": 136.20288480442275}, "K73-D120": {"K73-D130": 97.60022187796235}, "K74-U030": {"K74-U040": 308.0958732528567}, "K73-U090": {"K73-U100": 109.53474293111708}, "K75A-D090": {"K75A-D100": 52.40359114312746}, "K75P-U090": {"K75P-U100": 41.47892109268945}, "K73-D040": {"K73-D050": 79.41300221290187}, "K75A-D020": {"K75A-D030": 24.45665286951006}, "K75A-U020": {"K75A-U030": 131.11025844034032}, "K74-D070": {"K74-D080": 251.47192346845617}, "K73-U030": {"K73-U040": 92.33311532460922}, "K73-D050": {"K73-D070": 102.33607715310967}, "K75A-D050": {"K75A-D060": 78.23214255224124}, "K75A-D080": {"K75A-D090": 106.95740688492683}, "K74-D030": {"K74-D040": 122.00329430729668}, "K73-D100": {"K73-D110": 190.43010563521716}, "K73-D150": {"K73-D160": 48.06551002792934}, "K73-D030": {"K73-D040": 114.12404823267154}, "K75P-D010": {"K75P-D020": 134.8686872193836}, "K74-U090": {"K74-U100": 214.2470066233242}, "K74-U010": {"K74-U020": 165.1453230818994}, "K76-U020": {"K76-U030": 174.88800780346367}, "K73-D090": {"K73-D100": 84.35022568690201}, "K76-D010": {"K76-D020": 327.979823816128}, "K75A-D070": {"K75A-D080": 50.65782248087915}, "K74-U050": {"K74-U060": 244.85343876234737}, "K73-D070": {"K73-D080": 190.32432772644705}, "K74-U100": {"K74-D010": 114.33415165877629}, "K75P-U010": {"K75P-U020": 104.15937822880748}, "K75A-D010": {"K75A-D020": 220.68085032517033}, "K74-U011": {"K74-D100": 164.5875095987359}, "K75A-D030": {"K75A-D040": 50.32554997007803}, "K74-U040": {"K74-U050": 154.13638233583728}, "K75A-U030": {"K75A-D010": 218.68873738072776}, "K74-D080": {"K74-D090": 151.15943797106698}, "K74-U080": {"K74-U090": 252.798281205904}, "K74-D010": {"K74-D020": 159.73208265}, "K74-D100": {"K74-D110": 101.49297609464199}, "K74-U007": {"K74-U010": 233.1377464116061}, "K74-U004": {"K74-U007": 96.44498222176001}, "K73-D080": {"K73-D090": 256.34610417243607}, "K75P-U030": {"K75P-U040": 127.79696158803146}, "K74-U060": {"K74-U070": 156.899149134}}