{"KAT": {"SUW": 133.65693906117698, "DIH": 137.78171993432616}}