{"KOW": {"HOK": 177.74210020415939, "TSY": 522.3137847206017, "OLY": 129.5786746618724}, "KOT": {"MKK": 156.00445119241095, "LOF": 119.97771709545016, "TAW": 302.7190285757296, "SKM": 90.4225643863542}, "KOB": {"CHH": 125.23039282103646, "NTK": 106.28727814799097}}