{"KSR": {"TWW": 688.3385405989044, "YUL": 233.9776669605416}}