{"LCK": {"CSW": 125.50240035979725, "MEF": 128.8573475651632}}