{"LOF": {"KOT": 93.58784768613097, "WTS": 121.56480219842733}, "LOP": {"TIS": 187.13516815475185, "YUL": 98.49396273900001}, "LOW": {"SHS": 234.62214432769844}}