{"MEF": {"LAK": 129.28964637795764, "LCK": 130.25204438517963, "NAC": 179.11999532177384, "TWW": 333.5442211746246}}