{"MKK": {"KOT": 154.04359188074113, "HUH": 192.27691345998352}}