{"MOS": {"HEO": 130.67404635515936, "WKS": 156.0606846112797}, "MOK": {"PRE": 123.00325653673342, "YMT": 124.86126035348964}}