{"NAC": {"OLY": 89.63909738164969, "LAK": 251.22635380068795, "AUS": 213.48961177762425, "MEF": 183.5495260936964}}