{"NOP": {"QUB": 129.7997285818898, "FOH": 129.4151067651331}}