{"OCP": {"ADM": 287.6319707395897, "WCH": 133.0533228221957}}