{"OLY": {"KOW": 133.01537464584362, "NAC": 130.37458049516687}}