{"QUB": {"NOP": 125.93625177033319, "YAT": 260.8609064581859, "TAK": 128.8054345085089}}