{"SHS": {"FAN": 146.18191673575166, "LOW": 261.75478957028747, "LMC": 475.05452825743}, "SHT": {"FOT": 146.12853799516748, "TAW": 142.01611272497232}, "SHM": {"CIO": 116.42416423259996, "TSH": 226.8793423347357}, "SHW": {"SYP": 146.15441630575802, "CEN": 121.56645938394983}}