{"SIH": {"TUM": 154.45019077378134, "TIS": 383.4394425658871}}