{"SWH": {"TAK": 128.18422911815577, "SKW": 118.59781428406464}}