{"TAW": {"KOT": 299.919577262773, "SHT": 123.48123256185386, "HIK": 142.05888302099999, "CKT": 266.09550882}, "TAP": {"TWO": 171.48728912125063, "UNI": 379.635901963911}, "TAK": {"QUB": 129.62214396303267, "SWH": 124.97517060555833}}