{"TUC": {"SUN": 765.651323999824}, "TUM": {"SIH": 146.94793018521486}}