{"TWO": {"TAP": 176.94865769857572, "FAN": 319.56476410405514}, "TWH": {"KWH": 116.9630729385215, "TSW": 79.6653516419113}, "TWW": {"MEF": 316.6796179488903, "KSR": 544.6051055405953}}