{"UNI": {"TAP": 364.85604790720924, "FOT": 192.3812149822442}}