{"WTS": {"DIH": 110.43557720226003, "LOF": 116.26488288974379}}