{"YMT": {"HOM": 199.24105664987556, "MOK": 111.25488245162737, "JOR": 127.76624722592041}}