{"YUL": {"KSR": 243.084466362086, "LOP": 88.79192700000002}}