{"5": {"6": 127.98768604389268, "305": 77.8910884062672}}