{"CSW": {"SSP": 131.00705606395235, "LCK": 126.32861024940144}}