{"DIS": {"SUN": 198.58233387484285}, "DIH": {"HIK": 294.8083452046522, "KAT": 153.95404204244502, "WTS": 104.13102584399299, "CHH": 127.3228238971813}}