{"EXC": {"HUH": 165.613352084638, "ADM": 53.28638769406658}}