{"HAH": {"TKO": 163.03774010571175, "POA": 126.56019805002327}}