{"HFC": {"SKW": 172.70677294194223, "CHW": 150.58484579509442}}