{"HOK": {"KOW": 191.9090492806545}, "HOM": {"HUH": 129.62292812249106, "TKW": 157.03754550000002, "YMT": 178.8144625607359, "WHA": 82.04331754282222}}