{"HUH": {"MKK": 195.05247167158421, "ETS": 217.00098976547488, "EXC": 186.4877765243451, "HOM": 128.6531141970061}}