{"JOR": {"YMT": 125.36611815995818, "TST": 133.29698733149215}}