{"K52-nD190": {"K52-nD200": 153.12370761057477}, "K51-D160": {"K51-D170": 65.44372682933691}, "K53-U140": {"K53-D010": 81.71350402338473}, "K51-D010": {"K51-D020": 98.02527197318156}, "K51-D260": {"K51-D270": 67.46159434740653}, "K54-U060": {"K54-U070": 196.5425378133051}, "K52A-U140": {"K52A-U150": 160.35957660438373}, "K52-nD120": {"K52-nD130": 38.30340115182656}, "K51-D230": {"K51-D240": 78.1210530888376}, "K53-U020": {"K53-U030": 145.76162809746947, "K53-D160": 1308.5131277831647}, "K53-U050": {"K53-U060": 133.91638912882615}, "K51-D130": {"K51-D140": 45.379423596401516}, "K51-U170": {"K51-U180": 67.20977517984956}, "K58-D050": {"K58-D060": 202.2533241589276}, "K54-U040": {"K54-U050": 140.6161143943151}, "K51-D050": {"K51-D060": 54.910622081400014}, "K53-U080": {"K53-U090": 64.30103791059265}, "K52-nD280": {"K52-nD290": 92.72275482834259}, "K53-D150": {"K53-D160": 158.2324710061934}, "K54-D020": {"K54-D030": 170.95068409751053}, "K52-nU080": {"K52-nU090": 90.38634133405318}, "K54-D050": {"K54-D060": 68.60785052237465}, "K51-U150": {"K51-U160": 75.24566685165698}, "K53-U090": {"K53-U100": 102.31682945899277}, "K51A-D020": {"K51A-D030": 113.05073964082003}, "K52-nU270": {"K52-nU280": 169.02430439151516}, "K58-D130": {"K58-D140": 109.27354788196001}, "K58-D080": {"K58-D090": 122.77980314759131}, "K53-D110": {"K53-D120": 136.82423515800093}, "K52-nU020": {"K52-nU030": 76.92383899505789}, "K51-D140": {"K51-D150": 71.76608282738512}, "K51A-U100": {"K51A-U110": 202.95913000000002}, "K52-nD230": {"K52-nD240": 159.5920443213374}, "K58-U170": {"K58-U180": 246.27108000000007}, "K54-U050": {"K54-U060": 332.98808694130065}, "K52-nU250": {"K52-nU260": 95.49706817642434}, "K52-nD270": {"K52-nD280": 88.13018493726561}, "K51-U030": {"K51-U040": 52.10539572407238}, "K51A-D110": {"K51A-D120": 56.74494}, "K51A-U090": {"K51A-U100": 140.357778}, "K53-U120": {"K53-U130": 54.422741935844535}, "K58-U050": {"K58-U060": 55.889866824}, "K52A-D010": {"K52A-D020": 277.22432317638686}, "K53-D050": {"K53-D060": 66.5388088681776}, "K52-nD010": {"K52-nD020": 19.954837884742957}, "K51A-U170": {"K51A-U180": 89.584}, "K54-U030": {"K54-U040": 123.31714444342265}, "K52-nU100": {"K52-nU110": 172.3657926316876}, "K51-D120": {"K51-D130": 59.196457413210986}, "K53-D040": {"K53-D050": 82.58852930706622}, "K53-U010": {"K53-U020": 239.8400110933156, "K53-D180": 2835.8}, "K53-D060": {"K53-D070": 125.94447966722589}, "K53-U100": {"K53-U110": 65.88054695615064}, "K51-U200": {"K51-U210": 86.68887929909296}, "K52-nD250": {"K52-nD260": 177.43386222619236}, "K53-D100": {"K53-D110": 72.70796468919244}, "K52-nD290": {"K52-nD300": 101.96752397295184}, "K58-U026": {"K58-U030": 126.13956255745659}, "K52-nD060": {"K52-nD070": 133.08890492691734}, "K53-D070": {"K53-D080": 45.5962937793676}, "K52-nU170": {"K52-nU180": 137.40167528580633}, "K53-D010": {"K53-D015": 95.79495979378045}, "K54-D060": {"K54-D070": 145.25890344155513}, "K58-U120": {"K58-U130": 122.97440045000003}, "K51-D030": {"K51-D040": 36.18644863696734}, "K52-nD210": {"K52-nD220": 196.89379289153848}, "K51-D280": {"K51-D290": 64.04103946251064}, "K53-D080": {"K53-D090": 51.34744319124364}, "K51A-D050": {"K51A-D060": 90.82477239000002}, "K52-nD180": {"K52-nD190": 131.19296098684043}, "K54-D010": {"K54-D020": 87.128574808704}, "K51A-U030": {"K51A-U040": 60.286420742209984}, "K51-D090": {"K51-D100": 75.75027936811625}, "K52-nU190": {"K52-nU200": 122.2650093693973}, "K51A-U060": {"K51A-U070": 325.8364167663}, "K51-U060": {"K51-U070": 243.98203636067493}, "K51-U100": {"K51-U110": 175.32510727761255}, "K52-nU120": {"K52-nU140": 112.84371518459207}, "K52A-D060": {"K52A-D070": 129.34768316859828}, "K51A-D030": {"K51A-D040": 42.81790543250354}, "K53-D120": {"K53-D130": 76.33292674388252}, "K58-U100": {"K58-U110": 90.49920000000002}, "K52-nD240": {"K52-nD250": 152.64683655361097}, "K52-nD100": {"K52-nD110": 66.39299585183906}, "K51-U110": {"K51-U120": 100.525796813838}, "K51A-U130": {"K51A-U140": 81.40330000000002}, "K51-D210": {"K51-D220": 129.2528861609152}, "K51-U020": {"K51-U030": 133.1287855298566}, "K58-D090": {"K58-D100": 131.14758799999998}, "K51-U080": {"K51-U090": 148.45227959902735}, "K51-D200": {"K51-D210": 112.8760570129881}, "K58-U200": {"K58-U210": 61.94100000000001}, "K51-D180": {"K51-D190": 170.22809867026734}, "K53-U060": {"K53-U070": 67.20711405958593}, "K52-nD020": {"K52-nD030": 47.28901153452332}, "K51-U190": {"K51-U200": 79.27605072995561}, "K54-U070": {"K54-D010": 129.4235407920301}, "K52-nU180": {"K52-nU190": 85.54723929584489}, "K51-D190": {"K51-D200": 160.71085726743303}, "K52-nD090": {"K52-nD100": 65.17690624175778}, "K53-U130": {"K53-U140": 57.88427839536647}, "K58-U030": {"K58-U040": 338.32623671}, "K51-U010": {"K51-U020": 49.54571883098714}, "K51-D110": {"K51-D120": 43.29074584744657}, "K51-U070": {"K51-U080": 173.0338089057396}, "K52-nD040": {"K52-nD050": 35.23951080936}, "K53-U040": {"K53-U050": 99.03040489526225}, "K58-D150": {"K58-D160": 68.79446081716999}, "K53-U030": {"K53-U040": 178.6114427926041}, "K52-nD070": {"K52-nD080": 118.18073451835153}, "K51-U120": {"K51-U130": 140.3762400992241}, "K58-D100": {"K58-D110": 167.5218865078}, "K51A-D070": {"K51A-D080": 100.46982179577878}, "K52-nD130": {"K52-nD140": 93.76639965336275}, "K58-D160": {"K58-D170": 229.6228}, "K58-U090": {"K58-U100": 198.074456822}, "K51-D020": {"K51-D030": 46.811601261510056}, "K52-nD160": {"K52-nD170": 147.1708052423613}, "K52-nU240": {"K52-nU250": 86.20754798733202}, "K58-D193": {"K58-D196": 31.900000000000002}, "K58-U010": {"K58-U020": 60.528051020640156}, "K52-nU040": {"K52-nU050": 69.29327274193697}, "K51-U240": {"K51-U250": 117.86028502347908}, "K51-U090": {"K51-U100": 148.1633550237807}, "K51-U180": {"K51-U190": 99.51034757738674}, "K58-U130": {"K58-U140": 78.87948200000002}, "K51-D240": {"K51-D250": 122.43618302936841}, "K52-nU220": {"K52-nU230": 75.54469357924198}, "K52-nU260": {"K52-nU270": 114.58381479370287}, "K51A-D160": {"K51A-D170": 205.11150414926004}, "K58-U020": {"K58-U023": 169.46535913975805}, "K51-D270": {"K51-D280": 111.4257599125904}, "K53-U070": {"K53-U080": 41.92137568339574}, "K58-D200": {"K58-D210": 43.89}, "K51-U140": {"K51-U150": 47.00999520537761}, "K51A-D060": {"K51A-D070": 93.89773564360955}, "K58-D010": {"K58-D020": 20.1938}, "K58-U023": {"K58-U026": 57.92845053324011}, "K53-D020": {"K53-D030": 100.5967195327876}, "K58-D070": {"K58-D080": 93.12028726979}, "K54-D030": {"K54-D040": 52.09863854174786}, "K52-nU160": {"K52-nU170": 67.16919744318488}, "K53-D090": {"K53-D100": 46.887408930993864}, "K53-U110": {"K53-U120": 90.95108681447137}, "K52-nU290": {"K52-nU300": 16.437530060887873}, "K51-D040": {"K51-D050": 55.3770223267862}, "K51A-U010": {"K51A-U020": 67.23821270599997}, "K52-nU060": {"K52-nU070": 124.79166237059569}, "K51-U210": {"K51-U220": 54.71899350624888}, "K52A-U170": {"K52A-U180": 275.3346051104672}, "K51-D080": {"K51-D090": 103.90091089151299}, "K58-D110": {"K58-D120": 184.56416000000002}, "K51-D070": {"K51-D080": 61.93515095200769}, "K53-D140": {"K53-D150": 165.9103796112361}, "K52-nD110": {"K52-nD120": 134.9779438757068}, "K51-D220": {"K51-D230": 289.6954133533436}, "K51-D060": {"K51-D070": 51.362764645630136}, "K52-nD080": {"K52-nD090": 69.80438444434705}, "K52-nU280": {"K52-nU290": 49.811897289837034}, "K52-nU090": {"K52-nU100": 126.14945487145727}, "K58-U180": {"K58-U190": 159.45600000000005}, "K51-U230": {"K51-U240": 50.460438321581684}, "K51A-U050": {"K51A-U060": 308.8473796068301}, "K51-U160": {"K51-U170": 117.95220690864357}, "K52-nD030": {"K52-nD040": 54.48916528510914}, "K58-U110": {"K58-U120": 229.75118711049998}, "K54-U020": {"K54-U030": 129.37733158177247}, "K53-D015": {"K53-D020": 49.56742365464283}, "K51-D170": {"K51-D180": 100.49647229876989}, "K52-nU070": {"K52-nU080": 106.99667402187501}, "K52-nU200": {"K52-nU210": 91.73676879624966}, "K51A-D100": {"K51A-D110": 61.9947009584705}, "K58-U080": {"K58-U090": 98.86486619490029}, "K58-D060": {"K58-D070": 184.81789074100004},