{"K65-D170": {"K65-D180": 83.8363024824931}, "K65-U190": {"K65-U200": 51.600085986008956}, "K65-U210": {"K65-U220": 63.03212208075571}, "K66-U090": {"K66-U100": 41.4757030252305}, "K68-D100": {"K68-D110": 72.51886016488044}, "K65-U150": {"K65-U160": 47.10182553680247}, "K65A-D060": {"K65A-D070": 78.57975412838712}, "K65-D160": {"K65-D170": 133.52364164162103}, "K66-U160": {"K66-U170": 35.238994329638004}, "K66-U130": {"K66-U140": 45.03705017495173}, "K68-D200": {"K68-U011": 69.88988924099833}, "K65A-D030": {"K65A-D040": 67.11675493067742}, "K65A-U040": {"K65A-U050": 101.6279230370482}, "K68-D070": {"K68-D080": 182.19840041871876}, "K65-D140": {"K65-D150": 109.892214406975}, "K65A-D080": {"K65A-D090": 60.2243786203003}, "K65-D120": {"K65-D130": 58.54663326485767}, "K66-D070": {"K66-D080": 52.11276306069404}, "K65-U160": {"K65-U170": 45.10226063359205}, "K65A-U060": {"K65A-U070": 52.69087757730849}, "K65A-D100": {"K65A-D110": 249.60856308631446}, "K68-D140": {"K68-D150": 35.331861503779514}, "K65A-D040": {"K65A-D050": 53.52832625022396}, "K66-D010": {"K66-D020": 36.28438248501673}, "K66-U110": {"K66-U120": 23.409074407208777}, "K66-D200": {"K66-D210": 117.50845562703174}, "K65A-U020": {"K65A-U030": 252.14783737329998}, "K65-D150": {"K65-D160": 117.3925359590647}, "K68-U020": {"K68-U030": 36.78512574072701}, "K65-U120": {"K65-U130": 168.71642007027305}, "K65-U110": {"K65-U120": 107.54028672932233}, "K66-U070": {"K66-U080": 144.22231098410597}, "K68-D020": {"K68-D030": 71.16282260332312}, "K66-U030": {"K66-U040": 135.134041140957}, "K66-D180": {"K66-D190": 65.36143934964186}, "K66-D040": {"K66-D050": 52.28978031308276}, "K68-U060": {"K68-U070": 75.97997576304803}, "K65-D180": {"K65-D190": 105.45737089853382}, "K65A-D010": {"K65A-D020": 57.72182052982505}, "K65-U200": {"K65-U210": 58.15568002201623}, "K66-U060": {"K66-U070": 124.5604624085432}, "K66-D090": {"K66-D100": 51.627261818589986}, "K66-D230": {"K66-D240": 146.51973466301223}, "K66-D210": {"K66-D220": 148.90193496771525}, "K65-U140": {"K65-U150": 95.86764549515836}, "K65A-U010": {"K65A-U020": 58.45994817197298}, "K65-D020": {"K65-D030": 86.68858240222373}, "K65-D010": {"K65-D020": 38.21310621969686}, "K65-D070": {"K65-D080": 104.34201032591932}, "K65-D030": {"K65-D040": 68.4153447345697}, "K65-U180": {"K65-U190": 66.60639003340592}, "K66-U040": {"K66-U050": 111.18030647089772}, "K65A-U090": {"K65A-U100": 61.39774851148002}, "K65-U080": {"K65-U090": 121.30234027946582}, "K66-U180": {"K66-U190": 40.886664918203714}, "K66-D130": {"K66-D140": 39.71001128914642}, "K66-U150": {"K66-U160": 29.48910392871185}, "K66-U020": {"K66-U030": 193.67629335200348}, "K68-U030": {"K68-U040": 29.275125700456403}, "K65A-D020": {"K65A-D030": 81.76112499129206}, "K65-U070": {"K65-U080": 54.608766231601024}, "K65-D100": {"K65-D110": 235.38162668536953}, "K68-U120": {"K68-U130": 120.87576059724282}, "K66-D190": {"K66-D200": 73.53910068976677}, "K65A-U110": {"K65A-U120": 80.63405177287709}, "K68-D190": {"K68-D200": 56.343401523771504}, "K66-D050": {"K66-D060": 53.76110435618655}, "K66-U010": {"K66-U020": 132.7006532244813}, "K66-D060": {"K66-D070": 45.87476479843322}, "K68-D080": {"K68-D090": 68.94130395306}, "K65-U220": {"K65-U230": 69.46506062574093}, "K68-U100": {"K68-U110": 148.94559536042124}, "K68-D170": {"K68-D180": 59.60449326718642}, "K68-U160": {"K68-U170": 69.95853612153999}, "K65-U020": {"K65-U030": 106.72136640106005}, "K68-U080": {"K68-U090": 39.752669833036826}, "K68-D120": {"K68-D130": 168.40678577902304}, "K66-U080": {"K66-U090": 160.9051372865864}, "K66-U100": {"K66-U110": 62.259521888200005}, "K65A-U050": {"K65A-U060": 48.729094729110926}, "K65A-D050": {"K65A-D060": 49.885044710320884}, "K65-U040": {"K65-U050": 75.9516860658121}, "K65-D090": {"K65-D100": 114.64340602206028}, "K66-D150": {"K66-D160": 69.15213265148448}, "K65-U100": {"K65-U110": 135.64068996393735}, "K68-D180": {"K68-D190": 45.89091979999999}, "K66-U170": {"K66-U180": 61.81940190503801}, "K65-U090": {"K65-U100": 45.69684116610826}, "K66-D140": {"K66-D150": 106.66177810609861}, "K68-D040": {"K68-D050": 105.66238616999999}, "K65-U010": {"K65-U020": 222.509378678339}, "K66-D120": {"K66-D130": 59.68765348304272}, "K65-U050": {"K65-U060": 89.40198920839245}, "K65A-U030": {"K65A-U040": 36.886051868585824}, "K68-U110": {"K68-U120": 189.06028617639998}, "K66-D220": {"K66-D230": 70.63202441465285}, "K68-U050": {"K68-U060": 43.38989507397296}, "K66-D110": {"K66-D120": 48.21121144602554}, "K66-D160": {"K66-D170": 123.11459258252899}, "K68-U070": {"K68-U080": 23.14944020850954}, "K65-D060": {"K65-D070": 75.86082060266442}, "K65-D050": {"K65-D060": 49.23200971873034}, "K65A-U120": {"K65A-U130": 93.39656840580001}, "K68-U140": {"K68-U150": 44.33296288988392}, "K68-D010": {"K68-D020": 48.7025722949658}, "K66-D170": {"K66-D180": 152.79473259742002}, "K66-U190": {"K66-U200": 48.650882935272016}, "K68-D110": {"K68-D120": 86.84911679160916}, "K66-D100": {"K66-D110": 52.82826905370132}, "K65-U030": {"K65-U040": 57.26687620000001}, "K68-D130": {"K68-D140": 45.71763131517659}, "K66-D080": {"K66-D090": 65.59384073314047}, "K66-D020": {"K66-D030": 67.3342938981628}, "K66-U050": {"K66-U060": 41.393197282644856}, "K68-U150": {"K68-U160": 80.53240256259998}, "K65-U130": {"K65-U140": 27.44795452634596}, "K65-D130": {"K65-D140": 82.43244842924999}, "K65-D080": {"K65-D090": 72.05561056967564}, "K68-D050": {"K68-D060": 51.5202263673552}, "K68-U040": {"K68-U050": 43.187246811435266}, "K65-D110": {"K65-D120": 110.68432900452603}, "K65A-D070": {"K65A-D080": 117.35036279430365}, "K65A-U070": {"K65A-U080": 49.380914878849275}, "K68-D060": {"K68-D070": 95.4901262025409}, "K68-U170": {"K68-D010": 157.81474268221092}, "K66-U200": {"K66-U210": 45.00388912138085}, "K65A-U080": {"K65A-U090": 66.33749947255312}, "K66-U120": {"K66-U130": 37.321113215645596}, "K68-D160": {"K68-D170": 72.27821686125557}, "K66-U210": {"K66-U220": 54.68836008352057}, "K66-U140": {"K66-U150": 32.98485971500069}, "K68-U130": {"K68-U140": 138.79137098486223}, "K68-U010": {"K68-U020": 82.670284151}, "K65A-D090": {"K65A-D100": 111.7159080687804}, "K66-D030": {"K66-D040": 81.0930006148004}, "K68-U090": {"K68-U100": 141.69281131989857}, "K65-U060": {"K65-U070": 27.91874668318922}, "K65A-U100": {"K65A-U110": 80.16402153868901}, "K65-U170": {"K65-U180": 27.815933891539203}, "K68-D090": {"K68-D100": 147.29735438000935}, "K68-D150": {"K68-D160": 91.16280838832432}, "K68-D030": {"K68-D040": 50.2216360957542}, "K65-D040": {"K65-D050": 57.64327444936841}}