{"KAT": {"SUW": 122.78483963766621, "DIH": 135.64960688706}}