{"KSR": {"YUL": 252.12839469342566, "TWW": 694.3685405989042}}