{"KWH": {"TWH": 140.92074457385144, "KWF": 132.0819803838937}, "KWF": {"KWH": 125.46651195887914, "LAK": 163.14231037619058}, "KWT": {"NTK": 123.72798173968803, "LAT": 130.39329876934818}}