{"LAK": {"NAC": 252.64398393687665, "MEF": 130.9413993883049, "TSY": 198.19104082181232, "KWF": 145.7146326887558}, "LAT": {"KWT": 131.89355572039426, "YAT": 117.70058158766615}}