{"LCK": {"MEF": 129.67028303324884, "CSW": 131.52928578066877}}