{"LET": {"WCH": 163.146598918878, "SOH": 103.45293484252863}}