{"MEF": {"TWW": 320.57981767813516, "LCK": 131.3680516836566, "NAC": 180.39328094861472, "LAK": 131.7460592183687}}