{"MKK": {"KOT": 134.73668995712347, "HUH": 180.5116988797929}}