{"NOP": {"QUB": 130.59156240116167, "FOH": 130.3676528710452}}