{"NTK": {"KWT": 105.72956715681622, "KOB": 131.56628214584507}}