{"OCP": {"ADM": 287.63196421953296, "WCH": 132.37015826967573}}