{"SHS": {"LMC": 460.5318807414974, "FAN": 125.65867180610496, "LOW": 261.7547364470498}, "SHT": {"FOT": 157.10291646044007, "TAW": 175.73926810839433}, "SHM": {"CIO": 125.88655345864638, "TSH": 217.2530023068256}, "SHW": {"SYP": 137.63778587717783, "CEN": 134.07893561774642}}