{"SKM": {"KOT": 133.50412361692196, "PRE": 128.56929614837978}, "SKW": {"HFC": 150.37238455159294, "SWH": 114.49749235233318}}