{"SUW": {"KAT": 111.47208827584848, "TKW": 139.59407503378375}, "SUN": {"DIS": 198.58233387484285, "TUC": 823.8868594411235, "TSY": 548.561625340758}}