{"SWH": {"TAK": 128.68271993003398, "SKW": 105.39921742586095}}