{"SYP": {"HKU": 88.83560820291524, "SHW": 139.26464275515823}}