{"TAW": {"KOT": 283.3793255396725, "SHT": 113.87427485362295, "CKT": 138.761397, "HIK": 151.81368007123294}, "TAK": {"SWH": 113.86134349325212, "QUB": 131.43010080738972}, "TAP": {"UNI": 387.4734548541119, "TWO": 161.49893555547328}}