{"TIK": {"YAT": 138.88709890341403, "TKO": 285.9392050504865}, "TIH": {"CAB": 132.72730580853678, "FOH": 94.7431810579199}, "TIS": {"SIH": 330.559589590693, "LOP": 174.49527479153065}}