{"TST": {"ADM": 200.76106381611052, "JOR": 91.99830573320588}, "TSY": {"KOW": 498.1691648497905, "AIR": 1517.6503908261457, "LAK": 193.31423479603532, "SUN": 506.5753647032637}, "TSH": {"SHM": 213.05637617254152, "HEO": 128.546122115699}, "TSW": {"TWH": 71.51777912217715}}