{"TUM": {"SIH": 150.09077597194897}, "TUC": {"SUN": 776.3810737676652}}