{"TWH": {"KWH": 142.43271491763107, "TSW": 80.88667809991611}, "TWW": {"KSR": 599.5076073950071, "MEF": 320.155722202753}, "TWO": {"FAN": 322.74885835349494, "TAP": 161.07115937206737}}