{"WAC": {"CAB": 182.94113829448526, "ADM": 130.45973561821404}}