{"WCH": {"OCP": 125.05591766761236, "LET": 180.448585362879}}