{"WTS": {"DIH": 85.92302659207844, "LOF": 124.73448369399357}}