{"YMT": {"MOK": 112.97043275976698, "HOM": 186.56435564592056, "JOR": 133.8141125205757}}