{"YUL": {"KSR": 256.0070839779607, "LOP": 131.5958157684591}}