{"1": {"2": 45.36961047412814, "6": 325.30940285361805}}