{"AIR": {"TSY": 1624.137969047087, "AWE": 131.6535524890762}}