{"CHW": {"HFC": 93.67298808069785}, "CHH": {"KOB": 96.3591820766838, "DIH": 130.70477357373954}}