{"CKT": {"TAW": 106.11501950733445, "STW": 126.28766292}}