{"DIS": {"SUN": 198.58233387484285}, "DIH": {"CHH": 126.26605532515366, "HIK": 309.0774321266238, "WTS": 125.08528501810522, "KAT": 150.20479129999995}}