{"EXC": {"HUH": 155.32968569911162, "ADM": 66.84148829352955}}