{"HFC": {"SKW": 149.19586482116526, "CHW": 108.44177344543907}}