{"HOK": {"KOW": 186.05371589322587}, "HOM": {"YMT": 165.52910340644334, "TKW": 135.286197, "WHA": 78.90169498628019, "HUH": 126.35838957000001}}