{"HUH": {"MKK": 182.59827172593583, "EXC": 196.5876720713168, "HOM": 128.7285078424, "ETS": 190.42704781026464}}