{"JOR": {"TST": 122.01286671435324, "YMT": 127.23384356597401}}