{"K54-D010": {"K54-D020": 143.96852314121554}, "K53-U030": {"K53-U040": 198.8413198871116}, "K52-nU290": {"K52-nU300": 42.084290114056834}, "K52-nU270": {"K52-nU280": 174.80900301408582}, "K53-D010": {"K53-D015": 96.28975206579499}, "K53-D080": {"K53-D090": 84.7807978400147}, "K51-U240": {"K51-U250": 112.85235434077242}, "K53-D060": {"K53-D070": 124.19558802120619}, "K53-U060": {"K53-U070": 67.00082257494805}, "K54-U010": {"K54-U020": 53.47405425240563}, "K52-nD070": {"K52-nD080": 98.45728211491402}, "K51-D280": {"K51-D290": 82.75342789181956}, "K52-nD090": {"K52-nD100": 54.389865255552614}, "K53-D030": {"K53-D040": 61.352887011102055}, "K51-D200": {"K51-D210": 114.86916024040504}, "K52A-U140": {"K52A-U150": 160.3618112868439}, "K54-U050": {"K54-U060": 297.93901232041065}, "K52-nD230": {"K52-nD240": 154.61779368598562}, "K53-U120": {"K53-U130": 68.22418521986219}, "K54-D060": {"K54-D070": 147.48733312210396}, "K51-U210": {"K51-U220": 47.82870602767676}, "K52-nD060": {"K52-nD070": 127.30146109080306}, "K53-D150": {"K53-D160": 132.30071543020927}, "K51-D230": {"K51-D240": 72.70055351917492}, "K53-D110": {"K53-D120": 146.57794567092753}, "K51-D090": {"K51-D100": 88.12051375212576}, "K53-U010": {"K53-U020": 254.91453250466026}, "K52-nU100": {"K52-nU110": 143.86864983408523}, "K52-nU030": {"K52-nU040": 112.3144646449148}, "K51-U140": {"K51-U150": 55.162139286579404}, "K53-U020": {"K53-U030": 142.9498814356, "K53-D160": 680.3922161999749}, "K51-D120": {"K51-D130": 37.45713502475201}, "K51-U010": {"K51-U020": 37.28862220773537}, "K53-U130": {"K53-U140": 54.60469364139292}, "K51-D040": {"K51-D050": 43.15953758792891}, "K51-U070": {"K51-U080": 163.3477705015376}, "K53-U050": {"K53-U060": 141.78174314740014}, "K53-D015": {"K53-D020": 51.54492436239989}, "K52-nD080": {"K52-nD090": 32.94878786304684}, "K51-D210": {"K51-D220": 128.64233098498002}, "K52-nU060": {"K52-nU070": 121.18364827151072}, "K53-U100": {"K53-U110": 70.79184440724508}, "K53-U040": {"K53-U050": 129.29292840079523}, "K52-nD110": {"K52-nD120": 154.51037330314526}, "K52A-U170": {"K52A-U180": 275.3369197946796}, "K54-D030": {"K54-D040": 72.5754744331845}, "K53-U080": {"K53-U090": 83.63865954324434}, "K52-nU010": {"K52-nU020": 35.90380782450664}, "K52-nU300": {"K52-nU310": 44.6049746378}, "K52-nU080": {"K52-nU090": 77.64890157241028}, "K52-nD050": {"K52-nD060": 29.193411496594393}, "K52-nU020": {"K52-nU030": 72.91405213324155}, "K51-U060": {"K51-U070": 279.2699416935974}, "K51-U190": {"K51-U200": 80.91480473416}, "K53-D070": {"K53-D080": 43.2778898951248}, "K51-D130": {"K51-D140": 45.6575518545817}, "K52-nU110": {"K52-nU120": 139.2860073251749}, "K53-D120": {"K53-D130": 57.56322281175102}, "K52-nU210": {"K52-nU220": 69.40482905325882}, "K52-nU240": {"K52-nU250": 51.34573349486023}, "K53-U140": {"K53-D010": 82.6071824927645}, "K53-U110": {"K53-U120": 91.71941522632679}, "K53-D130": {"K53-D140": 72.26918134578625}, "K53-D090": {"K53-D100": 38.5183942195729}, "K53-U090": {"K53-U100": 92.98566451077541}, "K54-D050": {"K54-D060": 91.44602526931135}, "K52-nU200": {"K52-nU210": 76.88059477443286}, "K53-D050": {"K53-D060": 72.1262472789087}, "K52-nU040": {"K52-nU050": 47.995424475512166}, "K52-nD250": {"K52-nD260": 169.18588957905004}, "K53-U070": {"K53-U080": 51.22377506011869}, "K52-nD130": {"K52-nD140": 73.40162052197209}, "K52-nU220": {"K52-nU230": 76.1334803782996}, "K51-D170": {"K51-D180": 94.727168494424}, "K52-nU250": {"K52-nU260": 61.70242147534011}, "K51-U180": {"K51-U190": 106.977500376624}, "K51-U200": {"K51-U210": 84.1605566555897}, "K51-D020": {"K51-D030": 54.55397535235171}, "K52-nD200": {"K52-nD210": 127.7792906481}, "K52-nD010": {"K52-nD020": 15.8388934201909}, "K52-nD240": {"K52-nD250": 143.58197975003395}, "K51-D270": {"K51-D280": 91.30706019835243}, "K51-U030": {"K51-U040": 58.94595367388481}, "K52-nU190": {"K52-nU200": 130.2637193622404}, "K51-U100": {"K51-U110": 200.78518106580492}, "K52-nD280": {"K52-nD290": 86.54341186590003}, "K52-nD180": {"K52-nD190": 110.76558276800638}, "K53-D140": {"K53-D150": 131.23265661903014}, "K52-nU050": {"K52-nU060": 208.58731970207288}, "K54-U060": {"K54-U070": 187.27259868053994}, "K52-nU260": {"K52-nU270": 62.573297948595936}, "K54-U040": {"K54-U050": 123.21692564339362}, "K52-nD170": {"K52-nD180": 96.64040052258952}, "K51-D140": {"K51-D150": 74.42740252646543}, "K52-nD290": {"K52-nD300": 103.54401844659583}, "K51-D070": {"K51-D080": 57.64001408381264}, "K52-nD040": {"K52-nD050": 13.346438701670584}, "K52-nD120": {"K52-nD130": 37.981638025480194}, "K53-D020": {"K53-D030": 104.3637595648028}, "K52-nD210": {"K52-nD220": 195.65582949405842}, "K54-D040": {"K54-D050": 166.37954899301678}, "K53-D100": {"K53-D110": 68.12227262475292}, "K51-U090": {"K51-U100": 152.20571629489297}, "K53-D040": {"K53-D050": 62.40338702133607}, "K51-D190": {"K51-D200": 125.22256212499997}, "K51-D180": {"K51-D190": 147.27909310061}, "K51-D240": {"K51-D250": 121.04283207837861}, "K51-D150": {"K51-D160": 184.9746216120591}, "K52-nD190": {"K52-nD200": 131.7085759079761}, "K52A-D060": {"K52A-D070": 129.34768316859828}, "K51-D260": {"K51-D270": 53.55749444472406}, "K52A-D010": {"K52A-D020": 277.2237367987566}, "K52-nU230": {"K52-nU240": 68.67194818149378}, "K51-U040": {"K51-U050": 130.57661604676792}, "K54-U020": {"K54-U030": 92.91992224874397}, "K52-nD100": {"K52-nD110": 55.02392917292243}, "K54-D020": {"K54-D030": 201.48805785335014}, "K52-nD260": {"K52-nD270": 52.01793259299485}, "K52-nU120": {"K52-nU140": 107.9160977494352}, "K51-D010": {"K51-D020": 77.86587264487794}, "K51-D100": {"K51-D110": 140.93825083798748}, "K54-U070": {"K54-D010": 136.4318184788798}, "K51-U150": {"K51-U160": 75.18505563668896}, "K51-U130": {"K51-U140": 67.11195181532925}, "K51-U230": {"K51-U240": 43.8534216604074}, "K51-U170": {"K51-U180": 76.594883460511}, "K52-nD220": {"K52-nD230": 135.21984109563692}, "K51-D080": {"K51-D090": 100.72394307120301}, "K52-nD160": {"K52-nD170": 123.66512190618805}, "K52-nD030": {"K52-nD040": 16.40565772135379}, "K54-U030": {"K54-U040": 107.11770574593439}, "K51-U080": {"K51-U090": 144.90548594023602}, "K51-U220": {"K51-U230": 61.473843297674534}, "K52-nU280": {"K52-nU290": 42.24082828629839}, "K51-D050": {"K51-D060": 43.186062941820005}, "K51-U020": {"K51-U030": 104.92407348110794}, "K52-nU140": {"K52-nU150": 145.92936965237973}, "K51-U120": {"K51-U130": 148.52826252}, "K52-nU070": {"K52-nU080": 88.04838377996515}, "K52-nU150": {"K52-nU160": 75.95323484116298}, "K51-D030": {"K51-D040": 37.413528339612}, "K51-D220": {"K51-D230": 232.00249700064}, "K52-nD150": {"K52-nD160": 81.57215669865}, "K51-D160": {"K51-D170": 60.64652826723242}, "K51-D060": {"K51-D070": 45.89212580042879}, "K52-nD020": {"K52-nD030": 122.940864996}, "K51-D250": {"K51-D260": 183.1115030074402}, "K52-nU180": {"K52-nU190": 75.90641088458999}, "K51-U050": {"K51-U060": 273.28124938238136}, "K52-nU090": {"K52-nU100": 89.331255111603}, "K52-nD270": {"K52-nD280": 94.53785907445902}, "K51-U110": {"K51-U120": 135.4580962592854}, "K52-nU160": {"K52-nU170": 31.812927486231104}, "K51-D110": {"K51-D120": 44.6417436613}, "K54A-D030": {"K54A-D040": 87.9814546839841}, "K54A-D010": {"K54A-D020": 241.42902884372498}, "K54A-D020": {"K54A-D030": 180.51316076887775}, "K54A-D040": {"K54A-D050": 146.11583397463323}, "K52-nD140": {"K52-nD150": 96.50832858070639}, "K54A-U040": {"K54A-U050": 114.93556226749999}, "K54A-U020": {"K54A-U030": 72.04022122234497}, "K51-U160": {"K51-U170": 95.48211633678109}, "K52-nU170": {"K52-nU180": 127.61275865484356}, "K54A-U010": {"K54A-U020": 60.066225623920005}, "K54A-U030": {"K54A-U040": 96.87942611278025}, "K53-D160": {"K53-U011": 186.2096698084227}}