{"K73-D140": {"K73-D150": 181.0445603055763}, "K73-U060": {"K73-U070": 116.00736675249541}, "K75A-D060": {"K75A-D070": 31.310853880005844}, "K75P-U090": {"K75P-U100": 43.36126342342535}, "K75P-U080": {"K75P-U090": 44.38776606280785}, "K73-U100": {"K73-U110": 233.01607966959858}, "K75P-D010": {"K75P-D020": 122.48333895104327}, "K73-U020": {"K73-U030": 162.7255292421426}, "K76-D020": {"K76-D030": 145.26394003680602}, "K75A-D090": {"K75A-D100": 38.28961261045039}, "K76-U030": {"K76-U040": 272.85293644670685}, "K76-D010": {"K76-D020": 301.77847902918865}, "K75A-D100": {"K75A-D110": 94.16180494833812}, "K73-D130": {"K73-D140": 136.14848687184653}, "K73-U030": {"K73-U040": 78.22921390358339}, "K75P-D050": {"K75P-D060": 72.72387307688501}, "K75P-D070": {"K75P-D080": 78.72027648296437}, "K73-U010": {"K73-U020": 66.28222714644991}, "K76-D030": {"K76-D040": 84.01570240602311}, "K73-U080": {"K73-U090": 275.36039410424604, "K73-U110": 340.3897758070014}, "K75P-U100": {"K75P-U110": 56.432361907161166}, "K73-U070": {"K73-U080": 140.21555992230293}, "K73-D030": {"K73-D040": 115.22742292791968}, "K75P-D080": {"K75P-U011": 110.92166612316605}, "K75P-U140": {"K75P-D010": 133.50998565222454}, "K73-D040": {"K73-D050": 75.54627810437646}, "K76-U040": {"K76-U050": 149.97010929442825}, "K73-U110": {"K73-U120": 212.3986278017751}, "K75A-U020": {"K75A-U030": 156.68877418911867}, "K75P-U060": {"K75P-U070": 28.09828733253142}, "K74-D020": {"K74-D030": 145.0270924486533}, "K75P-U130": {"K75P-U140": 34.466000287501785}, "K75P-U050": {"K75P-U060": 190.063397342082}, "K73-U040": {"K73-U050": 92.24025468893025, "K73-U060": 180.2668432154047}, "K75A-D080": {"K75A-D090": 70.7203937963485}, "K75P-D030": {"K75P-D040": 104.80649073833256}, "K73-D070": {"K73-D080": 163.48478642756058}, "K75P-D040": {"K75P-D050": 161.88325719753783}, "K73-D090": {"K73-D100": 96.5169218102518}, "K75P-U120": {"K75P-U130": 61.15697833340217}, "K73-U050": {"K73-U060": 95.5984136529909}, "K73-D120": {"K73-D130": 107.56055777898875}, "K75P-U020": {"K75P-U030": 110.05559926916291}, "K76-U010": {"K76-U020": 26.340250010975346}, "K76-U020": {"K76-U030": 152.81130607703395}, "K73-D020": {"K73-D030": 69.67159219460964}, "K73-U090": {"K73-U100": 100.26078294984423}, "K75P-U010": {"K75P-U020": 78.61658729024596}, "K73-D110": {"K73-D120": 83.45615744354735}, "K75A-D050": {"K75A-D060": 65.62202811883841}, "K75P-U070": {"K75P-U080": 115.87108557529174}, "K73-D010": {"K73-D020": 72.20127458577966}, "K75A-D110": {"K75A-U011": 142.20823204182452}, "K75A-D070": {"K75A-D080": 26.431275360515173}, "K75P-U030": {"K75P-U040": 115.32050334753589}, "K75P-U110": {"K75P-U120": 83.58639888117439}, "K73-D050": {"K73-D070": 95.57627029608638}, "K75A-U030": {"K75A-D010": 221.72928449079262}, "K75A-U010": {"K75A-U020": 45.641534285481384}, "K75A-D030": {"K75A-D040": 51.17606895289429}, "K75A-D040": {"K75A-D050": 54.13905696743234}, "K75A-D010": {"K75A-D020": 183.25865277135136}, "K75A-D020": {"K75A-D030": 25.710950402048518}, "K75P-U040": {"K75P-U050": 106.96878224133891}, "K73-D150": {"K73-D160": 43.64991204648052}, "K73-D080": {"K73-D090": 224.27061331769283}, "K73-D100": {"K73-D110": 176.08824740831258}, "K75P-D060": {"K75P-D070": 170.7830119401408}, "K75P-D020": {"K75P-D030": 32.65549461195333}}