{"KSR": {"YUL": 229.415623279186, "TWW": 615.1390863321776}}