{"KWT": {"LAT": 130.50552946855584, "NTK": 125.73553744996346}, "KWH": {"KWF": 129.9100542084688, "TWH": 158.5042854259598}, "KWF": {"KWH": 133.62822226585936, "LAK": 187.89125624563889}}