{"LCK": {"CSW": 132.28762682031453, "MEF": 126.8362468160623}}