{"LOP": {"YUL": 121.78649917560338, "TIS": 180.7083586340491}, "LOW": {"SHS": 232.17378656075954}, "LOF": {"WTS": 118.81329859406533, "KOT": 129.6823340619566}}