{"MKK": {"HUH": 198.4558265617648, "KOT": 158.65580039522303}}