{"NAC": {"MEF": 182.0668962533741, "LAK": 263.5240164200559, "OLY": 79.93403913497089, "AUS": 205.0594760572993}}