{"NOP": {"QUB": 120.14904972546977, "FOH": 127.73537748071485}}