{"OLY": {"KOW": 128.31083010746096, "NAC": 132.3128538272553}}