{"QUB": {"YAT": 258.8758711354979, "TAK": 126.97750912338236, "NOP": 125.2095136066363}}