{"SIH": {"TIS": 354.1683680894927, "TUM": 154.45979989193663}}