{"SKM": {"PRE": 128.47267287198264, "KOT": 144.46546066530138}, "SKW": {"HFC": 147.6291955059577, "SWH": 95.02454451950031}}