{"SSP": {"CSW": 125.05567143578466, "PRE": 129.88220604620656}}