{"STW": {"CIO": 131.40569377652997, "CKT": 130.80848}}