{"SUN": {"TSY": 535.0758760718172, "DIS": 198.58233387484285, "TUC": 823.8868594411235}, "SUW": {"KAT": 102.3717589828942, "TKW": 127.33791467100002}}