{"TIS": {"SIH": 376.1342253651298, "LOP": 188.5066333143235}, "TIK": {"TKO": 197.05924024474834, "YAT": 139.8255774874006}, "TIH": {"FOH": 96.90633381680485, "CAB": 128.70200944020564}}