{"TUC": {"SUN": 588.9524462123707}, "TUM": {"SIH": 142.93183034477832}}