{"UNI": {"TAP": 341.39678990172854, "FOT": 186.6493823492898}}