{"WAC": {"CAB": 176.6115044864, "ADM": 130.97005577532425}}