{"WCH": {"LET": 186.10434089740792, "OCP": 139.25353985089276}}