{"YMT": {"JOR": 130.7566125958106, "MOK": 110.814095785138, "HOM": 149.67845143613243}}