{"1": {"2": 215.5015561251765, "6": 265.53607961216676}}