{"5": {"6": 109.43706337521846, "305": 83.5965477860094}}