{"AIR": {"TSY": 1460.3258713608652, "AWE": 236.04642334115653}}