{"CKT": {"TAW": 116.10083603000001, "STW": 135.6638117732392}}