{"ETS": {"HUH": 159.92306644616423, "AUS": 199.56825900000007}}