{"HAH": {"TKO": 163.3358667207971, "POA": 126.63108082089272}}