{"HFC": {"SKW": 148.97912178543461, "CHW": 132.71227803750153}}