{"HIK": {"DIH": 312.60081001049684, "TAW": 146.271551586}}