{"HKU": {"SYP": 121.55084936111561, "KET": 100.95310037509576}}