{"HOK": {"KOW": 192.33596516922097}, "HOM": {"TKW": 120.74724319592579, "HUH": 126.003617258523, "YMT": 159.5517573158093, "WHA": 78.79219831723205}}