{"JOR": {"TST": 118.44815121784552, "YMT": 132.95524018744112}}