{"K66-D010": {"K66-D020": 14.178097444693478}, "K65-U160": {"K65-U170": 47.84389627983719}, "K68-D010": {"K68-D020": 50.57091349138757}, "K65-D060": {"K65-D070": 93.34736175034604}, "K66-D060": {"K66-D070": 49.89955825913115}, "K65-D100": {"K65-D110": 219.95975174610504}, "K65-U060": {"K65-U070": 30.747445590035824}, "K68-D070": {"K68-D080": 210.404654593908}, "K65-D150": {"K65-D160": 104.71745962842927}, "K68-D170": {"K68-D180": 36.07903357368629}, "K68-U120": {"K68-U130": 133.7584119169416}, "K65-U040": {"K65-U050": 89.18913225805292}, "K66-U200": {"K66-U210": 60.62873009852799}, "K66-D130": {"K66-D140": 48.78992559677419}, "K65-U050": {"K65-U060": 102.57089143679327}, "K66-U190": {"K66-U200": 67.64198039714678}, "K66-D080": {"K66-D090": 76.85091406870623}, "K66-D180": {"K66-D190": 71.09032341852028}, "K66-U040": {"K66-U050": 132.52465180793817}, "K68-D100": {"K68-D110": 80.81214505715745}, "K68-U060": {"K68-U070": 95.67582876219191}, "K65-D140": {"K65-D150": 106.8545262620803}, "K65-U130": {"K65-U140": 28.91156090548065}, "K68-D060": {"K68-D070": 100.47173989365409}, "K68-D190": {"K68-D200": 47.59193818256095}, "K65-D120": {"K65-D130": 77.11525615912161}, "K65-U080": {"K65-U090": 157.80474245327576}, "K68-D030": {"K68-D040": 92.89808000000002}, "K65-D170": {"K65-D180": 97.75685555073578}, "K66-U090": {"K66-U100": 52.20463633430428}, "K68-U110": {"K68-U120": 202.84928470677363, "K68-D090": 418.00000000000006}, "K66-D220": {"K66-D230": 85.21414779051744}, "K65-D010": {"K65-D020": 44.86262766279784}, "K66-D050": {"K66-D060": 54.92425433769306}, "K66-D190": {"K66-D200": 95.78720380242194}, "K65-D030": {"K65-D040": 79.9109041893782}, "K66-D110": {"K66-D120": 48.0669786108448}, "K66-U080": {"K66-U090": 170.91496922234506}, "K66-D200": {"K66-D210": 138.48473571297325}, "K65-D110": {"K65-D120": 107.69350355760733}, "K66-U030": {"K66-U040": 150.04058428260993}, "K65-D180": {"K65-D190": 124.79109591228462}, "K68-U020": {"K68-U030": 34.7365500739489}, "K68-U070": {"K68-U080": 30.565676574725092}, "K65-D040": {"K65-D050": 71.73169243660092}, "K66-D040": {"K66-D050": 48.25577610648776}, "K65-U150": {"K65-U160": 52.807284370268704}, "K66-U130": {"K66-U140": 56.88372871623911}, "K66-D170": {"K66-D180": 209.85144655803043}, "K65-U120": {"K65-U130": 169.1282873105766}, "K66-U210": {"K66-U220": 56.13073295516623}, "K65-U190": {"K65-U200": 59.20883266172359}, "K66-U100": {"K66-U110": 87.6975034288757}, "K65-D090": {"K65-D100": 111.47110746327571}, "K68-D160": {"K68-D170": 75.69837892133995}, "K66-D120": {"K66-D130": 76.08169411541506}, "K66-D230": {"K66-D240": 93.82323627688149}, "K66-U160": {"K66-U170": 44.42207151167243}, "K65-D080": {"K65-D090": 64.04136287828037}, "K66-D030": {"K66-D040": 82.41824434191109}, "K66-U170": {"K66-U180": 32.93065890099197}, "K68-D090": {"K68-D100": 144.64288173487756}, "K66-U110": {"K66-U120": 39.87275839816528}, "K68-U170": {"K68-D010": 157.28015007090002}, "K66-U050": {"K66-U060": 52.41525863816101}, "K68-D020": {"K68-D030": 80.73651274893768}, "K65-U170": {"K65-U180": 55.1868895543211}, "K68-U130": {"K68-U140": 150.4049998264}, "K65-D050": {"K65-D060": 61.225040504831256}, "K68-D180": {"K68-D190": 31.829564342158573}, "K68-D040": {"K68-D050": 102.20476564180447}, "K65-U220": {"K65-U230": 85.55255579897732}, "K65-U200": {"K65-U210": 74.20631690390937}, "K66-U120": {"K66-U130": 51.8550396143385}, "K66-D210": {"K66-D220": 153.33980878106087}, "K65-U100": {"K65-U110": 153.07087940859373}, "K66-D070": {"K66-D080": 58.92680918840496}, "K68-D120": {"K68-D130": 178.30773549343198}, "K68-U100": {"K68-U110": 186.99795763178324}, "K65-D160": {"K65-D170": 153.02501085772704}, "K65-U030": {"K65-U040": 105.35776911334248}, "K66-D020": {"K66-D030": 71.2641927675832}, "K68-D200": {"K68-U011": 86.77051491011444}, "K65-U090": {"K65-U100": 58.251502490817685}, "K65-U020": {"K65-U030": 151.8999941790468}, "K66-U180": {"K66-U190": 62.429972092345984}, "K68-U010": {"K68-U020": 93.73322901135991}, "K66-U140": {"K66-U150": 40.1034824006457}, "K66-D100": {"K66-D110": 52.318007037023754}, "K65-U210": {"K65-U220": 78.21612481238071}, "K65-U010": {"K65-U020": 263.15825864329156}, "K65-U110": {"K65-U120": 107.9547419946741}, "K65-U180": {"K65-U190": 74.6328621094813}, "K66-U060": {"K66-U070": 153.4681301891412}, "K66-D160": {"K66-D170": 155.17101587424327}, "K66-D140": {"K66-D150": 96.48353082927558}, "K65-D070": {"K65-D080": 142.01987836184992}, "K68-D140": {"K68-D150": 42.89538001936485}, "K66-U070": {"K66-U080": 198.7187966644574}, "K68-D050": {"K68-D060": 63.85816541698}, "K66-U150": {"K66-U160": 55.16545854158865}, "K65-D020": {"K65-D030": 86.80540287793545}, "K68-D130": {"K68-D140": 61.5582743300787}, "K68-U140": {"K68-U150": 44.445003507223035}, "K68-U030": {"K68-U040": 30.21834013}, "K68-U040": {"K68-U050": 56.813411580636384}, "K66-D090": {"K66-D100": 51.259947160389196}, "K66-U010": {"K66-U020": 143.40508363847414}, "K66-U020": {"K66-U030": 211.9141300578254}, "K68-D150": {"K68-D160": 72.49462097815051}, "K65-U070": {"K65-U080": 67.43270706311618}, "K68-U150": {"K68-U160": 82.3534933287749}, "K68-U050": {"K68-U060": 56.31147938100189}, "K65-D130": {"K65-D140": 94.97954519230203}, "K68-U160": {"K68-U170": 63.93764480929302}, "K68-D080": {"K68-D090": 85.68575776}, "K65-U140": {"K65-U150": 97.42516709278266}, "K68-D110": {"K68-D120": 90.57954331147951}, "K68-U080": {"K68-U090": 56.07899000000001}, "K66-D150": {"K66-D160": 109.16141000000002}, "K68-U090": {"K68-U100": 204.28559872875468}}