{"K75P-U130": {"K75P-U140": 41.294398934672856}, "K73-U020": {"K73-U030": 178.09666505493692}, "K73-U070": {"K73-U080": 156.27979279126194}, "K75A-U020": {"K75A-U030": 128.02568746092857}, "K73-U060": {"K73-U070": 144.54466874652684}, "K76-D010": {"K76-D020": 317.7049779299316}, "K76-U030": {"K76-U040": 234.757891346817}, "K74-D030": {"K74-D040": 136.67290579261388}, "K76-D020": {"K76-D030": 124.9768905892914}, "K73-D010": {"K73-D020": 80.80504490293828}, "K73-U030": {"K73-U040": 87.90049316752682}, "K73-D070": {"K73-D080": 172.31940358959434}, "K73-U110": {"K73-U120": 231.4496977235166}, "K76-U020": {"K76-U030": 170.06139872958403}, "K73-U040": {"K73-U050": 116.69671431389065, "K73-U060": 228.22123574533603}, "K75P-U120": {"K75P-U130": 64.88877429981763}, "K75P-D080": {"K75P-U011": 131.08280915500876}, "K76-U040": {"K76-U050": 183.0186099478792}, "K75P-U040": {"K75P-U050": 104.992054419972}, "K75P-D020": {"K75P-D030": 37.06670088197594}, "K73-U100": {"K73-U110": 243.22279372334577}, "K73-U050": {"K73-U060": 119.90431115982078}, "K73-U080": {"K73-U110": 279.45346930426064, "K73-U090": 288.49475719954296}, "K76-D030": {"K76-D040": 75.06955169027239}, "K75P-D060": {"K75P-D070": 183.94402384436268}, "K75P-U140": {"K75P-D010": 135.85745344200893}, "K74-U011": {"K74-D100": 159.90399973679527}, "K75P-U090": {"K75P-U100": 39.9370234126968}, "K73-D080": {"K73-D090": 262.077237747389}, "K75P-U050": {"K75P-U060": 144.54518304156142}, "K73-D090": {"K73-D100": 79.8673866429586}, "K73-D150": {"K73-D160": 48.215823992926985}, "K74-U007": {"K74-U010": 224.1478190034}, "K75A-D060": {"K75A-D070": 38.27732662760075}, "K75P-D030": {"K75P-D040": 111.5252846798918}, "K73-D100": {"K73-D110": 187.0519325307654}, "K74-D010": {"K74-D020": 143.03466649936732}, "K75A-D040": {"K75A-D050": 59.00222716783985}, "K75A-D080": {"K75A-D090": 123.92515182511963}, "K75A-U030": {"K75A-D010": 224.46448717765892}, "K73-D130": {"K73-D140": 132.91467520375346}, "K75P-U060": {"K75P-U070": 42.901477743293235}, "K75P-U010": {"K75P-U020": 95.11812405820287}, "K75P-D070": {"K75P-D080": 95.93279304058818}, "K75A-D050": {"K75A-D060": 78.20570976814659}, "K74-U080": {"K74-U090": 216.31750210180002}, "K75P-D050": {"K75P-D060": 83.08307634336529}, "K73-D140": {"K73-D150": 180.38621849377208}, "K76-U010": {"K76-U020": 46.314780235450485}, "K73-D020": {"K73-D030": 103.5915024138147}, "K75A-D070": {"K75A-D080": 46.275153364538646}, "K73-D030": {"K73-D040": 115.77811183014776}, "K75A-D020": {"K75A-D030": 114.41054912957088}, "K74-D040": {"K74-D050": 77.04310086095359}, "K74-D050": {"K74-D060": 91.54777987159815}, "K75A-D090": {"K75A-D100": 51.85134557514465}, "K75A-D100": {"K75A-D110": 98.12235552803354}, "K73-U090": {"K73-U100": 114.40208273080573}, "K75A-D010": {"K75A-D020": 201.2711033162658}, "K74-U070": {"K74-U080": 169.05470484856943}, "K73-D110": {"K73-D120": 78.14185906004393}, "K75P-U030": {"K75P-U040": 123.07208150471024}, "K73-D120": {"K73-D130": 103.00162067881797}, "K75P-U100": {"K75P-U110": 61.779159476965944}, "K75P-U080": {"K75P-U090": 40.193987208445066}, "K74-U050": {"K74-U060": 227.38195448296673}, "K75P-U020": {"K75P-U030": 112.40286104510741}, "K74-U020": {"K74-U030": 116.82325765081912}, "K74-D100": {"K74-D110": 77.69932545141106}, "K75A-D110": {"K75A-U011": 159.46476669605414}, "K75A-U010": {"K75A-U020": 46.3333451829652}, "K75P-U110": {"K75P-U120": 90.08962318898146}, "K75P-U070": {"K75P-U080": 106.90214026883578}, "K73-U010": {"K73-U020": 78.4786987063338}, "K74-U010": {"K74-U020": 163.94681067558741}, "K75P-D010": {"K75P-D020": 136.08771986594553}, "K75A-D030": {"K75A-D040": 47.34737766426946}, "K74-U090": {"K74-U100": 204.31979118532192}, "K73-D040": {"K73-D050": 85.07202255981147}, "K74-D090": {"K74-U011": 62.908259447529986}, "K74-D110": {"K74-U002": 159.090954}, "K74-D080": {"K74-D090": 150.24231571800004}, "K74-U001": {"K74-U004": 146.5536858806241}, "K75P-D040": {"K75P-D050": 160.37299886297885}, "K74-U040": {"K74-U050": 167.71326291938144}, "K74-U060": {"K74-U070": 144.8716918381868}, "K74-D020": {"K74-D030": 149.92105788075284}, "K73-D050": {"K73-D070": 99.28671259286034}, "K74-U100": {"K74-D010": 129.32753935150578}, "K74-U030": {"K74-U040": 299.1442112817657}, "K74-D060": {"K74-D070": 151.03097810494032}, "K74-U004": {"K74-U007": 87.81717667580001}, "K74-D070": {"K74-D080": 234.2929723180463}}