{"KAT": {"DIH": 161.146899547746, "SUW": 125.19302062671002}}