{"LET": {"WCH": 156.70133856400935, "SOH": 104.73110141749575}}