{"MOK": {"YMT": 130.93871258960525, "PRE": 128.77830868263192}, "MOS": {"HEO": 132.81203402728798, "WKS": 167.8886777078349}}