{"NAC": {"OLY": 95.79759936802525, "MEF": 183.3027386003549, "LAK": 270.5418799146867, "AUS": 214.33311177762425}}