{"NOP": {"QUB": 130.62200096822443, "FOH": 130.50989302945277}}