{"OCP": {"ADM": 287.63196327937806, "WCH": 135.75449306366104}}