{"SHT": {"TAW": 163.2395521834331, "FOT": 150.23453768138592}, "SHS": {"LMC": 485.9651934114878, "FAN": 132.70773232423085, "LOW": 261.7547364470498}, "SHM": {"TSH": 218.13764617254145, "CIO": 112.73865641399998}, "SHW": {"CEN": 118.68525087393179, "SYP": 145.50746522171622}}