{"SIH": {"TIS": 389.4002782285553, "TUM": 154.45979989193663}}