{"SKW": {"SWH": 101.75069510452258, "HFC": 143.0518955756031}, "SKM": {"PRE": 128.13623177118333, "KOT": 136.38654641632004}}