{"SSP": {"CSW": 123.29308015731579, "PRE": 121.78838588208869}}