{"STW": {"CKT": 115.41083851817343, "CIO": 132.228646209186}}