{"SUN": {"DIS": 198.58233387484285, "TSY": 501.7253111741182, "TUC": 823.8869464681718}, "SUW": {"KAT": 121.50173497704, "TKW": 126.6187794}}