{"SWH": {"TAK": 122.47693465163556, "SKW": 121.38935411311877}}