{"TAW": {"HIK": 152.97102780306048, "KOT": 272.92878852897, "SHT": 126.43414492421591, "CKT": 270.15802951444124}, "TAP": {"UNI": 371.50735965732486, "TWO": 184.1609126315496}, "TAK": {"QUB": 132.9718510311847, "SWH": 128.82567668847477}}