{"TIS": {"LOP": 181.6341731954288, "SIH": 352.9277079807799}, "TIK": {"YAT": 137.54828069775334, "TKO": 290.83991381525425}, "TIH": {"FOH": 93.83246592785085, "CAB": 127.39724650781477}}