{"TUC": {"SUN": 835.6346190209949}, "TUM": {"SIH": 145.95115082790682}}