{"WAC": {"CAB": 176.20992976998127, "ADM": 131.89168160870366}}