{"YUL": {"KSR": 255.22741750150462, "LOP": 124.5238888832807}}