{"CIO": {"STW": 121.92555269772834, "SHM": 125.07924161700205}}