{"CKT": {"STW": 119.75206198560875, "TAW": 121.06643564741157}}