{"CSW": {"LCK": 116.91631328216195, "SSP": 128.6524437851024}}