{"DIS": {"SUN": 198.58233387484285}, "DIH": {"HIK": 297.5798502160386, "CHH": 126.82417461815639, "WTS": 123.61466269764283, "KAT": 177.23194808018667}}