{"HAH": {"TKO": 156.67690366799806, "POA": 141.29960721003388}}