{"HEO": {"TSH": 144.7368999377125, "MOS": 130.6431414056927}}