{"HIK": {"DIH": 318.31691152680173, "TAW": 147.5707234849759}}