{"HUH": {"EXC": 192.91771100733735, "ETS": 186.65540463868496, "MKK": 186.65851257832142, "HOM": 125.9322878741018}}