{"K75A-U010": {"K75A-U020": 44.210340895730006}, "K75A-D040": {"K75A-D050": 53.48774895202488}, "K75P-U090": {"K75P-U100": 44.24893491012604}, "K73-D100": {"K73-D110": 196.2661521575229}, "K76-U030": {"K76-U040": 265.37403881034015}, "K75P-U080": {"K75P-U090": 41.78758372238561}, "K75P-U060": {"K75P-U070": 32.11230675159119}, "K74-D040": {"K74-D050": 77.1141273829995}, "K76-D020": {"K76-D030": 143.27190704342848}, "K75P-D070": {"K75P-D080": 93.32256984040856}, "K73-D070": {"K73-D080": 189.3686637540444}, "K73-D010": {"K73-D020": 77.06545302410147}, "K75P-U040": {"K75P-U050": 116.23770029839334}, "K75P-U130": {"K75P-U140": 42.17462263426158}, "K73-U110": {"K73-U120": 245.27731492071825}, "K75P-D020": {"K75P-D030": 49.42547959775494}, "K73-U010": {"K73-U020": 70.94264216724059}, "K75P-U120": {"K75P-U130": 64.93240083574004}, "K73-U060": {"K73-U070": 132.1440106366433}, "K73-U040": {"K73-U050": 114.54498962917603, "K73-U060": 219.85011010659156}, "K75P-D040": {"K75P-D050": 175.89271535110552}, "K75P-U030": {"K75P-U040": 136.85873211044043}, "K73-U050": {"K73-U060": 113.75241015424308}, "K73-U080": {"K73-U110": 355.78559447433867, "K73-U090": 300.4726371659292}, "K75A-D090": {"K75A-D100": 51.31611347755472}, "K76-D030": {"K76-D040": 82.90008898665818}, "K74-D020": {"K74-D030": 145.02408229980523}, "K73-D130": {"K73-D140": 149.1833979942533}, "K75P-D010": {"K75P-D020": 135.28314640160994}, "K74-U011": {"K74-D100": 172.36876680936666}, "K73-D030": {"K73-D040": 124.09555506387558}, "K75A-D020": {"K75A-D030": 28.312470030358536}, "K75P-U050": {"K75P-U060": 163.50145724115202}, "K75P-D060": {"K75P-D070": 197.16121739304486}, "K73-U070": {"K73-U080": 170.04470680895216}, "K75P-D080": {"K75P-U011": 151.17450746193893}, "K76-U010": {"K76-U020": 36.00427623531722}, "K76-D010": {"K76-D020": 270.74836975431367}, "K76-U020": {"K76-U030": 173.64782755683038}, "K73-U090": {"K73-U100": 113.68784990690293}, "K73-U030": {"K73-U040": 96.31148609389285}, "K73-D080": {"K73-D090": 239.56801326469412}, "K73-U100": {"K73-U110": 264.77696967918394}, "K74-U100": {"K74-D010": 114.14111411778929}, "K73-D120": {"K73-D130": 94.51199102585767}, "K75A-D070": {"K75A-D080": 43.90227109154658}, "K75P-U110": {"K75P-U120": 86.4598707677213}, "K75P-U100": {"K75P-U110": 56.83807919612756}, "K75P-U140": {"K75P-D010": 155.1050887796634}, "K73-U020": {"K73-U030": 191.13532195911995}, "K74-D030": {"K74-D040": 115.90166635405053}, "K74-D080": {"K74-D090": 175.98666714801374}, "K74-D110": {"K74-U002": 180.40295321355484}, "K75A-D030": {"K75A-D040": 49.14211100495698}, "K75A-D060": {"K75A-D070": 39.660611731107714}, "K75A-D010": {"K75A-D020": 209.279930980186}, "K75P-D050": {"K75P-D060": 82.58229393176676}, "K75P-U070": {"K75P-U080": 96.04078465914048}, "K74-U020": {"K74-U030": 122.96923100000004}, "K73-D150": {"K73-D160": 52.68676034987775}, "K73-D050": {"K73-D070": 107.16567686463968}, "K75A-U020": {"K75A-U030": 139.24924721905796}, "K74-D050": {"K74-D060": 94.45348809799584}, "K73-D090": {"K73-D100": 81.75733535458389}, "K75A-D050": {"K75A-D060": 70.42025522917757}, "K75A-D100": {"K75A-D110": 103.35461510804816}, "K75P-D030": {"K75P-D040": 104.28163740540575}, "K74-D090": {"K74-U011": 77.76723115665096}, "K73-D040": {"K73-D050": 76.34480501319045}, "K73-D110": {"K73-D120": 88.00480413498052}, "K74-U070": {"K74-U080": 172.0439325228749}, "K73-D020": {"K73-D030": 109.45100804666842}, "K74-U030": {"K74-U040": 274.79793}, "K76-U040": {"K76-U050": 171.73761944132679}, "K75P-U010": {"K75P-U020": 103.2814205962139}, "K74-U004": {"K74-U007": 82.31300000000002}, "K74-U060": {"K74-U070": 141.53946380723602}, "K74-D100": {"K74-D110": 89.55280336035858}, "K74-D010": {"K74-D020": 157.1894564099129}, "K75A-U030": {"K75A-D010": 244.33160284113205}, "K73-D140": {"K73-D150": 214.40321381935692}, "K75A-D080": {"K75A-D090": 106.92711152896159}, "K75A-D110": {"K75A-U011": 160.8099415777588}, "K75P-U020": {"K75P-U030": 103.63220728118195}, "K74-U090": {"K74-U100": 193.14541812909803}, "K74-D070": {"K74-D080": 236.26928491577723}, "K74-D060": {"K74-D070": 252.5562455376907}, "K74-U080": {"K74-U090": 257.6303565}, "K74-U040": {"K74-U050": 136.44978675273}, "K74-U007": {"K74-U010": 217.25}, "K74-U010": {"K74-U020": 147.05746000000005}, "K74-U050": {"K74-U060": 197.37172000000004}}