{"KSR": {"YUL": 230.59482458178474, "TWW": 563.7762660995006}}