{"KWH": {"KWF": 131.70285855786972, "TWH": 174.57496262566593}, "KWT": {"NTK": 134.997426578773, "LAT": 124.28201726493303}, "KWF": {"KWH": 114.56059091495351, "LAK": 190.57583615708256}}