{"LET": {"WCH": 148.42899507179987, "SOH": 98.18523232720736}}