{"LOF": {"WTS": 126.21709362857239, "KOT": 130.67206179816034}, "LOP": {"TIS": 176.8180153865399, "YUL": 127.81466529576707}, "LOW": {"SHS": 223.89985058241092}}