{"MEF": {"LAK": 132.40107283232874, "NAC": 185.81601162708267, "TWW": 332.2123801083377, "LCK": 127.36431213933815}}