{"NOP": {"QUB": 129.14165288520715, "FOH": 131.75521795699697}}