{"NTK": {"KWT": 106.57952514369853, "KOB": 105.82478462674439}}