{"OLY": {"NAC": 132.6487050046277, "KOW": 131.3174299562945}}