{"PRE": {"SSP": 129.22540022595064, "MOK": 130.671343547737, "SKM": 126.08719837133621}}