{"SSP": {"PRE": 124.97067135507325, "CSW": 120.59906934838173}}