{"STW": {"CIO": 136.01249624196402, "CKT": 123.68240196136487}}