{"SYP": {"SHW": 147.9034548585576, "HKU": 107.06125236560088}}