{"TIK": {"TKO": 263.0629862617586, "YAT": 134.7204832658071}, "TIS": {"SIH": 340.25628535595416, "LOP": 179.69374731237755}, "TIH": {"FOH": 117.41593436789552, "CAB": 120.7084387779586}}