{"TKO": {"LHP": 131.4227571395621, "TIK": 288.8957514173245, "HAH": 208.03090131116497}, "TKW": {"SUW": 126.62988897303921, "HOM": 141.4996240336622}}