{"TUM": {"SIH": 149.82515570773234}, "TUC": {"SUN": 839.6431905714628}}