{"TWH": {"KWH": 127.86386574315846, "TSW": 74.21775973668593}, "TWO": {"FAN": 354.2148442104926, "TAP": 155.5939379781451}, "TWW": {"MEF": 296.348811365575, "KSR": 676.117492535512}}