{"UNI": {"TAP": 381.99307584335077, "FOT": 194.97185135625602}}