{"WAC": {"ADM": 128.51403464202892, "CAB": 189.69010530803422}}