{"WCH": {"LET": 172.11149919842498, "OCP": 129.19931902124898}}