{"YAT": {"TIK": 131.1262803298235, "LAT": 170.81475939378538, "QUB": 262.62437569223704}}