{"YUL": {"LOP": 132.13847553226384, "KSR": 253.29938734595513}}