{"AIR": {"TSY": 1715.9462166261678, "AWE": 123.26436131069445}}