{"EXC": {"HUH": 166.59683755945187, "ADM": 61.48804739420483}}