{"HAH": {"POA": 128.1151772853048, "TKO": 92.49537000000001}}