{"HUH": {"MKK": 190.4058540629476, "ETS": 497.2, "EXC": 232.8619759025718, "HOM": 135.28400000000005}}