{"JOR": {"YMT": 124.17218036195177, "TST": 112.63450856540967}}