{"K74-D020": {"K74-D030": 145.02516485828005}, "K76-D010": {"K76-D020": 170.4163079655331}, "K76-U030": {"K76-U040": 163.10084993813396}, "K73-U080": {"K73-U110": 151.50091940496995}}