{"KWF": {"LAK": 95.96029833200001, "KWH": 113.69723106730844}, "KWH": {"TWH": 163.13089857832838, "KWF": 94.17297380491001}, "KWT": {"LAT": 119.98036585158707, "NTK": 113.95609281952004}}