{"LCK": {"CSW": 101.7691166997924, "MEF": 124.92026041944055}}