{"LET": {"WCH": 159.49302597288604, "SOH": 108.87412774761643}}