{"LOF": {"WTS": 112.50756502192814, "KOT": 131.3484894840768}, "LOW": {"SHS": 261.7547364470498}, "LOP": {"YUL": 132.0, "TIS": 173.9447836932477}}