{"MEF": {"NAC": 181.0755054900588, "LAK": 151.73407322412595, "LCK": 118.30936026736133, "TWW": 339.61811021873166}}