{"MOK": {"YMT": 120.56510658215552, "PRE": 87.2664866334853}, "MOS": {"HEO": 158.40000000000003, "WKS": 164.36160731422407}}