{"NAC": {"LAK": 257.3170292431865, "OLY": 133.64978369506554, "MEF": 173.15251823072157, "AUS": 223.9504828191194}}