{"OCP": {"WCH": 114.39594833073056, "ADM": 287.63196243323864}}