{"QUB": {"YAT": 252.37070295627345, "NOP": 119.33691574713336, "TAK": 87.99682800980004}}