{"SHW": {"SYP": 119.27778193846639, "CEN": 109.6078119095747}, "SHT": {"TAW": 176.8891829223723, "FOT": 197.80413177890267}, "SHM": {"TSH": 230.49707709056588, "CIO": 134.20000000000002}, "SHS": {"LMC": 543.5187697195545, "FAN": 160.23413716615158, "LOW": 261.7548921135963}}