{"SIH": {"TUM": 154.4552038805112, "TIS": 389.40887284003105}}