{"SUN": {"DIS": 198.58233387484285, "TSY": 543.5762895706861, "TUC": 823.8869355398753}, "SUW": {"KAT": 122.09999999999998, "TKW": 154.0}}