{"TSY": {"LAK": 173.74344827982242, "AIR": 1583.543361550719, "KOW": 432.646705497583, "SUN": 410.0619857589196}, "TSW": {"TWH": 110.8001545964059}, "TST": {"ADM": 210.51135003052278, "JOR": 123.49262452416869}, "TSH": {"HEO": 124.31500000000001, "SHM": 216.39634839758492}}