{"UNI": {"FOT": 230.82655510746608, "TAP": 417.9166838301502}}