{"WCH": {"LET": 172.69803718153594, "OCP": 119.89969514741499}}