{"AIR": {"TSY": 1715.549132273225, "AWE": 94.05925214533862}}