{"CHH": {"DIH": 307.23385190386534, "KOB": 320.89184700000004}, "CHW": {"HFC": 174.73978905301027}}