{"DIS": {"SUN": 198.58233387484285}, "DIH": {"WTS": 120.63757999266552, "HIK": 329.702306736008, "KAT": 180.40000000000003, "CHH": 113.92400632938157}}