{"HAH": {"TKO": 135.42477030309658, "POA": 123.27816816519427}}