{"HKU": {"SYP": 116.4256149015981, "KET": 91.57231614304858}}