{"HUH": {"MKK": 241.04072064350265, "ETS": 497.2, "HOM": 135.39560000000006, "EXC": 232.9239804495835}}