{"JOR": {"YMT": 124.50732486358297, "TST": 111.58225028493435}}