{"KOW": {"HOK": 177.74210021727492, "TSY": 452.6433575793432, "OLY": 133.3788870501332}, "KOT": {"TAW": 274.4865825896575, "MKK": 199.41007244191923, "SKM": 142.67904934664259, "LOF": 100.04868950000002}, "KOB": {"CHH": 131.3, "NTK": 126.53196637904338}}