{"KWF": {"LAK": 98.70680000000002, "KWH": 113.96517380025762}, "KWH": {"TWH": 162.50412698354359, "KWF": 97.88051000000002}, "KWT": {"LAT": 119.17887078199988, "NTK": 114.95448715660874}}