{"LAK": {"TSY": 198.559225272473, "NAC": 263.1756500119769, "KWF": 149.26423623956458, "MEF": 139.5234534811205}, "LAT": {"YAT": 82.3033017746461, "KWT": 112.9951142136201}}