{"LCK": {"MEF": 123.62491178419432, "CSW": 101.40094446949547}}