{"LET": {"WCH": 159.48025778260367, "SOH": 107.06304987271088}}