{"LOF": {"WTS": 112.48966512069812, "KOT": 131.15430776549965}, "LOP": {"YUL": 132.0, "TIS": 181.31990753926382}, "LOW": {"SHS": 261.75484809068723}}