{"MEF": {"NAC": 179.92530594878755, "LCK": 116.2368807800076, "TWW": 342.0751102187317, "LAK": 143.20964096044153}}