{"NAC": {"MEF": 176.84483479881942, "LAK": 258.1303520105882, "OLY": 138.6566216770362, "AUS": 223.94681694147485}}