{"NOP": {"QUB": 124.4015721989859, "FOH": 102.97978349500004}}