{"NTK": {"KWT": 125.31255979900004, "KOB": 121.71476880368593}}