{"OLY": {"KOW": 134.33138944484324, "NAC": 133.7051199501511}}