{"PRE": {"MOK": 100.813991722691, "SSP": 121.46767922374875, "SKM": 106.1993098127372}}