{"SKM": {"PRE": 101.63947993000002, "KOT": 115.15405362936254}, "SKW": {"SWH": 108.09029117799003, "HFC": 202.7475005459385}}