{"SSP": {"CSW": 140.9075328915411, "PRE": 146.8587151630273}}