{"TAP": {"UNI": 417.7274295998083, "TWO": 127.0122343165867}, "TAW": {"SHT": 273.921841426744, "HIK": 171.55547000000004, "KOT": 335.95999878869316, "CKT": 141.82999999999998}, "TAK": {"QUB": 116.66774807029446, "SWH": 107.17841620764223}}