{"TIK": {"TKO": 231.12150103385997, "YAT": 152.5813593205867}, "TIS": {"LOP": 179.55501899572826, "SIH": 358.74352363053174}, "TIH": {"FOH": 97.6970916566875, "CAB": 111.08392631085856}}