{"TKO": {"TIK": 260.1363437474218, "LHP": 130.90298016003425, "HAH": 120.22001041575288}, "TKW": {"HOM": 138.6, "SUW": 132.0}}