{"UNI": {"FOT": 230.7356425016811, "TAP": 422.3616012586379}}