{"WAC": {"CAB": 133.06718891006415, "ADM": 123.71672174061136}}