{"YAT": {"QUB": 263.00520017459866, "TIK": 154.74229283700268, "LAT": 142.41749378688982}}