{"YMT": {"HOM": 164.52821159220784, "MOK": 125.26414484362809, "JOR": 118.31607176141615}}