{"1": {"2": 60.98763223787823, "6": 92.84377799920941}}