{"CHH": {"DIH": 95.60200658774303, "KOB": 67.18690542676545}, "CHW": {"HFC": 61.02988962740577}}