{"CIO": {"STW": 76.04891945199999, "SHM": 103.84260413999998}}