{"CSW": {"SSP": 82.41962291135066, "LCK": 102.00577176568999}}