{"ETS": {"AUS": 116.21058636690182, "HUH": 122.29403510558113}}