{"FOH": {"TIH": 100.78850547194298, "NOP": 58.98604662014033}, "FOT": {"UNI": 176.08297335282094, "SHT": 162.164518678035}}