{"HEO": {"MOS": 129.7813409050471, "TSH": 78.7741748601}}