{"HKU": {"KET": 93.33454469893098, "SYP": 95.62895234800737}}