{"HUH": {"MKK": 195.84630696502057, "EXC": 196.51428275840337, "ETS": 51.41141775000001, "HOM": 118.4001162875023}}