{"JOR": {"YMT": 101.84305313302839, "TST": 94.16115614509283}}