{"K17-U030": {"K17-U040": 41.507995092790864}, "K18-U020": {"K18-U030": 65.83087886774521}, "K18-D020": {"K18-D030": 54.63870241588786}, "K17-D020": {"K17-D030": 36.92529634239149}, "K18-D010": {"K18-D020": 254.9430349444849}, "K17-D010": {"K17-D020": 378.6092848654155}, "K12-U010": {"K12-U020": 307.4330361793849}, "K17-U020": {"K17-U030": 140.89811324146672}, "K12-U020": {"K12-U030": 246.81841991659013}, "K12-D010": {"K12-D020": 166.29850057134706}, "K18-U010": {"K18-U020": 223.01393553711213}, "K12-D030": {"K12-D040": 76.33121845078328}, "K12-D020": {"K12-D030": 376.8928433168684}, "K17-U010": {"K17-U020": 242.48900931101616}}