{"K66-D210": {"K66-D220": 171.24630861832057}, "K68-U030": {"K68-U040": 38.602409107585004}, "K66-U190": {"K66-U200": 75.6903230596684}, "K66-U010": {"K66-U020": 135.01288587097298}, "K65A-D060": {"K65A-D070": 87.67041502774387}, "K66-D190": {"K66-D200": 96.67353675043105}, "K65A-U040": {"K65A-U050": 85.56710077826813}, "K65-U190": {"K65-U200": 51.492442672694054}, "K66-U170": {"K66-U180": 39.27516063315178}, "K66-U120": {"K66-U130": 63.45597535395067}, "K65A-U060": {"K65A-U070": 57.62568580076227}, "K65-U070": {"K65-U080": 75.15983486971842}, "K65A-U110": {"K65A-U120": 82.67787195039408}, "K65-D090": {"K65-D100": 116.37068887455374}, "K66-D120": {"K66-D130": 66.34454288367452}, "K68-D030": {"K68-D040": 102.70741868624398}, "K66-D060": {"K66-D070": 41.06563751325377}, "K66-D230": {"K66-D240": 106.13232171395843}, "K66-D140": {"K66-D150": 102.45881332840949}, "K66-D100": {"K66-D110": 41.68620956646168}, "K65A-U100": {"K65A-U110": 68.91925102632517}, "K65-D020": {"K65-D030": 86.96984623749522}, "K65A-U050": {"K65A-U060": 56.577301404770296}, "K66-U140": {"K66-U150": 52.964704798611386}, "K66-U050": {"K66-U060": 51.73790136494349}, "K66-D030": {"K66-D040": 75.61751679317835}, "K65-U050": {"K65-U060": 125.05911469362414}, "K66-D040": {"K66-D050": 35.552340484170905}, "K68-U060": {"K68-U070": 100.77588322949563}, "K68-U150": {"K68-U160": 101.71913837877001}, "K66-U210": {"K66-U220": 50.61467299797122}, "K65-D160": {"K65-D170": 159.2454586363726}, "K66-D090": {"K66-D100": 41.6958446893472}, "K65-D050": {"K65-D060": 77.04044136817193}, "K65A-D100": {"K65A-D110": 205.33079703684248}, "K68-D180": {"K68-D190": 36.305926422803076}, "K65-U120": {"K65-U130": 192.89366961153968}, "K65-U210": {"K65-U220": 85.36230960490971}, "K68-U090": {"K68-U100": 151.242664828653}, "K68-D060": {"K68-D070": 103.66288170657364}, "K65A-U120": {"K65A-U130": 93.61960599776769}, "K66-D050": {"K66-D060": 44.174940238976596}, "K66-U160": {"K66-U170": 46.139021601206096}, "K66-U020": {"K66-U030": 191.75362098061584}, "K65A-U010": {"K65A-U020": 69.35655055162363}, "K65-U010": {"K65-U020": 273.6323027069349}, "K65-D170": {"K65-D180": 116.53362481559991}, "K66-D170": {"K66-D180": 227.16217445060457}, "K65-D130": {"K65-D140": 117.56542775816675}, "K65A-D090": {"K65A-D100": 123.51094221849787}, "K65A-U090": {"K65A-U100": 50.456634803433346}, "K66-D080": {"K66-D090": 56.7773287349504}, "K65-D100": {"K65-D110": 257.15765458963347}, "K65-U030": {"K65-U040": 130.13561497387502}, "K65-U110": {"K65-U120": 123.95898810016533}, "K68-D090": {"K68-D100": 159.25901568860021}, "K65A-U030": {"K65A-U040": 28.222508890177295}, "K65A-U080": {"K65A-U090": 76.13407510621923}, "K68-U050": {"K68-U060": 60.46491889988039}, "K66-D220": {"K66-D230": 79.00202230892}, "K68-U100": {"K68-U110": 208.3768343}, "K66-D070": {"K66-D080": 49.919322700317096}, "K65A-U020": {"K65A-U030": 215.88228334266418}, "K68-U130": {"K68-U140": 200.3080127427}, "K68-U070": {"K68-U080": 42.989360700000006}, "K66-U130": {"K66-U140": 57.25399322572131}, "K65-U100": {"K65-U110": 168.6846098177163}, "K65-D030": {"K65-D040": 76.49836316434947}, "K65-U180": {"K65-U190": 81.07464174061137}, "K65-U040": {"K65-U050": 106.47641416526908}, "K68-D160": {"K68-D170": 81.8392367023703}, "K66-U070": {"K66-U080": 229.5837557155829}, "K66-U060": {"K66-U070": 195.61215601008317}, "K65A-D070": {"K65A-D080": 131.26190421845092}, "K68-D100": {"K68-D110": 92.02292055610613}, "K66-U180": {"K66-U190": 73.65129602851707}, "K65-U160": {"K65-U170": 65.18767105809127}, "K65-D040": {"K65-D050": 95.41901254050401}, "K65-U150": {"K65-U160": 67.200411370252}, "K68-D200": {"K68-U011": 68.54177772926082}, "K68-U020": {"K68-U030": 49.737381035046894}, "K66-D110": {"K66-D120": 36.86552341395621}, "K65-D140": {"K65-D150": 118.28452192350201}, "K66-D150": {"K66-D160": 88.98479880169725}, "K68-D140": {"K68-D150": 30.664255924220818}, "K65A-D010": {"K65A-D020": 76.00601005136778}, "K66-D130": {"K66-D140": 42.71561875989339}, "K65-U060": {"K65-U070": 48.74870256600715}, "K66-D010": {"K66-D020": 19.110640610866074}, "K68-D120": {"K68-D130": 193.13200716447412}, "K65-U200": {"K65-U210": 70.56902394787059}, "K65-D010": {"K65-D020": 46.868984260545716}, "K65-U140": {"K65-U150": 97.56169394573818}, "K65-D180": {"K65-D190": 125.84002255316861}, "K68-U120": {"K68-U130": 197.623790376}, "K68-D040": {"K68-D050": 123.36900557838999}, "K66-U150": {"K66-U160": 66.89560183259898}, "K65-U080": {"K65-U090": 199.40484943132873}, "K68-D010": {"K68-D020": 45.61524661293079}, "K68-U110": {"K68-U120": 211.25897125600005, "K68-D090": 98.582}, "K65A-U070": {"K65A-U080": 55.04744392595376}, "K66-D180": {"K66-D190": 78.84613182965487}, "K65-D120": {"K65-D130": 68.02935229081827}, "K68-U010": {"K68-U020": 104.7793662604978}, "K68-D110": {"K68-D120": 107.35259380324378}, "K65A-D020": {"K65A-D030": 97.31060443368786}, "K66-D020": {"K66-D030": 76.56694800098187}, "K66-U040": {"K66-U050": 167.05756105280003}, "K68-D130": {"K68-D140": 69.45881433404938}, "K66-U080": {"K66-U090": 182.2068554029354}, "K65A-D040": {"K65A-D050": 100.37114104856542}, "K65A-D080": {"K65A-D090": 59.70741438466865}, "K65-D070": {"K65-D080": 119.8076905314833}, "K65-U170": {"K65-U180": 58.65210581615857}, "K66-U100": {"K66-U110": 90.5299338438169}, "K65-U020": {"K65-U030": 147.9160475933382}, "K66-U090": {"K66-U100": 61.96904181440054}, "K66-D160": {"K66-D170": 151.33794932778247}, "K65-U130": {"K65-U140": 33.23867156401729}, "K65-D110": {"K65-D120": 127.18478521182317}, "K66-U200": {"K66-U210": 60.80903941773479}, "K68-U160": {"K68-U170": 80.20075288704678}, "K65A-D030": {"K65A-D040": 80.69549644770566}, "K65-U090": {"K65-U100": 52.38065849071741}, "K68-U040": {"K68-U050": 70.90270974959722}, "K65A-D050": {"K65A-D060": 73.82411051625351}, "K66-U110": {"K66-U120": 46.82395680595247}, "K65-D060": {"K65-D070": 91.51231530814542}, "K68-D190": {"K68-D200": 48.29937060218555}, "K68-D050": {"K68-D060": 72.3358497466}, "K68-D020": {"K68-D030": 106.68544700000002}, "K66-D200": {"K66-D210": 141.14809065865336}, "K68-D150": {"K68-D160": 66.17286119009039}, "K65-D080": {"K65-D090": 57.04128328592643}, "K68-U140": {"K68-U150": 50.57457537}, "K66-U030": {"K66-U040": 235.36994650289998}, "K65-D150": {"K65-D160": 115.11609411653585}, "K65-U220": {"K65-U230": 87.93457650836652}, "K68-D170": {"K68-D180": 51.01363526286038}, "K68-U170": {"K68-D010": 171.09169365099999}, "K68-D080": {"K68-D090": 129.31599999999997}, "K68-D070": {"K68-D080": 220.727075}, "K68-U080": {"K68-U090": 56.050500000000014}}