{"K76-U020": {"K76-U030": 171.55341123321472}, "K76-D010": {"K76-D020": 242.66099336452285}, "K73-U040": {"K73-U060": 232.24143145105555, "K73-U050": 120.07231916138437}, "K75A-D030": {"K75A-D040": 52.77124697015521}, "K75P-D010": {"K75P-D020": 135.80213379282893}, "K76-U010": {"K76-U020": 10.567526744266804}, "K75A-U020": {"K75A-U030": 166.68288392650297}, "K73-U080": {"K73-U090": 296.8129852387528, "K73-U110": 372.05505058532333}, "K73-U020": {"K73-U030": 207.08484337755482}, "K75P-U120": {"K75P-U130": 76.1219471083907}, "K75A-U030": {"K75A-D010": 240.5360946440324}, "K76-D020": {"K76-D030": 122.73554146572262}, "K73-U110": {"K73-U120": 253.46061378681947}, "K73-U060": {"K73-U070": 135.51016677624966}, "K75P-D050": {"K75P-D060": 94.26790125506457}, "K75P-U080": {"K75P-U090": 50.240080315060624}, "K73-U070": {"K73-U080": 186.77922898034194}, "K74-U060": {"K74-U070": 151.35187157556726}, "K75A-D100": {"K75A-D110": 106.68454338364708}, "K75P-D040": {"K75P-D050": 179.85645124517072}, "K76-U030": {"K76-U040": 271.7862470844918}, "K74-D030": {"K74-D040": 133.540054867114}, "K75A-D060": {"K75A-D070": 51.85600199898454}, "K73-D100": {"K73-D110": 207.3629406503146}, "K75P-U020": {"K75P-U030": 100.56224909485438}, "K74-U004": {"K74-U007": 91.77521988243372}, "K76-U040": {"K76-U050": 191.7503101906375}, "K73-U030": {"K73-U040": 92.93304010115776}, "K73-D070": {"K73-D080": 206.95280136820142}, "K73-U090": {"K73-U100": 127.50873902189099}, "K74-D070": {"K74-D080": 251.41274236205194}, "K74-U050": {"K74-U060": 251.44613002205}, "K75P-U090": {"K75P-U100": 40.51852172222029}, "K75A-D070": {"K75A-D080": 46.86873048618836}, "K73-U050": {"K73-U060": 115.11707758310418}, "K75P-U130": {"K75P-U140": 44.48826482681183}, "K74-U030": {"K74-U040": 277.3306969475315}, "K75A-D080": {"K75A-D090": 123.4942480901349}, "K73-D020": {"K73-D030": 131.21659999596903}, "K74-U007": {"K74-U010": 241.5936363111743}, "K76-D030": {"K76-D040": 76.73888549543963}, "K73-D030": {"K73-D040": 134.47471203743078}, "K73-U010": {"K73-U020": 69.15964037052765}, "K75P-U070": {"K75P-U080": 108.59298898300403}, "K75P-U100": {"K75P-U110": 66.41935784932909}, "K74-U011": {"K74-D100": 199.34538135560337}, "K75A-D090": {"K75A-D100": 52.68131426585755}, "K75P-D030": {"K75P-D040": 119.38534576108768}, "K73-D110": {"K73-D120": 107.99217847168839}, "K75P-U050": {"K75P-U060": 206.5436969935909}, "K73-D140": {"K73-D150": 244.4186792548249}, "K75P-U010": {"K75P-U020": 99.14909376606911}, "K75P-D080": {"K75P-U011": 161.25808505315885}, "K75A-D050": {"K75A-D060": 73.03614439776183}, "K75P-U040": {"K75P-U050": 110.1111189022308}, "K75A-D110": {"K75A-U011": 210.1724607945583}, "K74-U001": {"K74-U004": 144.64243283568925}, "K75P-U060": {"K75P-U070": 29.666564521560588}, "K75P-U030": {"K75P-U040": 143.7460066134052}, "K73-U100": {"K73-U110": 309.81222073008973}, "K75P-D060": {"K75P-D070": 206.53169149831533}, "K73-D090": {"K73-D100": 91.5855672627104}, "K74-D010": {"K74-D020": 173.55588824677628}, "K75A-D020": {"K75A-D030": 34.644894426407056}, "K74-U040": {"K74-U050": 167.32985935384582}, "K74-U090": {"K74-U100": 228.69652722494112}, "K75P-U140": {"K75P-D010": 165.51476257325174}, "K74-D100": {"K74-D110": 94.04973366618341}, "K75P-U110": {"K75P-U120": 106.88598207011428}, "K73-D150": {"K73-D160": 61.96829194918227}, "K73-D040": {"K73-D050": 78.89827272817035}, "K74-U020": {"K74-U030": 140.17752948214138}, "K75P-D070": {"K75P-D080": 95.65471148728965}, "K75P-D020": {"K75P-D030": 35.47802696823949}, "K75A-U010": {"K75A-U020": 48.665048962960476}, "K75A-D010": {"K75A-D020": 221.8140656168598}, "K73-D080": {"K73-D090": 255.777982816063}, "K74-D080": {"K74-D090": 190.85115306580872}, "K73-D130": {"K73-D140": 161.98425354365628}, "K74-D040": {"K74-D050": 89.89465672798448}, "K73-D120": {"K73-D130": 116.08134555880747}, "K74-D060": {"K74-D070": 187.12753863178472}, "K74-U010": {"K74-U020": 155.4714248293477}, "K73-D010": {"K73-D020": 80.55510889870848}, "K74-U070": {"K74-U080": 166.77305126045385}, "K74-U100": {"K74-D010": 130.4955580932439}, "K75A-D040": {"K75A-D050": 57.038350814196406}, "K74-D110": {"K74-U002": 191.839805433609}, "K74-D090": {"K74-U011": 89.10896110611904}, "K74-U080": {"K74-U090": 252.4642250435648}, "K74-D020": {"K74-D030": 145.02339764528094}, "K73-D050": {"K73-D070": 114.77260214226268}, "K74-D050": {"K74-D060": 107.75387658730202}, "K75S-U011": {"K75S-U020": 672.1}, "K75S-U020": {"K75S-U030": 176.198}, "K75S-D030": {"K75S-U011": 197.59896488972203}, "K75S-D010": {"K75S-D020": 116.60000000000001}, "K75S-U030": {"K75S-U040": 132.32999999999998}, "K75S-U040": {"K75S-D010": 57.88090000000001}, "K75S-D020": {"K75S-D030": 187.415503}, "K76S-D020": {"K76S-D030": 150.70000000000002}, "K75S-U010": {"K75S-U020": 47.300000000000004}}