{"KAT": {"SUW": 114.54952067519999, "DIH": 112.00718621000003}}