{"LOW": {"SHS": 244.39795583229989}, "LOP": {"TIS": 183.6156667596411, "YUL": 125.88365387399999}, "LOF": {"WTS": 71.30391407972365, "KOT": 90.00926411015362}}