{"MOK": {"PRE": 112.47620102959988, "YMT": 107.0643805341351}, "MOS": {"HEO": 142.239372, "WKS": 157.65805693440143}}