{"NOP": {"FOH": 81.33131256705113, "QUB": 125.61744965259932}}