{"NTK": {"KWT": 45.6077013305889, "KOB": 101.26916459815705}}