{"OCP": {"ADM": 287.63195622910615, "WCH": 130.34271632213807}}