{"PRE": {"MOK": 107.47127743695978, "SKM": 70.79149009783866, "SSP": 95.67092757617839}}