{"QUB": {"YAT": 248.4867079436426, "TAK": 102.37476960343112, "NOP": 117.95153156398919}}