{"SHT": {"TAW": 141.56292761190664, "FOT": 161.3474232370238}, "SHS": {"LMC": 482.1917968868728, "LOW": 261.75484809068723, "FAN": 113.78305897190526}, "SHM": {"TSH": 227.9546867613829, "CIO": 91.42874840529115}, "SHW": {"CEN": 103.05635889147257, "SYP": 75.8683857467714}}