{"SIH": {"TUM": 154.44912309398632, "TIS": 377.3442253651298}}