{"SSP": {"CSW": 101.42676042185964, "PRE": 95.84123416995463}}