{"STW": {"CIO": 115.399155689697, "CKT": 71.66584428}}