{"SUN": {"DIS": 198.58233387484285, "TSY": 588.4590885351993, "TUC": 823.8869768126272}, "SUW": {"TKW": 64.229196372, "KAT": 120.05115094500002}}