{"SWH": {"TAK": 84.97274060372142, "SKW": 89.91220725186669}}