{"SYP": {"HKU": 71.19283664297545, "SHW": 143.52650347799081}}