{"TAW": {"KOT": 339.68055296064915, "CKT": 157.58854507786734, "SHT": 123.04244043687277, "HIK": 146.17279013033783}, "TAP": {"TWO": 215.90114121932274, "UNI": 415.22650077362084}, "TAK": {"QUB": 91.04950700952824, "SWH": 96.00696865068002}}