{"TIK": {"TKO": 171.03607678972716, "YAT": 124.90225532669236}, "TIH": {"FOH": 58.562876458499986, "CAB": 76.75870996449342}, "TIS": {"LOP": 176.01527479153066, "SIH": 356.31053244073064}}