{"TKO": {"LHP": 132.5895137870315, "TIK": 186.96662618912768, "HAH": 139.2858797523754}, "TKW": {"HOM": 123.29164720685003, "SUW": 120.109064487}}