{"TWO": {"FAN": 339.83756285876996, "TAP": 203.98281705302375}, "TWW": {"KSR": 658.818365833122, "MEF": 309.63401655170145}, "TWH": {"KWH": 81.03723247251818, "TSW": 74.49370969882287}}