{"UNI": {"FOT": 193.58287713310943, "TAP": 369.1266105349568}}