{"WTS": {"LOF": 98.78143300709218, "DIH": 108.76631986713532}}