{"YUL": {"KSR": 246.70855349735152, "LOP": 113.30592498690001}}