{"5": {"6": 114.68622397783722, "305": 85.37229277426246}}