{"AIR": {"TSY": 1313.069689366206, "AWE": 226.54065007038048}}