{"AUS": {"ETS": 128.63477162799998, "NAC": 213.55543453720747}}