{"CHW": {"HFC": 95.72033872651159}, "CHH": {"DIH": 132.96777692688326, "KOB": 133.52980107332792}}