{"CIO": {"SHM": 102.847903296, "STW": 129.99374002230002}}