{"CKT": {"TAW": 112.21129017882772, "STW": 130.79043045866}}