{"CSW": {"SSP": 130.13858482387784, "LCK": 79.17390849147837}}