{"FOH": {"NOP": 70.72974978466024, "TIH": 127.26777926110239}, "FOT": {"SHT": 161.19639606097266, "UNI": 160.40518814364995}}