{"HOK": {"KOW": 195.7181312093947}, "HOM": {"TKW": 147.549226011346, "HUH": 123.08425357920002, "WHA": 80.32905170327972, "YMT": 146.59297856516946}}