{"K17-D010": {"K17-D020": 300.8404281327137}, "K12-D030": {"K12-D040": 30.587322734763358}, "K18-D020": {"K18-D030": 76.51933982320651}, "K17-U030": {"K17-U040": 31.05462742742756}, "K18-U010": {"K18-U020": 188.63641849307731}, "K12-D010": {"K12-D020": 164.0136164226481}, "K12-U010": {"K12-U020": 284.39977063481444}, "K12-D020": {"K12-D030": 330.1896092679096}, "K17-D020": {"K17-D030": 64.46805464423282}, "K18-U020": {"K18-U030": 57.41760877291358}, "K18-D010": {"K18-D020": 240.58329556807786}, "K17-U010": {"K17-U020": 300.66764821870316}, "K17-U020": {"K17-U030": 147.43585211346436}, "K12-U020": {"K12-U030": 215.06177900208218}, "K14-D020": {"K14-D030": 15.211338999999999}}