{"K75P-U130": {"K75P-U140": 46.04449609777584}, "K76-U030": {"K76-U040": 249.40832980736468}, "K75P-U080": {"K75P-U090": 37.753680128885264}, "K74-U100": {"K74-D010": 122.36757111269146}, "K73-U030": {"K73-U040": 91.86073110959327}, "K75A-D070": {"K75A-D080": 47.79792365824752}, "K73-D010": {"K73-D020": 76.90047058586923}, "K76-D030": {"K76-D040": 79.62368656736665}, "K73-D050": {"K73-D070": 104.08928719233336}, "K75P-D040": {"K75P-D050": 167.5703575533846}, "K73-U040": {"K73-U050": 115.9028419996893, "K73-U060": 234.41585222518057}, "K75P-U090": {"K75P-U100": 35.18239765965499}, "K75A-D100": {"K75A-D110": 101.06381884172455}, "K75A-U020": {"K75A-U030": 135.19486740618476}, "K73-U100": {"K73-U110": 247.1204258482956}, "K73-D070": {"K73-D080": 179.87512887282205}, "K74-D110": {"K74-U002": 151.76963850807743}, "K74-U011": {"K74-D100": 156.68327353539115}, "K75A-D060": {"K75A-D070": 39.008129633572835}, "K76-D020": {"K76-D030": 120.36918225158358}, "K74-D030": {"K74-D040": 160.3793421042733}, "K75P-U120": {"K75P-U130": 65.64811735867629}, "K76-D010": {"K76-D020": 264.9476556302181}, "K75A-D080": {"K75A-D090": 119.10644426376875}, "K74-D100": {"K74-D110": 80.67836169880786}, "K75P-U070": {"K75P-U080": 105.18530932137699}, "K75P-D070": {"K75P-D080": 88.81366644663576}, "K75P-D080": {"K75P-U011": 129.51635167664165}, "K73-U090": {"K73-U100": 115.31720069218557}, "K75A-D040": {"K75A-D050": 58.20977204509323}, "K73-U070": {"K73-U080": 153.07763909976217}, "K73-D090": {"K73-D100": 86.23880956846287}, "K73-D040": {"K73-D050": 87.30352475578118}, "K73-U060": {"K73-U070": 143.74610362973516}, "K74-U030": {"K74-U040": 286.5594267180675}, "K75A-D090": {"K75A-D100": 49.334577883942444}, "K74-U040": {"K74-U050": 165.93562414330003}, "K73-D120": {"K73-D130": 104.2075961035943}, "K73-U050": {"K73-U060": 124.6820721226915}, "K73-U080": {"K73-U090": 287.7419002910318, "K73-U110": 235.57649101507477}, "K73-D080": {"K73-D090": 252.0497199952656}, "K75A-D030": {"K75A-D040": 43.44421914087575}, "K75P-D030": {"K75P-D040": 124.78550165100474}, "K75P-U110": {"K75P-U120": 90.03115806348998}, "K75P-D050": {"K75P-D060": 90.6115114788126}, "K75P-U100": {"K75P-U110": 58.91376013567189}, "K75P-D010": {"K75P-D020": 126.84706298337464}, "K75P-D060": {"K75P-D070": 185.74128677719887}, "K75P-U020": {"K75P-U030": 107.1181878667146}, "K76-U020": {"K76-U030": 183.7449152529221}, "K76-U010": {"K76-U020": 20.351099509844264}, "K73-U020": {"K73-U030": 179.37093943625075}, "K74-D060": {"K74-D070": 149.16467308449987}, "K75P-D020": {"K75P-D030": 37.769207785960866}, "K75A-D110": {"K75A-U011": 176.52760008652345}, "K73-U110": {"K73-U120": 229.81581961774145}, "K76-U040": {"K76-U050": 198.97473089797805}, "K74-D010": {"K74-D020": 135.93116034454795}, "K75P-U060": {"K75P-U070": 28.808721902107504}, "K74-U010": {"K74-U020": 176.01484430026707}, "K73-U010": {"K73-U020": 68.63291766789182}, "K75P-U040": {"K75P-U050": 108.39240351699337}, "K75A-U010": {"K75A-U020": 43.820497201239235}, "K74-U090": {"K74-U100": 205.72744941194873}, "K75A-D010": {"K75A-D020": 210.82667901946243}, "K75A-D050": {"K75A-D060": 85.11088982583586}, "K73-D140": {"K73-D150": 185.35446059135435}, "K74-U060": {"K74-U070": 138.7850329734835}, "K73-D110": {"K73-D120": 68.47293479874227}, "K73-D030": {"K73-D040": 130.08918474326157}, "K73-D100": {"K73-D110": 186.75260931389707}, "K74-U070": {"K74-U080": 164.01587961895035}, "K75A-D020": {"K75A-D030": 25.464977135984764}, "K74-D040": {"K74-D050": 75.602727580091}, "K73-D020": {"K73-D030": 97.38647151911739}, "K74-D050": {"K74-D060": 96.63506412834656}, "K75P-U140": {"K75P-D010": 144.20174096947443}, "K74-U080": {"K74-U090": 226.89763453121546}, "K74-U001": {"K74-U004": 146.82245719106277}, "K75P-U010": {"K75P-U020": 93.13235732131736}, "K75A-U030": {"K75A-D010": 237.261248366999}, "K75P-U030": {"K75P-U040": 120.44129711349686}, "K74-D080": {"K74-D090": 164.22629427316843}, "K74-D070": {"K74-D080": 263.1522381436065}, "K74-U004": {"K74-U007": 104.46850260000004}, "K74-D020": {"K74-D030": 149.82105788075285}, "K73-D130": {"K73-D140": 131.41111973571682}, "K75P-U050": {"K75P-U060": 131.86413639618806}, "K73-D150": {"K73-D160": 41.40818958126039}, "K74-D090": {"K74-U011": 70.45530099999999}, "K74-U020": {"K74-U030": 144.1928856647246}, "K74-U050": {"K74-U060": 222.60944468571225}, "K74-U007": {"K74-U010": 229.8563984328733}}