{"KSR": {"TWW": 712.024311978372, "YUL": 233.95638396054164}}