{"KWH": {"TWH": 96.83649976002539, "KWF": 130.78148902235893}, "KWF": {"KWH": 95.32550672409327, "LAK": 181.13464926393965}, "KWT": {"LAT": 90.72599525592929, "NTK": 131.3744394961746}}