{"LAK": {"TSY": 194.64233951787782, "MEF": 133.50529562603896, "NAC": 259.2428118426968, "KWF": 87.15594310368678}, "LAT": {"YAT": 93.64187228557817, "KWT": 130.31584743358036}}