{"LCK": {"CSW": 132.11646019599482, "MEF": 65.6209393842635}}