{"LET": {"WCH": 156.13281809049676, "SOH": 106.07946527723713}}