{"LOP": {"TIS": 183.6236841764714, "YUL": 105.86775116344515}, "LOF": {"WTS": 101.4171183182344, "KOT": 127.82406320495559}, "LOW": {"SHS": 219.6404229586607}}