{"MEF": {"TWW": 333.5339577475008, "LAK": 126.61503697321307, "NAC": 173.1498164431327, "LCK": 115.66586313668192}}