{"MKK": {"HUH": 197.83713233877916, "KOT": 136.37830926739542}}