{"MOK": {"YMT": 128.04908280612568, "PRE": 125.1708137611228}, "MOS": {"HEO": 134.08236275419455, "WKS": 167.49095776367594}}