{"NAC": {"AUS": 207.87324589997974, "LAK": 253.1131374508434, "MEF": 166.2292566223047, "OLY": 86.08554321449347}}