{"NTK": {"KWT": 24.97243326, "KOB": 128.4570942662328}}