{"OLY": {"KOW": 130.15227574134707, "NAC": 134.25134470319043}}