{"QUB": {"YAT": 258.36358866538234, "TAK": 88.77017581815551, "NOP": 118.6412742774211}}