{"SHS": {"FAN": 122.68827190021031, "LOW": 261.75471466630455, "LMC": 466.414773214236}, "SHW": {"CEN": 110.68214435065279, "SYP": 124.17076495240137}, "SHT": {"FOT": 153.79480147772432, "TAW": 171.48638448994302}, "SHM": {"TSH": 216.68070207614306, "CIO": 89.93868070033}}