{"STW": {"CKT": 113.97013731534521, "CIO": 130.86639382200002}}