{"SUN": {"DIS": 198.58233387484285, "TUC": 823.8866826593621, "TSY": 593.9223989219275}, "SUW": {"KAT": 108.4874812626, "TKW": 136.87499899999995}}