{"SYP": {"HKU": 93.18648319883103, "SHW": 149.9388279656319}}