{"TAP": {"UNI": 418.03180418417816, "TWO": 187.21761080890084}, "TAW": {"CKT": 211.03667115509165, "KOT": 287.34680280591436, "HIK": 159.99320663489812, "SHT": 114.92056111520924}, "TAK": {"QUB": 126.44818821186769, "SWH": 64.80636182426184}}