{"TKO": {"TIK": 285.92548682168064, "LHP": 132.87763385037948, "HAH": 194.22118810091004}, "TKW": {"SUW": 131.498364140583, "HOM": 129.14601118870002}}