{"TSY": {"AIR": 1378.8317529058218, "KOW": 451.0741018529378, "SUN": 748.9764816866912, "LAK": 194.47758623065326}, "TST": {"ADM": 185.15916137881285, "JOR": 96.26696361684299}, "TSH": {"SHM": 224.6710422020438, "HEO": 129.02872927209398}, "TSW": {"TWH": 69.13102248415693}}