{"TWO": {"FAN": 356.9240346538889, "TAP": 177.5586258618826}, "TWW": {"MEF": 335.17395774750076, "KSR": 676.8151433327166}, "TWH": {"TSW": 78.52255847452737, "KWH": 132.94988101334994}}