{"UNI": {"FOT": 191.3314011095034, "TAP": 380.665826956178}}