{"WAC": {"CAB": 171.3653273549981, "ADM": 128.52329095288465}}