{"WCH": {"LET": 189.1846191643354, "OCP": 125.37682040674534}}