{"YMT": {"HOM": 122.3107789670029, "JOR": 129.8510052907772, "MOK": 100.42657000422119}}