{"YUL": {"LOP": 85.2023706, "KSR": 240.96930021068957}}