{"CIO": {"SHM": 118.10970586, "STW": 124.39795578620041}}