{"CSW": {"LCK": 75.86790106978592, "SSP": 81.72888021633534}}