{"ETS": {"HUH": 101.4044254888, "AUS": 192.62160000000006}}