{"EXC": {"HUH": 167.27220433356845, "ADM": 80.61163944991914}}