{"HAH": {"TKO": 120.14889716519892, "POA": 118.8349507064243}}