{"HKU": {"SYP": 91.6935701686243, "KET": 92.06732351572666}}