{"K65-D170": {"K65-D180": 112.1755602310197}, "K66-D020": {"K66-D030": 80.5165522547116}, "K65-U020": {"K65-U030": 144.23590088774128}, "K65-U050": {"K65-U060": 111.10713177593497}, "K65A-D020": {"K65A-D030": 85.07896982935115}, "K65-D050": {"K65-D060": 76.45741345004504}, "K68-U080": {"K68-U090": 68.169908543}, "K65-D150": {"K65-D160": 117.2449448484659}, "K65A-U060": {"K65A-U070": 55.23078815326393}, "K65-U060": {"K65-U070": 40.108011575032165}, "K65-U120": {"K65-U130": 178.72541801145266}, "K66-D040": {"K66-D050": 40.169150548114736}, "K68-D200": {"K68-U011": 75.69605476875088}, "K66-D010": {"K66-D020": 29.66181710002474}, "K65A-D080": {"K65A-D090": 55.94591010996688}, "K68-U110": {"K68-U120": 205.55852938429}, "K65-D020": {"K65-D030": 83.88555302426813}, "K65-D070": {"K65-D080": 123.39868494642856}, "K65-D140": {"K65-D150": 113.69300883343647}, "K66-D190": {"K66-D200": 91.48323313888041}, "K65A-D090": {"K65A-D100": 117.18641438966847}, "K65A-U090": {"K65A-U100": 49.92107876584846}, "K65-D040": {"K65-D050": 92.74189084975238}, "K65-D130": {"K65-D140": 125.61030982206891}, "K68-D010": {"K68-D020": 52.82507805567161}, "K65A-U030": {"K65A-U040": 28.29750457401185}, "K66-U080": {"K66-U090": 182.93798328254016}, "K65A-U100": {"K65A-U110": 59.727296673559366}, "K65A-U020": {"K65A-U030": 192.83856207564753}, "K65A-D050": {"K65A-D060": 69.2049681120463}, "K65-U170": {"K65-U180": 58.91414793226302}, "K65-D030": {"K65-D040": 62.36173085783879}, "K68-D050": {"K68-D060": 85.95511266419112}, "K68-D190": {"K68-D200": 39.134983241247404}, "K65A-U010": {"K65A-U020": 68.60154454910187}, "K68-U050": {"K68-U060": 66.13647516938985}, "K66-U070": {"K66-U080": 249.20618860630353}, "K66-U100": {"K66-U110": 81.36933682931036}, "K65-U180": {"K65-U190": 84.1743640065156}, "K66-D070": {"K66-D080": 52.798896025808084}, "K65-D100": {"K65-D110": 264.9912515562279}, "K65-D160": {"K65-D170": 159.2818655506286}, "K65A-U050": {"K65A-U060": 54.63451386447035}, "K66-U120": {"K66-U130": 62.930308153980775}, "K66-D170": {"K66-D180": 234.15616940147612}, "K65-U220": {"K65-U230": 90.51858833180772}, "K65A-D010": {"K65A-D020": 53.38244307628828}, "K68-D170": {"K68-D180": 41.330608}, "K68-D110": {"K68-D120": 111.36228266574003}, "K66-D230": {"K66-D240": 100.09289999517378}, "K66-U200": {"K66-U210": 59.060121399866446}, "K66-U190": {"K66-U200": 68.08718303492924}, "K65-D110": {"K65-D120": 126.09600188422424}, "K68-D090": {"K68-D100": 163.34594397589905}, "K66-D180": {"K66-D190": 155.37799773132207}, "K66-U040": {"K66-U050": 158.29156286711998}, "K66-D120": {"K66-D130": 66.78223394904212}, "K65-U080": {"K65-U090": 181.68965598841268}, "K65A-D030": {"K65A-D040": 64.28295267784355}, "K65-U130": {"K65-U140": 29.534706163006746}, "K65A-U120": {"K65A-U130": 89.6200048220654}, "K66-U090": {"K66-U100": 59.319364060999575}, "K66-D090": {"K66-D100": 44.89466643713374}, "K65-D090": {"K65-D100": 114.58541178536832}, "K66-U180": {"K66-U190": 65.1635069173951}, "K66-D200": {"K66-D210": 140.0708659887046}, "K65A-D070": {"K65A-D080": 129.3927574584979}, "K66-D060": {"K66-D070": 43.617906142196986}, "K65A-D040": {"K65A-D050": 82.47200234528839}, "K66-U050": {"K66-U060": 62.13098024356202}, "K66-U150": {"K66-U160": 57.57283603427139}, "K65-U110": {"K65-U120": 120.71953986904641}, "K65A-U080": {"K65A-U090": 71.19625152539706}, "K65-U160": {"K65-U170": 60.21973531258625}, "K68-U060": {"K68-U070": 99.37240221398176}, "K65A-U040": {"K65A-U050": 89.12856475057932}, "K66-U140": {"K66-U150": 88.85656390663335}, "K65-D180": {"K65-D190": 131.790764160436}, "K66-U110": {"K66-U120": 46.25317510449544}, "K65A-U110": {"K65A-U120": 81.97896512119895}, "K66-D110": {"K66-D120": 39.82716909974726}, "K65-U100": {"K65-U110": 159.4446873603231}, "K65-U190": {"K65-U200": 55.77501842044917}, "K65A-D100": {"K65A-D110": 250.83717162596236}, "K66-D140": {"K66-D150": 107.43541852460305}, "K68-U130": {"K68-U140": 188.86819895281812}, "K66-U130": {"K66-U140": 61.60588136516594}, "K65-U090": {"K65-U100": 143.63567835379186}, "K66-U160": {"K66-U170": 49.42243530179174}, "K66-U170": {"K66-U180": 37.320702146538956}, "K68-D080": {"K68-D090": 101.69064700599803}, "K68-D060": {"K68-D070": 117.99150278300006}, "K65-D120": {"K65-D130": 68.51433666295704}, "K68-D120": {"K68-D130": 194.0977469077387}, "K65A-U070": {"K65A-U080": 50.163553848992485}, "K65-U140": {"K65-U150": 90.70679314177016}, "K65-D060": {"K65-D070": 103.5657522355679}, "K68-U120": {"K68-U130": 191.87097760906903}, "K65-U200": {"K65-U210": 74.74155522288773}, "K68-U070": {"K68-U080": 54.60390376085943}, "K66-U060": {"K66-U070": 195.50276075377505}, "K65-U010": {"K65-U020": 262.9131295677938}, "K65-U030": {"K65-U040": 112.12068361372935}, "K68-U020": {"K68-U030": 46.09260437122001}, "K68-U150": {"K68-U160": 103.26554412130001}, "K66-D050": {"K66-D060": 43.777508047695065}, "K65-U150": {"K65-U160": 63.70951924726528}, "K65-U210": {"K65-U220": 81.1478646022933}, "K68-D100": {"K68-D110": 94.12718027306002}, "K68-U100": {"K68-U110": 219.21608998734297}, "K68-D180": {"K68-D190": 35.54291597612}, "K66-U210": {"K66-U220": 50.951943057820024}, "K65A-D060": {"K65A-D070": 83.45773378936612}, "K65-U040": {"K65-U050": 96.32484214128206}, "K66-D130": {"K66-D140": 41.321103731490176}, "K68-U170": {"K68-D010": 170.00735702214}, "K66-D080": {"K66-D090": 65.14454646502008}, "K68-D160": {"K68-D170": 85.01080701003033}, "K66-D100": {"K66-D110": 48.208720199892596}, "K68-D040": {"K68-D050": 125.4236828753076}, "K68-U040": {"K68-U050": 67.389759017604}, "K65-D080": {"K65-D090": 66.81793005719626}, "K66-D220": {"K66-D230": 85.44421051354655}, "K65-D010": {"K65-D020": 42.24745207117946}, "K66-U030": {"K66-U040": 206.31660441008657}, "K68-D140": {"K68-D150": 31.00956095589307}, "K65-U070": {"K65-U080": 72.55131111080452}, "K68-U140": {"K68-U150": 56.726125210000006}, "K68-U090": {"K68-U100": 143.14428348121947}, "K68-D070": {"K68-D080": 169.26126138538547}, "K68-U010": {"K68-U020": 90.94057157570002}, "K66-D030": {"K66-D040": 79.88538029793537}, "K66-U020": {"K66-U030": 216.0323376725217}, "K68-U160": {"K68-U170": 79.3433411093194}, "K66-D160": {"K66-D170": 153.7415668661183}, "K68-U030": {"K68-U040": 36.0895997793}, "K68-D150": {"K68-D160": 65.95140182576003}, "K66-D150": {"K66-D160": 78.74511863748202}, "K68-D020": {"K68-D030": 97.67459048380002}, "K68-D130": {"K68-D140": 67.51468450750659}, "K68-D030": {"K68-D040": 130.39886673}, "K66-D210": {"K66-D220": 178.156401327421}, "K66-U010": {"K66-U020": 146.03928375223285}}