{"K73-D100": {"K73-D110": 210.41721328267462}, "K75A-U030": {"K75A-D010": 250.8554494273495}, "K73-U060": {"K73-U070": 134.69234408050914}, "K73-U080": {"K73-U110": 370.7655701094967, "K73-U090": 297.34228180266854}, "K76-U040": {"K76-U050": 179.47007547155437}, "K75P-D060": {"K75P-D070": 193.26330632422366}, "K75P-U070": {"K75P-U080": 106.35586011250898}, "K73-U110": {"K73-U120": 251.39159912195487}, "K73-D010": {"K73-D020": 81.0613544274201}, "K73-U040": {"K73-U060": 227.68500663390628, "K73-U050": 117.95253451412907}, "K76-U030": {"K76-U040": 222.2548685832935}, "K74-U100": {"K74-D010": 128.96823596882817}, "K73-D110": {"K73-D120": 100.10897001549348}, "K73-U070": {"K73-U080": 168.94306865798782}, "K74-D060": {"K74-D070": 179.5355580867086}, "K74-U060": {"K74-U070": 137.614129643076}, "K73-D030": {"K73-D040": 135.94505618185218}, "K73-U050": {"K73-U060": 121.03329680335519}, "K73-D070": {"K73-D080": 201.91924767407218}, "K75P-U100": {"K75P-U110": 61.997927860198615}, "K73-D020": {"K73-D030": 122.37519932655059}, "K75P-U140": {"K75P-D010": 154.5422431282867}, "K75P-U080": {"K75P-U090": 46.48681104432882}, "K75P-D070": {"K75P-D080": 96.90348353789798}, "K75P-U010": {"K75P-U020": 107.22121859982401}, "K75P-U120": {"K75P-U130": 72.37705697475934}, "K73-U030": {"K73-U040": 95.1630093633814}, "K76-D010": {"K76-D020": 283.56879219553485}, "K75P-D080": {"K75P-U011": 149.827032145332}, "K75A-D010": {"K75A-D020": 216.25292245031596}, "K75A-D100": {"K75A-D110": 116.21450307155685}, "K76-U010": {"K76-U020": 71.51776669744892}, "K75P-D010": {"K75P-D020": 141.84725791662603}, "K76-D020": {"K76-D030": 139.15106969543848}, "K73-U010": {"K73-U020": 66.63058449421578}, "K75A-D110": {"K75A-U011": 207.05129991770656}, "K75P-U090": {"K75P-U100": 42.10902592484594}, "K76-U020": {"K76-U030": 167.58452814616896}, "K75P-D030": {"K75P-D040": 124.30334020497389}, "K75P-U020": {"K75P-U030": 105.7379450892151}, "K75P-D020": {"K75P-D030": 35.31605188897607}, "K75P-U130": {"K75P-U140": 42.82103549892578}, "K75P-D050": {"K75P-D060": 88.47501450789932}, "K75A-U020": {"K75A-U030": 156.8026609502154}, "K73-D130": {"K73-D140": 151.15600319273065}, "K75A-D030": {"K75A-D040": 52.41465613617582}, "K76-D030": {"K76-D040": 83.28429441829194}, "K74-U004": {"K74-U007": 95.26328188998579}, "K74-D080": {"K74-D090": 181.59375736059977}, "K73-D090": {"K73-D100": 87.80870028250932}, "K75A-D090": {"K75A-D100": 59.36825096626901}, "K75A-D040": {"K75A-D050": 54.8718368534865}, "K74-D090": {"K74-U011": 82.70347664113886}, "K75A-U010": {"K75A-U020": 48.42072824011408}, "K75P-U110": {"K75P-U120": 91.60914346118824}, "K75A-D080": {"K75A-D090": 159.94853748209124}, "K74-U080": {"K74-U090": 243.5751302976279}, "K74-D070": {"K74-D080": 250.03704567695794}, "K74-U001": {"K74-U004": 149.40508189856183}, "K73-U090": {"K73-U100": 128.35637456545174}, "K74-D030": {"K74-D040": 130.15557368925818}, "K73-U100": {"K73-U110": 303.4361958384362}, "K75A-D020": {"K75A-D030": 27.675839530119237}, "K74-D100": {"K74-D110": 95.19639130072179}, "K73-D140": {"K73-D150": 237.90903115147927}, "K75A-D050": {"K75A-D060": 71.61932184932758}, "K75A-D060": {"K75A-D070": 51.63415152189846}, "K75P-D040": {"K75P-D050": 169.0073174932948}, "K74-D040": {"K74-D050": 86.15344253531171}, "K75A-D070": {"K75A-D080": 50.263869576949006}, "K74-U011": {"K74-D100": 188.7628132377185}, "K74-U070": {"K74-U080": 153.07169335014905}, "K74-D020": {"K74-D030": 155.4708240964089}, "K74-U020": {"K74-U030": 140.51600441213733}, "K75P-U060": {"K75P-U070": 29.83890327133836}, "K73-D120": {"K73-D130": 111.26298485963142}, "K73-D050": {"K73-D070": 113.92995139450836}, "K73-U020": {"K73-U030": 201.37942693035808}, "K75P-U050": {"K75P-U060": 179.59551191411006}, "K73-D150": {"K73-D160": 57.958580636529106}, "K73-D080": {"K73-D090": 259.1631088806671}, "K74-D010": {"K74-D020": 167.31696125121698}, "K74-U010": {"K74-U020": 169.60330120579442}, "K74-U040": {"K74-U050": 184.2833808687873}, "K74-U090": {"K74-U100": 233.8901473252703}, "K75P-U030": {"K75P-U040": 138.7993132029948}, "K74-U030": {"K74-U040": 282.98979931469813}, "K75P-U040": {"K75P-U050": 121.3628130554411}, "K73-D040": {"K73-D050": 84.3711295461949}, "K74-D050": {"K74-D060": 103.97116902533091}, "K74-U050": {"K74-U060": 268.98981999305096}, "K74-U007": {"K74-U010": 264.6915517204542}, "K74-D110": {"K74-U002": 180.36155047737185}, "K75S-U040": {"K75S-D010": 60.718435954000014}, "K75S-D030": {"K75S-U011": 210.75559999999996}, "K75S-D020": {"K75S-D030": 178.8935425464}, "K75S-D010": {"K75S-D020": 115.50000000000001}, "K75S-U011": {"K75S-U020": 70.4}, "K75S-U020": {"K75S-U030": 167.64000000000001}, "K75S-U010": {"K75S-U020": 48.400000000000006}, "K75S-U030": {"K75S-U040": 140.8}}