{"KAT": {"SUW": 119.30187384548, "DIH": 175.30260000000004}}