{"KOW": {"HOK": 177.74210021650677, "OLY": 130.29647614102896, "TSY": 535.3450573809802}, "KOT": {"TAW": 309.06559421986356, "MKK": 178.1460576102723, "LOF": 83.1138996654745, "SKM": 107.5234886213677}, "KOB": {"CHH": 144.08288485016564, "NTK": 95.1262708711874}}