{"KWH": {"KWF": 102.4589870924112, "TWH": 96.27947267472334}, "KWF": {"LAK": 70.54982476579033, "KWH": 96.68350843231602}, "KWT": {"LAT": 94.89504225798868, "NTK": 94.9689756315434}}