{"LCK": {"MEF": 102.87767503887324, "CSW": 74.0096097705053}}