{"MKK": {"HUH": 194.39781296244124, "KOT": 124.16462899541962}}