{"MOS": {"HEO": 129.145069453312, "WKS": 161.3447347917134}, "MOK": {"YMT": 107.93275573537949, "PRE": 111.14285969776651}}