{"NOP": {"QUB": 124.91720323739689, "FOH": 67.68871651027828}}