{"NTK": {"KWT": 73.0058638219499, "KOB": 89.40145557606634}}