{"OLY": {"NAC": 130.25804625235827, "KOW": 128.95945429441787}}