{"PRE": {"MOK": 101.97312910285241, "SKM": 92.54970334248569, "SSP": 86.27100191911775}}