{"SUN": {"DIS": 198.58233387484285, "TSY": 536.9511917135113, "TUC": 823.8869511270772}, "SUW": {"KAT": 133.13703041390232, "TKW": 132.0}}