{"TAP": {"UNI": 401.8695884874284, "TWO": 152.7380574481438}, "TAW": {"KOT": 293.81518397360696, "SHT": 100.29062236671957, "HIK": 107.06035793463403, "CKT": 101.05922607000001}, "TAK": {"QUB": 102.47533917825012, "SWH": 94.4520916832628}}