{"TIK": {"YAT": 131.61137020200286, "TKO": 186.66832353180976}, "TIH": {"CAB": 71.96087861166082, "FOH": 105.02255872319442}, "TIS": {"LOP": 159.8242666862328, "SIH": 356.4493948911651}}