{"TWO": {"TAP": 149.64598556937054, "FAN": 334.8931323933069}, "TWH": {"KWH": 51.27856208559349, "TSW": 73.01457001449978}, "TWW": {"MEF": 327.0019883864718, "KSR": 676.8151433327166}}