{"WAC": {"ADM": 100.84849103976408, "CAB": 94.11766723696807}}