{"WCH": {"LET": 166.49114213465788, "OCP": 113.60101201887434}}