{"WTS": {"DIH": 47.492635018982554, "LOF": 108.98914925804279}}