{"YMT": {"MOK": 111.29636981724116, "HOM": 142.74188717544612, "JOR": 33.1965740749686}}