{"1": {"2": 115.68569443971532, "6": 260.5069140600636}}