{"AIR": {"TSY": 1573.959427105768, "AWE": 107.7130148699179}}