{"AUS": {"ETS": 140.58786326406002, "NAC": 206.33798169035413}}