{"ETS": {"HUH": 161.8406863608499, "AUS": 191.3698489726}}