{"FOT": {"SHT": 174.26683733688114, "UNI": 175.34177848225536}, "FOH": {"TIH": 125.50733004310698, "NOP": 120.34719572567478}}