{"HAH": {"TKO": 133.80900265014384, "POA": 126.31480367848704}}