{"HIK": {"DIH": 296.6618836741215, "TAW": 149.33040489130002}}