{"HOK": {"KOW": 188.14457817256795}, "HOM": {"YMT": 139.63916279796481, "HUH": 139.62698486043718, "WHA": 84.61478440601763, "TKW": 138.27090597257398}}