{"HUH": {"EXC": 197.24429015379627, "MKK": 179.45943985319937, "ETS": 190.036035, "HOM": 133.67010980727602}}