{"K14-D010": {"K14-D020": 257.22773587091484}, "K14-D020": {"K14-D030": 20.517756935001653}, "K17-U030": {"K17-U040": 67.23407908417434}, "K17-U020": {"K17-U030": 146.58642797358192}, "K18-U010": {"K18-U020": 212.43994622892683}, "K18-D020": {"K18-D030": 64.29020453202138}, "K17-D020": {"K17-D030": 55.59376054835273}, "K18-U020": {"K18-U030": 61.41236683717608}, "K12-U020": {"K12-U030": 206.74287332186827}, "K17-D010": {"K17-D020": 349.5551909123234}, "K18-D010": {"K18-D020": 250.78855080431396}, "K17-U010": {"K17-U020": 266.5527570523359}, "K12-U010": {"K12-U020": 246.0661419201719}, "K12-D030": {"K12-D040": 61.66748795127554}, "K12-D010": {"K12-D020": 156.5958902527455}, "K12-D020": {"K12-D030": 310.0509471728655}}