{"K51A-U150": {"K51A-U160": 108.39352542859217}, "K58-U180": {"K58-U190": 123.56960000000004}, "K53-D080": {"K53-D090": 53.528725196430685}, "K54-U050": {"K54-U060": 361.6335717475852}, "K53-D090": {"K53-D100": 49.86652081454828}, "K52-nD100": {"K52-nD110": 54.89966450708457}, "K53-U020": {"K53-U030": 135.47506855079396, "K53-D160": 822.2912927162288}, "K51A-D230": {"K51A-D240": 138.72723002118806}, "K53-D050": {"K53-D060": 81.19170682911127}, "K53-U100": {"K53-U110": 78.78035436283876}, "K51-U010": {"K51-U020": 39.938564688732804}, "K53-U040": {"K53-U050": 109.36294862889721}, "K53-U110": {"K53-U120": 86.60874920458359}, "K52-nU190": {"K52-nU200": 122.55349698801099}, "K52-nD030": {"K52-nD040": 32.63733863723564}, "K51A-U110": {"K51A-U120": 117.75878559749944}, "K52-nU120": {"K52-nU140": 101.73802896615639}, "K53-U090": {"K53-U100": 111.50164412486743}, "K54-D050": {"K54-D060": 73.87420681336864}, "K53-U060": {"K53-U070": 65.0315760497501}, "K54-D040": {"K54-D050": 156.87615098103666}, "K58-U040": {"K58-U050": 80.2021}, "K58-D150": {"K58-D160": 64.57000000000001}, "K51-U190": {"K51-U200": 71.58229306056464}, "K53-D100": {"K53-D110": 80.23436400847766}, "K53-U030": {"K53-U040": 209.35987596342184}, "K58-D196": {"K58-D200": 115.45161512214001}, "K51-U230": {"K51-U240": 43.0516794612322}, "K52A-U120": {"K52A-U130": 86.11844692410445}, "K52A-U070": {"K52A-U080": 80.16714339472972}, "K51A-D040": {"K51A-D050": 114.91569979494413}, "K53-U050": {"K53-U060": 125.05770084032983}, "K52A-U150": {"K52A-U160": 36.02519184537678}, "K54-D020": {"K54-D030": 250.4267574975308}, "K58-D050": {"K58-D060": 191.26360000000005}, "K52-nU240": {"K52-nU250": 65.6676130347037}, "K51-D010": {"K51-D020": 62.09980759147603}, "K58-U130": {"K58-U140": 94.38000000000001}, "K52A-U090": {"K52A-U100": 91.31842166922519}, "K52-nU080": {"K52-nU090": 92.04303084875701}, "K51A-D010": {"K51A-D020": 51.45798991933968}, "K53-U080": {"K53-U090": 68.97382983336458}, "K52A-U160": {"K52A-U170": 32.287556994758425}, "K52-nD190": {"K52-nD200": 154.69091432682515}, "K51A-U070": {"K51A-U080": 182.5657859261624}, "K54-U040": {"K54-U050": 136.6740181386712}, "K53-U130": {"K53-U140": 57.01896603924905}, "K52A-U020": {"K52A-U030": 85.1672117669896}, "K51-D190": {"K51-D200": 168.1473977037171}, "K52A-U140": {"K52A-U150": 188.0325197241305}, "K53-D060": {"K53-D070": 148.0233924681235}, "K52-nD150": {"K52-nD160": 106.07062409570003}, "K51-U160": {"K51-U170": 110.19258457659666}, "K51A-U040": {"K51A-U050": 142.5163944741603}, "K52-nD210": {"K52-nD220": 194.67910476028723}, "K52A-D130": {"K52A-D140": 84.48334927439001}, "K52A-U050": {"K52A-U060": 60.97550462401874}, "K52A-D120": {"K52A-D130": 46.58218646620001}, "K53-U120": {"K53-U130": 53.34539236982101}, "K53-U140": {"K53-D010": 79.46103815185748}, "K52A-D170": {"K52A-D180": 130.683072331}, "K53-D190": {"K53-U011": 446.6222072568659}, "K53-D150": {"K53-D160": 162.9140521098476}, "K52-nD240": {"K52-nD250": 153.99201926771383}, "K52-nU210": {"K52-nU220": 75.77687774692434}, "K52-nD280": {"K52-nD290": 92.04253226841374}, "K52A-D060": {"K52A-D070": 127.8520149269173}, "K53-D040": {"K53-D050": 89.54852963331636}, "K51A-D180": {"K51A-D190": 129.99965332397497}, "K51A-D250": {"K51A-D260": 112.82286516946007}, "K52-nD070": {"K52-nD080": 116.77932539798735}, "K51A-U170": {"K51A-U180": 73.7342131465547}, "K52-nD250": {"K52-nD260": 172.2443931954478}, "K58-D100": {"K58-D110": 154.60913820000005}, "K51A-D150": {"K51A-D160": 105.38798378418998}, "K51-D020": {"K51-D030": 62.035527279616794}, "K58-U070": {"K58-U080": 123.11405909}, "K52A-U130": {"K52A-U140": 59.07514767544425}, "K58-D060": {"K58-D070": 162.91000000000003}, "K53-U070": {"K53-U080": 130.96418167359496}, "K58-D160": {"K58-D170": 222.40240000000003}, "K52-nU290": {"K52-nU300": 22.082792887256694}, "K54-U020": {"K54-U030": 172.2651200564196}, "K53-D070": {"K53-D080": 39.376101294700064}, "K51-D260": {"K51-D270": 58.89258472270866}, "K51-D280": {"K51-D290": 61.336509930718535}, "K51A-U090": {"K51A-U100": 141.9561578870193}, "K52-nU110": {"K52-nU120": 174.2395600265906}, "K51-U110": {"K51-U120": 109.7380881468548}, "K52-nD090": {"K52-nD100": 50.61116224889704}, "K58-D193": {"K58-D196": 59.510000000000005}, "K51A-D260": {"K51A-D270": 56.63646136236294}, "K51A-U220": {"K51A-U230": 82.67931092287705}, "K54-U030": {"K54-U040": 125.89851312419839}, "K51-U220": {"K51-U230": 66.28548149706685}, "K58-D070": {"K58-D080": 114.4}, "K51A-D120": {"K51A-D140": 136.95815034107977}, "K54-U060": {"K54-U070": 208.27247030845993}, "K58-D090": {"K58-D100": 131.72077600000003}, "K53-D020": {"K53-D030": 104.36231964424114}, "K58-U170": {"K58-U180": 198.28160000000003}, "K52A-D090": {"K52A-D100": 50.608775332649046}, "K51A-U020": {"K51A-U030": 128.68311095529322}, "K58-U200": {"K58-U210": 77.99000000000001}, "K52A-D180": {"K52A-D190": 114.83230652375}, "K58-D180": {"K58-D190": 281.79426}, "K52-nD120": {"K52-nD130": 41.111693678305954}, "K52-nU230": {"K52-nU240": 99.58509724893592}, "K51A-D050": {"K51A-D060": 75.05664200300536}, "K52A-U100": {"K52A-U110": 94.07617461307306}, "K51A-U050": {"K51A-U060": 299.7308840209883}, "K52A-D010": {"K52A-D020": 292.6015578568393}, "K52A-D140": {"K52A-D150": 105.63909639650296}, "K51-D080": {"K51-D090": 108.28967275000737}, "K54-D010": {"K54-D020": 103.3123436541617}, "K51A-D020": {"K51A-D030": 113.92519536057429}, "K58-D040": {"K58-D050": 137.214}, "K51-D070": {"K51-D080": 64.22257078342066}, "K52-nU220": {"K52-nU230": 84.5162426342745}, "K51A-D110": {"K51A-D120": 50.71197326209671}, "K58-D200": {"K58-D210": 58.300000000000004}, "K51-D110": {"K51-D120": 49.22761894521268}, "K58-D130": {"K58-D140": 108.99166300000002}, "K52-nD020": {"K52-nD030": 34.296978935956005}, "K52A-U110": {"K52A-U120": 88.40034387743498}, "K51A-D080": {"K51A-D090": 162.2506248959832}, "K53-U010": {"K53-U020": 252.38835241259227, "K53-D180": 1581.7078278567399}, "K51-U150": {"K51-U160": 74.48154579294504}, "K54-D030": {"K54-D040": 56.17462523768724}, "K51-D150": {"K51-D160": 178.76862459961495}, "K51-U210": {"K51-U220": 58.50578646800742}, "K51A-D140": {"K51A-D150": 77.01448659857127}, "K51-D200": {"K51-D210": 123.74572086860003}, "K51-D160": {"K51-D170": 68.14627013571935}, "K58-U120": {"K58-U130": 131.06060000000002}, "K58-U010": {"K58-U020": 74.47000000000001}, "K58-U110": {"K58-U120": 189.32441}, "K52A-D020": {"K52A-D030": 33.160435771346684}, "K51-U100": {"K51-U110": 200.37035616824025}, "K52-nU020": {"K52-nU030": 99.67089746255037}, "K53-D030": {"K53-D040": 82.07367825621019}, "K52-nU260": {"K52-nU270": 113.10762895812363}, "K52A-D100": {"K52A-D110": 58.87542587790082}, "K53-D120": {"K53-D130": 74.61456004814501}, "K53-D130": {"K53-D140": 87.75999760892851}, "K51A-U010": {"K51A-U020": 48.37666351019368}, "K51A-D240": {"K51A-D250": 60.785719827989375}, "K52-nD110": {"K52-nD120": 134.9074668246}, "K52-nU280": {"K52-nU290": 37.60193501131217}, "K52-nD080": {"K52-nD090": 64.33009056744271}, "K58-D030": {"K58-D040": 23.973202}, "K52-nU160": {"K52-nU170": 47.392614299727725}, "K51A-U100": {"K51A-U110": 200.7055105307812}, "K51-D030": {"K51-D040": 39.08638429610645}, "K52A-U060": {"K52A-U070": 143.2968172651424}, "K51A-U180": {"K51A-U190": 96.41486433723205}, "K52-nD260": {"K52-nD270": 59.894801024960145}, "K58-D020": {"K58-D030": 111.36915750399999}, "K51-D040": {"K51-D050": 61.90912296980073}, "K51-D100": {"K51-D110": 163.99173735386992}, "K51-U030": {"K51-U040": 53.97845022374852}, "K54-D060": {"K54-D070": 137.53476211069488}, "K52A-D150": {"K52A-D160": 109.10535808590002}, "K52-nD180": {"K52-nD190": 136.74883916473297}, "K52-nD050": {"K52-nD060": 33.82451573971518}, "K51A-D170": {"K51A-D180": 161.22781087070294}, "K52-nD140": {"K52-nD150": 115.87999312081953}, "K52A-U040": {"K52A-U050": 129.2038870742182}, "K51-U140": {"K51-U150": 49.10178978959477}, "K52-nU170": {"K52-nU180": 150.2670883785317}, "K51A-U120": {"K51A-U130": 128.64805531695816}, "K58-U190": {"K58-U200": 134.43760000000003},