{"KSR": {"YUL": 241.79683674863367, "TWW": 551.4902660995006}}