{"KWF": {"KWH": 121.47064815737858, "LAK": 185.33303480038805}, "KWH": {"KWF": 131.24339594945158, "TWH": 151.78106647976466}, "KWT": {"NTK": 129.1493439927093, "LAT": 123.75667411397583}}