{"LET": {"WCH": 162.81390530961534, "SOH": 103.29448519345885}}