{"LOP": {"TIS": 186.31872184894343, "YUL": 124.52278246166011}, "LOF": {"WTS": 123.07555637086193, "KOT": 127.48293403226879}, "LOW": {"SHS": 226.75040309978985}}