{"MEF": {"LAK": 149.48605061970758, "NAC": 190.9333450276549, "LCK": 114.31270608573493, "TWW": 326.3569124981532}}