{"MKK": {"HUH": 190.33841416079034, "KOT": 133.01561391223237}}