{"MOK": {"PRE": 122.43779195886313, "YMT": 126.73139204452931}, "MOS": {"HEO": 136.19061129066, "WKS": 164.52580601623998}}