{"NOP": {"QUB": 129.24341630045805, "FOH": 133.01826758458913}}