{"NTK": {"KOB": 120.46922973921869, "KWT": 67.69198537480001}}