{"OCP": {"WCH": 134.12839588983988, "ADM": 287.63198178136304}}