{"OLY": {"NAC": 130.4528958425265, "KOW": 132.00999742858755}}