{"QUB": {"YAT": 240.63450431347627, "NOP": 128.41000295361377, "TAK": 129.70257404703003}}