{"SHS": {"FAN": 149.21732245202423, "LOW": 261.7548387147906, "LMC": 426.92506993006555}, "SHT": {"FOT": 135.35812376126086, "TAW": 180.57988541111678}, "SHW": {"SYP": 139.9641662087357, "CEN": 123.30555673065003}, "SHM": {"TSH": 206.4869636911359, "CIO": 112.9625790671}}