{"SIH": {"TIS": 369.22549830929836, "TUM": 154.45979989193663}}