{"SSP": {"CSW": 110.91788254801675, "PRE": 128.92879921373606}}