{"STW": {"CIO": 127.728277330938, "CKT": 128.33699758987197}}