{"SUN": {"DIS": 198.58233387484285, "TUC": 823.8868280990746, "TSY": 457.9566930647581}, "SUW": {"TKW": 144.8990187099276, "KAT": 94.20411272390001}}