{"SWH": {"TAK": 128.85526353099038, "SKW": 102.70315090568037}}