{"WAC": {"ADM": 131.22647819382482, "CAB": 182.41526738145183}}