{"WCH": {"OCP": 126.21373502778928, "LET": 160.22399231267804}}