{"YAT": {"TIK": 233.15134219578582, "QUB": 246.9180006987836, "LAT": 143.09968039887613}}