{"1": {"6": 205.10915347011806, "2": 483.62298090535467}}