{"AIR": {"TSY": 1525.3755026202416, "AWE": 127.91112422300503}}