{"CHH": {"KOB": 171.15146769680166, "DIH": 127.34249609615547}, "CHW": {"HFC": 98.5624910419063}}