{"CIO": {"STW": 126.51197051487699, "SHM": 131.81595849843788}}