{"CSW": {"LCK": 126.8920732764298, "SSP": 128.93867845527095}}