{"DIS": {"SUN": 198.58233387484285}, "DIH": {"KAT": 144.28489221219698, "CHH": 109.1197817081406, "WTS": 126.65908120304672, "HIK": 296.42746573633883}}