{"EXC": {"HUH": 121.11449524579947, "ADM": 88.38583553630227}}