{"HFC": {"CHW": 121.2495213997544, "SKW": 146.9368996974345}}