{"HKU": {"SYP": 127.8797244612864, "KET": 97.10405589959291}}