{"HUH": {"ETS": 198.4385180074, "MKK": 221.0698269882072, "EXC": 182.16876233800787, "HOM": 137.67480652485412}}