{"JOR": {"YMT": 120.74822938767117, "TST": 125.11658757902164}}