{"K52-nU060": {"K52-nU070": 112.18043506930451}, "K52-nD250": {"K52-nD260": 156.82657137085562}, "K51-D240": {"K51-D250": 122.8829309699}, "K52-nD130": {"K52-nD140": 76.24126557378199}, "K52-nD240": {"K52-nD250": 141.74449196065515}, "K53-U060": {"K53-U070": 67.43463808029239}, "K52-nD070": {"K52-nD080": 109.5960701755979}, "K53-U050": {"K53-U060": 140.35792546830237}, "K53-D080": {"K53-D090": 84.6687619963625}, "K51-D210": {"K51-D220": 147.43261023253106}, "K51-D060": {"K51-D070": 49.450485788951106}, "K51-U130": {"K51-U140": 66.77097965901177}, "K51-D130": {"K51-D140": 43.29334380178}, "K53-U010": {"K53-U020": 240.9443019112523}, "K52A-D060": {"K52A-D070": 129.34768316859828}, "K54-D040": {"K54-D050": 157.57177381166974}, "K53-D015": {"K53-D020": 47.36249116601022}, "K51-D080": {"K51-D090": 95.36062692997741}, "K53-U080": {"K53-U090": 77.46130634061137}, "K53-U130": {"K53-U140": 52.285564136147684}, "K54-U030": {"K54-U040": 108.0479247708025}, "K52-nU200": {"K52-nU210": 77.838448958741}, "K53-U120": {"K53-U130": 69.75911373539387}, "K54-D010": {"K54-D020": 148.30530717264568}, "K51-D020": {"K51-D030": 50.976760410083}, "K53-U090": {"K53-U100": 98.3370378875206}, "K54-U040": {"K54-U050": 122.2946817526404}, "K53-D130": {"K53-D140": 80.67996463983992}, "K53-D030": {"K53-D040": 64.31855463055231}, "K52A-D010": {"K52A-D020": 277.223496381524}, "K53-U140": {"K53-D010": 82.6259873259522}, "K51-U120": {"K51-U130": 131.80038111739242}, "K52-nD010": {"K52-nD020": 71.54495576509308}, "K51-U050": {"K51-U060": 260.8776697056631}, "K52-nD190": {"K52-nD200": 135.39949679891075}, "K52-nU280": {"K52-nU290": 45.63358571696728}, "K51-U110": {"K51-U120": 138.55692769089504}, "K52-nU150": {"K52-nU160": 75.56030810895456}, "K52-nU020": {"K52-nU030": 67.20583084402779}, "K53-U020": {"K53-U030": 162.1679442707353, "K53-D160": 634.9138557250615}, "K54-U070": {"K54-D010": 134.32836053922102}, "K51-U040": {"K51-U050": 117.77958242365484}, "K54-U050": {"K54-U060": 299.6950414020991}, "K51-D070": {"K51-D080": 47.547904274384834}, "K51-U160": {"K51-U170": 92.51950469387177}, "K51-D050": {"K51-D060": 89.98116143880266}, "K53-D150": {"K53-D160": 141.66182072165483}, "K52-nU250": {"K52-nU260": 54.653868808090365}, "K54-D050": {"K54-D060": 91.65680704217716}, "K53-U030": {"K53-U040": 203.39253544391167}, "K53-D010": {"K53-D015": 99.42041742237438}, "K51-D120": {"K51-D130": 41.726990040335316}, "K52-nD230": {"K52-nD240": 159.5413774069246}, "K54-U060": {"K54-U070": 192.10738772974895}, "K52-nU180": {"K52-nU190": 75.49433568872857}, "K52-nU170": {"K52-nU180": 125.08519887063763}, "K54-U010": {"K54-U020": 53.25426757944533}, "K52-nD160": {"K52-nD170": 123.57695288554771}, "K51-U140": {"K51-U150": 49.29780677757278}, "K51-U060": {"K51-U070": 260.4844268956028}, "K52-nU120": {"K52-nU140": 119.35931432200638}, "K51-U230": {"K51-U240": 40.755792480406605}, "K52A-U140": {"K52A-U150": 160.36065047536567}, "K52-nD050": {"K52-nD060": 27.467363581866486}, "K51-U070": {"K51-U080": 176.47147163627315}, "K53-D050": {"K53-D060": 74.46394144854824}, "K51-D180": {"K51-D190": 149.01580171983014}, "K51-D030": {"K51-D040": 32.09311020009643}, "K51-U010": {"K51-U020": 35.394800048115805}, "K52-nD150": {"K52-nD160": 84.01503092388944}, "K52-nU270": {"K52-nU280": 165.22382381941824}, "K53-D140": {"K53-D150": 146.12481812374594}, "K52-nD030": {"K52-nD040": 23.28012312268776}, "K51-D160": {"K51-D170": 54.94183966780001}, "K53-U070": {"K53-U080": 43.74420065535129}, "K53-U040": {"K53-U050": 128.74249084485768}, "K52-nU240": {"K52-nU250": 51.2917845284601}, "K51-U220": {"K51-U230": 57.074109072274155}, "K52-nU300": {"K52-nU310": 44.023762084223726}, "K51-D200": {"K51-D210": 118.37363253769772}, "K52-nD210": {"K52-nD220": 204.4891204983448}, "K51-U080": {"K51-U090": 150.82941028998005}, "K52-nU100": {"K52-nU110": 154.51110127279105}, "K51-D170": {"K51-D180": 92.88203487253202}, "K53-U110": {"K53-U120": 94.02272286736026}, "K51-U090": {"K51-U100": 146.34311073481825}, "K51-U150": {"K51-U160": 76.87007721249338}, "K51-D040": {"K51-D050": 42.73878215177349}, "K52-nD170": {"K52-nD180": 91.46314313078031}, "K51-U190": {"K51-U200": 77.06829239684996}, "K52-nU230": {"K52-nU240": 69.18881604643094}, "K54-U020": {"K54-U030": 94.76109695263669}, "K53-D110": {"K53-D120": 139.11757851304733}, "K51-D190": {"K51-D200": 142.8069326976863}, "K52-nD140": {"K52-nD150": 99.2769787079}, "K52-nD260": {"K52-nD270": 48.984630118781055}, "K52-nU050": {"K52-nU060": 218.78474528099096}, "K51-D010": {"K51-D020": 81.46851894938601}, "K53-U100": {"K53-U110": 73.31971310520672}, "K51-U100": {"K51-U110": 204.3170575282424}, "K51-U240": {"K51-U250": 108.02460825516451}, "K51-D280": {"K51-D290": 84.22487093024779}, "K51-U210": {"K51-U220": 46.9293940432894}, "K52-nD270": {"K52-nD280": 85.19719260102659}, "K52-nD220": {"K52-nD230": 135.32213755959003}, "K51-D230": {"K51-D240": 76.13064548806258}, "K52-nD110": {"K52-nD120": 137.86626204200473}, "K52-nD120": {"K52-nD130": 37.44328648095025}, "K51-U020": {"K51-U030": 100.81273957052355}, "K52-nU010": {"K52-nU020": 37.8273402722728}, "K51-D270": {"K51-D280": 88.09770709892389}, "K53-D070": {"K53-D080": 64.58389572748106}, "K52-nU070": {"K52-nU080": 92.678842817495}, "K52-nU260": {"K52-nU270": 59.17327301500001}, "K52-nD090": {"K52-nD100": 53.70082886368699}, "K52-nU210": {"K52-nU220": 71.18305456735033}, "K52-nU080": {"K52-nU090": 60.480747591509875}, "K53-D020": {"K53-D030": 103.41867774037617}, "K51-D110": {"K51-D120": 50.02066535099432}, "K51-D090": {"K51-D100": 79.53047496861801}, "K51-D100": {"K51-D110": 144.66725581337138}, "K52-nU140": {"K52-nU150": 128.98977462767795}, "K53-D120": {"K53-D130": 54.50195843286313}, "K52-nD040": {"K52-nD050": 133.23991375835737}, "K52-nD020": {"K52-nD030": 177.5048182644382}, "K54-D030": {"K54-D040": 78.52220554357835}, "K53-D060": {"K53-D070": 119.01865601920488}, "K52-nD060": {"K52-nD070": 128.24946102990813}, "K52-nD200": {"K52-nD210": 125.20596541989691}, "K51-D150": {"K51-D160": 140.34421357882874}, "K51-U170": {"K51-U180": 76.9304876616008}, "K52-nU040": {"K52-nU050": 60.596239057940636}, "K51-U180": {"K51-U190": 102.68505825359105}, "K52-nU160": {"K52-nU170": 36.406134528004266}, "K52-nD290": {"K52-nD300": 103.19508095560002}, "K52-nD080": {"K52-nD090": 29.48477707397201}, "K52-nU090": {"K52-nU100": 115.38889387448003}, "K54-D020": {"K54-D030": 212.98089612473427}, "K52-nD100": {"K52-nD110": 56.360910662769356}, "K52A-U170": {"K52A-U180": 275.3301891049081}, "K52-nU220": {"K52-nU230": 82.32423140493756}, "K51-U200": {"K51-U210": 83.98851648101484}, "K51-D140": {"K51-D150": 68.79452887078388}, "K52-nU190": {"K52-nU200": 128.06382277910004}, "K53-D100": {"K53-D110": 69.56910765120026}, "K51-D250": {"K51-D260": 179.77510759020447}, "K51-D260": {"K51-D270": 49.461077826095234}, "K52-nU030": {"K52-nU040": 112.01397252022893}, "K53-D090": {"K53-D100": 42.0462557976999}, "K53-D040": {"K53-D050": 69.19062758682787}, "K52-nD280": {"K52-nD290": 86.64254219621289}, "K51-U030": {"K51-U040": 62.19199176396246}, "K52-nD180": {"K52-nD190": 120.55728604831287}, "K54-D060": {"K54-D070": 158.13281313820949}, "K52-nU110": {"K52-nU120": 144.355772}, "K52-nU290": {"K52-nU300": 44.823624403104944}, "K54A-D040": {"K54A-D050": 144.7176365606633}, "K54A-D030": {"K54A-D040": 88.35087539027128}, "K54A-D010": {"K54A-D020": 203.68560432121438}, "K54A-D020": {"K54A-D030": 156.15217391310162}, "K53-D180": {"K53-D190": 89.10000000000001}, "K53-D190": {"K53-U011": 256.22300000000007}, "K51-D220": {"K51-D230": 271.85449521385}, "K53*-U030": {"K53*-U040": 298.84954000000005}, "K53-D160": {"K53-U011": 181.0540265015019}, "K53*-U010": {"K53*-U020": 191.44975792565702}, "K53*-U020": {"K53*-U030": 86.81977700000002}}