{"KAT": {"SUW": 128.100368, "DIH": 132.402150577}}