{"LET": {"WCH": 171.975634625351, "SOH": 102.37085705437006}}