{"MEF": {"LCK": 133.86922102867783, "LAK": 140.4566425326765, "TWW": 328.98565094889034, "NAC": 183.3378691358941}}