{"MKK": {"HUH": 186.11492426346464, "KOT": 157.7491322166391}}