{"NAC": {"OLY": 98.17672681938502, "LAK": 255.2966102003424, "MEF": 187.3253301089988, "AUS": 211.99989108348672}}