{"NOP": {"QUB": 130.20504483682072, "FOH": 130.95795654096588}}