{"PRE": {"SSP": 129.88767166027984, "SKM": 121.09696562520483, "MOK": 125.67525951330386}}