{"QUB": {"YAT": 262.01395525752105, "TAK": 126.62592775868954, "NOP": 117.77098473081097}}