{"SHM": {"CIO": 86.26048677051638, "TSH": 215.00869487000782}, "SHT": {"FOT": 128.4223295435432, "TAW": 129.10185834306122}, "SHS": {"LMC": 470.63213483550226, "LOW": 261.75471466630455, "FAN": 130.01141493457547}, "SHW": {"SYP": 151.83656836217548, "CEN": 113.9622650787549}}