{"SKM": {"KOT": 135.71794789004605, "PRE": 123.34365288034459}, "SKW": {"SWH": 110.48232932066, "HFC": 125.90795375540563}}