{"SUN": {"DIS": 198.58233387484285, "TUC": 823.8868848281829, "TSY": 512.535338549658}, "SUW": {"TKW": 133.73154825904902, "KAT": 116.91219767691177}}