{"TAW": {"KOT": 303.7650968100513, "CKT": 151.07742606776452, "SHT": 122.33202261117103, "HIK": 166.1108243592037}, "TAK": {"SWH": 122.70414190180429, "QUB": 129.9157578200105}, "TAP": {"UNI": 365.11630687605543, "TWO": 155.61324234055883}}