{"TIS": {"SIH": 370.0106672245218, "LOP": 175.96225867558454}, "TIK": {"TKO": 189.37978261625005, "YAT": 137.34312506599989}, "TIH": {"FOH": 107.20643937134875, "CAB": 127.09316457424086}}