{"TKO": {"LHP": 132.32028271708018, "HAH": 178.59658890794833, "TIK": 192.59149231361386}, "TKW": {"HOM": 138.32973756623656, "SUW": 133.08791670547748}}