{"TWH": {"KWH": 141.2483543943112, "TSW": 68.69312489356517}, "TWO": {"FAN": 293.12452136913305, "TAP": 179.7275177582465}, "TWW": {"MEF": 314.73973517682043, "KSR": 647.5151433327167}}