{"WAC": {"CAB": 184.41415691367848, "ADM": 130.93113079153434}}