{"WTS": {"LOF": 126.44666402230307, "DIH": 109.64057929549297}}