{"1": {"6": 228.1048070815434, "2": 83.63045063636744}}