{"CHH": {"DIH": 127.37373688894607, "KOB": 124.43822768919506}, "CHW": {"HFC": 102.29279350123882}}