{"CSW": {"LCK": 114.30200728841032, "SSP": 131.66542026825945}}