{"DIS": {"SUN": 198.58233387484285}, "DIH": {"KAT": 147.07666122556174, "HIK": 326.9388195815657, "CHH": 126.66297483416773, "WTS": 129.85091174047642}}