{"ETS": {"HUH": 151.8016782781736, "AUS": 142.43498098786418}}