{"EXC": {"HUH": 161.54831582169373, "ADM": 56.7859966924686}}