{"HAH": {"TKO": 146.3831944517041, "POA": 114.9368619344032}}