{"HEO": {"TSH": 129.7140037747193, "MOS": 129.76527750576332}}