{"HKU": {"SYP": 118.55181922931028, "KET": 95.16757115718744}}