{"HUH": {"MKK": 175.53553733576467, "ETS": 156.5874472479998, "EXC": 190.58141329555656, "HOM": 137.17832352}}