{"JOR": {"TST": 115.50504106436588, "YMT": 94.10336405916847}}