{"K52-nU030": {"K52-nU040": 137.66446641093634}, "K51A-D220": {"K51A-D230": 132.74034617430507}, "K53-U010": {"K53-U020": 266.8888482670346, "K53-D180": 1278.1574303181533}, "K53-U090": {"K53-U100": 127.42863989120447}, "K51A-U190": {"K51A-U200": 69.27442327444753}, "K51A-D170": {"K51A-D180": 173.56589291831074}, "K51-U140": {"K51-U150": 50.332745084397544}, "K53-U050": {"K53-U060": 139.8679666230901}, "K52A-U130": {"K52A-U140": 59.556976124746555}, "K51A-D080": {"K51A-D090": 168.08001590697356}, "K53-D160": {"K53-D170": 459.04261487786755, "K53-U011": 191.58188851214294}, "K54-D030": {"K54-D040": 58.00977936045251}, "K53-U060": {"K53-U070": 65.82616191746152}, "K52A-D100": {"K52A-D110": 57.541004251896126}, "K52A-D150": {"K52A-D160": 93.7610535243127}, "K51A-U040": {"K51A-U050": 124.37331350792715}, "K52-nD050": {"K52-nD060": 35.24543836574064}, "K53-U130": {"K53-U140": 59.24157189802222}, "K52-nD220": {"K52-nD230": 142.40827571680217}, "K52A-U080": {"K52A-U090": 67.24316442271137}, "K53-D150": {"K53-D160": 173.80185971237358}, "K52A-D170": {"K52A-D180": 101.47571336181255}, "K53-D080": {"K53-D090": 57.035087862087416}, "K51A-U030": {"K51A-U040": 55.791291419881134}, "K52-nD130": {"K52-nD140": 83.62471452500905}, "K52-nD260": {"K52-nD270": 66.52467062772203}, "K51A-D250": {"K51A-D260": 92.21408273710117}, "K53-D030": {"K53-D040": 78.18649978573525}, "K51A-D190": {"K51A-D200": 178.09677739163422}, "K52A-U160": {"K52A-U170": 22.322603296714767}, "K52A-D050": {"K52A-D060": 31.74990440086184}, "K53-D110": {"K53-D120": 162.0398654167405}, "K53-D015": {"K53-D020": 47.37267091919134}, "K54-U070": {"K54-D010": 154.10267744447302}, "K53-D010": {"K53-D015": 98.4366149611487}, "K51-D120": {"K51-D130": 60.231248100279984}, "K51-D130": {"K51-D140": 56.1717698445652}, "K51-U160": {"K51-U170": 114.1541919118187}, "K51A-D090": {"K51A-D100": 58.002866024073754}, "K51-U180": {"K51-U190": 105.71869501998356}, "K53-U030": {"K53-U040": 203.1036028613115}, "K51A-D180": {"K51A-D190": 132.59254592861825}, "K53-U040": {"K53-U050": 138.754288177893}, "K51-U200": {"K51-U210": 86.78174878318252}, "K51A-D010": {"K51A-D020": 52.04666871336872}, "K54-D020": {"K54-D030": 170.77386743493372}, "K54-U020": {"K54-U030": 150.49979315967258}, "K51A-D140": {"K51A-D150": 79.61136466848093}, "K53-D130": {"K53-D140": 106.7485015230246}, "K52-nU050": {"K52-nU060": 257.17122298005006}, "K52A-U050": {"K52A-U060": 56.3597832251358}, "K51A-D060": {"K51A-D070": 79.69615520138628}, "K54-U010": {"K54-U020": 107.22393453441393}, "K53-D060": {"K53-D070": 174.4295356280518}, "K52-nD060": {"K52-nD070": 129.8922177841954}, "K52-nU020": {"K52-nU030": 106.84365579892558}, "K53-D120": {"K53-D130": 68.60781559433129}, "K52-nD290": {"K52-nD300": 97.6465210723658}, "K52-nU220": {"K52-nU230": 98.17183845040516}, "K53-D140": {"K53-D150": 163.59155658554727}, "K52A-D140": {"K52A-D150": 110.0078130662373}, "K52-nU280": {"K52-nU290": 37.307756844379995}, "K51A-D100": {"K51A-D110": 51.19607564697141}, "K51-U100": {"K51-U110": 193.90490692200342}, "K58-U200": {"K58-U210": 59.92800000000001}, "K53-U110": {"K53-U120": 92.96514683455742}, "K58-U190": {"K58-U200": 82.5}, "K52A-D160": {"K52A-D170": 147.62379961028424}, "K58-U170": {"K58-U180": 174.9}, "K54-D060": {"K54-D070": 140.46299378592389}, "K51A-U170": {"K51A-U180": 75.32104521756477}, "K53-D070": {"K53-D080": 41.89233441066365}, "K52A-D130": {"K52A-D140": 90.20523983020678}, "K51A-D050": {"K51A-D060": 77.94312280832261}, "K52-nD200": {"K52-nD210": 131.42926122374487}, "K52A-U010": {"K52A-U015": 295.9932948294649}, "K52-nD240": {"K52-nD250": 152.4704422289928}, "K51A-U150": {"K51A-U160": 114.01433222598325}, "K54-D050": {"K54-D060": 83.11351631700731}, "K53-U070": {"K53-U080": 50.63517415766328}, "K51A-D030": {"K51A-D040": 43.68724488101202}, "K53-U080": {"K53-U090": 69.22561391522117}, "K53-U020": {"K53-U030": 134.8383320911194, "K53-D160": 753.0794661799202}, "K51-D180": {"K51-D190": 179.57267184000003}, "K53-U100": {"K53-U110": 66.80537574629993}, "K52-nU090": {"K52-nU100": 127.671347343858}, "K52A-U140": {"K52A-U150": 164.32275497772508}, "K53-D040": {"K53-D050": 82.31099701653454}, "K52A-U040": {"K52A-U050": 129.66727914952267}, "K52-nU070": {"K52-nU080": 112.87678357444638}, "K51-U110": {"K51-U120": 139.39485715470252}, "K51A-D240": {"K51A-D250": 59.79663036874852}, "K52A-U015": {"K52A-U020": 152.44290152852486}, "K54-U040": {"K54-U050": 158.91461772706725}, "K52-nU270": {"K52-nU280": 170.42461771543407}, "K53-U120": {"K53-U130": 69.09577406000201}, "K52-nD040": {"K52-nD050": 35.02039541430205}, "K52-nU010": {"K52-nU020": 38.542473989598}, "K52A-U070": {"K52A-U080": 79.14866383955918}, "K51A-U140": {"K51A-U150": 49.8822063090618}, "K52A-U030": {"K52A-U040": 44.265163555334745}, "K53-D050": {"K53-D060": 89.67687056882312}, "K52-nU210": {"K52-nU220": 74.81333107024749}, "K52-nU100": {"K52-nU110": 174.26597368485858}, "K51-U220": {"K51-U230": 67.1944058805305}, "K51-D200": {"K51-D210": 129.75236226699997}, "K53-U140": {"K53-D010": 80.31151841470448}, "K52A-U090": {"K52A-U100": 87.24746509718975}, "K52-nU230": {"K52-nU240": 89.38553213991096}, "K52A-U020": {"K52A-U030": 82.7960922603581}, "K52-nU080": {"K52-nU090": 93.05322041222901}, "K52A-U060": {"K52A-U070": 135.3442098299889}, "K51-D280": {"K51-D290": 63.72978472895458}, "K51-D060": {"K51-D070": 60.43552656680746}, "K51A-U160": {"K51A-U170": 81.25136996936968}, "K52A-U110": {"K52A-U120": 57.56857542315328}, "K51-D040": {"K51-D050": 48.62452260134189}, "K51A-U050": {"K51A-U060": 262.0571412271142}, "K51A-U200": {"K51A-U210": 50.811333858835866}, "K54-D010": {"K54-D020": 116.3046938906635}, "K51A-U070": {"K51A-U080": 205.9838091989569}, "K51-D140": {"K51-D150": 79.58557167385524}, "K52A-U120": {"K52A-U130": 65.07177817571119}, "K51-D190": {"K51-D200": 172.41553617825997}, "K51-D160": {"K51-D170": 78.51526335182218}, "K51A-U010": {"K51A-U020": 51.285653062274456}, "K52-nU110": {"K52-nU120": 176.9900507574679}, "K51-U010": {"K51-U020": 30.578597936090127}, "K52-nD030": {"K52-nD040": 40.938439208053786}, "K53-D190": {"K53-U011": 447.8148671145872}, "K52A-D030": {"K52A-D040": 25.00594571238029}, "K52A-D090": {"K52A-D100": 53.06624657115391}, "K53-D090": {"K53-D100": 55.48470016359145}, "K51A-D200": {"K51A-D210": 279.2296839826483}, "K52-nD110": {"K52-nD120": 150.80917773077252}, "K52-nU290": {"K52-nU300": 32.21840569467864}, "K52-nU240": {"K52-nU250": 63.6626692442621}, "K51A-U130": {"K51A-U140": 72.62921192465211}, "K54-U060": {"K54-U070": 206.64012995595937}, "K52-nD010": {"K52-nD020": 19.72314748432579}, "K52A-D010": {"K52A-D020": 323.9615598089017}, "K51-D050": {"K51-D060": 58.104137215503236}, "K52A-D070": {"K52A-D080": 98.78678559352605}, "K52A-D080": {"K52A-D090": 74.33054474338923}, "K52-nD100": {"K52-nD110": 64.81797098069175}, "K52-nU180": {"K52-nU190": 71.17828060571443}, "K52-nD230": {"K52-nD240": 154.62509155219144}, "K52-nU190": {"K52-nU200": 140.5994899621883}, "K52-nD250": {"K52-nD260": 190.8244090108862}, "K52-nU040": {"K52-nU050": 86.245005296644}, "K54-U030": {"K54-U040": 129.96639314828496}, "K51-D080": {"K51-D090": 111.03883441338817}, "K52-nU260": {"K52-nU270": 65.2448865236295}, "K54-U050": {"K54-U060": 361.8454319485364}, "K51-D030": {"K51-D040": 40.29290102806279}, "K52-nD070": {"K52-nD080": 111.61963194287}, "K52-nU060": {"K52-nU070": 186.57345506329597}, "K51A-U230": {"K51A-U240": 41.8563933970794}, "K51-D010": {"K51-D020": 77.14346825204586}, "K51-D070": {"K51-D080": 62.42442460690821}, "K51A-U220": {"K51A-U230": 83.7889431433881}, "K52-nD180": {"K52-nD190": 143.03727854316}, "K51-U040": {"K51-U050": 128.99489193768892}, "K51-D020": {"K51-D030": 57.10606281837717}, "K51A-D070": {"K51A-D080": 88.93918440518812}, "K52A-U150": {"K52A-U160": 38.028930466870094}, "K52-nD190": {"K52-nD200": 161.15911647852727}, "K51-D250": {"K51-D260": 153.56032847382323}, "K51A-D110": {"K51A-D120": 62.48618916522469}, "K51-U240": {"K51-U250": 112.35790514590599},