{"K73-U090": {"K73-U100": 125.93736257589387}, "K73-D010": {"K73-D020": 74.41376817784538}, "K75P-U140": {"K75P-D010": 148.6297738659559}, "K75P-U110": {"K75P-U120": 87.3713676803993}, "K75P-U050": {"K75P-U060": 138.27803401402127}, "K76-D010": {"K76-D020": 317.6342762237579}, "K74-D040": {"K74-D050": 82.66734227185448}, "K73-U100": {"K73-U110": 241.1269017717913}, "K75A-D080": {"K75A-D090": 123.60422572296082}, "K75A-D020": {"K75A-D030": 24.621309021834268}, "K76-D020": {"K76-D030": 116.5859006841227}, "K73-U110": {"K73-U120": 221.80138355704239}, "K76-U030": {"K76-U040": 295.0849228010128}, "K73-D030": {"K73-D040": 137.3863018987083}, "K75A-D110": {"K75A-U011": 161.40607663389622}, "K75P-D040": {"K75P-D050": 162.46505880566534}, "K75P-D010": {"K75P-D020": 133.93469000300848}, "K73-U080": {"K73-U090": 286.7334068586693, "K73-U110": 368.3398226227202}, "K74-U001": {"K74-U004": 151.3506382232731}, "K76-U020": {"K76-U030": 179.0901789092624}, "K76-U040": {"K76-U050": 192.97408185037867}, "K73-U060": {"K73-U070": 148.20579884269176}, "K73-U040": {"K73-U050": 114.85407555000799, "K73-U060": 233.85151281982502}, "K75P-D060": {"K75P-D070": 189.45214837046632}, "K73-U070": {"K73-U080": 145.00970964514698}, "K74-D020": {"K74-D030": 153.6894810439024}, "K75A-D040": {"K75A-D050": 62.099591853449894}, "K73-U030": {"K73-U040": 94.01433149444951}, "K73-D020": {"K73-D030": 102.61124712993698}, "K73-U050": {"K73-U060": 118.91140654516983}, "K75A-D090": {"K75A-D100": 55.696789450706845}, "K75P-D050": {"K75P-D060": 83.52197005377381}, "K75A-U010": {"K75A-U020": 45.22120371747512}, "K76-D030": {"K76-D040": 49.56007347513696}, "K75A-U020": {"K75A-U030": 136.70448549774707}, "K73-U010": {"K73-U020": 67.0710607431628}, "K75A-D070": {"K75A-D080": 51.385484320158774}, "K75P-D080": {"K75P-U011": 137.0093809031468}, "K75P-U020": {"K75P-U030": 110.67588596656553}, "K76-U010": {"K76-U020": 24.28853721025737}, "K73-D120": {"K73-D130": 103.5868853851874}, "K74-D010": {"K74-D020": 139.13988456391854}, "K75A-U030": {"K75A-D010": 230.64580821678896}, "K74-U007": {"K74-U010": 255.28498570102442}, "K73-D040": {"K73-D050": 86.12009886228611}, "K74-D050": {"K74-D060": 87.9125678532769}, "K74-U020": {"K74-U030": 140.9856880154}, "K74-U070": {"K74-U080": 159.05281193797728}, "K75A-D100": {"K75A-D110": 97.17481624415142}, "K75P-U100": {"K75P-U110": 59.30084176571489}, "K74-U040": {"K74-U050": 178.71296973343598}, "K75A-D050": {"K75A-D060": 70.66593195232026}, "K75P-U080": {"K75P-U090": 43.429872268652275}, "K74-U100": {"K74-D010": 109.9858069095}, "K75P-U120": {"K75P-U130": 61.16256912500903}, "K73-D140": {"K73-D150": 198.55480069443203}, "K74-U060": {"K74-U070": 145.94484955896428}, "K75P-D020": {"K75P-D030": 39.71160728208014}, "K73-D110": {"K73-D120": 76.00809651312228}, "K75A-D030": {"K75A-D040": 51.27038642465874}, "K75P-U040": {"K75P-U050": 108.2992156939309}, "K74-U004": {"K74-U007": 101.9696883307245}, "K74-U050": {"K74-U060": 210.92830193776004}, "K74-D080": {"K74-D090": 146.71120515724502}, "K75P-D070": {"K75P-D080": 89.39967302111964}, "K75A-D010": {"K75A-D020": 223.17844149930403}, "K74-U010": {"K74-U020": 162.72702618000312}, "K73-D150": {"K73-D160": 45.3095994824797}, "K73-D130": {"K73-D140": 137.49467555969846}, "K75P-U130": {"K75P-U140": 43.477146877571755}, "K75P-U090": {"K75P-U100": 36.07600618451306}, "K73-D050": {"K73-D070": 98.40563660114091}, "K73-D090": {"K73-D100": 82.36330351035119}, "K74-U090": {"K74-U100": 205.4223099406}, "K75P-D030": {"K75P-D040": 118.58377306792106}, "K73-U020": {"K73-U030": 183.05206794119346}, "K75A-D060": {"K75A-D070": 41.9333112200098}, "K73-D080": {"K73-D090": 256.4669066028002}, "K73-D100": {"K73-D110": 179.35805216589856}, "K75P-U030": {"K75P-U040": 129.53621681510072}, "K75P-U070": {"K75P-U080": 111.75154177477859}, "K75P-U060": {"K75P-U070": 29.784840835676373}, "K73-D070": {"K73-D080": 179.2399035617115}, "K74-D090": {"K74-U011": 74.42854751948751}, "K74-U011": {"K74-D100": 162.32290335623003}, "K74-D110": {"K74-U002": 162.01960862890002}, "K74-U030": {"K74-U040": 276.8348468955794}, "K74-D030": {"K74-D040": 164.39805534567458}, "K74-D070": {"K74-D080": 260.0192461724231}, "K75P-U010": {"K75P-U020": 90.342396589522}, "K74-D060": {"K74-D070": 157.820657870887}, "K74-D100": {"K74-D110": 79.64160850767003}, "K74-U080": {"K74-U090": 228.13391265500007}}