{"KAT": {"SUW": 115.33315091999998, "DIH": 135.77065629493922}}