{"KOW": {"TSY": 534.5694542654236, "HOK": 177.74210020676165, "OLY": 146.41511776516745}, "KOT": {"MKK": 166.8125704563286, "LOF": 107.43532917352168, "TAW": 284.3067656821844, "SKM": 112.0134973452}, "KOB": {"NTK": 104.82454326253416, "CHH": 174.66789529471257}}