{"LET": {"WCH": 159.90002446214243, "SOH": 105.28413387204668}}