{"LOW": {"SHS": 219.90231113241916}, "LOP": {"YUL": 123.57478954000001, "TIS": 178.30384657603594}, "LOF": {"WTS": 103.72275972130785, "KOT": 123.431136035861}}