{"MEF": {"LAK": 129.41343443925936, "NAC": 179.99859290941873, "TWW": 331.15474549876706, "LCK": 130.04959998981238}}