{"MKK": {"HUH": 191.25923773285905, "KOT": 125.63444157331949}}