{"MOK": {"PRE": 120.21049667955602, "YMT": 116.1834382759693}, "MOS": {"HEO": 136.43149866062745, "WKS": 168.64429089092488}}