{"NAC": {"MEF": 168.9977725797487, "LAK": 247.88767305494693, "OLY": 96.40469326711272, "AUS": 203.3161156930124}}