{"OCP": {"WCH": 131.8687793826578, "ADM": 287.63196771448463}}