{"OLY": {"KOW": 131.46101439322769, "NAC": 129.88647109304114}}