{"PRE": {"MOK": 119.10368981501219, "SKM": 109.65610137478936, "SSP": 108.68911716389462}}