{"SHT": {"TAW": 159.29363037333297, "FOT": 146.83766128421811}, "SHW": {"SYP": 132.77717299986784, "CEN": 109.00694507602103}, "SHM": {"TSH": 225.44004037874734, "CIO": 121.03142847400004}, "SHS": {"LOW": 261.7547560497205, "LMC": 442.8628075698023, "FAN": 136.35825813803427}}