{"STW": {"CKT": 124.91542022519278, "CIO": 133.733826042693}}