{"TIK": {"TKO": 255.00706293575226, "YAT": 143.22478065150943}, "TIH": {"CAB": 132.65661214409997, "FOH": 65.13057567943335}, "TIS": {"SIH": 391.5946114811105, "LOP": 184.10804179072323}}