{"TSY": {"KOW": 456.56194044709184, "AIR": 1392.4210936216627, "LAK": 190.60675084794866, "SUN": 637.4599097791591}, "TSH": {"HEO": 119.86946455660002, "SHM": 221.15085494205778}, "TST": {"JOR": 85.79065994409065, "ADM": 171.5994767589271}, "TSW": {"TWH": 61.67305496986319}}