{"WAC": {"CAB": 137.8722464970258, "ADM": 121.41395275427735}}