{"WCH": {"OCP": 114.59955696894596, "LET": 193.32337037983385}}