{"WTS": {"LOF": 125.71031037277501, "DIH": 97.11184344468288}}