{"YAT": {"QUB": 242.16978429081337, "TIK": 144.19669137686657, "LAT": 170.53791872415326}}