{"YMT": {"MOK": 99.85305946340569, "JOR": 129.19463045572869, "HOM": 112.0881459891838}}