{"YUL": {"KSR": 243.7616964968487, "LOP": 97.34194185806761}}