{"AIR": {"TSY": 1522.5697725191412, "AWE": 123.84995112373781}}