{"AUS": {"ETS": 143.22231644880947, "NAC": 208.51970358164363}}