{"CHH": {"KOB": 70.76101888800189, "DIH": 98.98765647658192}, "CHW": {"HFC": 65.62778096192753}}