{"CKT": {"STW": 121.25597454169083, "TAW": 117.1782832275967}}