{"DIS": {"SUN": 198.58233387484285}, "DIH": {"HIK": 303.532870297533, "CHH": 117.43880495037124, "WTS": 118.2515561295439, "KAT": 151.2624340177329}}