{"FOT": {"SHT": 169.99384376650474, "UNI": 177.920419855458}, "FOH": {"TIH": 101.58105969472301, "NOP": 124.30408946958956}}