{"HAH": {"TKO": 140.32372448101714, "POA": 127.99847781720239}}