{"HEO": {"MOS": 124.5599758660807, "TSH": 129.41981929000002}}