{"HIK": {"DIH": 317.5709292210621, "TAW": 133.62485020000003}}