{"HKU": {"SYP": 127.52735712897652, "KET": 93.55910299000911}}