{"HOK": {"KOW": 194.53961179081628}, "HOM": {"HUH": 136.83389449829997, "YMT": 123.65555185329258, "TKW": 127.36396950000001, "WHA": 76.0610319942832}}