{"K12-U020": {"K12-U030": 255.02333225625975}, "K17-D020": {"K17-D030": 36.71156555248108}, "K18-D010": {"K18-D020": 252.127281777876}, "K17-U020": {"K17-U030": 139.78177532764897}, "K18-U020": {"K18-U030": 83.80026976594415}, "K18-U010": {"K18-U020": 226.5300143045262}, "K17-U030": {"K17-U040": 68.43057481670306}, "K12-D030": {"K12-D040": 31.148460450609868}, "K17-D010": {"K17-D020": 383.9142019159051}, "K18-D020": {"K18-D030": 60.905152860164534}, "K12-U010": {"K12-U020": 274.83481039320304}, "K12-D010": {"K12-D020": 175.07267131873988}, "K17-U010": {"K17-U020": 280.12041898720884}, "K12-D020": {"K12-D030": 383.515449315362}}