{"K52-nD210": {"K52-nD220": 249.3642524226381}, "K51-D010": {"K51-D020": 62.895595080999996}, "K51A-U190": {"K51A-U200": 72.07171152429235}, "K51-U180": {"K51-U190": 116.27561967191893}, "K51-D280": {"K51-D290": 71.55586284316806}, "K51-U190": {"K51-U200": 85.76330219243232}, "K51-D170": {"K51-D180": 110.31680345571098}, "K53-U130": {"K53-U140": 59.006754666133496}, "K54-D060": {"K54-D070": 158.67213906050586}, "K52A-U015": {"K52A-U020": 56.1}, "K51A-U070": {"K51A-U080": 218.84379821845104}, "K51-D150": {"K51-D160": 201.0092765117943}, "K51-D040": {"K51-D050": 57.96708091641003}, "K51-U090": {"K51-U100": 172.51477416479563}, "K52A-D140": {"K52A-D150": 125.6412393102606}, "K52A-U140": {"K52A-U150": 163.3545854278291}, "K58-D130": {"K58-D140": 110.12507000000002}, "K54-D030": {"K54-D040": 83.22872791649223}, "K52A-U080": {"K52A-U090": 81.37379361}, "K58-U180": {"K58-U190": 135.81931}, "K51A-D170": {"K51A-D180": 171.46417069224026}, "K51-D100": {"K51-D110": 218.63560497621046}, "K53-U040": {"K53-U050": 143.02673207514962}, "K52A-D160": {"K52A-D170": 150.3610701957966}, "K52-nU170": {"K52-nU180": 130.69102279131832}, "K51-D030": {"K51-D040": 37.0990077701418}, "K58-D120": {"K58-D130": 144.77100000000002}, "K52A-D170": {"K52A-D180": 116.4377463614808}, "K52-nU190": {"K52-nU200": 145.6971623088702}, "K52-nD010": {"K52-nD020": 17.234856552247116}, "K51-U080": {"K51-U090": 205.80626929968486}, "K53-U050": {"K53-U060": 148.23187639416432}, "K53-D030": {"K53-D040": 74.36381402229489}, "K52-nD270": {"K52-nD280": 100.29859157745723}, "K52-nU290": {"K52-nU300": 41.117545602133774}, "K58-U040": {"K58-U050": 72.71033000000001}, "K58-D180": {"K58-D190": 310.8363995000001}, "K51-D130": {"K51-D140": 58.56298978220002}, "K51A-U220": {"K51A-U230": 88.23365970898422}, "K51-U040": {"K51-U050": 128.92381321359878}, "K58-U090": {"K58-U100": 176.04358200000001}, "K54-D050": {"K54-D060": 103.86026552048625}, "K51A-D030": {"K51A-D040": 39.979922509488084}, "K53-D100": {"K53-D110": 78.46068468974977}, "K53-U110": {"K53-U120": 103.61199142395583}, "K53-D110": {"K53-D120": 201.34348775762007}, "K52A-D030": {"K52A-D040": 21.724753709126507}, "K51A-U140": {"K51A-U150": 58.900412451989}, "K54-U040": {"K54-U050": 172.11290455521325}, "K58-D200": {"K58-D210": 72.94760000000001}, "K53-D130": {"K53-D140": 89.50853746299501}, "K52-nU060": {"K52-nU070": 183.6204762737019}, "K53-D010": {"K53-D015": 103.93964251675023}, "K52-nU250": {"K52-nU260": 77.13009373444545}, "K52-nD120": {"K52-nD130": 33.673123706735275}, "K51-U240": {"K51-U250": 112.23541327859269}, "K51-U060": {"K51-U070": 312.9694622553573}, "K58-D030": {"K58-D040": 96.73560600000002}, "K51-U030": {"K51-U040": 73.75104575702308}, "K58-U070": {"K58-U080": 127.82395999999999}, "K53-U030": {"K53-U040": 247.5171721983037}, "K53-D015": {"K53-D020": 52.89720349240224}, "K53-U010": {"K53-U020": 252.73941567971366, "K53-D180": 1762.5052418495238}, "K54-U070": {"K54-D010": 202.89099473126763}, "K51A-U170": {"K51A-U180": 78.53976670368611}, "K53-D120": {"K53-D130": 91.06717507766828}, "K52A-D090": {"K52A-D100": 84.31087147321394}, "K52A-U170": {"K52A-U180": 346.27118640166856}, "K52-nU100": {"K52-nU110": 181.25155065746415}, "K52-nU140": {"K52-nU150": 224.48961682208255}, "K54-U030": {"K54-U040": 137.20297427985727}, "K54-D040": {"K54-D050": 175.19575838874525}, "K52-nD090": {"K52-nD100": 102.48782200000001}, "K52A-U020": {"K52A-U030": 111.21000000000001}, "K52-nD050": {"K52-nD060": 40.93765490700001}, "K51-D050": {"K51-D060": 69.68105566090665}, "K53-U090": {"K53-U100": 130.0752123905675}, "K53-U100": {"K53-U110": 75.63989181191982}, "K52A-D080": {"K52A-D090": 71.08059963795594}, "K52-nU070": {"K52-nU080": 105.97919294628002}, "K52-nU260": {"K52-nU270": 77.04992068210001}, "K51-D160": {"K51-D170": 99.68654002322374}, "K51A-U080": {"K51A-U090": 192.15084311140046}, "K58-D150": {"K58-D160": 77.89980000000001}, "K53-U120": {"K53-U130": 76.31956325764695}, "K53-D090": {"K53-D100": 53.84308113295337}, "K51A-D070": {"K51A-D080": 111.3408301533}, "K51A-D150": {"K51A-D160": 93.29447322750289}, "K51-U070": {"K51-U080": 207.61275857235665}, "K52A-U120": {"K52A-U130": 72.32590718669}, "K51A-U090": {"K51A-U100": 178.43290802454484}, "K53-U020": {"K53-U030": 176.06315749443522, "K53-D160": 904.9491827538437}, "K54-U050": {"K54-U060": 350.9424560582284}, "K53-U070": {"K53-U080": 56.81857455161022}, "K51-U160": {"K51-U170": 115.50203294709812}, "K58-D010": {"K58-D020": 20.1938}, "K51A-D020": {"K51A-D030": 101.3722186415956}, "K53-D140": {"K53-D150": 171.5831556982912}, "K58-D193": {"K58-D196": 65.33000539999999}, "K51A-D160": {"K51A-D170": 183.0170603131788}, "K51-D190": {"K51-D200": 171.61773535000003}, "K54-D020": {"K54-D030": 250.83599324348856}, "K52A-D050": {"K52A-D060": 51.69846320238736}, "K52A-D020": {"K52A-D030": 23.754278470766142}, "K58-D020": {"K58-D030": 122.98502149999997}, "K52-nD260": {"K52-nD270": 60.03075301596037}, "K58-D170": {"K58-D180": 138.28287}, "K54-U020": {"K54-U030": 140.0096280585767}, "K52-nD280": {"K52-nD290": 95.07173296498215}, "K51A-D100": {"K51A-D110": 55.29056174692929}, "K52-nU110": {"K52-nU120": 171.90418557432707}, "K53-D040": {"K53-D050": 77.97991026080736}, "K58-D100": {"K58-D110": 211.84595299999995}, "K51-U010": {"K51-U020": 36.49579090835479}, "K51A-U130": {"K51A-U140": 73.90476958169243}, "K53-U140": {"K53-D010": 86.72896700372466}, "K52-nD070": {"K52-nD080": 151.27159787401865}, "K51A-D050": {"K51A-D060": 86.69867162780905}, "K58-D080": {"K58-D090": 142.58258850000004}, "K53-U060": {"K53-U070": 71.74023276602234}, "K58-U190": {"K58-U200": 158.51000000000005}, "K51-U170": {"K51-U180": 90.20540587206705}, "K52-nD040": {"K52-nD050": 26.37384735467409}, "K58-U010": {"K58-U020": 44.69575}, "K51A-U040": {"K51A-U050": 132.13713768761676}, "K51-D080": {"K51-D090": 108.5862168305197}, "K51A-U160": {"K51A-U170": 81.77482377052162}, "K52-nU120": {"K52-nU140": 135.73022051308146}, "K52-nU010": {"K52-nU020": 37.5261249462224}, "K51-D230": {"K51-D240": 89.46790673406493}, "K58-D140": {"K58-D150": 35.224090000000004}, "K51-U130": {"K51-U140": 79.79525703950256}, "K51-D180": {"K51-D190": 196.94860351145172}, "K52-nU040": {"K52-nU050": 72.23244089160026}, "K51-U210": {"K51-U220": 58.403765357083}, "K51A-D040": {"K51A-D050": 104.47139584928057}, "K51-U120": {"K51-U130": 152.66624209282688}, "K51-U100": {"K51-U110": 236.911851847961}, "K52-nU240": {"K52-nU250": 53.54473707809499}, "K53-U080": {"K53-U090": 84.49408946711148}, "K51A-U210": {"K51A-U220": 80.14786036253045}, "K52-nD020": {"K52-nD030": 25.997221362400275}, "K52-nD180": {"K52-nD190": 153.87495529160702}, "K51-U150": {"K51-U160": 88.606805237469}, "K51A-U230": {"K51A-U240": 44.880987506391904}, "K51-U230": {"K51-U240": 54.44919588923841}, "K52-nU280": {"K52-nU290": 47.592242783712}, "K52-nU270": {"K52-nU280": 165.96206714234356}, "K58-D160": {"K58-D170": 194.75329500000004}, "K52A-U160": {"K52A-U170": 44.92999020737001}, "K51-D020": {"K51-D030": 63.622479518889826}, "K52-nU160": {"K52-nU170": 38.52401794012327}, "K52-nD290": {"K52-nD300": 95.26260708440726}, "K51A-D180": {"K51A-D190": 145.73562220772}, "K53-D080": {"K53-D090": 51.579206459748455}, "K51A-D120": {"K51A-D140": 146.92517106456302}, "K52-nU150": {"K52-nU160": 97.9117974969651}, "K52A-U050": {"K52A-U060": 56.7358}, "K52A-U110": {"K52A-U120": 54.9628680904}, "K52-nD110": {"K52-nD120": 171.23743265270926}, "K52-nU090": {"K52-nU100": 120.94155249375999}, "K51A-D240": {"K51A-D250": 63.40521985263183}, "K51A-D090": {"K51A-D100": 56.77713424461573}, "K58-D196": {"K58-D200": 87.67}, "K51-U020": {"K51-U030": 113.01312287024659}, "K51-D270": {"K51-D280": 96.35031588870189}, "K58-U020": {"K58-U023": 99.47300000000003}, "K54-D010": {"K54-D020": 267.57245267810583}, "K51A-D110": {"K51A-D120": 55.817394703595895}, "K52A-D110": {"K52A-D120": 152.04966983543372}, "K52A-D130": {"K52A-D140": 96.76849114681022}, "K53-D180": {"K53-D190": 87.71420262039841}, "K52A-D180": {"K52A-D190": 166.49426615748808},