{"K66-D200": {"K66-D210": 132.995150060674}, "K66-U020": {"K66-U030": 202.87727520851908}, "K68-D040": {"K68-D050": 73.14305713}, "K65A-D040": {"K65A-D050": 77.05162249677134}, "K65A-U060": {"K65A-U070": 54.286817752252304}, "K68-U170": {"K68-D010": 151.22019391183025}, "K65A-U080": {"K65A-U090": 65.87317493292731}, "K65-U050": {"K65-U060": 114.23952836741849}, "K65-U090": {"K65-U100": 52.75339953599206}, "K66-D080": {"K66-D090": 64.56780662520649}, "K66-D120": {"K66-D130": 70.1621363663493}, "K66-D190": {"K66-D200": 89.28758636748881}, "K68-D180": {"K68-D190": 25.56421063650792}, "K65-U100": {"K65-U110": 160.2101646209159}, "K65A-U020": {"K65A-U030": 190.91636978380063}, "K68-D020": {"K68-D030": 89.61553863254416}, "K65A-U040": {"K65A-U050": 82.91882122107396}, "K66-D180": {"K66-D190": 83.16333179692293}, "K65-D050": {"K65-D060": 67.12475731562076}, "K68-U040": {"K68-U050": 69.37250859043789}, "K65-U160": {"K65-U170": 56.95105612974876}, "K66-U100": {"K66-U110": 73.98202824133757}, "K65A-D010": {"K65A-D020": 124.01851223610922}, "K65A-D090": {"K65A-D100": 105.36329172300782}, "K65-D080": {"K65-D090": 59.728747493158764}, "K68-U130": {"K68-U140": 174.48975071000007}, "K65-D070": {"K65-D080": 109.6679262367737}, "K66-U180": {"K66-U190": 55.05396366412168}, "K65A-U070": {"K65A-U080": 46.51314715271807}, "K66-D100": {"K66-D110": 49.09877646363621}, "K68-U090": {"K68-U100": 141.11058037212425}, "K66-U110": {"K66-U120": 41.52192593215371}, "K65-D020": {"K65-D030": 81.24997661560977}, "K65A-U110": {"K65A-U120": 80.09968171712599}, "K65A-U100": {"K65A-U110": 48.86760417884567}, "K66-D030": {"K66-D040": 82.22449197884796}, "K65-U040": {"K65-U050": 94.30869115177651}, "K66-D070": {"K66-D080": 53.72786018505548}, "K65A-D020": {"K65A-D030": 76.44319360336951}, "K68-D030": {"K68-D040": 88.97397309000002}, "K65-U030": {"K65-U040": 125.39032426310624}, "K65-D120": {"K65-D130": 65.05112702357057}, "K65A-D070": {"K65A-D080": 108.32785394176756}, "K68-U150": {"K68-U160": 88.56087935786573}, "K65A-U090": {"K65A-U100": 40.75786001638296}, "K65-U110": {"K65-U120": 114.95275306706462}, "K65A-U050": {"K65A-U060": 49.34200758200556}, "K68-D130": {"K68-D140": 65.4891571618281}, "K68-U060": {"K68-U070": 88.897897253}, "K66-D150": {"K66-D160": 82.81495419972404}, "K65-U080": {"K65-U090": 171.02201251256966}, "K68-U050": {"K68-U060": 58.57833756677017}, "K65A-D060": {"K65A-D070": 75.67441704377707}, "K65-U200": {"K65-U210": 56.2959337500552}, "K65-U060": {"K65-U070": 40.26149235128452}, "K66-D220": {"K66-D230": 83.47203930332337}, "K68-U100": {"K68-U110": 184.16237236410197}, "K65-U020": {"K65-U030": 152.00386161395}, "K66-U140": {"K66-U150": 51.45603742995719}, "K66-D050": {"K66-D060": 47.392389563931275}, "K66-U030": {"K66-U040": 197.78959258769714}, "K68-U160": {"K68-U170": 82.69300823184132}, "K65-U130": {"K65-U140": 29.291036338725576}, "K66-D140": {"K66-D150": 100.64826421766612}, "K68-U010": {"K68-U020": 94.42120636375105}, "K68-U070": {"K68-U080": 50.01744144732514}, "K66-U130": {"K66-U140": 56.573294148578654}, "K65A-D080": {"K65A-D090": 59.82997730106858}, "K66-D020": {"K66-D030": 74.57105203277774}, "K65A-D030": {"K65A-D040": 61.87374914688496}, "K66-U010": {"K66-U020": 145.51474232908816}, "K65-D140": {"K65-D150": 120.5400549850305}, "K65-D150": {"K65-D160": 113.87393782142217}, "K68-D110": {"K68-D120": 102.31532542439192}, "K65-D180": {"K65-D190": 135.8174269003533}, "K66-D090": {"K66-D100": 45.425308210905165}, "K65A-U120": {"K65A-U130": 82.3366254308319}, "K66-U120": {"K66-U130": 57.26623388149007}, "K65-U190": {"K65-U200": 55.58365167822781}, "K65-U140": {"K65-U150": 93.97421367131793}, "K66-D130": {"K66-D140": 39.997331271599215}, "K65-U220": {"K65-U230": 79.9844227870229}, "K65-U180": {"K65-U190": 76.89457121949414}, "K68-D050": {"K68-D060": 76.00915658626005}, "K68-U080": {"K68-U090": 58.196490999999995}, "K65A-D100": {"K65A-D110": 225.9280355782618}, "K65A-U030": {"K65A-U040": 29.518231988632795}, "K66-D040": {"K66-D050": 47.72862008136053}, "K66-U150": {"K66-U160": 61.24121580624033}, "K66-D170": {"K66-D180": 229.89034749866588}, "K65-D170": {"K65-D180": 115.93903037635747}, "K65A-D050": {"K65A-D060": 69.13747725355235}, "K68-U140": {"K68-U150": 51.0788734296744}, "K68-U120": {"K68-U130": 179.95303224887198}, "K66-U210": {"K66-U220": 49.688094289899446}, "K66-U040": {"K66-U050": 137.71545110406123}, "K65-D110": {"K65-D120": 130.16106224719096}, "K66-D160": {"K66-D170": 170.85234683660002}, "K66-U200": {"K66-U210": 62.20806065516321}, "K66-U170": {"K66-U180": 37.27747730311736}, "K68-U020": {"K68-U030": 53.22419103861218}, "K66-D010": {"K66-D020": 38.65204104941897}, "K65-U210": {"K65-U220": 78.59051461643523}, "K68-D190": {"K68-D200": 57.15615741325837}, "K66-D060": {"K66-D070": 49.33294460030159}, "K66-U160": {"K66-U170": 85.93104265842153}, "K65-D090": {"K65-D100": 116.03464706946227}, "K68-D060": {"K68-D070": 105.48302372606543}, "K65-D160": {"K65-D170": 169.53742362902076}, "K65-D040": {"K65-D050": 71.7115680818991}, "K68-D140": {"K68-D150": 34.5767915629864}, "K66-U190": {"K66-U200": 70.72750477246093}, "K68-D120": {"K68-D130": 183.14755798950983}, "K65-D100": {"K65-D110": 236.23185169995645}, "K65-D060": {"K65-D070": 75.21332816610261}, "K66-U050": {"K66-U060": 48.33823758070001}, "K66-D110": {"K66-D120": 42.86220679244782}, "K66-D210": {"K66-D220": 167.5678135301329}, "K65-U150": {"K65-U160": 54.46023638908808}, "K65-U170": {"K65-U180": 54.636020113789506}, "K65A-U010": {"K65A-U020": 59.71995045929623}, "K68-U030": {"K68-U040": 35.75676711259481}, "K66-U070": {"K66-U080": 209.0711471874315}, "K65-U120": {"K65-U130": 175.542678769051}, "K68-D150": {"K68-D160": 56.06185058714183}, "K66-U090": {"K66-U100": 57.82426418056897}, "K65-D030": {"K65-D040": 58.731056772959086}, "K68-D160": {"K68-D170": 81.07942401025458}, "K68-D170": {"K68-D180": 40.44973009750939}, "K68-D100": {"K68-D110": 85.58234628193148}, "K68-D090": {"K68-D100": 155.67741828415802}, "K68-U110": {"K68-U120": 202.31077020916965, "K68-D090": 57.53000000000001}, "K66-U080": {"K66-U090": 172.9057626025621}, "K65-U010": {"K65-U020": 274.12741594405003}, "K65-D130": {"K65-D140": 111.20063345652163}, "K66-D230": {"K66-D240": 99.11225254770002}, "K65-U070": {"K65-U080": 68.25432337903808}, "K68-D200": {"K68-U011": 60.41920388000001}, "K66-U060": {"K66-U070": 192.90438102492666}, "K68-D010": {"K68-D020": 53.9060728541402}, "K65-D010": {"K65-D020": 39.84128023387619}, "K68-D070": {"K68-D080": 212.40964045000004}, "K68-D080": {"K68-D090": 104.71603099999997}, "K66A-D090": {"K66A-D100": 61.60000000000001}, "K66A-D200": {"K66A-D210": 71.94000000000001}, "K66A-D080": {"K66A-D090": 58.85}, "K66A-D180": {"K66A-D190": 75.02000000000001}, "K66A-D140": {"K66A-D150": 45.43000000000001}, "K66A-D160": {"K66A-D170": 239.8}, "K66A-D070": {"K66A-D080": 50.6}, "K66A-D100": {"K66A-D110": 46.2}, "K66A-D190": {"K66A-D200": 108.9}}