{"K73-U110": {"K73-U120": 247.95677008900475}, "K75A-D110": {"K75A-U011": 180.1664243333024}, "K75A-D100": {"K75A-D110": 110.24244810762059}, "K74-U100": {"K74-D010": 111.76344633501212}, "K73-U050": {"K73-U060": 111.63626610238846}, "K76-U040": {"K76-U050": 165.00902452097907}, "K75P-D050": {"K75P-D060": 83.81954560789192}, "K75A-D050": {"K75A-D060": 73.56672493821016}, "K75P-D070": {"K75P-D080": 102.48435426432741}, "K73-U070": {"K73-U080": 179.8148879962581}, "K75P-U090": {"K75P-U100": 44.02958910484486}, "K75P-D020": {"K75P-D030": 38.23663114171271}, "K73-U010": {"K73-U020": 68.46561584707182}, "K73-U080": {"K73-U110": 387.65218377409735, "K73-U090": 294.2444013555557}, "K75P-U130": {"K75P-U140": 44.71969758893699}, "K73-D100": {"K73-D110": 200.25679189521608}, "K75P-U100": {"K75P-U110": 65.35059489350189}, "K73-U090": {"K73-U100": 123.54515891863423}, "K75P-U080": {"K75P-U090": 47.41523211845056}, "K76-U030": {"K76-U040": 273.45455867930275}, "K73-U100": {"K73-U110": 279.1336947716474}, "K73-U040": {"K73-U050": 118.33466092616273, "K73-U060": 226.13343803605045}, "K73-U060": {"K73-U070": 141.1523225282784}, "K73-D130": {"K73-D140": 143.9125792573736}, "K73-U030": {"K73-U040": 95.34240330740974}, "K75P-U030": {"K75P-U040": 127.42640171569239}, "K75P-U140": {"K75P-D010": 155.6603249917253}, "K73-D050": {"K73-D070": 111.05924836079694}, "K73-D030": {"K73-D040": 132.16887235496137}, "K74-D060": {"K74-D070": 177.29665997430143}, "K76-D030": {"K76-D040": 81.77873297479415}, "K74-D110": {"K74-U002": 176.7676560223341}, "K76-D010": {"K76-D020": 206.77469201863627}, "K75P-D040": {"K75P-D050": 174.88686876522615}, "K76-D020": {"K76-D030": 137.92401913610124}, "K74-D040": {"K74-D050": 83.53858478512325}, "K74-D090": {"K74-U011": 78.23477029846325}, "K75P-U120": {"K75P-U130": 70.27217144312374}, "K75A-U020": {"K75A-U030": 139.04405369470203}, "K74-U080": {"K74-U090": 262.60977284478884}, "K73-D040": {"K73-D050": 78.29555703368509}, "K75P-U110": {"K75P-U120": 96.08296848352389}, "K75P-D030": {"K75P-D040": 113.74329654165524}, "K73-D110": {"K73-D120": 95.73691131450434}, "K75P-U060": {"K75P-U070": 27.841147068122876}, "K74-U060": {"K74-U070": 136.4961100070803}, "K73-D070": {"K73-D080": 198.3625936839987}, "K74-D010": {"K74-D020": 145.71119986078563}, "K75P-U070": {"K75P-U080": 99.90521601368549}, "K75P-D060": {"K75P-D070": 186.76582151920624}, "K74-D070": {"K74-D080": 245.97133797296524}, "K75P-D010": {"K75P-D020": 141.61143237266822}, "K74-U040": {"K74-U050": 160.2507848167798}, "K76-U020": {"K76-U030": 171.42021247532233}, "K76-U010": {"K76-U020": 78.6887568676772}, "K75A-D070": {"K75A-D080": 44.47373306030106}, "K75A-D080": {"K75A-D090": 115.8619492450359}, "K74-U004": {"K74-U007": 92.84576288375847}, "K73-D150": {"K73-D160": 58.35197916795172}, "K74-D080": {"K74-D090": 182.82989317569155}, "K75A-U010": {"K75A-U020": 47.19688644801973}, "K74-D100": {"K74-D110": 85.34292228145907}, "K75A-D020": {"K75A-D030": 26.894624372380356}, "K73-D080": {"K73-D090": 256.4687351933552}, "K75P-U050": {"K75P-U060": 172.26521901980894}, "K73-D140": {"K73-D150": 216.14739134766143}, "K74-U007": {"K74-U010": 250.7777521021256}, "K74-U050": {"K74-U060": 251.31713890248415}, "K73-D010": {"K73-D020": 79.99539360325839}, "K73-D020": {"K73-D030": 122.9095562255786}, "K75A-D040": {"K75A-D050": 58.129150145821676}, "K74-U070": {"K74-U080": 162.47387944489668}, "K75A-D010": {"K75A-D020": 223.43637105350422}, "K75A-D060": {"K75A-D070": 44.653651836652685}, "K74-U030": {"K74-U040": 282.85183126921095}, "K75P-D080": {"K75P-U011": 144.75794405659138}, "K74-U010": {"K74-U020": 157.6247924116369}, "K75A-D090": {"K75A-D100": 47.55754856881465}, "K73-D120": {"K73-D130": 109.31313087253336}, "K75A-D030": {"K75A-D040": 53.52290606407068}, "K74-D050": {"K74-D060": 104.85970281338875}, "K75A-U030": {"K75A-D010": 254.16670856163387}, "K74-D020": {"K74-D030": 156.9520568834098}, "K75P-U010": {"K75P-U020": 98.75940675598288}, "K74-U001": {"K74-U004": 144.5900122388752}, "K74-U020": {"K74-U030": 142.24189762403336}, "K75P-U020": {"K75P-U030": 109.64923011600001}, "K74-U090": {"K74-U100": 223.74640849064787}, "K73-D090": {"K73-D100": 94.43236811342918}, "K74-U011": {"K74-D100": 171.86451743454018}, "K75P-U040": {"K75P-U050": 112.86647211031816}, "K74-D030": {"K74-D040": 147.83058595253584}, "K73-U020": {"K73-U030": 212.01511605398272}}