{"KOW": {"TSY": 517.2527330515933, "OLY": 134.24229890699257, "HOK": 177.742099927075}, "KOB": {"CHH": 126.93751660368962, "NTK": 83.8301450682345}, "KOT": {"MKK": 166.1387188649969, "TAW": 288.85751184036314, "LOF": 116.05757647697244, "SKM": 117.7685255567225}}