{"LAT": {"KWT": 114.30745809198261, "YAT": 121.947926491467}, "LAK": {"MEF": 127.60764616815368, "NAC": 259.59049221681505, "TSY": 197.89157826785657, "KWF": 114.58827994498945}}