{"LOF": {"KOT": 115.36804494377029, "WTS": 114.49740298694317}, "LOW": {"SHS": 212.65066064090584}, "LOP": {"YUL": 122.64924498991061, "TIS": 184.58854428139352}}