{"MEF": {"NAC": 184.99025972523302, "LAK": 133.81364713300846, "LCK": 99.46818118632663, "TWW": 316.27234794726695}}