{"MOS": {"HEO": 132.2417412551, "WKS": 156.4847685937073}, "MOK": {"YMT": 118.0757919320741, "PRE": 125.18219196267125}}