{"OCP": {"ADM": 287.6320407404461, "WCH": 130.56650307063575}}