{"OLY": {"NAC": 130.42075397578532, "KOW": 129.3525098875656}}