{"QUB": {"YAT": 249.24494264248142, "NOP": 123.75165481726938, "TAK": 118.40006030658951}}