{"SHS": {"LOW": 261.75460050080704, "FAN": 139.98789624952047, "LMC": 465.5431676286339}, "SHT": {"TAW": 179.73442039204093, "FOT": 160.33873883314476}, "SHW": {"SYP": 146.65788112866608, "CEN": 113.01976949943253}, "SHM": {"CIO": 117.72070629645933, "TSH": 221.56901754202232}}