{"SKM": {"KOT": 109.05217590884806, "PRE": 113.19541812717557}, "SKW": {"SWH": 96.70702506964655, "HFC": 134.7378079103565}}