{"SWH": {"TAK": 117.92415773577889, "SKW": 130.6976008086767}}