{"TAP": {"UNI": 378.0743151201067, "TWO": 151.50603788735958}, "TAW": {"CKT": 184.0698435958564, "HIK": 151.70571798989303, "SHT": 117.6939957995697, "KOT": 324.39662983534737}, "TAK": {"SWH": 127.70694435664502, "QUB": 115.94613195478539}}