{"TKO": {"TIK": 208.6964284331895, "LHP": 131.96894212066226, "HAH": 153.75614600819893}, "TKW": {"HOM": 129.76299780758973, "SUW": 131.32208944501002}}