{"TSY": {"LAK": 195.47423313249175, "AIR": 1421.7648400186376, "SUN": 734.831928450159, "KOW": 478.09466741817675}, "TSH": {"SHM": 223.87879326563106, "HEO": 118.42821985957971}, "TST": {"ADM": 149.990999774269, "JOR": 27.120000000000005}, "TSW": {"TWH": 53.65774472534489}}