{"UNI": {"FOT": 194.01363745076628, "TAP": 358.1192333517664}}