{"WAC": {"ADM": 127.92348572797164, "CAB": 157.33542423335984}}