{"YMT": {"MOK": 100.60682535042369, "HOM": 207.27297362445378, "JOR": 107.70977355042342}}