{"YUL": {"KSR": 237.23979578252093, "LOP": 103.37019786050821}}