{"AIR": {"TSY": 1141.850331391122, "AWE": 120.92455168756639}}