{"CHH": {"DIH": 76.40501906539427, "KOB": 126.41182462944361}, "CHW": {"HFC": 67.33736966954658}}