{"CIO": {"SHM": 123.38862552447002, "STW": 118.99653540000004}}