{"EXC": {"HUH": 185.74222965863927, "ADM": 80.09676353411739}}