{"FOH": {"NOP": 100.47222920344652, "TIH": 101.99533188326282}, "FOT": {"UNI": 181.31862159554936, "SHT": 163.02575894780352}}