{"HFC": {"SKW": 82.77791049807503, "CHW": 117.70292160903486}}