{"HIK": {"DIH": 271.2707033210726, "TAW": 80.67423920000002}}