{"HUH": {"MKK": 180.19331034194096, "EXC": 175.50014852695367, "ETS": 79.15386961060003, "HOM": 90.87231480000003}}