{"JOR": {"YMT": 95.17477615414008, "TST": 86.71996812044421}}