{"K17-U030": {"K17-U040": 39.02762896021359}, "K17-D020": {"K17-D030": 54.569733619023204}, "K18-U010": {"K18-U020": 244.39574769751408}, "K12-D020": {"K12-D030": 394.2183732285563}, "K18-U020": {"K18-U030": 59.637199569124064}, "K17-D010": {"K17-D020": 365.9338319017303}, "K18-D020": {"K18-D030": 74.27027857381813}, "K12-D030": {"K12-D040": 107.96441170695834}, "K12-D010": {"K12-D020": 169.16263723180822}, "K18-D010": {"K18-D020": 264.90441922562434}, "K17-U020": {"K17-U030": 151.90148208898106}, "K12-U020": {"K12-U030": 209.59974164041097}, "K12-U010": {"K12-U020": 291.3662658961873}, "K17-U010": {"K17-U020": 277.31007846025074}}