{"K68-D020": {"K68-D030": 99.87863507600001}, "K65A-U070": {"K65A-U080": 52.22477171283882}, "K65-U010": {"K65-U020": 260.2227729552627}, "K65A-U020": {"K65A-U030": 197.19713594587213}, "K66-U050": {"K66-U060": 53.44928718498397}, "K66-U030": {"K66-U040": 192.92492879711}, "K65A-U040": {"K65A-U050": 86.13771792874715}, "K68-U080": {"K68-U090": 63.372495095005}, "K65A-D030": {"K65A-D040": 64.06597831483927}, "K68-U060": {"K68-U070": 107.85489406679997}, "K65-U070": {"K65-U080": 75.8621082145503}, "K65A-U110": {"K65A-U120": 82.1623927723558}, "K68-D180": {"K68-D190": 30.26134844645485}, "K66-U100": {"K66-U110": 76.89741008550479}, "K65A-D050": {"K65A-D060": 69.44190807626265}, "K65A-U030": {"K65A-U040": 31.262860965670654}, "K65-U060": {"K65-U070": 43.85386313657474}, "K65-D130": {"K65-D140": 132.38954986339544}, "K66-U140": {"K66-U150": 52.44837652747317}, "K65-D070": {"K65-D080": 127.44347869158969}, "K66-U070": {"K66-U080": 233.44772526230358}, "K66-U130": {"K66-U140": 58.033163216405285}, "K66-D160": {"K66-D170": 162.56999481886004}, "K65-D140": {"K65-D150": 125.72572497292681}, "K66-U040": {"K66-U050": 152.13436318067562}, "K68-U020": {"K68-U030": 54.562104478836474}, "K65A-D020": {"K65A-D030": 85.18540696273577}, "K65-U130": {"K65-U140": 28.76398517490681}, "K65A-U080": {"K65A-U090": 75.57254417837228}, "K65-U200": {"K65-U210": 78.5934523700905}, "K65-D020": {"K65-D030": 86.29341413489328}, "K65-D050": {"K65-D060": 75.87997433240699}, "K65-D060": {"K65-D070": 91.84428842604109}, "K66-D080": {"K66-D090": 60.08292626135092}, "K66-U180": {"K66-U190": 67.93693492399667}, "K65A-D010": {"K65A-D020": 54.968497760329626}, "K68-U030": {"K68-U040": 30.860858095552437}, "K65A-U060": {"K65A-U070": 59.607049214519314}, "K66-D010": {"K66-D020": 66.06750077429945}, "K68-D080": {"K68-D090": 104.79374927499}, "K65-U210": {"K65-U220": 81.84935325416275}, "K65-U220": {"K65-U230": 84.99241215542521}, "K66-D050": {"K66-D060": 46.26140624985966}, "K65-U120": {"K65-U130": 181.8849962330367}, "K66-U190": {"K66-U200": 64.71786320140255}, "K66-D170": {"K66-D180": 234.50146465752556}, "K65A-D090": {"K65A-D100": 120.95948109197539}, "K66-D060": {"K66-D070": 45.265011940319305}, "K68-U090": {"K68-U100": 146.48959457322002}, "K68-U140": {"K68-U150": 54.57008562948513}, "K66-D200": {"K66-D210": 140.3209336910979}, "K68-D170": {"K68-D180": 45.51109636395197}, "K66-D020": {"K66-D030": 79.50370860057394}, "K68-U010": {"K68-U020": 95.5931235528629}, "K65-D090": {"K65-D100": 122.413202691118}, "K65-D180": {"K65-D190": 130.58433733124403}, "K65A-D070": {"K65A-D080": 129.5511280245857}, "K65A-D040": {"K65A-D050": 84.91656240539176}, "K65A-U010": {"K65A-U020": 60.48439339353371}, "K68-U040": {"K68-U050": 62.53258481392038}, "K65-U050": {"K65-U060": 114.94830393687899}, "K66-D100": {"K66-D110": 49.972513884063076}, "K68-D040": {"K68-D050": 107.24732595999998}, "K66-U020": {"K66-U030": 210.83589485783395}, "K65-U190": {"K65-U200": 58.020007926656}, "K68-U070": {"K68-U080": 17.0176}, "K68-D060": {"K68-D070": 116.7001634449}, "K65-U100": {"K65-U110": 169.61360433588078}, "K65A-D100": {"K65A-D110": 235.95597077333355}, "K65A-U100": {"K65A-U110": 58.66446649005864}, "K65-D030": {"K65-D040": 66.49571000554677}, "K65-U150": {"K65-U160": 56.57721579035676}, "K65-D040": {"K65-D050": 91.4872488445372}, "K65A-D060": {"K65A-D070": 89.21369794622926}, "K65A-U120": {"K65A-U130": 91.9159980922702}, "K65-U180": {"K65-U190": 80.96884515102582}, "K65A-U050": {"K65A-U060": 58.268672499322314}, "K66-D120": {"K66-D130": 72.82114358998787}, "K66-D130": {"K66-D140": 41.934516624648026}, "K65-D150": {"K65-D160": 113.14275872516559}, "K66-D040": {"K66-D050": 42.63306923905195}, "K66-D090": {"K66-D100": 46.13545036694755}, "K65-D170": {"K65-D180": 114.65864675584001}, "K68-D130": {"K68-D140": 63.628947756484855}, "K66-D150": {"K66-D160": 81.05277813268872}, "K66-U200": {"K66-U210": 62.49392980551088}, "K66-D230": {"K66-D240": 102.46647311770289}, "K65-D120": {"K65-D130": 60.931342666101706}, "K66-D110": {"K66-D120": 39.01406140142124}, "K66-U150": {"K66-U160": 62.687881344642186}, "K65-D010": {"K65-D020": 41.24116868328177}, "K65-U110": {"K65-U120": 114.27502507878096}, "K65-D160": {"K65-D170": 162.1235215790607}, "K65-U030": {"K65-U040": 116.06875630355088}, "K65-U020": {"K65-U030": 139.6812819384257}, "K65A-D080": {"K65A-D090": 57.717035069062376}, "K65-U040": {"K65-U050": 88.68914089641865}, "K68-D050": {"K68-D060": 76.61096739106401}, "K68-D200": {"K68-U011": 77.09541369916701}, "K68-D120": {"K68-D130": 204.63078079895368}, "K65-U080": {"K65-U090": 214.58321750612998}, "K66-U210": {"K66-U220": 51.420131627572026}, "K66-D220": {"K66-D230": 83.44845499829148}, "K65A-U090": {"K65A-U100": 64.12530599333041}, "K66-D180": {"K66-D190": 74.08941050845928}, "K68-D190": {"K68-D200": 48.774222129023414}, "K68-D160": {"K68-D170": 81.08930180580398}, "K66-D140": {"K66-D150": 118.96192611008303}, "K65-D080": {"K65-D090": 63.18595966639911}, "K65-D110": {"K65-D120": 125.17744010755648}, "K68-U160": {"K68-U170": 80.65712943410003}, "K68-D150": {"K68-D160": 66.96024936783252}, "K68-U100": {"K68-U110": 218.88773584775126}, "K66-U060": {"K66-U070": 189.749998846032}, "K66-U080": {"K66-U090": 166.13777429553554}, "K65-U090": {"K65-U100": 52.71042630050137}, "K66-D070": {"K66-D080": 51.86758686102617}, "K68-U170": {"K68-D010": 185.47914907700002}, "K68-U130": {"K68-U140": 194.63613505489997}, "K66-U010": {"K66-U020": 155.52546525967006}, "K65-U160": {"K65-U170": 65.29442084886989}, "K66-U170": {"K66-U180": 37.219981115445904}, "K66-U110": {"K66-U120": 90.28980544177432}, "K66-D210": {"K66-D220": 160.9882393071502}, "K65-D100": {"K65-D110": 252.38075493290006}, "K68-D010": {"K68-D020": 48.79280914600401}, "K66-D190": {"K66-D200": 97.562141739264}, "K66-D030": {"K66-D040": 83.26591492419163}, "K68-U150": {"K68-U160": 84.17029484276}, "K68-D140": {"K68-D150": 40.35768045431952}, "K68-U120": {"K68-U130": 186.10056007332003}, "K66-U120": {"K66-U130": 55.37995609615352}, "K65-U140": {"K65-U150": 102.84411298123537}, "K68-D070": {"K68-D080": 180.77761864538402}, "K68-D090": {"K68-D100": 154.94431086353148}, "K68-D110": {"K68-D120": 110.91744033775144}, "K65-U170": {"K65-U180": 56.88135025387893}, "K66-U160": {"K66-U170": 142.92597147400002}, "K68-U110": {"K68-U120": 212.22654760000006}, "K68-D030": {"K68-D040": 87.26113000000001}, "K66-U090": {"K66-U100": 59.99237821758662}, "K68-U050": {"K68-U060": 64.27780700000001}, "K68-D100": {"K68-D110": 90.4574152706837}}