{"KOW": {"OLY": 130.90676931713315, "TSY": 517.76144306945, "HOK": 177.74210015798636}, "KOT": {"TAW": 285.6457454182356, "LOF": 96.22259852388, "SKM": 85.52949868393527, "MKK": 152.49796326739542}, "KOB": {"NTK": 78.57440769999917, "CHH": 144.1283192045204}}