{"KWH": {"TWH": 53.642672070367, "KWF": 101.25027647670063}, "KWT": {"NTK": 95.26029763847313, "LAT": 99.12441971296528}, "KWF": {"KWH": 78.05174424751426, "LAK": 136.0331994047046}}