{"LAK": {"TSY": 187.48669837138306, "NAC": 229.04716907113743, "KWF": 50.97927917104269, "MEF": 121.13751157247827}, "LAT": {"KWT": 85.8139939071881, "YAT": 85.60357814937184}}