{"LCK": {"MEF": 63.19959887292082, "CSW": 81.62162816190644}}