{"LOP": {"TIS": 180.89716191843235, "YUL": 120.21968940000004}, "LOF": {"WTS": 110.19891012564963, "KOT": 92.55432268190857}, "LOW": {"SHS": 225.75999947664687}}