{"MOK": {"PRE": 116.00605013227502, "YMT": 114.48260296551823}, "MOS": {"HEO": 133.9646, "WKS": 164.24537824242475}}