{"NAC": {"OLY": 98.2176875347418, "MEF": 182.91030222230467, "LAK": 240.77504471688175, "AUS": 217.39989108348672}}