{"NTK": {"KWT": 43.9459165320492, "KOB": 111.53239134321743}}