{"PRE": {"MOK": 102.66953673902938, "SSP": 79.5667632277431, "SKM": 120.34017209212644}}