{"SHT": {"FOT": 124.4117809478035, "TAW": 202.17784451721164}, "SHM": {"CIO": 101.06202588561762, "TSH": 221.50261817254142}, "SHS": {"FAN": 137.2911114675993, "LMC": 486.1830209225489, "LOW": 261.75478957028747}, "SHW": {"CEN": 98.64973505040216, "SYP": 37.17819737575312}}