{"SKM": {"KOT": 103.2545463208061, "PRE": 24.4004184548}, "SKW": {"HFC": 116.6787348160586, "SWH": 12.1}}