{"SSP": {"PRE": 84.53782834186082, "CSW": 80.52020612712838}}