{"SWH": {"TAK": 70.50163961951526, "SKW": 118.2270504130689}}