{"SYP": {"SHW": 100.25578846585485, "HKU": 88.62480830639709}}