{"TAW": {"KOT": 314.32626064067574, "HIK": 128.39458720885796, "SHT": 98.90810931284383, "CKT": 129.89569407126}, "TAK": {"QUB": 78.12697022337446, "SWH": 89.65527513014985}, "TAP": {"UNI": 380.15589397340625, "TWO": 173.73713217141386}}