{"TKO": {"TIK": 181.22552261312904, "LHP": 131.22414170458723, "HAH": 173.45277408698263}, "TKW": {"HOM": 125.63769067609076, "SUW": 135.9006863683}}