{"TUC": {"SUN": 807.5852322801446}, "TUM": {"SIH": 146.622545914882}}