{"UNI": {"FOT": 184.35410835720452, "TAP": 358.2182896171188}}