{"WAC": {"CAB": 101.28368893454058, "ADM": 86.82833699606076}}