{"WCH": {"LET": 157.9243308479614, "OCP": 112.4509045347942}}