{"WTS": {"LOF": 110.49328823999595, "DIH": 116.85750102345442}}