{"YAT": {"TIK": 104.11711021564524, "QUB": 197.36583623290178, "LAT": 86.26152305592}}