{"YUL": {"LOP": 128.098838564164, "KSR": 218.50479748215017}}