{"5": {"305": 83.89357192500044, "6": 114.80047757034322}}