{"AIR": {"TSY": 1567.6334236890466, "AWE": 122.38001950977404}}