{"AUS": {"NAC": 204.85487333639375, "ETS": 137.6989608728}}