{"CHH": {"DIH": 32.469881, "KOB": 67.01219208165469}, "CHW": {"HFC": 71.42798795465215}}