{"DIS": {"SUN": 198.58233387484285}, "DIH": {"CHH": 110.29448314538953, "WTS": 78.77363044152342, "HIK": 286.43871461727, "KAT": 96.75260346680002}}