{"ETS": {"AUS": 75.477699, "HUH": 59.718891477000014}}