{"FOT": {"SHT": 153.15057594021667, "UNI": 162.6057552782094}, "FOH": {"TIH": 91.0694652594025, "NOP": 71.32173467729999}}