{"HEO": {"TSH": 70.28459320000002, "MOS": 104.46270944999999}}