{"HFC": {"SKW": 113.24368305332295, "CHW": 122.76427867034526}}