{"HIK": {"DIH": 261.61079776465215, "TAW": 142.93676754}}