{"HKU": {"SYP": 83.97643888830932, "KET": 94.08664459393046}}