{"HOK": {"KOW": 188.41485478694645}, "HOM": {"TKW": 107.32641457712134, "HUH": 115.21961463120002, "YMT": 121.79874534270411, "WHA": 78.41204089512748}}