{"JOR": {"YMT": 91.53674553437024, "TST": 91.75123951070921}}