{"K12-U020": {"K12-U030": 243.24098404325795}, "K12-D010": {"K12-D020": 171.4112583150284}, "K18-D020": {"K18-D030": 75.38858583283617}, "K18-U010": {"K18-U020": 221.28510615658487}, "K17-U030": {"K17-U040": 27.919084761152316}, "K12-D030": {"K12-D040": 21.741880786837072}, "K18-U020": {"K18-U030": 64.92380221219884}, "K17-D020": {"K17-D030": 45.19807037627829}, "K18-D010": {"K18-D020": 260.36266669336476}, "K17-D010": {"K17-D020": 357.3999979176661}, "K12-D020": {"K12-D030": 381.5654665683247}, "K17-U010": {"K17-U020": 277.49228860291953}, "K17-U020": {"K17-U030": 141.20337224142673}, "K12-U010": {"K12-U020": 285.65696443010336}}