{"K65A-U090": {"K65A-U100": 59.99264708757494}, "K66-D150": {"K66-D160": 86.69860791348411}, "K65A-U070": {"K65A-U080": 55.3783448660724}, "K65-U040": {"K65-U050": 96.14450449193234}, "K65A-D030": {"K65A-D040": 77.20738701138234}, "K68-U050": {"K68-U060": 64.42213165455169}, "K68-D130": {"K68-D140": 66.95819837889432}, "K65A-U060": {"K65A-U070": 61.62339261883644}, "K66-D050": {"K66-D060": 41.300875843553555}, "K65-U140": {"K65-U150": 94.81097913146445}, "K66-D120": {"K66-D130": 70.02197785974873}, "K65A-U080": {"K65A-U090": 77.51369554846633}, "K65-U010": {"K65-U020": 287.4201015422562}, "K68-D050": {"K68-D060": 73.73901292788908}, "K66-U070": {"K66-U080": 231.7413061795039}, "K65-D180": {"K65-D190": 130.1425300923272}, "K68-D030": {"K68-D040": 85.25905604757}, "K68-D080": {"K68-D090": 100.60536909984003}, "K66-D230": {"K66-D240": 99.66680906238808}, "K66-U050": {"K66-U060": 52.484713226408324}, "K66-U140": {"K66-U150": 53.68977533286245}, "K68-D170": {"K68-D180": 55.9952689678668}, "K65-D030": {"K65-D040": 64.38395254974115}, "K65-D050": {"K65-D060": 74.30879348455643}, "K65A-U050": {"K65A-U060": 56.661030614968865}, "K65-D110": {"K65-D120": 133.592470773569}, "K65A-U010": {"K65A-U020": 66.63451393278883}, "K66-U130": {"K66-U140": 59.72011585249798}, "K65-U090": {"K65-U100": 58.68178734142028}, "K65-U160": {"K65-U170": 70.60819514364296}, "K65-U150": {"K65-U160": 65.85805491239172}, "K66-U160": {"K66-U170": 54.0248376067148}, "K66-U150": {"K66-U160": 66.40656677001253}, "K66-D160": {"K66-D170": 145.6959906727163}, "K68-D160": {"K68-D170": 85.58727015984302}, "K65-U190": {"K65-U200": 53.62531975377878}, "K66-D200": {"K66-D210": 134.1902821004315}, "K66-D140": {"K66-D150": 94.29244183213488}, "K65A-D060": {"K65A-D070": 87.64705627697637}, "K68-U100": {"K68-U110": 208.85196446944207}, "K66-D190": {"K66-D200": 92.47368647453762}, "K65A-D090": {"K65A-D100": 130.38417768355197}, "K65-D150": {"K65-D160": 106.80330189801005}, "K66-U180": {"K66-U190": 70.40900504130764}, "K66-D110": {"K66-D120": 99.54573129593156}, "K65-D140": {"K65-D150": 126.25952158963692}, "K65A-U100": {"K65A-U110": 55.67422600471605}, "K68-D150": {"K68-D160": 61.62954679420002}, "K66-D210": {"K66-D220": 170.87450842697177}, "K66-D070": {"K66-D080": 48.99735645243412}, "K66-D180": {"K66-D190": 87.35385318955312}, "K66-D090": {"K66-D100": 40.62737872459093}, "K65A-D070": {"K65A-D080": 127.12305973474906}, "K66-U010": {"K66-U020": 144.1532675392534}, "K65A-D040": {"K65A-D050": 102.62938689075743}, "K65A-D080": {"K65A-D090": 57.32874167868357}, "K65-U120": {"K65-U130": 200.10693031972727}, "K65-U070": {"K65-U080": 77.38038400806929}, "K65-D100": {"K65-D110": 239.5770505391428}, "K65-D020": {"K65-D030": 84.49981315011199}, "K65-D040": {"K65-D050": 87.662678521027}, "K68-D110": {"K68-D120": 109.46831972878972}, "K65-D070": {"K65-D080": 111.54972252854665}, "K65-U200": {"K65-U210": 76.35787833683612}, "K66-D130": {"K66-D140": 40.90967922435159}, "K66-D220": {"K66-D230": 83.41199321004731}, "K65-U130": {"K65-U140": 31.811876383395564}, "K66-D040": {"K66-D050": 35.94690906366786}, "K68-D190": {"K68-D200": 41.56656856098151}, "K65-U020": {"K65-U030": 153.47232188851342}, "K65-U060": {"K65-U070": 49.92100782401428}, "K65-U030": {"K65-U040": 123.46896939544949}, "K68-U160": {"K68-U170": 79.609886507751}, "K65-U110": {"K65-U120": 110.61416042030348}, "K65A-U030": {"K65A-U040": 28.617255095247163}, "K66-D060": {"K66-D070": 39.736201431320694}, "K65A-U020": {"K65A-U030": 190.68231572740768}, "K65-U170": {"K65-U180": 54.472113752936}, "K65A-U040": {"K65A-U050": 89.44528536304949}, "K65A-D020": {"K65A-D030": 93.6234949158746}, "K68-U140": {"K68-U150": 51.38380579663101}, "K66-U210": {"K66-U220": 49.60409948467716}, "K66-D020": {"K66-D030": 73.07856221695127}, "K65-U210": {"K65-U220": 86.54199214900362}, "K65-U050": {"K65-U060": 122.86468531766108}, "K65A-U120": {"K65A-U130": 82.40191063899657}, "K66-D010": {"K66-D020": 14.269102690524718}, "K68-D100": {"K68-D110": 83.5673968164011}, "K68-U070": {"K68-U080": 50.25041241162296}, "K65-D130": {"K65-D140": 135.2112316101646}, "K66-D030": {"K66-D040": 77.23262361051952}, "K68-U030": {"K68-U040": 32.84766364132581}, "K65-D090": {"K65-D100": 117.18498722611295}, "K65-U100": {"K65-U110": 166.99763391536672}, "K68-U060": {"K68-U070": 96.25950476289182}, "K66-U080": {"K66-U090": 181.96934002270305}, "K66-U190": {"K66-U200": 69.8012025556881}, "K65A-D100": {"K65A-D110": 225.13220883517607}, "K68-U150": {"K68-U160": 100.98537412287763}, "K66-U170": {"K66-U180": 34.90877242258515}, "K68-U130": {"K68-U140": 140.4636936}, "K65-D170": {"K65-D180": 126.05405622536284}, "K65A-D050": {"K65A-D060": 76.87276922840769}, "K65-D080": {"K65-D090": 60.831050408844035}, "K68-D090": {"K68-D100": 158.3361438356198}, "K65-U180": {"K65-U190": 82.6188924980822}, "K66-U110": {"K66-U120": 45.30852676652104}, "K65-D160": {"K65-D170": 157.43603775520322}, "K65-D010": {"K65-D020": 38.51283256700001}, "K66-D100": {"K66-D110": 44.13925495170945}, "K65-D120": {"K65-D130": 69.12277560366381}, "K66-D170": {"K66-D180": 217.9815741597637}, "K65-U080": {"K65-U090": 195.20445356290963}, "K68-D020": {"K68-D030": 117.05494900000001}, "K65A-D010": {"K65A-D020": 56.73792457316639}, "K65-D060": {"K65-D070": 85.97422055903242}, "K68-D140": {"K68-D150": 39.58974648134001}, "K66-U100": {"K66-U110": 85.94264971579295}, "K65-U220": {"K65-U230": 76.47968150418953}, "K68-D060": {"K68-D070": 111.52063460100003}, "K68-D200": {"K68-U011": 63.67956886741541}, "K66-U060": {"K66-U070": 190.38733450440765}, "K68-U020": {"K68-U030": 56.08994711018663}, "K68-U090": {"K68-U100": 142.13889995690005}, "K65A-U110": {"K65A-U120": 81.30180489778557}, "K66-U020": {"K66-U030": 209.31563775360002}, "K66-U040": {"K66-U050": 176.41579777700002}, "K66-U120": {"K66-U130": 56.87822434404353}, "K68-U080": {"K68-U090": 64.66663263830002}, "K68-D040": {"K68-D050": 106.9816299995493}, "K66-U030": {"K66-U040": 228.80909606678432}, "K66-D080": {"K66-D090": 57.13841006551244}, "K66-U090": {"K66-U100": 63.85160151782901}, "K68-U010": {"K68-U020": 98.95290519614944}, "K68-D180": {"K68-D190": 33.932078432909684}, "K68-D070": {"K68-D080": 209.77798761309913}, "K68-U040": {"K68-U050": 70.22784971624239}, "K68-D120": {"K68-D130": 190.36330160000003}, "K68-U110": {"K68-U120": 223.83875422014904}, "K66-U200": {"K66-U210": 62.9837258239771}, "K68-U120": {"K68-U130": 153.51654730000004}, "K68-U170": {"K68-D010": 159.922817548}, "K68-D010": {"K68-D020": 48.79483400000001}}