{"KOW": {"TSY": 532.9907379416993, "HOK": 177.7421002150356, "OLY": 131.13419547188678}, "KOT": {"TAW": 268.464945018561, "MKK": 143.5408035849191, "LOF": 90.97113926850889, "SKM": 62.955421589395904}, "KOB": {"NTK": 79.74653843025115, "CHH": 80.93434439162095}}