{"KWT": {"NTK": 87.89763336080938, "LAT": 78.1941376854412}, "KWH": {"KWF": 93.81474845781355, "TWH": 73.40390454833701}, "KWF": {"LAK": 124.76634078329182, "KWH": 79.23443175272948}}