{"LAK": {"NAC": 242.08189597423262, "TSY": 195.8517680806039, "MEF": 113.49645011699576, "KWF": 63.648802224585026}, "LAT": {"KWT": 99.55531576488917, "YAT": 69.56967498594882}}