{"LOW": {"SHS": 241.1131236523923}, "LOF": {"WTS": 112.9905406187103, "KOT": 106.32226330997223}, "LOP": {"TIS": 178.30404579542875, "YUL": 127.71431199999999}}