{"NOP": {"QUB": 109.59957888255849, "FOH": 109.34516315511821}}