{"NTK": {"KOB": 94.60625471092814, "KWT": 49.79876370701851}}