{"OCP": {"ADM": 287.6319584603367, "WCH": 127.33753841351208}}