{"QUB": {"YAT": 226.83478769735885, "NOP": 109.42818013032043, "TAK": 77.07253048372914}}