{"SHW": {"CEN": 92.12306006946963, "SYP": 68.94150357653398}, "SHS": {"LMC": 460.1767810478815, "FAN": 121.54500696631183, "LOW": 261.75493247375704}, "SHT": {"FOT": 125.34194463109893, "TAW": 179.66099153783338}, "SHM": {"CIO": 114.84209352534003, "TSH": 220.11637325276007}}