{"SIH": {"TUM": 154.45979989193663, "TIS": 344.1259484783685}}