{"SSP": {"PRE": 89.37336131142857, "CSW": 71.98398162306988}}