{"SYP": {"HKU": 83.15448913159783, "SHW": 98.83461185456973}}