{"TAW": {"SHT": 117.03920694825766, "KOT": 284.1244787323159, "CKT": 159.05801358300002, "HIK": 92.23258083313672}, "TAP": {"TWO": 165.8232744469216, "UNI": 380.37140194584265}, "TAK": {"QUB": 74.38945968496276, "SWH": 96.46824635333203}}