{"TUC": {"SUN": 839.0895926557414}, "TUM": {"SIH": 143.0180045143707}}