{"UNI": {"TAP": 353.1771834828131, "FOT": 186.82421120621316}}