{"WAC": {"CAB": 121.49969106970453, "ADM": 65.95525182164928}}