{"WTS": {"DIH": 109.45389461152847, "LOF": 102.02983580469416}}