{"YUL": {"KSR": 247.4615997315073, "LOP": 92.27779867461899}}