{"1": {"6": 302.739836953739, "2": 229.3844974850552}}