{"5": {"305": 83.29085738324622, "6": 113.52462445160833}}