{"AIR": {"TSY": 1437.299539986169, "AWE": 108.04158844354993}}