{"CHW": {"HFC": 91.27830193753263}, "CHH": {"DIH": 95.89094433394965, "KOB": 85.3853443575653}}