{"CIO": {"SHM": 103.38258744005437, "STW": 74.68577343300001}}