{"CKT": {"STW": 125.19217944156705, "TAW": 83.62585335567704}}