{"CSW": {"LCK": 93.88691982982019, "SSP": 87.34448378976596}}