{"ETS": {"AUS": 54.018769127709525, "HUH": 79.14263204012524}}