{"EXC": {"HUH": 144.96464052439654, "ADM": 58.414169079992256}}