{"FOT": {"SHT": 149.07727568794874, "UNI": 162.8524040831268}, "FOH": {"NOP": 61.97317077114599, "TIH": 108.18951696727899}}