{"HAH": {"TKO": 122.44158440993223, "POA": 131.08262345391455}}