{"HEO": {"TSH": 87.91974088329411, "MOS": 111.55704746556759}}