{"HFC": {"SKW": 79.94148527876757, "CHW": 137.91633804984733}}