{"HKU": {"SYP": 104.48515349794486, "KET": 94.53797543128124}}