{"HUH": {"MKK": 196.38524789948235, "EXC": 192.35987222555386, "HOM": 61.40626092289476, "ETS": 109.75824161243482}}