{"JOR": {"TST": 96.96412084856857, "YMT": 80.11776765042127}}