{"K18-U020": {"K18-U030": 64.92646944579135}, "K12-D010": {"K12-D020": 169.18747715779665}, "K14-D010": {"K14-D020": 282.23216418740884}, "K18-D020": {"K18-D030": 105.30675765244364}, "K14-D020": {"K14-D030": 279.25709763514425}, "K18-U010": {"K18-U020": 218.7156125251942}, "K12-D030": {"K12-D040": 34.99861245931668}, "K12-D020": {"K12-D030": 402.48898491199503}, "K17-D020": {"K17-D030": 81.7247492987259}, "K18-D010": {"K18-D020": 259.39102591784723}, "K12-U010": {"K12-U020": 246.63832423145723}, "K17-D010": {"K17-D020": 332.25410461483153}, "K17-U030": {"K17-U040": 81.67727658578039}, "K17-U020": {"K17-U030": 149.27094849901613}, "K12-U020": {"K12-U030": 224.16715458519928}, "K17-U010": {"K17-U020": 256.2197297370264}}