{"K51-D150": {"K51-D160": 164.7908669100864}, "K51A-U160": {"K51A-U170": 74.96034416206854}, "K51A-U090": {"K51A-U100": 147.29648128559884}, "K52-nD200": {"K52-nD210": 136.9957895}, "K58-U023": {"K58-U026": 57.531099999999995}, "K52-nD120": {"K52-nD130": 43.518263308075475}, "K58-U026": {"K58-U030": 128.8194732}, "K51A-D150": {"K51A-D160": 118.44798675575085}, "K51-D180": {"K51-D190": 194.33727821525835}, "K52-nU100": {"K52-nU110": 173.77848474818}, "K58-D196": {"K58-D200": 124.47097014}, "K51A-D170": {"K51A-D180": 174.4451105522978}, "K58-U070": {"K58-U080": 113.28280810000001}, "K53-U040": {"K53-U050": 134.02615815084172}, "K58-D110": {"K58-D120": 193.34098300000005}, "K52-nU070": {"K52-nU080": 98.5983711222841}, "K53-U050": {"K53-U060": 138.64650581010747}, "K53-U100": {"K53-U110": 84.23584313675278}, "K51-U100": {"K51-U110": 201.5568114785859}, "K54-U040": {"K54-U050": 151.0156035569777}, "K53-D100": {"K53-D110": 77.90286085447613}, "K52-nU260": {"K52-nU270": 109.83440513722158}, "K52-nD020": {"K52-nD030": 39.114839935295876}, "K51-D220": {"K51-D230": 285.68575107649053}, "K58-D200": {"K58-D210": 56.86268060000001}, "K51-D130": {"K51-D140": 55.0297761820982}, "K54-U020": {"K54-U030": 141.30762067059658}, "K53-U120": {"K53-U130": 66.82532606766001}, "K53-U010": {"K53-U020": 256.9329201226943, "K53-D180": 1567.5020886205016}, "K54-U070": {"K54-D010": 149.97591751418113}, "K51-D120": {"K51-D130": 58.74521429609443}, "K51A-D260": {"K51A-D270": 60.27345619192463}, "K53-D090": {"K53-D100": 49.06776965757091}, "K52-nD170": {"K52-nD180": 134.51232616641408}, "K52A-U140": {"K52A-U150": 169.09672659466023}, "K58-D010": {"K58-D020": 31.361}, "K53-D080": {"K53-D090": 50.48435433939967}, "K51A-U200": {"K51A-U210": 64.58592364251247}, "K51-U150": {"K51-U160": 80.12258989417823}, "K58-U130": {"K58-U140": 83.82000000000001}, "K53-D040": {"K53-D050": 87.83734399120505}, "K52A-D010": {"K52A-D020": 316.6818295404479}, "K51A-D200": {"K51A-D210": 294.6306932759914}, "K52A-D120": {"K52A-D130": 41.17370645695887}, "K51-U070": {"K51-U080": 171.92325394921278}, "K54-D010": {"K54-D020": 106.09783191749057}, "K51A-U220": {"K51A-U230": 78.82246328042322}, "K52A-U120": {"K52A-U130": 79.54612291267227}, "K52-nD180": {"K52-nD190": 143.9823422361349}, "K58-D020": {"K58-D030": 100.85350000000001}, "K58-D140": {"K58-D150": 35.72613000000001}, "K53-D180": {"K53-D190": 105.09253130589036}, "K58-U090": {"K58-U100": 164.99008493}, "K51A-U230": {"K51A-U240": 43.62270823091422}, "K51A-D010": {"K51A-D020": 52.31409723328251}, "K58-U020": {"K58-U023": 108.46}, "K52A-U160": {"K52A-U170": 25.273268063299437}, "K54-U010": {"K54-U020": 97.17821143580736}, "K51-D020": {"K51-D030": 71.65576987535333}, "K58-D080": {"K58-D090": 101.44316599999999}, "K51-D160": {"K51-D170": 78.86420201715636}, "K53-D050": {"K53-D060": 87.34344811843746}, "K52-nU090": {"K52-nU100": 121.92330372262995}, "K54-U060": {"K54-U070": 228.7053559360184}, "K58-U010": {"K58-U020": 32.791}, "K51-D050": {"K51-D060": 65.99737601232783}, "K52A-U090": {"K52A-U100": 97.0740698981116}, "K51A-D070": {"K51A-D080": 92.02412411624823}, "K58-D090": {"K58-D100": 148.021951}, "K54-U050": {"K54-U060": 408.7140184101101}, "K54-D030": {"K54-D040": 66.68840747837203}, "K51A-D100": {"K51A-D110": 54.782131061673695}, "K53-U080": {"K53-U090": 74.42730696879383}, "K52-nU160": {"K52-nU170": 57.29179518420666}, "K54-U030": {"K54-U040": 129.30073462056865}, "K53-U020": {"K53-U030": 145.55460905948416, "K53-D160": 659.1817901068607}, "K52-nU230": {"K52-nU240": 108.67033592596485}, "K53-D160": {"K53-D170": 1330.7453155313592, "K53-U011": 198.74812498308765}, "K52-nU020": {"K52-nU030": 109.52630094277849}, "K51-D240": {"K51-D250": 146.334623972592}, "K58-D030": {"K58-D040": 30.427100000000003}, "K51-D040": {"K51-D050": 58.2197971395594}, "K52-nD060": {"K52-nD070": 134.10307043422557}, "K52A-D030": {"K52A-D040": 25.977399530000003}, "K51A-D050": {"K51A-D060": 80.59992602204139}, "K52-nD190": {"K52-nD200": 184.59031173059947}, "K51-D280": {"K51-D290": 58.845599429622816}, "K51-U210": {"K51-U220": 57.35457375298826}, "K52-nU210": {"K52-nU220": 88.07473898081}, "K52A-D050": {"K52A-D060": 32.310630373263166}, "K51-D210": {"K51-D220": 157.15005748200002}, "K51-D260": {"K51-D270": 70.97292105519311}, "K52A-D090": {"K52A-D100": 49.36874904234285}, "K51-U190": {"K51-U200": 83.40541760930722}, "K51A-D120": {"K51A-D140": 154.8144619302709}, "K52-nU170": {"K52-nU180": 160.42747668385383}, "K51A-U140": {"K51A-U150": 46.31298397430427}, "K51-U080": {"K51-U090": 164.04442739200002}, "K51A-D250": {"K51A-D260": 116.33387941296215}, "K58-D070": {"K58-D080": 115.28}, "K52A-U110": {"K52A-U120": 65.78500838541592}, "K52-nU040": {"K52-nU050": 76.4255277861591}, "K53-U130": {"K53-U140": 63.409306586018886}, "K51-U110": {"K51-U120": 125.0800982301427}, "K51A-D060": {"K51A-D070": 86.4087904194162}, "K58-U030": {"K58-U040": 323.4}, "K52A-U150": {"K52A-U160": 36.628882091919664}, "K51-D070": {"K51-D080": 70.37259397316295}, "K53-U090": {"K53-U100": 121.68611531253694}, "K53-D030": {"K53-D040": 81.19610099245571}, "K52-nD220": {"K52-nD230": 128.17942456732874}, "K51-D270": {"K51-D280": 135.83401999415085}, "K58-U140": {"K58-U150": 130.47031470000002}, "K51-D200": {"K51-D210": 129.93981005022948}, "K51A-U100": {"K51A-U110": 218.89188792194142}, "K52A-U100": {"K52A-U110": 88.5434680024093}, "K53-U060": {"K53-U070": 71.96109336816887}, "K52-nD090": {"K52-nD100": 56.83455304996136}, "K51A-U210": {"K51A-U220": 82.24368199313878}, "K51-U160": {"K51-U170": 129.12209677104437}, "K53-D110": {"K53-D120": 172.57407995342265}, "K51A-U180": {"K51A-U190": 92.66442906395619}, "K58-U050": {"K58-U060": 40.27368400000001}, "K54-D020": {"K54-D030": 192.2059639707847}, "K58-U150": {"K58-U160": 170.5}, "K51A-U050": {"K51A-U060": 312.52313489323313}, "K51A-D160": {"K51A-D170": 186.25390833886925}, "K51-U090": {"K51-U100": 161.07050545707622}, "K51-U020": {"K51-U030": 181.56588212184064}, "K58-D120": {"K58-D130": 139.74259200000003}, "K58-U180": {"K58-U190": 105.81604}, "K51A-U010": {"K51A-U020": 45.81782024079528}, "K52-nD240": {"K52-nD250": 162.6306727904629}, "K52A-D020": {"K52A-D030": 28.94845852193}, "K53-D130": {"K53-D140": 98.9266475178351}, "K53-U140": {"K53-D010": 80.52849672025278}, "K52A-U060": {"K52A-U070": 129.96469512418633}, "K52A-U130": {"K52A-U140": 67.68236130171461}, "K51-U050": {"K51-U060": 302.9052759466983}, "K52A-U020": {"K52A-U030": 87.92318371142062}, "K52-nU180": {"K52-nU190": 77.6885995354385}, "K54-D050": {"K54-D060": 81.63694351931603}, "K52-nD100": {"K52-nD110": 53.88743929982653}, "K52-nD030": {"K52-nD040": 40.62430107800001}, "K51-D030": {"K51-D040": 42.21438280625392}, "K53-D070": {"K53-D080": 50.92596638373353}, "K51-U040": {"K51-U050": 132.6918338686191}, "K52-nU010": {"K52-nU020": 75.1780654834507}, "K58-U120": {"K58-U130": 168.08011}, "K51-D230": {"K51-D240": 81.05260447516198}, "K53-U030": {"K53-U040": 209.43474885672276}, "K53-U110": {"K53-U120": 98.1200850105304}, "K54-D040": {"K54-D050": 182.47595086190378}, "K51A-D110": {"K51A-D120": 55.814137592319824}, "K52-nD260": {"K52-nD270": 72.60099495868215}, "K51-U230": {"K51-U240": 44.6311530127656}, "K51-D060": {"K51-D070": 61.63487151316387}, "K53-U070": {"K53-U080": 48.410085615511434}, "K51-D110": {"K51-D120": 55.220885667049615}, "K51-U030": {"K51-U040": 64.5762770908469}, "K52-nD210": {"K52-nD220": 213.6722233935041}, "K52A-U030": {"K52A-U040": 57.647746798287855}, "K51-D090": {"K51-D100": 89.27363222107803}, "K52A-D060": {"K52A-D070": 135.57301220119547}, "K51A-U020": {"K51A-U030": 161.7111607742882}, "K52A-D070": {"K52A-D080": 101.21272814022065}, "K51A-D140": {"K51A-D150": 75.03050913595492}, "K52-nD050": {"K52-nD060": 39.02034129597912}, "K58-U060": {"K58-U070": 178.35070000000002}, "K53-D020": {"K53-D030": 106.8842302253233}, "K52-nD010": {"K52-nD020": 17.48031651454749}, "K58-D050": {"K58-D060": 228.602}, "K51A-U060": {"K51A-U070": 343.66162103780437}, "K52-nD040": {"K52-nD050": 35.050409084032324},