{"K65A-U120": {"K65A-U130": 96.14513998134422}, "K66-U210": {"K66-U220": 53.406659150650626}, "K65-U020": {"K65-U030": 122.10604036607899}, "K66-U190": {"K66-U200": 65.51719790451945}, "K68-U050": {"K68-U060": 50.36101502443}, "K66-D190": {"K66-D200": 92.2705628812}, "K66-U100": {"K66-U110": 86.75676958071567}, "K65A-D040": {"K65A-D050": 68.40076944194735}, "K65A-U020": {"K65A-U030": 196.07205252669235}, "K65-D040": {"K65-D050": 69.19904280221509}, "K66-D070": {"K66-D080": 66.86178142203434}, "K68-U170": {"K68-D010": 188.72488671924407}, "K65-U070": {"K65-U080": 68.8016688939212}, "K68-D060": {"K68-D070": 104.35090600000001}, "K68-D010": {"K68-D020": 126.65425268339803}, "K68-D130": {"K68-D140": 57.88042903047877}, "K65-D080": {"K65-D090": 68.77329276141606}, "K65-D140": {"K65-D150": 130.0067416126563}, "K65-D050": {"K65-D060": 58.29083273259378}, "K66-U040": {"K66-U050": 120.70544573493753}, "K66-D180": {"K66-D190": 104.16374943531021}, "K65A-D060": {"K65A-D070": 102.40284337519856}, "K65A-D050": {"K65A-D060": 53.59468516583356}, "K65-D010": {"K65-D020": 43.255535479251435}, "K65A-U070": {"K65A-U080": 54.25393180600967}, "K68-U070": {"K68-U080": 25.550450981285763}, "K65-U220": {"K65-U230": 91.89351472877595}, "K65A-U100": {"K65A-U110": 85.67482256184947}, "K68-D190": {"K68-D200": 60.79788616528034}, "K65-U170": {"K65-U180": 57.057323337165464}, "K65A-D090": {"K65A-D100": 132.25430026715054}, "K68-U030": {"K68-U040": 29.018951424099992}, "K66-U090": {"K66-U100": 55.32187999622853}, "K68-U150": {"K68-U160": 103.18325937182999}, "K65A-D010": {"K65A-D020": 55.8927443699744}, "K65A-D030": {"K65A-D040": 83.00440193802532}, "K66-D200": {"K66-D210": 148.78469036282547}, "K68-D120": {"K68-D130": 222.33976874430155}, "K65-U120": {"K65-U130": 199.79755106719477}, "K66-D020": {"K66-D030": 72.89784524955107}, "K65-D030": {"K65-D040": 76.82761528178517}, "K65-D110": {"K65-D120": 125.60828216687085}, "K65-U080": {"K65-U090": 219.46898625426792}, "K65-U040": {"K65-U050": 85.05379735489005}, "K66-D050": {"K66-D060": 54.26851483753654}, "K65-U210": {"K65-U220": 74.85603240452099}, "K65A-D020": {"K65A-D030": 84.41608364670824}, "K66-U050": {"K66-U060": 60.17539805405054}, "K68-U020": {"K68-U030": 37.93368113284773}, "K66-U170": {"K66-U180": 32.15477407255073}, "K68-U100": {"K68-U110": 213.12446043517738}, "K65-D060": {"K65-D070": 88.42938285609175}, "K65-U050": {"K65-U060": 128.20393968487613}, "K65-D020": {"K65-D030": 83.81769247707857}, "K65A-U050": {"K65A-U060": 49.61984872810518}, "K66-U160": {"K66-U170": 44.7983696721317}, "K66-D030": {"K66-D040": 84.69395991427768}, "K68-U090": {"K68-U100": 171.51764438214437}, "K68-D200": {"K68-U011": 76.54722679099402}, "K66-D060": {"K66-D070": 55.89155555761981}, "K66-D130": {"K66-D140": 54.68274882961985}, "K65-U100": {"K65-U110": 165.41276346616303}, "K65-D120": {"K65-D130": 73.56434723821948}, "K65-U190": {"K65-U200": 63.884393082485005}, "K68-D170": {"K68-D180": 71.94656385843054}, "K65A-U030": {"K65A-U040": 44.7946796905685}, "K66-D170": {"K66-D180": 213.08373484022883}, "K65A-U110": {"K65A-U120": 83.94487499678941}, "K66-U070": {"K66-U080": 169.23668655039063}, "K65A-D100": {"K65A-D110": 264.17299448342453}, "K65-D170": {"K65-D180": 90.8693475766951}, "K66-U180": {"K66-U190": 60.59019629384877}, "K66-U150": {"K66-U160": 49.957051738517556}, "K66-U060": {"K66-U070": 168.2333637194049}, "K65A-U040": {"K65A-U050": 106.06577251443252}, "K65-U140": {"K65-U150": 102.62239877687537}, "K66-D110": {"K66-D120": 50.77239413092839}, "K66-D140": {"K66-D150": 95.71083820914075}, "K65-D150": {"K65-D160": 141.22125841734137}, "K66-U110": {"K66-U120": 37.915471905669555}, "K65-U030": {"K65-U040": 96.44861451158775}, "K65-U200": {"K65-U210": 88.9007343464762}, "K65-D090": {"K65-D100": 115.47774653177001}, "K68-U110": {"K68-U120": 233.80995059613298, "K68-D090": 392.70000000000005}, "K68-D180": {"K68-D190": 52.86021835097947}, "K65A-U080": {"K65A-U090": 77.94607214179557}, "K68-U010": {"K68-U020": 100.34139781035}, "K68-D160": {"K68-D170": 88.88705564867581}, "K66-D120": {"K66-D130": 69.69189434879814}, "K65-U130": {"K65-U140": 53.68210853676105}, "K66-U030": {"K66-U040": 212.84620575114246}, "K68-D080": {"K68-D090": 79.27109495772305}, "K65-U160": {"K65-U170": 53.32576154768051}, "K65-U150": {"K65-U160": 48.005438264621645}, "K66-D040": {"K66-D050": 57.22124136609094}, "K68-D020": {"K68-D030": 102.11538476289999}, "K65A-D070": {"K65A-D080": 146.03535483402658}, "K66-D220": {"K66-D230": 84.8389640212293}, "K65A-U090": {"K65A-U100": 70.94162627095677}, "K65-U090": {"K65-U100": 50.73814943629081}, "K66-D210": {"K66-D220": 183.52293834179875}, "K65-U180": {"K65-U190": 74.42153885045346}, "K65A-D080": {"K65A-D090": 72.09315280910239}, "K66-D150": {"K66-D160": 125.68149809286349}, "K66-D080": {"K66-D090": 81.42741616716465}, "K66-U120": {"K66-U130": 48.09479902341063}, "K65A-U010": {"K65A-U020": 80.49450331195382}, "K68-U060": {"K68-U070": 99.39230006000001}, "K68-D050": {"K68-D060": 82.05159956071807}, "K65-D180": {"K65-D190": 139.21883763061243}, "K66-D010": {"K66-D020": 49.1063090373964}, "K68-U160": {"K68-U170": 90.74235433268191}, "K66-D090": {"K66-D100": 57.75503668818163}, "K65-U110": {"K65-U120": 113.21823275864949}, "K65A-U060": {"K65A-U070": 52.637873260902516}, "K68-D100": {"K68-D110": 85.76191069768791}, "K68-U120": {"K68-U130": 218.399447497873}, "K66-D100": {"K66-D110": 57.961589496602336}, "K65-D160": {"K65-D170": 159.50920973531518}, "K68-D110": {"K68-D120": 94.68898349406552}, "K65-D070": {"K65-D080": 134.257201231768}, "K65-D130": {"K65-D140": 153.92960889046952}, "K65-D100": {"K65-D110": 264.7709955043614}, "K68-U080": {"K68-U090": 35.836881527822854}, "K66-U080": {"K66-U090": 189.72582355979313}, "K68-D140": {"K68-D150": 60.09196407899999}, "K68-D030": {"K68-D040": 106.16472896999998}, "K68-D070": {"K68-D080": 221.23304788882}, "K66-U140": {"K66-U150": 49.00450104989333}, "K68-D150": {"K68-D160": 75.4262201930247}, "K66-D160": {"K66-D170": 146.3659607928425}, "K68-D090": {"K68-D100": 197.49554}, "K68-U140": {"K68-U150": 71.733580127}, "K66-U020": {"K66-U030": 231.3987166641135}, "K68-U040": {"K68-U050": 46.27748855870281}, "K66-U010": {"K66-U020": 163.03330562741638}, "K66-U200": {"K66-U210": 52.292973253985835}, "K66-D230": {"K66-D240": 104.74857314794001}, "K65-U010": {"K65-U020": 247.65484574605998}, "K65-U060": {"K65-U070": 37.720089067041}, "K66-U130": {"K66-U140": 54.85525768511966}, "K68-D040": {"K68-D050": 121.19728280000001}, "K68-U130": {"K68-U140": 165.09645916584745}}