{"K75P-U130": {"K75P-U140": 48.707356134052}, "K75P-U110": {"K75P-U120": 91.13564094538546}, "K73-U040": {"K73-U050": 123.54482062094294, "K73-U060": 249.1820859976484}, "K76-D010": {"K76-D020": 268.04716824638024}, "K73-U030": {"K73-U040": 97.72481681346828}, "K76-U010": {"K76-U020": 109.26579309316185}, "K75P-U070": {"K75P-U080": 117.74777795173456}, "K75P-D060": {"K75P-D070": 198.35183838564302}, "K73-D090": {"K73-D100": 102.52126971229605}, "K73-D020": {"K73-D030": 71.398289029453}, "K76-D020": {"K76-D030": 131.81522396025943}, "K75P-U090": {"K75P-U100": 37.05808790344458}, "K75P-U030": {"K75P-U040": 131.76696038192932}, "K74-D050": {"K74-D060": 117.42075735481133}, "K76-U030": {"K76-U040": 167.2070292785345}, "K75P-D070": {"K75P-D080": 90.71099942834667}, "K74-U020": {"K74-U030": 145.3512795769241}, "K75A-D040": {"K75A-D050": 61.70655696917017}, "K76-U020": {"K76-U030": 155.04646915541267}, "K75A-D050": {"K75A-D060": 102.53168501195705}, "K74-U090": {"K74-U100": 249.73198432977046}, "K73-D130": {"K73-D140": 146.9652677065666}, "K75A-U020": {"K75A-U030": 147.88566259628402}, "K75A-D110": {"K75A-U011": 221.16045463248915}, "K73-U050": {"K73-U060": 132.45687008676768}, "K73-U060": {"K73-U070": 147.83943080332898}, "K73-U110": {"K73-U120": 245.45885973712103}, "K75A-U030": {"K75A-D010": 262.40598216104917}, "K76-D030": {"K76-D040": 62.80920263422006}, "K75P-D050": {"K75P-D060": 102.93519894465331}, "K74-U007": {"K74-U010": 274.188422514592}, "K73-U070": {"K73-U080": 172.7611145691698}, "K74-D080": {"K74-D090": 174.4805229782618}, "K73-D040": {"K73-D050": 78.74149968467982}, "K75P-U120": {"K75P-U130": 73.99264181038187}, "K73-D010": {"K73-D020": 77.88859420560443}, "K73-D070": {"K73-D080": 203.50759109300006}, "K75P-D020": {"K75P-D030": 41.51635951047844}, "K73-U080": {"K73-U110": 458.60763085701785, "K73-U090": 305.2481584179279}, "K75P-D030": {"K75P-D040": 142.99097568739953}, "K74-D020": {"K74-D030": 152.7659960528533}, "K75P-D040": {"K75P-D050": 184.6761909651262}, "K73-U020": {"K73-U030": 206.05952888323645}, "K75P-U140": {"K75P-D010": 163.0897411611615}, "K75P-U080": {"K75P-U090": 41.942258890427546}, "K74-U001": {"K74-U004": 149.80500379436324}, "K75A-D070": {"K75A-D080": 62.943840011787735}, "K74-U010": {"K74-U020": 193.01907173501527}, "K74-D100": {"K74-D110": 96.41791808850168}, "K73-D150": {"K73-D160": 42.08511357472328}, "K74-D010": {"K74-D020": 169.30874957247448}, "K73-U090": {"K73-U100": 144.1881627696622}, "K73-U100": {"K73-U110": 298.59247236365445}, "K74-U030": {"K74-U040": 299.460458772975}, "K75P-D010": {"K75P-D020": 154.1872078568161}, "K74-U080": {"K74-U090": 263.3093429596835}, "K73-D050": {"K73-D070": 111.93791768537237}, "K75P-U020": {"K75P-U030": 116.48850458445509}, "K74-D110": {"K74-U002": 187.30786033220002}, "K75A-D090": {"K75A-D100": 57.25125116530778}, "K74-D090": {"K74-U011": 83.5083643284971}, "K73-U010": {"K73-U020": 71.19676898591987}, "K75P-U040": {"K75P-U050": 118.1088662515248}, "K73-D120": {"K73-D130": 107.59153921658302}, "K74-D040": {"K74-D050": 90.76689619585872}, "K75A-D060": {"K75A-D070": 44.332693884797855}, "K75A-D020": {"K75A-D030": 40.06111705009103}, "K75P-U010": {"K75P-U020": 101.39536674849668}, "K74-D060": {"K74-D070": 194.7722883513491}, "K74-U060": {"K74-U070": 128.35278329726466}, "K74-U070": {"K74-U080": 163.95899489427794}, "K73-D110": {"K73-D120": 66.733381319199}, "K74-D030": {"K74-D040": 149.77705152989913}, "K75P-D080": {"K75P-U011": 156.09400952711627}, "K75P-U100": {"K75P-U110": 68.10230775842889}, "K73-D030": {"K73-D040": 141.1387054124795}, "K74-U040": {"K74-U050": 209.1677330534082}, "K75A-U010": {"K75A-U020": 48.964070810475356}, "K75A-D010": {"K75A-D020": 237.06064711168568}, "K74-U004": {"K74-U007": 117.71610533061805}, "K75A-D030": {"K75A-D040": 57.08355523512371}, "K76-U040": {"K76-U050": 154.83874333031736}, "K73-D140": {"K73-D150": 225.6009015995408}, "K73-D080": {"K73-D090": 259.57295816040084}, "K74-U050": {"K74-U060": 297.2110383226674}, "K74-U100": {"K74-D010": 124.00106893199445}, "K75P-U050": {"K75P-U060": 176.51440503779003}, "K75P-U060": {"K75P-U070": 56.424741253697185}, "K74-D070": {"K74-D080": 269.0304328670471}, "K75A-D100": {"K75A-D110": 116.53124630660682}, "K73-D100": {"K73-D110": 211.8808899756731}, "K75A-D080": {"K75A-D090": 125.27606445492795}, "K74-U011": {"K74-D100": 200.00591021650172}, "K75S-D030": {"K75S-U011": 244.75000000000006}, "K75S-U040": {"K75S-D010": 60.830000000000005}, "K75S-D020": {"K75S-D030": 189.34358186920002}, "K75S-D010": {"K75S-D020": 170.34007100000002}, "K75S-U010": {"K75S-U020": 52.0674}, "K75S-U030": {"K75S-U040": 128.70000000000002}, "K75S-U020": {"K75S-U030": 150.04000000000002}}