{"KAT": {"DIH": 62.58622014932, "SUW": 94.14990295339999}}