{"KSR": {"TWW": 522.6683537720663, "YUL": 220.3104275644875}}