{"LET": {"WCH": 161.195515806266, "SOH": 103.8296870594409}}