{"LOP": {"TIS": 181.12296298470312, "YUL": 124.55561642999999}, "LOF": {"KOT": 102.12482968861039, "WTS": 93.56402234449365}, "LOW": {"SHS": 223.57756016531636}}