{"MEF": {"LAK": 125.47320093432165, "TWW": 326.7080385035137, "LCK": 85.56319267382379, "NAC": 178.9208260936964}}