{"NAC": {"LAK": 231.26913454780544, "OLY": 79.59807837196892, "MEF": 166.62559404420523, "AUS": 205.40648683991645}}