{"NOP": {"QUB": 123.49822141087779, "FOH": 96.10110141266209}}