{"OCP": {"ADM": 287.6319691474291, "WCH": 133.90725994268877}}