{"OLY": {"KOW": 132.437309853626, "NAC": 132.20392048434968}}