{"SHT": {"FOT": 126.14177048035567, "TAW": 223.8348191150573}, "SHS": {"FAN": 120.0714753296317, "LOW": 261.75471466630455, "LMC": 477.4438063417655}, "SHM": {"TSH": 203.5753961725415, "CIO": 111.94112619791967}, "SHW": {"SYP": 82.60226514743809, "CEN": 71.01672451793254}}