{"SIH": {"TUM": 154.44793678310293, "TIS": 331.30394029117963}}