{"SKW": {"SWH": 58.161303883638524, "HFC": 122.96667829744274}, "SKM": {"PRE": 89.84306170150168, "KOT": 82.81879812797982}}