{"SSP": {"CSW": 89.17782429916146, "PRE": 100.78890838644364}}