{"STW": {"CKT": 77.0817972518, "CIO": 127.23561954810002}}