{"SWH": {"SKW": 109.35162001701028, "TAK": 111.5432412366752}}