{"TAK": {"SWH": 116.24521326519998, "QUB": 86.17935322291649}, "TAP": {"UNI": 372.2373352772521, "TWO": 212.12820508333624}, "TAW": {"KOT": 303.4200132675047, "CKT": 126.54941182325999, "SHT": 117.02932783528252, "HIK": 89.70613867007441}}