{"TKO": {"HAH": 154.36417754467462, "TIK": 176.32179165507847, "LHP": 131.86016346044812}, "TKW": {"HOM": 106.840973986773, "SUW": 49.863040260000005}}