{"TUC": {"SUN": 849.2163884752302}, "TUM": {"SIH": 148.4424941212218}}