{"TWO": {"FAN": 302.8889847253086, "TAP": 161.6986692569705}, "TWH": {"KWH": 63.067115919082696, "TSW": 79.55194076285723}, "TWW": {"MEF": 293.5877786480513, "KSR": 594.3362392247733}}