{"UNI": {"TAP": 357.82777380205073, "FOT": 185.9317511828188}}