{"WTS": {"DIH": 88.51849132771187, "LOF": 98.53798871881398}}