{"YAT": {"TIK": 127.60982107630116, "QUB": 255.8760600205569, "LAT": 84.24852082982468}}