{"5": {"6": 149.64695574448018, "305": 80.18621507153793}}