{"AIR": {"TSY": 1627.144740711842, "AWE": 116.36053470081849}}