{"AUS": {"NAC": 200.51477923910952, "ETS": 140.58067870547308}}