{"CIO": {"STW": 130.78247380959075, "SHM": 111.36246516636682}}