{"CKT": {"STW": 108.8178947036286, "TAW": 124.20793533756371}}