{"ETS": {"AUS": 192.21785649484067, "HUH": 164.83046263460108}}