{"HAH": {"TKO": 157.1092169501075, "POA": 127.4321736110634}}