{"HEO": {"TSH": 128.02136455098827, "MOS": 131.3224215677187}}