{"HIK": {"DIH": 313.2143006262122, "TAW": 152.73279084252596}}