{"HOK": {"KOW": 185.48857671166695}, "HOM": {"YMT": 152.41024808442143, "HUH": 129.16610424595893, "TKW": 144.6852498650585, "WHA": 84.08448612134316}}