{"HUH": {"MKK": 189.056641638342, "EXC": 199.96464447479568, "HOM": 133.48333307197254, "ETS": 193.16112704701405}}