{"K65-U060": {"K65-U070": 39.114265322846016}, "K65-U160": {"K65-U170": 60.12676397789453}, "K65-D020": {"K65-D030": 61.60170591739643}, "K65-U070": {"K65-U080": 61.9582387274108}, "K66-U030": {"K66-U040": 171.6463254004056}, "K65-D080": {"K65-D090": 46.4331881546439}, "K65-U130": {"K65-U140": 29.975412003982967}, "K66-D050": {"K66-D060": 33.85916006826082}, "K66-D150": {"K66-D160": 82.1013689912596}, "K66-D020": {"K66-D030": 61.79580256415572}, "K66-D190": {"K66-D200": 72.89661449219352}, "K65-U140": {"K65-U150": 106.77782040745885}, "K65-D140": {"K65-D150": 104.66369265367591}, "K66-U160": {"K66-U170": 51.37736707543104}, "K66-U090": {"K66-U100": 59.90591814603397}, "K66-D090": {"K66-D100": 38.23885169067278}, "K65-D180": {"K65-D190": 109.44418641848588}, "K65-D120": {"K65-D130": 59.66888834705175}, "K65-U050": {"K65-U060": 106.11163398750891}, "K66-U060": {"K66-U070": 180.26746182686992}, "K66-D010": {"K66-D020": 37.39409988216143}, "K66-U200": {"K66-U210": 58.42123436154289}, "K65-D110": {"K65-D120": 116.89736861402336}, "K65-U040": {"K65-U050": 94.70783066153827}, "K68-U070": {"K68-U080": 22.26680361916474}, "K65-D130": {"K65-D140": 81.93242602206193}, "K66-U110": {"K66-U120": 44.83823427880226}, "K68-D080": {"K68-D090": 77.73409169694675}, "K66-U210": {"K66-U220": 49.158687132415565}, "K65-D060": {"K65-D070": 64.38036452870885}, "K65-U080": {"K65-U090": 134.40112006758721}, "K66-D060": {"K66-D070": 34.949702272801645}, "K65-D100": {"K65-D110": 201.4170410854249}, "K65-D160": {"K65-D170": 143.10941572429888}, "K66-U120": {"K66-U130": 53.097302029946356}, "K65-U020": {"K65-U030": 127.44529546670155}, "K66-U170": {"K66-U180": 35.5425839500942}, "K66-D230": {"K66-D240": 89.33605360725616}, "K68-U040": {"K68-U050": 49.72558535549843}, "K65-D070": {"K65-D080": 95.5020339053822}, "K66-U100": {"K66-U110": 79.83587063741562}, "K66-D180": {"K66-D190": 63.57590164513302}, "K66-U130": {"K66-U140": 55.6862986347994}, "K65-U100": {"K65-U110": 152.70070853010756}, "K66-D120": {"K66-D130": 56.437065988821715}, "K65-U010": {"K65-U020": 293.5630278765598}, "K65-U150": {"K65-U160": 60.3660538378035}, "K68-D050": {"K68-D060": 51.17133193211682}, "K68-D180": {"K68-D190": 25.959465421898}, "K65-D090": {"K65-D100": 86.23810604992073}, "K65-U170": {"K65-U180": 51.50809704359991}, "K66-D130": {"K66-D140": 32.342659611213854}, "K68-D130": {"K68-D140": 64.38239589233451}, "K66-D030": {"K66-D040": 70.93349952492022}, "K68-D200": {"K68-U011": 59.11504198232093}, "K66-U040": {"K66-U050": 131.53545970310248}, "K68-U080": {"K68-U090": 41.09350628868585}, "K66-D140": {"K66-D150": 89.92748373557737}, "K65-D040": {"K65-D050": 56.42526192716681}, "K68-U030": {"K68-U040": 22.895690952721147}, "K65-D050": {"K65-D060": 54.781376862583706}, "K68-U110": {"K68-U120": 179.93204393598998, "K68-D090": 582.3834280000001}, "K68-U150": {"K68-U160": 80.58256092600999}, "K66-D080": {"K66-D090": 47.66611559703432}, "K66-D200": {"K66-D210": 115.9345889868943}, "K68-D160": {"K68-D170": 83.32172353954182}, "K66-D100": {"K66-D110": 38.50158542445873}, "K66-U080": {"K66-U090": 174.21403680162572}, "K65-U190": {"K65-U200": 46.48296750006045}, "K68-U020": {"K68-U030": 24.48075407800001}, "K68-D070": {"K68-D080": 206.3286246338872}, "K66-U180": {"K66-U190": 71.029681391922}, "K66-U050": {"K66-U060": 37.869514584462195}, "K65-D030": {"K65-D040": 52.404498169813095}, "K66-D070": {"K66-D080": 38.82361410109422}, "K66-U020": {"K66-U030": 178.85625062900198}, "K66-U010": {"K66-U020": 118.73648215795599}, "K65-U030": {"K65-U040": 111.55342210356608}, "K66-D040": {"K66-D050": 31.490441096277163}, "K65-U200": {"K65-U210": 57.872702400194065}, "K65-U090": {"K65-U100": 59.291630082479244}, "K68-U170": {"K68-D010": 147.58594315098944}, "K68-U140": {"K68-U150": 37.19332219923085}, "K68-U090": {"K68-U100": 118.7168974437847}, "K66-U070": {"K66-U080": 227.80901830105336}, "K68-D090": {"K68-D100": 146.62087955175656}, "K68-D100": {"K68-D110": 80.9357300367481}, "K68-U160": {"K68-U170": 75.24980280562042}, "K65-U110": {"K65-U120": 106.31743098897891}, "K66-D220": {"K66-D230": 76.42874771381052}, "K66-D210": {"K66-D220": 138.16365646496496}, "K68-D140": {"K68-D150": 26.997359732828244}, "K68-D110": {"K68-D120": 91.01216671815706}, "K68-D170": {"K68-D180": 40.5569747509211}, "K65-U220": {"K65-U230": 75.68745418354632}, "K68-U130": {"K68-U140": 165.63284568235665}, "K68-D190": {"K68-D200": 60.17119051236783}, "K65-U210": {"K65-U220": 85.64489599212774}, "K68-U060": {"K68-U070": 79.25057405113871}, "K66-U140": {"K66-U150": 50.30743337016746}, "K66-D110": {"K66-D120": 27.85240734561674}, "K65-D170": {"K65-D180": 83.78175029424708}, "K68-U010": {"K68-U020": 88.80289681152075}, "K65-U120": {"K65-U130": 200.1387499139271}, "K66-U190": {"K66-U200": 71.1398993885892}, "K65-D150": {"K65-D160": 87.8231945848646}, "K65-D010": {"K65-D020": 38.27976824571872}, "K68-U100": {"K68-U110": 184.044745014949}, "K68-D150": {"K68-D160": 56.75295032762555}, "K68-D060": {"K68-D070": 93.08569218525956}, "K66-D170": {"K66-D180": 190.99764221174172}, "K68-U120": {"K68-U130": 133.76559178516663}, "K65-U180": {"K65-U190": 75.72368310728633}, "K68-U050": {"K68-U060": 42.65245407891571}, "K68-D020": {"K68-D030": 75.40852160255119}, "K66-D160": {"K66-D170": 147.33823990486226}, "K68-D120": {"K68-D130": 166.6468985209336}, "K68-D030": {"K68-D040": 76.98539194632025}, "K68-D040": {"K68-D050": 79.05154240181369}, "K66-U150": {"K66-U160": 62.02790769405726}, "K68-D010": {"K68-D020": 51.8304225802588}}