{"K73-D130": {"K73-D140": 144.26140425623396}, "K75A-D020": {"K75A-D030": 29.134841939317994}, "K73-U030": {"K73-U040": 87.59699882186135}, "K73-U080": {"K73-U090": 289.8941039800782, "K73-U110": 263.52518827562227}, "K73-U090": {"K73-U100": 93.61053349032255}, "K75P-D050": {"K75P-D060": 81.81870014064701}, "K73-U040": {"K73-U050": 101.30907586894308, "K73-U060": 191.0832563847282}, "K75P-U120": {"K75P-U130": 64.45426306598648}, "K75A-D080": {"K75A-D090": 68.8820338063368}, "K76-D010": {"K76-D020": 274.9426196380468}, "K73-U100": {"K73-U110": 251.4464566617049}, "K76-D030": {"K76-D040": 84.00209105591863}, "K75A-U010": {"K75A-U020": 44.3971420542835}, "K73-D110": {"K73-D120": 87.46967679053608}, "K73-U110": {"K73-U120": 230.6303566764413}, "K73-U070": {"K73-U080": 149.42686542830353}, "K75A-U020": {"K75A-U030": 136.23597938583814}, "K75A-U030": {"K75A-D010": 232.66716890106122}, "K75P-U040": {"K75P-U050": 100.11649040967862}, "K75P-U090": {"K75P-U100": 45.70338481789353}, "K76-U040": {"K76-U050": 171.92245287541516}, "K74-D020": {"K74-D030": 145.02455711372968}, "K75P-U060": {"K75P-U070": 27.849666806344242}, "K75A-D040": {"K75A-D050": 55.58698432371045}, "K73-U060": {"K73-U070": 126.6541664435019}, "K75P-U100": {"K75P-U110": 61.407483805434936}, "K76-U010": {"K76-U020": 19.1353172002452}, "K73-D070": {"K73-D080": 176.77541363470678}, "K75A-D110": {"K75A-U011": 162.64392245104182}, "K73-D010": {"K73-D020": 77.56726803808945}, "K75P-D010": {"K75P-D020": 132.84000864606}, "K75A-D050": {"K75A-D060": 72.38630375557072}, "K73-U050": {"K73-U060": 91.56711579148609}, "K75P-D020": {"K75P-D030": 37.44647275231243}, "K73-D140": {"K73-D150": 202.56159195821493}, "K75P-U080": {"K75P-U090": 44.35757769113091}, "K75P-D060": {"K75P-D070": 191.91120134341432}, "K75P-U130": {"K75P-U140": 34.70796056072864}, "K75P-D030": {"K75P-D040": 110.1190464385207}, "K73-D030": {"K73-D040": 116.83196746351753}, "K73-D090": {"K73-D100": 81.62571058770543}, "K75P-U010": {"K75P-U020": 89.9478949417651}, "K75P-U030": {"K75P-U040": 129.1097783864137}, "K75A-D100": {"K75A-D110": 91.67084028073373}, "K73-U020": {"K73-U030": 184.76231539126414}, "K76-U020": {"K76-U030": 153.60871700120373}, "K75P-D040": {"K75P-D050": 172.2151920024016}, "K73-D020": {"K73-D030": 95.87811239768146}, "K73-D100": {"K73-D110": 181.74459612435942}, "K76-U030": {"K76-U040": 240.07507553416968}, "K75P-U070": {"K75P-U080": 121.28460061959193}, "K73-D040": {"K73-D050": 77.15514289529843}, "K73-D050": {"K73-D070": 102.08585166316917}, "K75A-D010": {"K75A-D020": 191.75419259633992}, "K76-D020": {"K76-D030": 140.55856976317753}, "K75A-D070": {"K75A-D080": 38.68652703549742}, "K75P-U050": {"K75P-U060": 174.29274135509849}, "K75A-D090": {"K75A-D100": 42.29123314681339}, "K75P-D080": {"K75P-U011": 137.1507040303755}, "K73-D120": {"K73-D130": 108.70350344989947}, "K75P-D070": {"K75P-D080": 86.07174752385563}, "K75P-U140": {"K75P-D010": 135.41170171563766}, "K75A-D030": {"K75A-D040": 50.87804277780242}, "K75P-U110": {"K75P-U120": 84.5203940200714}, "K73-D150": {"K73-D160": 53.315442349279365}, "K75A-D060": {"K75A-D070": 31.466033969829073}, "K75P-U020": {"K75P-U030": 110.92741921998368}, "K73-U010": {"K73-U020": 67.50236010717524}, "K73-D080": {"K73-D090": 264.42629590654195}}