{"KAT": {"DIH": 140.32662983399126, "SUW": 127.912813446}}