{"KSR": {"YUL": 250.90229446346424, "TWW": 533.7908497148787}}