{"LET": {"WCH": 161.71255589556625, "SOH": 98.0629775514955}}