{"MEF": {"LCK": 130.96135837679097, "TWW": 330.3567495478246, "NAC": 185.67730927183456, "LAK": 142.1288651823126}}