{"MOK": {"YMT": 120.94966647963727, "PRE": 127.87365317177117}, "MOS": {"HEO": 131.6369796683242, "WKS": 160.95367146292574}}