{"NOP": {"QUB": 130.87090453760567, "FOH": 130.43834121403518}}