{"NTK": {"KWT": 96.0215075963079, "KOB": 130.91225590767414}}