{"OLY": {"KOW": 131.16566485558783, "NAC": 133.24923345632791}}