{"PRE": {"SSP": 137.24656503695832, "SKM": 123.05436577840703, "MOK": 129.78742811757124}}