{"SHS": {"LMC": 467.58976850872034, "FAN": 142.11717417982177, "LOW": 261.75493247375704}, "SHT": {"FOT": 146.25080429217684, "TAW": 184.86756691320852}, "SHW": {"CEN": 123.29328477526546, "SYP": 151.39406388008868}, "SHM": {"TSH": 218.34288592748408, "CIO": 112.16072888503489}}