{"SIH": {"TUM": 154.4564493996075, "TIS": 338.9469441569919}}