{"SKM": {"PRE": 127.89781990386022, "KOT": 136.47260910430268}, "SKW": {"SWH": 104.6293227833883, "HFC": 153.81698038133462}}