{"STW": {"CIO": 136.13136111747374, "CKT": 114.9975595105487}}