{"SUN": {"DIS": 198.58233387484285, "TSY": 451.13239508128464, "TUC": 823.8869906189988}, "SUW": {"KAT": 126.44375137222247, "TKW": 134.90065502457813}}