{"SWH": {"TAK": 130.77488693418647, "SKW": 125.74813620163202}}