{"TIK": {"TKO": 293.1725739469629, "YAT": 135.26444843044274}, "TIH": {"CAB": 132.34376136133787, "FOH": 114.3010994862858}, "TIS": {"SIH": 348.8138753602288, "LOP": 186.09593793048583}}