{"WAC": {"ADM": 131.14130639953044, "CAB": 189.66861809737955}}