{"YAT": {"TIK": 137.51676985633452, "QUB": 257.4391349296774, "LAT": 166.791091948975}}