{"YMT": {"MOK": 110.96609063569288, "HOM": 190.58845311805456, "JOR": 128.68094851020834}}