{"1": {"2": 62.31867625272311, "6": 294.6175875358752}}