{"AUS": {"NAC": 209.90499482499195, "ETS": 196.11000000000004}}