{"CHW": {"HFC": 99.58226921736791}, "CHH": {"KOB": 161.00322318629998, "DIH": 126.91630719177775}}