{"FOT": {"SHT": 144.39551065617147, "UNI": 165.8827467187919}, "FOH": {"TIH": 131.88407426825137, "NOP": 119.76521494450142}}