{"HFC": {"SKW": 154.67100703832014, "CHW": 125.12621808336516}}