{"HIK": {"TAW": 143.76517604106738, "DIH": 320.0647214494948}}