{"K17-U020": {"K17-U030": 142.4042521739397}, "K12-U010": {"K12-U020": 265.31951373196927}, "K18-D010": {"K18-D020": 241.25140798250703}, "K12-D010": {"K12-D020": 167.9813772721762}, "K17-D010": {"K17-D020": 307.6529740490921}, "K17-U030": {"K17-U040": 33.592135058255806}, "K17-D020": {"K17-D030": 35.048902049447896}, "K12-D030": {"K12-D040": 78.84210577441488}, "K18-U020": {"K18-U030": 64.81591267831845}, "K12-U020": {"K12-U030": 216.94739577455817}, "K12-D020": {"K12-D030": 369.4658606621391}, "K18-D020": {"K18-D030": 79.8785786710628}, "K18-U010": {"K18-U020": 215.3130514893739}, "K17-U010": {"K17-U020": 244.1524570873719}}