{"K52-nU160": {"K52-nU170": 56.18392185995077}, "K53-D130": {"K53-D140": 96.66710989992893}, "K52-nD160": {"K52-nD170": 156.38277957157575}, "K51A-U230": {"K51A-U240": 42.6411922287095}, "K52-nU030": {"K52-nU040": 129.2662378937883}, "K52A-U160": {"K52A-U170": 26.587132072504055}, "K52A-D060": {"K52A-D070": 138.35364482707118}, "K52-nU260": {"K52-nU270": 61.52768448999999}, "K52-nU040": {"K52-nU050": 72.35246915622345}, "K52A-D040": {"K52A-D050": 14.35374904617486}, "K52A-U140": {"K52A-U150": 166.22361894394535}, "K51A-D080": {"K51A-D090": 185.03621807747675}, "K52A-U080": {"K52A-U090": 75.15441928360808}, "K51A-U110": {"K51A-U120": 138.081592265118}, "K53-U040": {"K53-U050": 131.7676809947723}, "K51A-D120": {"K51A-D140": 136.75117529203877}, "K52A-D170": {"K52A-D180": 116.14211067134283}, "K53-U020": {"K53-U030": 152.1082575085623, "K53-D160": 699.5155170393216}, "K52-nD110": {"K52-nD120": 148.78340761629343}, "K51-D190": {"K51-D200": 162.5007470499319}, "K51-D020": {"K51-D030": 59.71700307360591}, "K51-U220": {"K51-U230": 66.37957875666712}, "K52-nU110": {"K52-nU120": 171.6218174973847}, "K52A-D180": {"K52A-D190": 111.39392540588865}, "K52-nD260": {"K52-nD270": 60.69474784840571}, "K52A-U020": {"K52A-U030": 91.7232774930537}, "K51A-U100": {"K51A-U110": 212.20928720201263}, "K53-U030": {"K53-U040": 209.68939251296962}, "K51-D160": {"K51-D170": 102.74915203683489}, "K52-nD090": {"K52-nD100": 60.429878025996835}, "K54-D010": {"K54-D020": 120.05027139852818}, "K51A-U130": {"K51A-U140": 74.61094048240929}, "K51A-U060": {"K51A-U070": 294.6906164313861}, "K52-nU280": {"K52-nU290": 46.74982527335}, "K53-U140": {"K53-D010": 81.5324123544064}, "K54-D020": {"K54-D030": 221.12137570628119}, "K51A-D150": {"K51A-D160": 116.290246422882}, "K52A-U150": {"K52A-U160": 37.80156506609195}, "K51A-U170": {"K51A-U180": 75.87748174883777}, "K53-U060": {"K53-U070": 71.30956402434587}, "K53-D160": {"K53-D170": 880.1952318446511, "K53-U011": 198.66785427325598}, "K53-U100": {"K53-U110": 67.09609463230194}, "K53-D100": {"K53-D110": 82.24580158533502}, "K52-nU140": {"K52-nU150": 163.87030836324806}, "K52-nD230": {"K52-nD240": 156.9405891392343}, "K53-D030": {"K53-D040": 76.40904985255159}, "K52-nU090": {"K52-nU100": 115.62669600662052}, "K51-D280": {"K51-D290": 67.5068525429869}, "K52-nU050": {"K52-nU060": 259.76640932039146}, "K52-nD040": {"K52-nD050": 29.32776653148942}, "K51A-D220": {"K51A-D230": 140.67584852667275}, "K53-U010": {"K53-U020": 243.86086565739294, "K53-D180": 678.7177296781105}, "K51A-U180": {"K51A-U190": 94.3833370825473}, "K53-U110": {"K53-U120": 89.18159856864432}, "K51-D230": {"K51-D240": 84.64199656942806}, "K51A-U070": {"K51A-U080": 223.35677657575215}, "K54-D050": {"K54-D060": 92.27850008094155}, "K54-U020": {"K54-U030": 167.5421138959426}, "K52-nD290": {"K52-nD300": 98.26879576698524}, "K53-D140": {"K53-D150": 181.00667629978227}, "K52A-U070": {"K52A-U080": 76.54725912630946}, "K51-U100": {"K51-U110": 217.0258277417568}, "K52A-U130": {"K52A-U140": 84.57757350200914}, "K52-nD010": {"K52-nD020": 19.207887181270003}, "K51A-D230": {"K51A-D240": 146.18986584829503}, "K51A-D240": {"K51A-D250": 53.36741501380279}, "K53-U050": {"K53-U060": 135.35853773761517}, "K51-U020": {"K51-U030": 111.45965984318477}, "K53-U130": {"K53-U140": 62.66687937971053}, "K51-U140": {"K51-U150": 54.90151749914152}, "K53-D050": {"K53-D060": 92.20420471104168}, "K52A-D050": {"K52A-D060": 31.30477454572423}, "K51A-U150": {"K51A-U160": 114.71413822393404}, "K53-D120": {"K53-D130": 85.9131012786914}, "K53-D015": {"K53-D020": 49.84445137853034}, "K53-U070": {"K53-U080": 51.55193936439421}, "K51-D250": {"K51-D260": 156.34385405577578}, "K51-D150": {"K51-D160": 184.3021256999992}, "K51A-D140": {"K51A-D150": 94.76245403181775}, "K52A-U015": {"K52A-U020": 138.40399532551837}, "K51A-U120": {"K51A-U130": 145.02245467620676}, "K53-U090": {"K53-U100": 122.06367970189908}, "K51-D030": {"K51-D040": 40.944319362148}, "K52A-U110": {"K52A-U120": 52.36839698245382}, "K54-D040": {"K54-D050": 164.9819519051257}, "K52A-U170": {"K52A-U180": 275.3330864461554}, "K51-D130": {"K51-D140": 56.683628405672934}, "K53-D070": {"K53-D080": 51.712115258187495}, "K54-D030": {"K54-D040": 68.09982348855848}, "K52-nU290": {"K52-nU300": 35.36598737828105}, "K52A-U100": {"K52A-U110": 78.65402421790549}, "K51-U130": {"K51-U140": 73.7598092606972}, "K51A-U080": {"K51A-U090": 176.56852185340608}, "K51-D040": {"K51-D050": 53.697450739448165}, "K51-U170": {"K51-U180": 75.33360729781366}, "K51-D170": {"K51-D180": 108.96270639923296}, "K52-nU070": {"K52-nU080": 100.19992452881215}, "K52A-D120": {"K52A-D130": 42.54375230990949}, "K51-U190": {"K51-U200": 80.34949413418751}, "K51A-D020": {"K51A-D030": 102.92743332556492}, "K51A-U040": {"K51A-U050": 127.4268455511187}, "K51-D270": {"K51-D280": 96.5438749287446}, "K51-U060": {"K51-U070": 271.0828090002633}, "K51A-U200": {"K51A-U210": 64.31656024225063}, "K51-D210": {"K51-D220": 211.00707844640002}, "K53-U120": {"K53-U130": 74.67554915419703}, "K52A-D030": {"K52A-D040": 186.8860796303017}, "K51A-D210": {"K51A-D220": 80.0999213511823}, "K52-nU210": {"K52-nU220": 71.47182680824997}, "K53-D040": {"K53-D050": 81.32897817798154}, "K54-U050": {"K54-U060": 355.2772698364396}, "K52-nU200": {"K52-nU210": 87.84720040583339}, "K52-nD120": {"K52-nD130": 39.47922637042261}, "K52A-U040": {"K52A-U050": 132.8550780775131}, "K52-nD080": {"K52-nD090": 67.00762304000635}, "K51A-U050": {"K51A-U060": 273.8156201902001}, "K52A-D100": {"K52A-D110": 58.03462845200052}, "K51-D140": {"K51-D150": 87.7060132756212}, "K52-nD060": {"K52-nD070": 130.20993768172275}, "K54-D060": {"K54-D070": 146.36551120932728}, "K51A-U140": {"K51A-U150": 54.351384176547676}, "K52-nD220": {"K52-nD230": 141.92760874791688}, "K53-D110": {"K53-D120": 173.6837368610781}, "K51-D120": {"K51-D130": 52.2546342035417}, "K52A-D130": {"K52A-D140": 86.65599875883854}, "K52A-D160": {"K52A-D170": 139.4177800281272}, "K52A-D010": {"K52A-D020": 369.33855463845896}, "K51-D010": {"K51-D020": 70.1283148359104}, "K51-U240": {"K51-U250": 99.55293729379545}, "K52A-D140": {"K52A-D150": 104.76299918390518}, "K52-nD210": {"K52-nD220": 221.86616566249205}, "K53-D020": {"K53-D030": 105.4218131006924}, "K52A-U030": {"K52A-U040": 41.12737260208058}, "K51-U030": {"K51-U040": 79.04264221801608}, "K53-D010": {"K53-D015": 116.49947842244835}, "K54-U040": {"K54-U050": 163.1262772374813}, "K52A-U060": {"K52A-U070": 146.4638007592344}, "K53-U080": {"K53-U090": 81.16292044640576}, "K53-D090": {"K53-D100": 56.86538591899989}, "K51-D100": {"K51-D110": 167.898637852}, "K53-D060": {"K53-D070": 177.3521681885702}, "K52A-D070": {"K52A-D080": 105.29507485537093}, "K54-U060": {"K54-U070": 202.08316996305808}, "K51A-D070": {"K51A-D080": 85.32951231922505}, "K51A-D040": {"K51A-D050": 93.26877434604802}, "K51A-D180": {"K51A-D190": 124.78691723168781}, "K51A-U090": {"K51A-U100": 148.1066021263476}, "K52-nD240": {"K52-nD250": 151.10866342112317}, "K52A-D080": {"K52A-D090": 64.32805399651737}, "K53-D080": {"K53-D090": 54.46685966408652}, "K51-U230": {"K51-U240": 51.16814857084121}, "K52-nD170": {"K52-nD180": 118.26094450116541}, "K51A-D260": {"K51A-D270": 66.4183774737352}, "K52-nU250": {"K52-nU260": 67.01076963607049}, "K54-U070": {"K54-D010": 147.87284816893262}, "K51-U210": {"K51-U220": 49.902988956179215}, "K51-D200": {"K51-D210": 135.5871390943575}, "K51-D260": {"K51-D270": 55.729116394253516}, "K51A-D200": {"K51A-D210": 271.1764056351433}, "K52-nD270": {"K52-nD280": 105.88936546363011}, "K51A-D030": {"K51A-D040": 42.51937024172132}, "K52-nU080": {"K52-nU090": 84.12837879220217}, "K52A-D020": {"K52A-D030": 24.1887871764163}, "K51A-D090": {"K51A-D100": 58.653191812117925}, "K51A-D190": {"K51A-D200": 189.96527932138434}, "K51A-U030": {"K51A-U040": 80.54364271067286}, "K52-nD190": {"K52-nD200": 153.7302401184033}, "K52-nU190": {"K52-nU200": 137.91785520735348}, "K54-U030": {"K54-U040": 127.38390332253417}, "K51-D080": {"K51-D090": 115.06658023426851},