{"K66-U150": {"K66-U160": 56.66996768498359}, "K66-D050": {"K66-D060": 48.76064380654703}, "K66-U040": {"K66-U050": 137.46190940513867}, "K68-D140": {"K68-D150": 47.30910037345997}, "K65-D050": {"K65-D060": 61.9745358923612}, "K65-D060": {"K65-D070": 88.77917668288597}, "K66-U120": {"K66-U130": 54.617048786750594}, "K66-U110": {"K66-U120": 35.36093938872803}, "K65-D100": {"K65-D110": 210.03460298211402}, "K66-D170": {"K66-D180": 224.10748943662142}, "K65-D110": {"K65-D120": 118.01189693548801}, "K66-D100": {"K66-D110": 54.26497532812239}, "K66-D150": {"K66-D160": 102.82315219691091}, "K65-U160": {"K65-U170": 54.006433280812054}, "K66-U080": {"K66-U090": 178.23590341141218}, "K66-D080": {"K66-D090": 73.083083800742}, "K68-U010": {"K68-U020": 100.82865732339403}, "K68-D040": {"K68-D050": 95.1882295884794}, "K65-U060": {"K65-U070": 35.377467520694765}, "K68-D170": {"K68-D180": 50.308151055830216}, "K66-U140": {"K66-U150": 45.92034719752162}, "K66-U010": {"K66-U020": 139.09893191634097}, "K65-U150": {"K65-U160": 56.9086328171152}, "K65-D140": {"K65-D150": 113.02323421457456}, "K66-D040": {"K66-D050": 49.456651147851346}, "K66-U160": {"K66-U170": 49.012385689114865}, "K65-D120": {"K65-D130": 68.59378437497732}, "K65-U100": {"K65-U110": 162.63986049241302}, "K68-U150": {"K68-U160": 90.60314177306235}, "K66-U060": {"K66-U070": 173.2458450157539}, "K65-U030": {"K65-U040": 108.60455755140829}, "K65-U200": {"K65-U210": 73.26246541726523}, "K65-D010": {"K65-D020": 43.71736256575757}, "K65-U120": {"K65-U130": 173.26027999577053}, "K68-U070": {"K68-U080": 35.3544311126}, "K66-U170": {"K66-U180": 36.37407401021198}, "K66-D090": {"K66-D100": 49.26885975330091}, "K65-D170": {"K65-D180": 98.14718355502809}, "K66-D030": {"K66-D040": 86.95946229549301}, "K68-U120": {"K68-U130": 153.84391897049994}, "K65-D130": {"K65-D140": 98.8560475233435}, "K65-U070": {"K65-U080": 68.34570211548996}, "K65-D180": {"K65-D190": 120.59253625726096}, "K65-U210": {"K65-U220": 82.96910496709457}, "K65-U180": {"K65-U190": 80.0733471428023}, "K65-U040": {"K65-U050": 91.65987681551628}, "K66-U050": {"K66-U060": 48.08058836746709}, "K66-D070": {"K66-D080": 56.755181040051035}, "K68-D090": {"K68-D100": 149.66536072102753}, "K66-D010": {"K66-D020": 15.219622727020047}, "K68-D130": {"K68-D140": 59.794384287440984}, "K66-D230": {"K66-D240": 96.838870778299}, "K66-D160": {"K66-D170": 154.89290221166738}, "K66-U180": {"K66-U190": 59.54479302962916}, "K68-D030": {"K68-D040": 95.265164030877}, "K68-D060": {"K68-D070": 100.55345738085963}, "K65-D040": {"K65-D050": 76.08023759210434}, "K68-U020": {"K68-U030": 47.83906935145519}, "K65-D080": {"K65-D090": 61.611236302612305}, "K66-D210": {"K66-D220": 156.74938775436127}, "K68-D180": {"K68-D190": 138.00323694243855}, "K66-D140": {"K66-D150": 108.34310945462933}, "K66-U190": {"K66-U200": 68.49262588104419}, "K68-D150": {"K68-D160": 79.13518358622719}, "K65-U220": {"K65-U230": 96.01580542691696}, "K66-U100": {"K66-U110": 76.0827771461024}, "K66-U090": {"K66-U100": 51.4915465130623}, "K68-D190": {"K68-D200": 54.6959824151199}, "K65-U050": {"K65-U060": 101.12023840738678}, "K66-D200": {"K66-D210": 131.50571500155726}, "K65-U110": {"K65-U120": 107.98018561431032}, "K65-U190": {"K65-U200": 62.79577217605449}, "K66-D180": {"K66-D190": 79.20459382192641}, "K68-U080": {"K68-U090": 61.006095867599996}, "K66-U070": {"K66-U080": 235.8363838277166}, "K65-U020": {"K65-U030": 153.692397482432}, "K68-U040": {"K68-U050": 55.40984683827007}, "K66-D060": {"K66-D070": 46.72604951200812}, "K65-D070": {"K65-D080": 134.25297292152624}, "K66-U130": {"K66-U140": 53.778420962848465}, "K66-D120": {"K66-D130": 72.24986551504615}, "K65-D160": {"K65-D170": 145.88245159312967}, "K65-D150": {"K65-D160": 105.44482322236688}, "K66-D190": {"K66-D200": 94.73967760638543}, "K65-D030": {"K65-D040": 73.47793609670188}, "K65-U170": {"K65-U180": 52.976087466706645}, "K68-D070": {"K68-D080": 222.90211398741002}, "K65-U140": {"K65-U150": 103.94741136111251}, "K65-U130": {"K65-U140": 27.801355423808324}, "K68-D110": {"K68-D120": 89.4945440592556}, "K68-U170": {"K68-D010": 164.76424360504902}, "K66-U210": {"K66-U220": 52.881282554178426}, "K68-U100": {"K68-U110": 196.88900795814004}, "K68-U050": {"K68-U060": 57.85497063666652}, "K68-U060": {"K68-U070": 97.83536140430002}, "K68-D080": {"K68-D090": 99.748867273}, "K65-D090": {"K65-D100": 112.44488528927161}, "K68-U140": {"K68-U150": 46.71946641596101}, "K68-U090": {"K68-U100": 175.87294987074802}, "K68-U110": {"K68-U120": 193.26245400000005, "K68-D090": 589.7122000000002}, "K68-D010": {"K68-D020": 45.48601644140001}, "K68-U130": {"K68-U140": 160.56799095700006}, "K65-D020": {"K65-D030": 81.12087709529808}, "K68-D050": {"K68-D060": 67.703155735}, "K68-U030": {"K68-U040": 32.96532045048558}, "K66-D110": {"K66-D120": 47.54978376784114}, "K66-D020": {"K66-D030": 69.38551409001404}, "K68-D020": {"K68-D030": 83.43662950000001}, "K65-U090": {"K65-U100": 56.44439135302711}, "K66-U030": {"K66-U040": 170.59220844960748}, "K68-D120": {"K68-D130": 183.02208648559662}, "K66-U020": {"K66-U030": 190.27436921435537}, "K68-D200": {"K68-U011": 69.43258388689023}, "K68-U160": {"K68-U170": 63.936579261020654}, "K66-D220": {"K66-D230": 82.39088120718074}, "K68-D160": {"K68-D170": 79.93793847037189}, "K66-U200": {"K66-U210": 54.95082433387}, "K65-U080": {"K65-U090": 174.45965606863516}, "K66-D130": {"K66-D140": 40.52570767672302}, "K68-D100": {"K68-D110": 83.54526533308629}, "K65-U010": {"K65-U020": 291.1873217000001}}