{"K75A-D040": {"K75A-D050": 56.273438045742466}, "K76-U030": {"K76-U040": 261.8876906388326}, "K73-U060": {"K73-U070": 135.01683090929444}, "K73-D150": {"K73-D160": 47.933196617999215}, "K75A-U010": {"K75A-U020": 43.142948822683906}, "K74-D010": {"K74-D020": 156.94476351173003}, "K74-U011": {"K74-D100": 155.51903236749513}, "K75P-U130": {"K75P-U140": 42.01799212096527}, "K73-U080": {"K73-U110": 274.8640328546916, "K73-U090": 287.38100619177334}, "K73-D050": {"K73-D070": 99.05142348627851}, "K75A-D030": {"K75A-D040": 45.68305035010614}, "K73-D090": {"K73-D100": 82.45190502940332}, "K74-U001": {"K74-U004": 138.7812087397853}, "K74-D040": {"K74-D050": 75.53564248235911}, "K74-U090": {"K74-U100": 203.71419735449498}, "K73-U040": {"K73-U050": 110.67808996415545, "K73-U060": 223.55762801140105}, "K75P-U060": {"K75P-U070": 29.451842128618715}, "K75P-D070": {"K75P-D080": 94.88117901395216}, "K73-U110": {"K73-U120": 231.66040388026082}, "K76-D010": {"K76-D020": 325.0129247781092}, "K73-U090": {"K73-U100": 110.6930899113808}, "K73-U100": {"K73-U110": 252.1693002617522}, "K74-U004": {"K74-U007": 93.20963790549588}, "K75A-D090": {"K75A-D100": 54.87451743239244}, "K76-U010": {"K76-U020": 25.214459114160285}, "K73-U010": {"K73-U020": 68.74610827076397}, "K73-U070": {"K73-U080": 158.24279013436825}, "K75A-U020": {"K75A-U030": 126.22607122352863}, "K75P-U030": {"K75P-U040": 119.93980827155005}, "K76-D020": {"K76-D030": 122.9372100823094}, "K76-U040": {"K76-U050": 176.0311670328082}, "K76-D030": {"K76-D040": 52.83510327508346}, "K73-D030": {"K73-D040": 121.09936267794606}, "K75A-D020": {"K75A-D030": 24.519530783362818}, "K75P-D080": {"K75P-U011": 142.2718608866462}, "K75P-U090": {"K75P-U100": 41.70675261425558}, "K74-D060": {"K74-D070": 139.19622035579602}, "K75P-U020": {"K75P-U030": 111.66487564697414}, "K75P-U120": {"K75P-U130": 66.52161136492313}, "K75P-D060": {"K75P-D070": 173.2432668899079}, "K73-D100": {"K73-D110": 196.88560047674312}, "K73-U030": {"K73-U040": 91.22494086836492}, "K75P-U010": {"K75P-U020": 94.62055079437701}, "K73-D110": {"K73-D120": 91.78173001064974}, "K73-U050": {"K73-U060": 113.92529665700893}, "K75P-U110": {"K75P-U120": 88.51807292131792}, "K74-U020": {"K74-U030": 113.65662468333724}, "K76-U020": {"K76-U030": 162.87385918188374}, "K75A-U030": {"K75A-D010": 221.97201429831222}, "K74-D110": {"K74-U002": 163.70187097989998}, "K75P-U140": {"K75P-D010": 139.19428517506057}, "K75P-U080": {"K75P-U090": 42.82014806574013}, "K75A-D100": {"K75A-D110": 99.92188824456034}, "K74-U080": {"K74-U090": 216.86922139619998}, "K74-U010": {"K74-U020": 145.17384965952897}, "K75P-D040": {"K75P-D050": 160.12746515496295}, "K75A-D050": {"K75A-D060": 73.24645667836043}, "K75P-D050": {"K75P-D060": 85.26719545598415}, "K75A-D060": {"K75A-D070": 35.94067115792855}, "K75P-U100": {"K75P-U110": 57.73237748465956}, "K74-U007": {"K74-U010": 226.9109612972512}, "K74-U040": {"K74-U050": 174.38489403989442}, "K74-D020": {"K74-D030": 145.02672296831605}, "K73-D140": {"K73-D150": 178.94880854434777}, "K73-D020": {"K73-D030": 100.56962213294294}, "K75P-D030": {"K75P-D040": 112.2095342864164}, "K74-D100": {"K74-D110": 87.27604371825521}, "K74-D090": {"K74-U011": 67.44789238915662}, "K74-U060": {"K74-U070": 150.434952335543}, "K73-U020": {"K73-U030": 175.20458289939424}, "K75A-D070": {"K75A-D080": 45.75772373164732}, "K75P-D010": {"K75P-D020": 132.7280693554547}, "K75A-D010": {"K75A-D020": 216.90035090160586}, "K73-D120": {"K73-D130": 107.64265462629723}, "K73-D130": {"K73-D140": 145.0503270102591}, "K73-D010": {"K73-D020": 82.42593039622786}, "K75P-D020": {"K75P-D030": 34.07928912294818}, "K74-D080": {"K74-D090": 146.3603715391393}, "K75A-D110": {"K75A-U011": 158.4203635790459}, "K75A-D080": {"K75A-D090": 126.12020348465398}, "K74-U100": {"K74-D010": 125.40159747592068}, "K75P-U050": {"K75P-U060": 142.05809512399463}, "K73-D070": {"K73-D080": 176.40494468995752}, "K73-D080": {"K73-D090": 267.1250260831025}, "K74-U070": {"K74-U080": 170.60961977471234}, "K75P-U040": {"K75P-U050": 101.1444398826361}, "K73-D040": {"K73-D050": 81.63154990100307}, "K74-U030": {"K74-U040": 294.711410707345}, "K74-D070": {"K74-D080": 256.09981820077496}, "K74-U050": {"K74-U060": 215.507038731689}, "K74-D050": {"K74-D060": 94.1295776179559}, "K75P-U070": {"K75P-U080": 110.93857794139467}, "K74-D030": {"K74-D040": 122.422299697544}}