{"KAT": {"SUW": 122.80115892400622, "DIH": 136.62203100000005}}