{"KWT": {"LAT": 121.00220053822548, "NTK": 126.18955909727526}, "KWH": {"KWF": 133.68221905210106, "TWH": 135.07541229564424}, "KWF": {"LAK": 167.25788279415966, "KWH": 132.32783429116006}}