{"LCK": {"MEF": 130.1258260706771, "CSW": 130.70819637257705}}