{"LET": {"WCH": 155.91980152398233, "SOH": 100.6417774727229}}