{"MKK": {"KOT": 140.8880266406549, "HUH": 189.68143581788115}}