{"NTK": {"KOB": 132.780916251763, "KWT": 104.12691397696112}}