{"QUB": {"YAT": 261.8576322490977, "NOP": 124.93176076215157, "TAK": 131.8677997443445}}