{"SUN": {"DIS": 198.58233387484285, "TSY": 395.27554746084775, "TUC": 823.8869768126272}, "SUW": {"KAT": 119.41351161618111, "TKW": 138.1894118806954}}