{"SWH": {"TAK": 127.30292099536022, "SKW": 121.57910433974352}}