{"TAW": {"KOT": 275.79858000873486, "SHT": 131.05751853805927, "HIK": 151.7800724844338, "CKT": 131.303411585318}, "TAP": {"UNI": 377.9706282318731, "TWO": 142.83991194652043}, "TAK": {"SWH": 121.13270453873584, "QUB": 122.20386897048903}}