{"TIK": {"YAT": 134.78031043328315, "TKO": 269.17684721631474}, "TIH": {"CAB": 130.504092, "FOH": 105.63480520801313}, "TIS": {"LOP": 188.48682109426375, "SIH": 383.4394425658871}}