{"TKO": {"LHP": 132.13851247183115, "TIK": 287.2462009770623, "HAH": 203.50041894325568}, "TKW": {"SUW": 127.97627032590454, "HOM": 133.5938808717188}}