{"TUC": {"SUN": 856.5653378322656}, "TUM": {"SIH": 152.73854591488205}}