{"TWO": {"FAN": 310.6607933143194, "TAP": 164.90350692432628}, "TWW": {"MEF": 310.57119227212945, "KSR": 682.8151433327166}, "TWH": {"KWH": 148.1010159157655, "TSW": 81.29127832514132}}