{"WCH": {"LET": 195.73491148232978, "OCP": 126.97081107818153}}