{"WTS": {"DIH": 116.378310123889, "LOF": 129.52265657582203}}