{"1": {"2": 62.34535705277072, "6": 411.8303407749787}}