{"5": {"6": 114.03047395286626, "305": 85.61702152356632}}