{"AIR": {"TSY": 1500.1616006424738, "AWE": 118.89590709525052}}