{"AUS": {"NAC": 216.29415472221723, "ETS": 130.87906167929995}}