{"CHH": {"KOB": 134.73555795474869, "DIH": 63.1754892}, "CHW": {"HFC": 90.86576534572916}}