{"DIS": {"SUN": 198.58233387484285}, "DIH": {"HIK": 297.6641658655474, "KAT": 155.167484534656, "WTS": 129.6262316256096, "CHH": 130.06602397264922}}