{"HAH": {"TKO": 156.37409208954648, "POA": 131.85665182029317}}