{"JOR": {"YMT": 122.79931805460606, "TST": 113.00355687775732}}