{"K17-D010": {"K17-D020": 360.14311449388686}, "K12-U020": {"K12-U030": 216.90969643554905}, "K18-D020": {"K18-D030": 88.32992685981117}, "K17-U030": {"K17-U040": 34.86559280494343}, "K17-U020": {"K17-U030": 147.98080135915356}, "K18-U010": {"K18-U020": 221.4726611509413}, "K12-D020": {"K12-D030": 383.00082769197496}, "K17-D020": {"K17-D030": 43.6925850227503}, "K18-U020": {"K18-U030": 62.17934243855713}, "K12-D030": {"K12-D040": 89.59612166815667}, "K18-D010": {"K18-D020": 266.25071819139436}, "K12-D010": {"K12-D020": 162.24079274277477}, "K12-U010": {"K12-U020": 266.95716976344295}, "K17-U010": {"K17-U020": 277.2144144016455}}