{"K52-nU090": {"K52-nU100": 100.87913565822403}, "K53-U080": {"K53-U090": 78.91549105638073}, "K51A-U030": {"K51A-U040": 90.08620085229008}, "K52A-D060": {"K52A-D070": 134.29739509080304}, "K58-U130": {"K58-U140": 79.50025160000004}, "K53-U010": {"K53-U020": 259.9429917785827, "K53-D180": 1793.6973088519924}, "K51A-U020": {"K51A-U030": 98.51200722052363}, "K51A-D030": {"K51A-D040": 43.21567104815422}, "K51-U040": {"K51-U050": 132.87974514323292}, "K52-nD250": {"K52-nD260": 193.92673664524494}, "K51A-U160": {"K51A-U170": 89.6167361139218}, "K51-D100": {"K51-D110": 189.01083640457298}, "K54-U040": {"K54-U050": 149.82787280964445}, "K51-U130": {"K51-U140": 77.40347919265827}, "K52-nU110": {"K52-nU120": 173.62778474591}, "K51A-U110": {"K51A-U120": 148.74339006123628}, "K52A-D170": {"K52A-D180": 98.64207001130985}, "K58-D060": {"K58-D070": 160.12700000000004}, "K51A-U040": {"K51A-U050": 124.88010717980838}, "K53-U090": {"K53-U100": 125.46200958241506}, "K51A-U090": {"K51A-U100": 179.4879918747689}, "K51-U070": {"K51-U080": 225.49499661402106}, "K53-D120": {"K53-D130": 106.59512459609672}, "K52-nD090": {"K52-nD100": 85.56700505169002}, "K52-nU040": {"K52-nU050": 85.08099164135974}, "K51-D140": {"K51-D150": 83.2016766012176}, "K51A-D040": {"K51A-D050": 105.03969178079296}, "K51A-D140": {"K51A-D150": 100.64614655018391}, "K53-U140": {"K53-D010": 89.5581785823982}, "K51-U120": {"K51-U130": 160.5845454265116}, "K51A-U010": {"K51A-U020": 50.08789435056837}, "K51A-U120": {"K51A-U130": 147.07113051118944}, "K52A-D090": {"K52A-D100": 68.95071362524297}, "K51-D160": {"K51-D170": 98.44853157109102}, "K52-nU080": {"K52-nU090": 97.05967113090976}, "K53-D020": {"K53-D030": 101.46660899809399}, "K51-U050": {"K51-U060": 272.98592940026265}, "K58-D180": {"K58-D190": 328.90000000000003}, "K52-nD050": {"K52-nD060": 40.98449719592}, "K51-U110": {"K51-U120": 148.99904062222024}, "K52-nD160": {"K52-nD170": 139.1051652547737}, "K52-nU290": {"K52-nU300": 42.1879851751789}, "K52A-U110": {"K52A-U120": 55.904224412484474}, "K58-D050": {"K58-D060": 187.77775467000004}, "K51A-U190": {"K51A-U200": 79.47729897127157}, "K52A-U070": {"K52A-U080": 77.90230344717398}, "K52-nD010": {"K52-nD020": 15.671845213209858}, "K53-U070": {"K53-U080": 61.55086462332406}, "K51-D170": {"K51-D180": 87.93556021933958}, "K52A-U170": {"K52A-U180": 306.2039008841888}, "K52A-U140": {"K52A-U150": 160.35817077059758}, "K52-nU210": {"K52-nU220": 76.793510466785}, "K52A-D120": {"K52A-D130": 45.357686642181626}, "K52A-D110": {"K52A-D120": 209.85950918580542}, "K51A-D230": {"K51A-D240": 160.19667714697619}, "K52A-D150": {"K52A-D160": 98.56459090696346}, "K53-D170": {"K53-D180": 321.0592}, "K51A-D110": {"K51A-D120": 52.637051210378935}, "K58-U180": {"K58-U190": 131.183866}, "K53-U130": {"K53-U140": 62.16342143551019}, "K52A-U040": {"K52A-U050": 134.61386395114096}, "K58-U120": {"K58-U130": 136.04833000000002}, "K53-U120": {"K53-U130": 76.6436929662408}, "K53-D110": {"K53-D120": 168.26093240173617}, "K53-U060": {"K53-U070": 78.14713304334207}, "K51A-U170": {"K51A-U180": 72.51608730476161}, "K54-D060": {"K54-D070": 150.58240064581824}, "K51A-D070": {"K51A-D080": 95.32528279851378}, "K53-D160": {"K53-D170": 590.6153520286487, "K53-U011": 195.24177567833343}, "K58-D090": {"K58-D100": 132.35200000000003}, "K58-D110": {"K58-D120": 158.47469}, "K52A-U100": {"K52A-U110": 75.25560740218265}, "K58-D010": {"K58-D020": 14.481563261000002}, "K53-D040": {"K53-D050": 82.07221715317394}, "K53-U100": {"K53-U110": 74.17365821484229}, "K51-D090": {"K51-D100": 98.29413847539011}, "K53-D070": {"K53-D080": 45.81132535818344}, "K51A-D220": {"K51A-D230": 138.6366719592704}, "K51A-U230": {"K51A-U240": 43.88931925035443}, "K52-nD240": {"K52-nD250": 156.46563819744}, "K51A-D260": {"K51A-D270": 71.82621909360145}, "K53-U110": {"K53-U120": 100.49315257736676}, "K58-U030": {"K58-U040": 298.82127}, "K51A-D210": {"K51A-D220": 83.73920200285094}, "K58-U020": {"K58-U023": 85.80000000000001}, "K54-U030": {"K54-U040": 130.2103175253763}, "K51A-D200": {"K51A-D210": 260.1546107680659}, "K58-U070": {"K58-U080": 123.89299999999999}, "K51-D080": {"K51-D090": 105.48803865989444}, "K52-nU120": {"K52-nU140": 119.45035004438996}, "K53-D140": {"K53-D150": 164.25285673514327}, "K52A-U130": {"K52A-U140": 64.64965752313755}, "K58-U100": {"K58-U110": 94.072}, "K52-nU230": {"K52-nU240": 80.3831061545699}, "K52-nD170": {"K52-nD180": 130.5856398254877}, "K54-U050": {"K54-U060": 321.111524000272}, "K51-U180": {"K51-U190": 108.77321729149703}, "K52A-D140": {"K52A-D150": 116.61377072203796}, "K51A-U130": {"K51A-U140": 69.16747678851732}, "K52-nU200": {"K52-nU210": 89.25964534899727}, "K52A-D080": {"K52A-D090": 56.03161077383305}, "K58-D070": {"K58-D080": 125.92546390600003}, "K51-U240": {"K51-U250": 114.70183794426002}, "K53-U020": {"K53-U030": 170.9292071229366, "K53-D160": 956.1694887035261}, "K51A-U080": {"K51A-U090": 188.8447692227086}, "K51A-U210": {"K51A-U220": 80.11936993900906}, "K52A-D070": {"K52A-D080": 114.33531363742148}, "K51-U010": {"K51-U020": 44.35481964368349}, "K51-D010": {"K51-D020": 75.73382621200003}, "K51A-U200": {"K51A-U210": 54.46064282042012}, "K58-D020": {"K58-D030": 113.75100000000002}, "K58-D030": {"K58-D040": 103.30727000000002}, "K51-U170": {"K51-U180": 80.4380723777161}, "K52A-D160": {"K52A-D170": 154.03317630740284}, "K58-D170": {"K58-D180": 171.542965}, "K58-D160": {"K58-D170": 247.06000000000003}, "K52-nU100": {"K52-nU110": 167.95747782497102}, "K51A-D150": {"K51A-D160": 90.81233216843496}, "K58-D150": {"K58-D160": 94.16000000000001}, "K53-U040": {"K53-U050": 149.0907412289246}, "K53-D060": {"K53-D070": 200.3873572849572}, "K58-U110": {"K58-U120": 167.376}, "K51A-D240": {"K51A-D250": 65.70019228797068}, "K52-nU050": {"K52-nU060": 271.5373606857291}, "K52-nU240": {"K52-nU250": 57.503956358563165}, "K54-D010": {"K54-D020": 190.29809775828267}, "K52A-U060": {"K52A-U070": 134.94245286936925}, "K54-D030": {"K54-D040": 75.40380339733738}, "K51A-U100": {"K51A-U110": 235.37295621171006}, "K52A-U160": {"K52A-U170": 35.542374821218466}, "K52-nU030": {"K52-nU040": 137.45910202365604}, "K52-nD110": {"K52-nD120": 179.78328467}, "K54-U010": {"K54-U020": 72.90982810510903}, "K52A-U050": {"K52A-U060": 71.50136541780083}, "K51A-D100": {"K51A-D110": 48.467137878049996}, "K52-nU060": {"K52-nU070": 183.96027544409912}, "K52-nD140": {"K52-nD150": 112.36179999371772}, "K51A-D170": {"K51A-D180": 180.4830273630186}, "K51-U150": {"K51-U160": 89.0379966570237}, "K51A-D080": {"K51A-D090": 187.45542133635578}, "K51A-D090": {"K51A-D100": 68.660352963587}, "K51A-D060": {"K51A-D070": 98.34844543499057}, "K52-nD100": {"K52-nD110": 66.22215989116658}, "K51A-U180": {"K51A-U190": 102.49820182840301}, "K54-U020": {"K54-U030": 120.92432222254259}, "K52-nU180": {"K52-nU190": 77.41460174266334}, "K52A-D030": {"K52A-D040": 18.506319571958205}, "K54-D050": {"K54-D060": 96.90815019815301}, "K53-U050": {"K53-U060": 157.80616050904933}, "K52A-D010": {"K52A-D020": 299.3013631188809}, "K51-U220": {"K51-U230": 70.21381446033956}, "K51-D040": {"K51-D050": 45.37311970340569}, "K53-D100": {"K53-D110": 81.48348402311841}, "K58-U150": {"K58-U160": 191.4}, "K53-D015": {"K53-D020": 86.57152809574637}, "K51-D270": {"K51-D280": 99.103884391977}, "K52-nD130": {"K52-nD140": 99.19407768380002}, "K58-D193": {"K58-D196": 68.60268427100002}, "K51-D230": {"K51-D240": 86.58306821096815}, "K52-nD210": {"K52-nD220": 248.32779837115723}, "K51A-U220": {"K51A-U230": 93.01056482510705}, "K51A-U140": {"K51A-U150": 49.10172160960257}, "K58-U060": {"K58-U070": 190.53375000000003}, "K51-D180": {"K51-D190": 196.98532701699992}, "K52A-U150": {"K52A-U160": 46.01416624103702}, "K58-U010": {"K58-U020": 67.41022200000002}, "K58-D080": {"K58-D090": 117.68970730000001}, "K53-D080": {"K53-D090": 50.65746720611886}, "K53-U030": {"K53-U040": 230.06676689518363}, "K51-D110": {"K51-D120": 73.06608958176096}, "K58-D190": {"K58-D193": 181.258}, "K51A-U070": {"K51A-U080": 202.52760725356976},