{"K66-U210": {"K66-U220": 51.41447894432743}, "K68-D080": {"K68-D090": 106.36225279922515}, "K66-D060": {"K66-D070": 45.98671455395804}, "K66-D120": {"K66-D130": 68.04359829422025}, "K65A-D100": {"K65A-D110": 227.96906168560622}, "K65A-U030": {"K65A-U040": 27.910258223136925}, "K66-U160": {"K66-U170": 50.67281377663437}, "K68-U020": {"K68-U030": 57.21479993318199}, "K65A-D080": {"K65A-D090": 50.13723789185859}, "K65A-U010": {"K65A-U020": 56.497021809524824}, "K68-U160": {"K68-U170": 76.66944283530002}, "K65A-D090": {"K65A-D100": 108.72605499507058}, "K65A-U020": {"K65A-U030": 159.96325883479327}, "K65-U200": {"K65-U210": 70.57542988998212}, "K65-D170": {"K65-D180": 104.86096068069271}, "K66-U100": {"K66-U110": 77.215148561596}, "K68-D200": {"K68-U011": 69.66570241118879}, "K65-U060": {"K65-U070": 41.24629791823948}, "K65A-U080": {"K65A-U090": 67.26967628041767}, "K66-D110": {"K66-D120": 38.864309859645175}, "K65A-D030": {"K65A-D040": 73.1203227931387}, "K66-D150": {"K66-D160": 82.320036183}, "K65A-D020": {"K65A-D030": 80.38986699815867}, "K68-D130": {"K68-D140": 64.59997660156895}, "K66-U120": {"K66-U130": 56.84384959767001}, "K65A-U100": {"K65A-U110": 71.11611252612488}, "K66-U050": {"K66-U060": 55.85673464293185}, "K68-U050": {"K68-U060": 59.124741669462516}, "K66-D020": {"K66-D030": 73.62950202249449}, "K66-U080": {"K66-U090": 157.0970079474916}, "K65A-U060": {"K65A-U070": 56.25899692545072}, "K68-U010": {"K68-U020": 100.09298663469686}, "K65-U050": {"K65-U060": 103.07458450885008}, "K68-U060": {"K68-U070": 77.60628499660001}, "K66-D160": {"K66-D170": 166.84526840065524}, "K66-U180": {"K66-U190": 72.11621222504479}, "K65-D060": {"K65-D070": 92.70258124844604}, "K66-U130": {"K66-U140": 56.99051085186519}, "K65A-D050": {"K65A-D060": 66.04118266670713}, "K65-U160": {"K65-U170": 65.56740564861974}, "K66-U040": {"K66-U050": 144.77767671227838}, "K65-U140": {"K65-U150": 99.25622081176425}, "K65-U150": {"K65-U160": 61.226361003581815}, "K65-D180": {"K65-D190": 128.13832173769993}, "K65-U030": {"K65-U040": 103.89673563774912}, "K68-U150": {"K68-U160": 95.2869061579611}, "K66-D070": {"K66-D080": 52.13247222702847}, "K66-U140": {"K66-U150": 47.03673921701563}, "K66-U150": {"K66-U160": 73.08795037517942}, "K65A-D070": {"K65A-D080": 129.84708080933484}, "K66-D100": {"K66-D110": 50.25447126830319}, "K65A-D040": {"K65A-D050": 79.97689918423923}, "K66-D200": {"K66-D210": 134.9885920697437}, "K65A-U050": {"K65A-U060": 49.86086622577625}, "K66-D030": {"K66-D040": 84.71295454786423}, "K65A-U110": {"K65A-U120": 73.22482980731405}, "K68-D100": {"K68-D110": 87.64222215928919}, "K66-D220": {"K66-D230": 92.9458231592633}, "K66-U200": {"K66-U210": 60.216398064825526}, "K68-U110": {"K68-U120": 214.6210650227728}, "K68-D160": {"K68-D170": 79.97328185825437}, "K66-D050": {"K66-D060": 45.774002696446686}, "K68-U070": {"K68-U080": 42.922134711400005}, "K68-D040": {"K68-D050": 113.55514479261069}, "K66-U070": {"K66-U080": 238.68665711239996}, "K65-D090": {"K65-D100": 121.67654985348345}, "K65-D110": {"K65-D120": 123.45268102168916}, "K65A-U040": {"K65A-U050": 76.25582383965305}, "K65-D050": {"K65-D060": 70.06211117758428}, "K65-U080": {"K65-U090": 185.48556892379912}, "K65A-U090": {"K65A-U100": 56.09330288896333}, "K65-U130": {"K65-U140": 30.102578167986042}, "K68-U090": {"K68-U100": 158.578006224}, "K66-U170": {"K66-U180": 43.14567083640395}, "K66-U020": {"K66-U030": 191.38569959379458}, "K68-U030": {"K68-U040": 40.32944280745271}, "K66-D180": {"K66-D190": 88.44415229594793}, "K65-D070": {"K65-D080": 126.9614466093446}, "K66-U030": {"K66-U040": 140.29900134417738}, "K65-D010": {"K65-D020": 43.51084294655299}, "K65-U040": {"K65-U050": 91.3878997878242}, "K66-D140": {"K66-D150": 101.64402265138446}, "K65-U100": {"K65-U110": 174.0596808582163}, "K68-D030": {"K68-D040": 117.94470511825541}, "K68-D090": {"K68-D100": 160.7043685614119}, "K65-U180": {"K65-U190": 84.01468923794542}, "K65A-U070": {"K65A-U080": 43.28448767116987}, "K65-D120": {"K65-D130": 65.70676270438125}, "K65A-D060": {"K65A-D070": 85.73400627459033}, "K66-D010": {"K66-D020": 16.674526260126402}, "K65-U090": {"K65-U100": 58.76458597907272}, "K65A-D010": {"K65A-D020": 60.9086163936213}, "K68-D170": {"K68-D180": 44.55403040491772}, "K66-U060": {"K66-U070": 187.67384235626002}, "K65-D030": {"K65-D040": 65.9385860528291}, "K65A-U120": {"K65A-U130": 90.70024512744308}, "K65-D100": {"K65-D110": 233.21577821721866}, "K68-D120": {"K68-D130": 196.29975261132836}, "K65-D020": {"K65-D030": 83.15823978977775}, "K68-D110": {"K68-D120": 110.090986229804}, "K65-U220": {"K65-U230": 96.13917293105392}, "K65-D150": {"K65-D160": 110.52993913014203}, "K65-D160": {"K65-D170": 151.98723660098216}, "K68-U040": {"K68-U050": 53.53580517227762}, "K65-U110": {"K65-U120": 117.9593461629701}, "K66-D190": {"K66-D200": 100.79556613339744}, "K65-U190": {"K65-U200": 59.15700675198275}, "K68-D060": {"K68-D070": 117.15926594019996}, "K66-D130": {"K66-D140": 43.64645600177157}, "K65-U120": {"K65-U130": 193.52996786620696}, "K66-D090": {"K66-D100": 51.95560316633125}, "K65-D130": {"K65-D140": 115.67109293287335}, "K66-D210": {"K66-D220": 165.1300314112242}, "K66-U110": {"K66-U120": 41.4009593725613}, "K68-U130": {"K68-U140": 169.73300855500003}, "K68-D180": {"K68-D190": 42.28632683424006}, "K68-U140": {"K68-U150": 53.045272392504806}, "K65-U070": {"K65-U080": 75.29351659419572}, "K68-D190": {"K68-D200": 56.22176610951747}, "K68-D050": {"K68-D060": 77.76639319530202}, "K66-D170": {"K66-D180": 239.3305279127279}, "K66-U090": {"K66-U100": 55.96973749639793}, "K65-D080": {"K65-D090": 53.67426152842529}, "K65-D140": {"K65-D150": 109.77925577699793}, "K66-D080": {"K66-D090": 64.8963406586572}, "K66-U010": {"K66-U020": 148.244705624993}, "K65-U020": {"K65-U030": 142.82233132109002}, "K68-D140": {"K68-D150": 38.04193986996118}, "K65-U170": {"K65-U180": 54.177499286752344}, "K65-D040": {"K65-D050": 77.45698923682805}, "K68-D070": {"K68-D080": 209.36027701000003}, "K68-D010": {"K68-D020": 47.529921681000005}, "K66-U190": {"K66-U200": 70.64566241797537}, "K68-D150": {"K68-D160": 70.25801482538083}, "K66-D040": {"K66-D050": 42.04054841410549}, "K68-U080": {"K68-U090": 54.40023831999999}, "K68-U170": {"K68-D010": 185.75368231000004}, "K65-U210": {"K65-U220": 83.54558525484654}, "K65-U010": {"K65-U020": 304.0154833480001}, "K68-U120": {"K68-U130": 147.60596300000003}, "K68-U100": {"K68-U110": 196.70751434689996}, "K66-D230": {"K66-D240": 99.33720481220803}, "K68-D020": {"K68-D030": 108.26200000000003}}