{"KOT": {"TAW": 279.5521845931111, "MKK": 151.34750930850797, "LOF": 123.7584586498854, "SKM": 110.32826901534682}, "KOW": {"TSY": 524.2829044568985, "HOK": 177.7421001357305, "OLY": 130.29412491688726}, "KOB": {"NTK": 91.98065912619447, "CHH": 139.09692621343092}}