{"KWH": {"KWF": 83.85233041511833, "TWH": 129.1965372926844}, "KWT": {"NTK": 95.97208437833415, "LAT": 111.81676750777005}, "KWF": {"LAK": 124.67180993331405, "KWH": 112.73160182962133}}