{"LCK": {"CSW": 105.95210358640483, "MEF": 128.4337716414}}