{"MKK": {"KOT": 143.85101100389483, "HUH": 195.96758304102917}}