{"MOK": {"PRE": 114.41311229999584, "YMT": 111.01179234385108}, "MOS": {"HEO": 131.56526459976627, "WKS": 164.93927112844523}}