{"NAC": {"MEF": 181.3625962106368, "LAK": 258.4368874155224, "AUS": 213.3489385802414, "OLY": 97.8290105794138}}