{"PRE": {"SSP": 123.07539858845696, "MOK": 111.26764775923118, "SKM": 132.0954473681959}}