{"SHS": {"FAN": 138.27176380610496, "LOW": 261.7547364470498, "LMC": 474.80967231610657}, "SHW": {"CEN": 108.24667505147939, "SYP": 156.1924786198254}, "SHT": {"TAW": 177.96015225314093, "FOT": 141.3359037453705}, "SHM": {"CIO": 97.08009414, "TSH": 217.2027159274841}}