{"SIH": {"TUM": 154.44515407856167, "TIS": 359.85649146850943}}