{"SSP": {"PRE": 97.79022118871319, "CSW": 129.82690237018255}}