{"STW": {"CIO": 119.64747299999999, "CKT": 123.72693212480598}}