{"SUN": {"DIS": 198.58233387484285, "TSY": 529.6960860950038, "TUC": 823.8868728027337}, "SUW": {"TKW": 132.57170012500674, "KAT": 119.691381133192}}