{"SWH": {"TAK": 109.08405265852439, "SKW": 100.68281194336728}}