{"SYP": {"SHW": 143.6281031706512, "HKU": 120.46530866543264}}