{"TAW": {"KOT": 289.9645264806608, "CKT": 129.8521663828697, "SHT": 126.7916522803957, "HIK": 146.92127999999997}, "TAK": {"QUB": 121.53875122876381, "SWH": 116.74991729620601}, "TAP": {"TWO": 182.94062887422265, "UNI": 367.5274122687652}}