{"TIK": {"TKO": 175.69170711129547, "YAT": 132.39248210634378}, "TIS": {"LOP": 179.50818401775504, "SIH": 355.2707365687316}, "TIH": {"FOH": 99.74985174054012, "CAB": 132.32333212259795}}