{"TUC": {"SUN": 800.2082576289415}, "TUM": {"SIH": 152.1957386516628}}