{"TWO": {"FAN": 326.59848322285205, "TAP": 166.02500000996338}, "TWW": {"KSR": 712.0270948595771, "MEF": 328.8265619727507}, "TWH": {"KWH": 87.77628680978354, "TSW": 72.9768379188493}}