{"WCH": {"OCP": 120.32380944460752, "LET": 182.53534491845016}}