{"WTS": {"DIH": 122.54051281823415, "LOF": 121.68255296274003}}