{"YUL": {"LOP": 135.40016151591, "KSR": 234.0762315644875}}