{"5": {"305": 84.71006035493845, "6": 133.36424771461242}}