{"AIR": {"TSY": 1512.5604520857173, "AWE": 132.1330514418956}}