{"AUS": {"NAC": 203.22581481256935, "ETS": 73.830995102}}