{"CKT": {"STW": 114.07096617954119, "TAW": 110.22367863275997}}