{"CSW": {"LCK": 78.4728756613802, "SSP": 116.0381077166874}}