{"EXC": {"HUH": 131.31883462410414, "ADM": 77.25767412788574}}