{"HAH": {"TKO": 139.0643193645495, "POA": 126.29634275710971}}