{"HKU": {"SYP": 122.00360699294713, "KET": 103.80832518642242}}