{"HUH": {"ETS": 180.1447115, "EXC": 192.72740589607028, "MKK": 207.63858429745574, "HOM": 112.19088685314759}}