{"JOR": {"YMT": 91.11553165120675, "TST": 106.87601070893652}}