{"K17-U020": {"K17-U030": 175.90885186860226}, "K17-D020": {"K17-D030": 32.47884930824617}, "K12-U020": {"K12-U030": 257.0274213181318}, "K12-D020": {"K12-D030": 361.56930605357104}, "K18-D010": {"K18-D020": 258.39305878459766}, "K17-U030": {"K17-U040": 86.3564177621088}, "K18-U020": {"K18-U030": 67.47137945992806}, "K18-D020": {"K18-D030": 56.575641491064665}, "K18-U010": {"K18-U020": 228.25200546900365}, "K12-U010": {"K12-U020": 295.3138027351517}, "K12-D030": {"K12-D040": 91.38373312988269}, "K17-D010": {"K17-D020": 353.1562935559835}, "K12-D010": {"K12-D020": 169.63854681083293}, "K17-U010": {"K17-U020": 275.50018036578354}}