{"K65A-U060": {"K65A-U070": 79.94450690792667}, "K65-D120": {"K65-D130": 64.31482515307054}, "K65A-U080": {"K65A-U090": 74.00344558135309}, "K65-D060": {"K65-D070": 83.16592309248661}, "K66-D010": {"K66-D020": 13.541335938811764}, "K65-D160": {"K65-D170": 161.4671801028252}, "K65A-U030": {"K65A-U040": 31.288855621776133}, "K66-U080": {"K66-U090": 193.23335500966243}, "K65-U050": {"K65-U060": 114.31553723659059}, "K65-D110": {"K65-D120": 126.06717733335513}, "K66-U170": {"K66-U180": 35.15919100886001}, "K65-U070": {"K65-U080": 77.03632930978503}, "K65-U060": {"K65-U070": 44.173644044323716}, "K65-U030": {"K65-U040": 129.15665753076436}, "K68-D190": {"K68-D200": 47.45361428581498}, "K65-D090": {"K65-D100": 116.92726699937002}, "K65A-U090": {"K65A-U100": 43.122373079196564}, "K66-D220": {"K66-D230": 81.59700243852362}, "K68-U040": {"K68-U050": 61.63812140599705}, "K66-D050": {"K66-D060": 39.54662974324215}, "K65A-U070": {"K65A-U080": 52.1191084927864}, "K66-D160": {"K66-D170": 149.62994741570253}, "K66-D110": {"K66-D120": 33.1462128595224}, "K68-D060": {"K68-D070": 100.02183894255026}, "K65-D010": {"K65-D020": 41.254239258455456}, "K68-D180": {"K68-D190": 59.76439062115526}, "K65-D050": {"K65-D060": 85.4833453832541}, "K66-D210": {"K66-D220": 153.01876468695133}, "K66-D190": {"K66-D200": 84.37092725996001}, "K66-U020": {"K66-U030": 189.76762606195857}, "K66-U200": {"K66-U210": 59.19688690227182}, "K68-U170": {"K68-D010": 144.91428069509}, "K66-U130": {"K66-U140": 59.312593152521764}, "K65-U170": {"K65-U180": 52.69258620090409}, "K66-U150": {"K66-U160": 63.907540547194955}, "K68-U020": {"K68-U030": 47.73617353631433}, "K65A-U050": {"K65A-U060": 54.914243285739346}, "K66-U010": {"K66-U020": 140.54893344363654}, "K66-D180": {"K66-D190": 77.2855072204972}, "K65-D070": {"K65-D080": 107.57816313578091}, "K68-D030": {"K68-D040": 98.18232323878007}, "K66-D150": {"K66-D160": 99.74223241836441}, "K66-U030": {"K66-U040": 229.63144557370833}, "K65-D170": {"K65-D180": 100.35366302665162}, "K65-D020": {"K65-D030": 77.96376805525796}, "K65A-U110": {"K65A-U120": 83.49145706206369}, "K65-D080": {"K65-D090": 57.42103748137828}, "K65-U140": {"K65-U150": 100.5027671188214}, "K68-D090": {"K68-D100": 148.16836706573002}, "K68-D110": {"K68-D120": 101.75826312043283}, "K66-D200": {"K66-D210": 134.7064354260142}, "K65-D180": {"K65-D190": 125.14358651487824}, "K65-U040": {"K65-U050": 99.59156312952723}, "K65A-U020": {"K65A-U030": 199.56230449392757}, "K68-D170": {"K68-D180": 41.65283116500002}, "K65A-U010": {"K65A-U020": 96.10250252722169}, "K68-U140": {"K68-U150": 49.76133225700351}, "K65-U190": {"K65-U200": 45.561572180984406}, "K65-U220": {"K65-U230": 84.2845616012613}, "K65-U110": {"K65-U120": 118.96557886366834}, "K65-U210": {"K65-U220": 84.62844881340422}, "K66-D130": {"K66-D140": 35.019931586730834}, "K66-U090": {"K66-U100": 65.13615900391899}, "K65-U150": {"K65-U160": 62.088840447596326}, "K66-D030": {"K66-D040": 74.74500371857181}, "K68-D120": {"K68-D130": 181.32997524171748}, "K66-D100": {"K66-D110": 46.25592382082125}, "K66-D080": {"K66-D090": 55.6979160687567}, "K66-U110": {"K66-U120": 42.32325138553748}, "K65A-U120": {"K65A-U130": 80.84711407792983}, "K66-U100": {"K66-U110": 90.72149669773016}, "K68-U070": {"K68-U080": 49.23814520000001}, "K66-U190": {"K66-U200": 73.33611549054999}, "K65-U010": {"K65-U020": 309.10530160467044}, "K68-D140": {"K68-D150": 31.547411212682995}, "K68-U120": {"K68-U130": 170.10489248000002}, "K65A-U100": {"K65A-U110": 58.10554652153458}, "K65-U090": {"K65-U100": 64.13173949103998}, "K65-D100": {"K65-D110": 236.47628989765235}, "K65-D130": {"K65-D140": 107.01682201233673}, "K66-U060": {"K66-U070": 193.89854097000003}, "K66-D070": {"K66-D080": 44.20611427984698}, "K68-D150": {"K68-D160": 59.97778909984326}, "K68-D200": {"K68-U011": 63.63327602947474}, "K66-D020": {"K66-D030": 63.71391891349998}, "K68-D010": {"K68-D020": 55.81425792462302}, "K65-U160": {"K65-U170": 63.297615762250075}, "K66-U210": {"K66-U220": 50.099558102978264}, "K66-U120": {"K66-U130": 62.90857995235283}, "K65-U200": {"K65-U210": 64.11189506105927}, "K65-U100": {"K65-U110": 164.61605068974978}, "K66-D140": {"K66-D150": 93.06868004637549}, "K68-D100": {"K68-D110": 86.23224802264524}, "K65-U180": {"K65-U190": 77.50222482884855}, "K65-D150": {"K65-D160": 107.5615883691485}, "K68-U080": {"K68-U090": 61.03297000000001}, "K66-D060": {"K66-D070": 37.139260493920716}, "K66-U050": {"K66-U060": 47.13063555062456}, "K65-D030": {"K65-D040": 65.69342920032669}, "K68-D040": {"K68-D050": 122.62820921999999}, "K68-D050": {"K68-D060": 66.16390000000003}, "K66-D170": {"K66-D180": 194.77033680314517}, "K66-U040": {"K66-U050": 158.0273716615364}, "K66-D090": {"K66-D100": 38.583477241655935}, "K66-D120": {"K66-D130": 62.510738064295516}, "K66-U070": {"K66-U080": 210.13909855881585}, "K68-U130": {"K68-U140": 155.4474614}, "K65-U020": {"K65-U030": 165.885678136656}, "K68-U110": {"K68-U120": 187.88503209900003, "K68-D090": 694.1}, "K68-D080": {"K68-D090": 90.12068000000002}, "K65-U120": {"K65-U130": 199.46581315762447}, "K68-U030": {"K68-U040": 33.39633698039799}, "K65A-D050": {"K65A-D060": 69.30000000000001}, "K66-U140": {"K66-U150": 56.382451545126514}, "K65A-D090": {"K65A-D100": 115.54}, "K65A-D100": {"K65A-D110": 221.10000000000002}, "K68-U060": {"K68-U070": 79.04732622319999}, "K65-D040": {"K65-D050": 78.6141067330532}, "K68-D160": {"K68-D170": 90.21166581765321}, "K65A-U040": {"K65A-U050": 103.13137491906207}, "K65-D140": {"K65-D150": 123.19313296847238}, "K68-U100": {"K68-U110": 196.28645387}, "K68-U010": {"K68-U020": 88.09835135710858}, "K68-D020": {"K68-D030": 92.76981445433}, "K66-U180": {"K66-U190": 80.9263815855139}, "K65-U130": {"K65-U140": 30.704699520230594}, "K66-D230": {"K66-D240": 100.93290306223793}, "K68-U160": {"K68-U170": 80.89169576834703}, "K68-U050": {"K68-U060": 70.23881809999999}, "K66-D040": {"K66-D050": 31.967618854802254}, "K68-U150": {"K68-U160": 87.7322442702}, "K66-U160": {"K66-U170": 49.77678403535542}, "K65-U080": {"K65-U090": 164.47512015410555}, "K68-U090": {"K68-U100": 131.11031857000003}, "K68-D130": {"K68-D140": 59.71173521700001}, "K68-D070": {"K68-D080": 232.18689999999998}}