{"KAT": {"SUW": 126.87400000000002, "DIH": 122.48140951000002}}