{"KSR": {"TWW": 570.2822394895504, "YUL": 218.00299748215016}}