{"KWH": {"KWF": 91.19168791437983, "TWH": 80.27183634852022}, "KWF": {"KWH": 75.69948159121597, "LAK": 142.49066507592968}, "KWT": {"LAT": 106.23027553012302, "NTK": 114.60350273183954}}