{"LOW": {"SHS": 242.32577414878475}, "LOF": {"KOT": 102.08945732567604, "WTS": 98.26148921004086}, "LOP": {"TIS": 180.5968490553459, "YUL": 124.884286391}}