{"MOK": {"PRE": 120.58869394590768, "YMT": 103.71932870027176}, "MOS": {"HEO": 123.99630840228977, "WKS": 171.0125533281554}}