{"NAC": {"AUS": 214.81488600275438, "OLY": 92.84529716084853, "MEF": 179.26665970399958, "LAK": 244.05712843841292}}