{"NOP": {"QUB": 122.78073980486222, "FOH": 111.71658028250036}}