{"OLY": {"KOW": 130.7433674895354, "NAC": 133.20231575733663}}