{"SIH": {"TUM": 154.44793678310293, "TIS": 345.14861813131245}}