{"SSP": {"PRE": 114.3256742385136, "CSW": 73.91771430582794}}