{"STW": {"CKT": 101.97803461726001, "CIO": 74.47031533302001}}