{"SUN": {"DIS": 198.58233387484285, "TUC": 823.8863440924013, "TSY": 487.2869638041833}, "SUW": {"TKW": 133.316156, "KAT": 69.80722911711999}}