{"SWH": {"TAK": 112.25413536725651, "SKW": 81.60523258184483}}