{"SYP": {"HKU": 95.36402486057015, "SHW": 87.8670748402127}}