{"TUC": {"SUN": 793.109883562366}, "TUM": {"SIH": 146.46048423818965}}