{"TWW": {"KSR": 658.81956377223, "MEF": 335.1892805195706}, "TWO": {"FAN": 318.4336950815758, "TAP": 167.02702523780013}, "TWH": {"KWH": 108.9604793528295, "TSW": 76.31320705447783}}