{"UNI": {"FOT": 194.4180355511566, "TAP": 352.8223325190181}}