{"WAC": {"ADM": 77.31746728215994, "CAB": 96.3210100572247}}