{"WCH": {"OCP": 121.1470414682855, "LET": 141.59825266448487}}