{"WTS": {"LOF": 107.90603208951379, "DIH": 98.8831743299573}}