{"YAT": {"LAT": 131.2101175279616, "QUB": 228.9465014722777, "TIK": 121.21346675366685}}