{"YUL": {"KSR": 243.19246636208595, "LOP": 132.25746999999998}}