{"5": {"6": 145.72241909208753, "305": 77.98812541923512}}