{"AIR": {"TSY": 1462.4226575552877, "AWE": 126.57533961627799}}