{"AUS": {"ETS": 155.50081233136999, "NAC": 205.0258172762899}}