{"CHW": {"HFC": 115.04763625405573}, "CHH": {"DIH": 130.6850585356146, "KOB": 176.52146724486278}}