{"CIO": {"SHM": 124.50843045986794, "STW": 131.04614719039375}}