{"CKT": {"STW": 123.98083496460904, "TAW": 121.39076866315565}}