{"CSW": {"SSP": 128.14614091770508, "LCK": 124.81824525045101}}