{"DIS": {"SUN": 198.58233387484285}, "DIH": {"HIK": 318.20315816581393, "WTS": 128.25135845239168, "CHH": 130.77128897189795, "KAT": 162.8562288132513}}