{"EXC": {"HUH": 161.48514490052202, "ADM": 88.38436679725746}}