{"HAH": {"TKO": 155.1141535794733, "POA": 121.71362603804695}}