{"HEO": {"MOS": 116.42844671704536, "TSH": 133.00621375672466}}