{"HIK": {"TAW": 126.03435042055051, "DIH": 288.2609173045454}}