{"HUH": {"MKK": 259.09207399466385, "ETS": 187.31322244519689, "HOM": 121.97644471829476, "EXC": 199.31303259317016}}