{"K53-U110": {"K53-U120": 82.67782468816183}, "K52A-U170": {"K52A-U180": 275.34158758713727}, "K51-U130": {"K51-U140": 64.98198936825}, "K53-D015": {"K53-D020": 45.178911808336274}, "K53-U080": {"K53-U090": 69.33224944863255}, "K52-nU030": {"K52-nU040": 104.45527306817235}, "K52-nD010": {"K52-nD020": 20.3442938083}, "K54-U060": {"K54-U070": 182.32031923}, "K53-U130": {"K53-U140": 45.423516355707484}, "K53-U010": {"K53-U020": 253.17734142879522}, "K51-D120": {"K51-D130": 37.25865656927499}, "K52-nD170": {"K52-nD180": 94.5671108586669}, "K52-nU200": {"K52-nU210": 73.60917372925012}, "K52-nD150": {"K52-nD160": 75.73877274212508}, "K52-nU010": {"K52-nU020": 31.733214407816014}, "K53-U020": {"K53-U030": 141.8362124627094, "K53-D160": 811.858698834855}, "K52-nU270": {"K52-nU280": 171.50017977323935}, "K51-D260": {"K51-D270": 47.98052311563707}, "K52-nU100": {"K52-nU110": 126.513792468104}, "K52-nD210": {"K52-nD220": 172.0317214918338}, "K53-U050": {"K53-U060": 124.78217273607268}, "K52-nU280": {"K52-nU290": 44.400878123219385}, "K53-U030": {"K53-U040": 173.2089181660073}, "K51-U240": {"K51-U250": 100.70313064272462}, "K51-U190": {"K51-U200": 76.16368030090685}, "K51-U150": {"K51-U160": 69.96204756478252}, "K53-D050": {"K53-D060": 60.19882417458798}, "K52-nU080": {"K52-nU090": 59.61188442487149}, "K53-U090": {"K53-U100": 82.01550100814578}, "K52-nU260": {"K52-nU270": 55.02925567809941}, "K51-U230": {"K51-U240": 38.69055861675475}, "K54-D060": {"K54-D070": 130.64843453356778}, "K53-D120": {"K53-D130": 41.93460226367847}, "K52-nD200": {"K52-nD210": 109.37407519862256}, "K51-U200": {"K51-U210": 80.2776717414265}, "K53-D010": {"K53-D015": 86.88245566261044}, "K53-U120": {"K53-U130": 63.83175014849123}, "K54-D010": {"K54-D020": 121.76993689409122}, "K51-U180": {"K51-U190": 102.52083960823434}, "K52-nU060": {"K52-nU070": 100.76043895850003}, "K52-nU230": {"K52-nU240": 58.2471156612195}, "K52A-U140": {"K52A-U150": 160.35887203763247}, "K52A-D060": {"K52A-D070": 129.34768316859828}, "K51-U090": {"K51-U100": 134.15634670515158}, "K53-U100": {"K53-U110": 59.56802763290416}, "K51-D130": {"K51-D140": 110.49176586244069}, "K51-D220": {"K51-D230": 238.83023283089742}, "K53-D060": {"K53-D070": 111.9861277050015}, "K53-U040": {"K53-U050": 114.5791921047651}, "K54-U070": {"K54-D010": 130.449515600255}, "K53-D110": {"K53-D120": 128.0167828206629}, "K51-D160": {"K51-D170": 51.504824221859565}, "K51-D250": {"K51-D260": 173.29003968143178}, "K51-U160": {"K51-U170": 86.62602459253874}, "K53-U140": {"K53-D010": 79.73342400250242}, "K54-U040": {"K54-U050": 115.73685039387055}, "K51-D070": {"K51-D080": 47.501385595726376}, "K51-D210": {"K51-D220": 128.80991274277102}, "K51-U210": {"K51-U220": 40.56661722346014}, "K52-nU240": {"K52-nU250": 46.21536333372499}, "K53-D140": {"K53-D150": 122.61549219454238}, "K52-nD070": {"K52-nD080": 91.48753658675}, "K53-U060": {"K53-U070": 57.08954533061386}, "K51-U060": {"K51-U070": 265.81123988670237}, "K52-nU210": {"K52-nU220": 67.43317912684405}, "K52-nD250": {"K52-nD260": 145.83627416872892}, "K51-D270": {"K51-D280": 78.53766695799298}, "K53-D040": {"K53-D050": 55.6075324151091}, "K53-U070": {"K53-U080": 45.30537045897158}, "K54-D020": {"K54-D030": 223.0031907070852}, "K52A-D010": {"K52A-D020": 277.22475064567936}, "K51-D100": {"K51-D110": 122.07952516109101}, "K53-D080": {"K53-D090": 28.974754379314582}, "K52-nD100": {"K52-nD110": 47.76924123453139}, "K52-nD260": {"K52-nD270": 56.49265802641463}, "K51-D020": {"K51-D030": 50.941484037856604}, "K51-U030": {"K51-U040": 49.980893286632536}, "K52-nD190": {"K52-nD200": 115.50348954615124}, "K51-U020": {"K51-U030": 81.18675100464573}, "K51-D170": {"K51-D180": 75.8410699380073}, "K53-D090": {"K53-D100": 35.72833362906111}, "K52-nU140": {"K52-nU150": 111.99876600904709}, "K53-D130": {"K53-D140": 69.1070303298819}, "K51-U140": {"K51-U150": 41.0959004091191}, "K54-U050": {"K54-U060": 279.999474995632}, "K54-U030": {"K54-U040": 98.498483832551}, "K52-nD040": {"K52-nD050": 12.06910816436097}, "K52-nU020": {"K52-nU030": 68.37315260959701}, "K51-D050": {"K51-D060": 45.545233003}, "K54-D030": {"K54-D040": 62.82773742083028}, "K52-nD290": {"K52-nD300": 95.2560717382884}, "K51-D080": {"K51-D090": 90.71098159505475}, "K52-nD110": {"K52-nD120": 149.68050671266633}, "K52-nU290": {"K52-nU300": 39.73266504793372}, "K52-nD230": {"K52-nD240": 152.55676709858045}, "K54-D050": {"K54-D060": 83.19548094910058}, "K53-D150": {"K53-D160": 129.69982647916}, "K51-U120": {"K51-U130": 117.34426405011598}, "K52-nD030": {"K52-nD040": 16.5486159766444}, "K52-nU050": {"K52-nU060": 214.42597298912173}, "K51-U170": {"K51-U180": 72.29203060402882}, "K51-U070": {"K51-U080": 165.32386732961598}, "K52-nU180": {"K52-nU190": 145.8565564262524}, "K52-nU250": {"K52-nU260": 58.32712086783893}, "K51-D280": {"K51-D290": 72.31481889579122}, "K53-D030": {"K53-D040": 61.192910945842335}, "K52-nU070": {"K52-nU080": 84.67534634310275}, "K51-D200": {"K51-D210": 98.26415913698052}, "K52-nD280": {"K52-nD290": 77.89078814697449}, "K53-D100": {"K53-D110": 56.636192726397915}, "K51-D140": {"K51-D150": 67.16485368235445}, "K51-U080": {"K51-U090": 137.86925260739335}, "K52-nD240": {"K52-nD250": 132.08250251913054}, "K51-D110": {"K51-D120": 42.44149486613391}, "K51-D060": {"K51-D070": 33.38517594060001}, "K53-D070": {"K53-D080": 40.778956242672365}, "K54-D040": {"K54-D050": 165.68111181185373}, "K52-nD060": {"K52-nD070": 126.73902309080306}, "K52-nU190": {"K52-nU200": 122.87817225503663}, "K51-D190": {"K51-D200": 122.97277138843302}, "K51-U010": {"K51-U020": 32.859579885}, "K51-D090": {"K51-D100": 77.11065501679464}, "K52-nU110": {"K52-nU120": 130.04539251075306}, "K52-nU170": {"K52-nU180": 118.12899943506582}, "K51-D040": {"K51-D050": 43.630156836245604}, "K52-nD180": {"K52-nD190": 123.45949779096702}, "K52-nD020": {"K52-nD030": 11.909697639}, "K52-nD130": {"K52-nD140": 78.9771961724532}, "K53-D020": {"K53-D030": 97.45386251907934}, "K52-nU120": {"K52-nU140": 89.32016928604011}, "K51-U100": {"K51-U110": 165.24603918390034}, "K52-nD050": {"K52-nD060": 28.061991210000002}, "K54-U010": {"K54-U020": 59.299900000000015}, "K52-nD140": {"K52-nD150": 95.98008909466014}, "K52-nD220": {"K52-nD230": 106.37656237888268}, "K52-nU300": {"K52-nU310": 41.52526948791372}, "K52-nU090": {"K52-nU100": 86.00353552465249}, "K51-D150": {"K51-D160": 159.26299399745}, "K51-D230": {"K51-D240": 72.9719739660607}, "K51-U050": {"K51-U060": 243.23554762502977}, "K51-D010": {"K51-D020": 84.24801932050227}, "K51-D030": {"K51-D040": 38.48831662375951}, "K52-nD090": {"K52-nD100": 52.21273757471339}, "K52-nU160": {"K52-nU170": 33.4040894943072}, "K52-nU220": {"K52-nU230": 76.74942449741398}, "K52-nU040": {"K52-nU050": 46.86757087715547}, "K51-D180": {"K51-D190": 122.29042485462514}, "K52-nD270": {"K52-nD280": 68.3089737}, "K51-D240": {"K51-D250": 106.39474246635682}, "K52-nD160": {"K52-nD170": 121.79159630050658}, "K51-U220": {"K51-U230": 53.94697336195427}, "K52-nU150": {"K52-nU160": 74.39852367916066}, "K52-nD080": {"K52-nD090": 37.69095593297409}, "K51-U110": {"K51-U120": 110.59981900498425}, "K54A-U010": {"K54A-U020": 59.91094667030868}, "K54A-U020": {"K54A-U030": 75.43612308946915}, "K54A-U040": {"K54A-U050": 118.13217720051534}, "K54A-U030": {"K54A-U040": 95.58668103804472}, "K54A-D010": {"K54A-D020": 225.24270049852626}, "K54A-D030": {"K54A-D040": 85.47067845018567}, "K54A-D020": {"K54A-D030": 171.32357758145196}, "K52-nD120": {"K52-nD130": 38.346764192909006}, "K54A-D040": {"K54A-D050": 141.99321818953158}, "K51-U040": {"K51-U050": 108.63020771040449}, "K54-U020": {"K54-U030": 93.95862351180001}, "K53-D160": {"K53-U011": 177.87108947445583}}