{"K73-U040": {"K73-U050": 87.93645386978093, "K73-U060": 165.85016246363745}, "K75P-U130": {"K75P-U140": 30.72517245829826}, "K75A-D110": {"K75A-U011": 102.63223451357298}, "K75P-U140": {"K75P-D010": 124.55770173035653}, "K73-D030": {"K73-D040": 113.53136542246871}, "K73-U080": {"K73-U090": 267.51341724539486, "K73-U110": 289.0622879492072}, "K73-U010": {"K73-U020": 62.78915252351938}, "K73-U110": {"K73-U120": 214.1441246387604}, "K75P-U080": {"K75P-U090": 38.55137222826568}, "K73-U090": {"K73-U100": 82.17995840212596}, "K75P-U050": {"K75P-U060": 168.23577900049625}, "K73-U050": {"K73-U060": 83.81565803169941}, "K75P-U010": {"K75P-U020": 82.75690002513997}, "K73-U030": {"K73-U040": 71.94480548360471}, "K73-U060": {"K73-U070": 128.94333103330732}, "K73-D140": {"K73-D150": 180.30085933598141}, "K76-U030": {"K76-U040": 163.1008393659655}, "K75P-U120": {"K75P-U130": 57.023047328732765}, "K75P-D080": {"K75P-U011": 106.1090085855318}, "K73-D070": {"K73-D080": 147.1661724865748}, "K75P-U100": {"K75P-U110": 50.93391818801961}, "K75P-D010": {"K75P-D020": 106.64344753111598}, "K73-U070": {"K73-U080": 131.80788647823846}, "K73-U100": {"K73-U110": 207.77127408014786}, "K75A-D090": {"K75A-D100": 35.0314408445591}, "K76-D010": {"K76-D020": 191.39721542151673}, "K75P-U060": {"K75P-U070": 28.34192073978442}, "K73-D050": {"K73-D070": 89.29135786453458}, "K75P-D060": {"K75P-D070": 163.07276160716566}, "K73-D010": {"K73-D020": 69.13517034489692}, "K75P-D040": {"K75P-D050": 162.76482595716766}, "K73-D120": {"K73-D130": 109.83601367723284}, "K73-D150": {"K73-D160": 94.96564943715288}, "K76-D020": {"K76-D030": 127.35737309648748}, "K75A-D020": {"K75A-D030": 19.906728545823533}, "K75P-D070": {"K75P-D080": 79.31788634399754}, "K75A-D050": {"K75A-D060": 64.00287003770148}, "K75P-D050": {"K75P-D060": 67.01475905395635}, "K75A-D070": {"K75A-D080": 20.930851758009204}, "K75P-U090": {"K75P-U100": 41.71146318950542}, "K75A-D100": {"K75A-D110": 91.45678736471855}, "K73-D020": {"K73-D030": 70.17106232335075}, "K73-D100": {"K73-D110": 174.85606473675793}, "K76-D030": {"K76-D040": 71.06769419448983}, "K73-D080": {"K73-D090": 257.95650507197195}, "K73-D110": {"K73-D120": 69.78390836223768}, "K73-U020": {"K73-U030": 160.047014197286}, "K75P-U040": {"K75P-U050": 93.6901092248069}, "K75P-D020": {"K75P-D030": 32.57555433583717}, "K73-D040": {"K73-D050": 69.22327299271379}, "K73-D130": {"K73-D140": 121.89171091158451}, "K75A-D060": {"K75A-D070": 22.761362878529734}, "K75P-U020": {"K75P-U030": 107.77414035919742}, "K75A-D030": {"K75A-D040": 55.42645875689999}, "K75P-U070": {"K75P-U080": 95.3778472661117}, "K74-D020": {"K74-D030": 145.02339764528094}, "K75A-D010": {"K75A-D020": 171.492405599541}, "K75P-U110": {"K75P-U120": 85.43057777377814}, "K75P-D030": {"K75P-D040": 105.32880390955582}, "K75A-U030": {"K75A-D010": 220.1131718184205}, "K75A-D080": {"K75A-D090": 74.5068942869936}, "K75A-U010": {"K75A-U020": 44.938394599999995}, "K73-D090": {"K73-D100": 80.24878769009415}, "K75P-U030": {"K75P-U040": 109.6156644368497}, "K75A-U020": {"K75A-U030": 138.76105006}, "K75A-D040": {"K75A-D050": 44.1772982459}}