{"KAT": {"DIH": 128.356844127, "SUW": 116.03308677677285}}