{"KOT": {"TAW": 328.9780481677316, "MKK": 188.23946825662014, "LOF": 123.63521663099512, "SKM": 130.1210268406061}, "KOW": {"HOK": 177.7421001693615, "TSY": 526.7802407666288, "OLY": 130.8557843840197}, "KOB": {"NTK": 129.69917878412843, "CHH": 176.43551975862587}}