{"LAK": {"NAC": 243.06096563304504, "KWF": 142.13938877425898, "MEF": 146.2689173833134, "TSY": 194.18604512683663}, "LAT": {"YAT": 130.02321380568034, "KWT": 128.09849799298345}}