{"MEF": {"TWW": 323.6105975550874, "NAC": 182.59572924948333, "LAK": 143.10950189580007, "LCK": 130.81997894072038}}