{"MKK": {"HUH": 161.0002886696587, "KOT": 151.0366680748838}}