{"NAC": {"AUS": 206.76380129145622, "OLY": 102.63097641701302, "MEF": 181.46381434928, "LAK": 244.9617431331548}}