{"NOP": {"QUB": 130.3670025659801, "FOH": 129.86423076233865}}