{"SSP": {"CSW": 118.45376607134024, "PRE": 129.8872423948306}}