{"SWH": {"TAK": 126.69830301912626, "SKW": 126.7593226882254}}