{"TAP": {"UNI": 417.568816925807, "TWO": 203.24188198283372}, "TAK": {"SWH": 127.80322286921009, "QUB": 131.55528903132563}, "TAW": {"SHT": 130.01193331003657, "KOT": 279.5453734145777, "CKT": 161.15070244179492, "HIK": 154.8099931489292}}