{"TKO": {"HAH": 185.54072203584536, "LHP": 131.45152318201875, "TIK": 224.45021855834383}, "TKW": {"HOM": 124.08862184465038, "SUW": 121.83953705639973}}