{"TST": {"JOR": 96.83479721934452, "ADM": 199.77355875417334}, "TSY": {"KOW": 417.9564388431626, "SUN": 495.61529743500296, "LAK": 193.94068495409806, "AIR": 1480.2238271815509}, "TSH": {"SHM": 230.60070940152747, "HEO": 131.50302315198041}, "TSW": {"TWH": 100.50677325074865}}