{"UNI": {"TAP": 383.3439063288555, "FOT": 208.86988910942569}}