{"YUL": {"LOP": 111.61193617820379, "KSR": 250.3877213854384}}