{"AUS": {"ETS": 128.1803999672, "NAC": 208.89411168588808}}