{"CHH": {"DIH": 91.16040068695168, "KOB": 118.11358242312}, "CHW": {"HFC": 79.1588860650586}}