{"CIO": {"STW": 85.95338322032161, "SHM": 121.48221360000002}}