{"CKT": {"TAW": 103.67943510480526, "STW": 66.84709438293}}