{"DIS": {"SUN": 198.58233387484285}, "DIH": {"WTS": 97.94858334536933, "CHH": 113.86889112265426, "KAT": 96.00934879325, "HIK": 317.26223161054986}}