{"EXC": {"HUH": 158.58299019303095, "ADM": 38.911219553371275}}