{"FOH": {"TIH": 123.31737867033601, "NOP": 131.75675564101067}, "FOT": {"SHT": 131.22033312644012, "UNI": 184.73595533427596}}