{"HEO": {"TSH": 133.17900853917303, "MOS": 84.06825441142405}}