{"HFC": {"SKW": 111.36097486276813, "CHW": 145.55777580842485}}