{"HIK": {"DIH": 310.80806378668166, "TAW": 50.0527212}}