{"HOK": {"KOW": 191.98772840592068}, "HOM": {"YMT": 115.75554571325613, "TKW": 111.84619060188, "HUH": 111.41831754249901, "WHA": 86.05215791115684}}