{"HUH": {"ETS": 86.89547809709548, "MKK": 207.06015614768117, "EXC": 192.1800049479712, "HOM": 91.93080451394002}}