{"K18-D010": {"K18-D020": 258.8863969995567}, "K14-D020": {"K14-D030": 173.02828199721714}, "K17-U020": {"K17-U030": 143.9020412785197}, "K12-U020": {"K12-U030": 205.66071134183252}, "K17-D010": {"K17-D020": 339.5486799979509}, "K14-D010": {"K14-D020": 300.2089800075183}, "K18-U010": {"K18-U020": 208.7457971827659}, "K12-D020": {"K12-D030": 391.9772275522053}, "K12-U010": {"K12-U020": 253.52627168558223}, "K18-U020": {"K18-U030": 60.89425783029153}, "K17-D020": {"K17-D030": 66.89422128353557}, "K17-U030": {"K17-U040": 61.79112906257889}, "K18-D020": {"K18-D030": 125.92284014708336}, "K12-D030": {"K12-D040": 26.586042926224813}, "K17-U010": {"K17-U020": 297.4720100223855}, "K12-D010": {"K12-D020": 163.5783726056899}}