{"K53-U110": {"K53-U120": 88.94338453224313}, "K51A-U150": {"K51A-U160": 130.40193437205951}, "K53-U020": {"K53-U030": 145.2710261238751, "K53-D160": 717.1516477748665}, "K58-U180": {"K58-U190": 124.54644645361559}, "K51-U030": {"K51-U040": 64.21177683060648}, "K51-D030": {"K51-D040": 47.33772341806859}, "K58-D193": {"K58-D196": 79.32247077679227}, "K53-D050": {"K53-D060": 82.67867745083117}, "K52-nU040": {"K52-nU050": 77.68440365708594}, "K58-D190": {"K58-D193": 148.29850288594625}, "K53-D080": {"K53-D090": 54.679791252664394}, "K53-D030": {"K53-D040": 78.71636526976359}, "K52-nU020": {"K52-nU030": 174.83619832740493}, "K51-U230": {"K51-U240": 47.41508499037671}, "K58-U110": {"K58-U120": 220.9170746575925}, "K58-D160": {"K58-D170": 228.8398393275288}, "K51-U130": {"K51-U140": 70.97354431919757}, "K51A-U080": {"K51A-U090": 166.24352447482394}, "K58-D070": {"K58-D080": 163.25912079377997}, "K51-D150": {"K51-D160": 175.88725077699308}, "K58-U030": {"K58-U040": 309.1719004}, "K52A-D010": {"K52A-D020": 277.2252894455018}, "K51-D130": {"K51-D140": 49.813195615856245}, "K51-D110": {"K51-D120": 47.85239211124515}, "K53-D130": {"K53-D140": 112.19850270602231}, "K58-U160": {"K58-U170": 155.52114253394691}, "K52-nD100": {"K52-nD110": 60.068835194671124}, "K58-D200": {"K58-D210": 55.14472186300001}, "K52-nD210": {"K52-nD220": 192.24344997030602}, "K54-D040": {"K54-D050": 168.16249789596856}, "K51-U220": {"K51-U230": 64.60244522820089}, "K53-U050": {"K53-U060": 132.5609974655048}, "K51A-U200": {"K51A-U210": 82.55793009565612}, "K58-U060": {"K58-U070": 155.66841684899995}, "K58-D180": {"K58-D190": 310.7942376816335}, "K54-U070": {"K54-D010": 155.1639515066113}, "K51-U120": {"K51-U130": 137.91168289175778}, "K58-U020": {"K58-U023": 143.129712}, "K51-U070": {"K51-U080": 159.45480884377002}, "K51-D090": {"K51-D100": 87.20465517728039}, "K52A-U110": {"K52A-U120": 69.52791011941392}, "K52A-U050": {"K52A-U060": 71.044192659}, "K51A-U160": {"K51A-U170": 74.18546521712241}, "K52-nU230": {"K52-nU240": 112.31557465640378}, "K52-nU250": {"K52-nU260": 100.81035433639039}, "K51A-U110": {"K51A-U120": 119.74707337802947}, "K58-U130": {"K58-U140": 109.6891515988955}, "K52A-D060": {"K52A-D070": 129.34768316859828}, "K51-D160": {"K51-D170": 70.57354795549246}, "K52-nU180": {"K52-nU190": 109.32029190828129}, "K51A-D060": {"K51A-D070": 89.38094168920867}, "K52-nU060": {"K52-nU070": 143.9464151626762}, "K52A-U030": {"K52A-U040": 119.51547449947296}, "K58-D150": {"K58-D160": 71.29683850840355}, "K54-U060": {"K54-U070": 233.7102068420617}, "K51A-D030": {"K51A-D040": 45.650490788761196}, "K53-U120": {"K53-U130": 65.16870669734708}, "K53-U090": {"K53-U100": 114.10027525107007}, "K53-U070": {"K53-U080": 50.261330760729116}, "K54-D010": {"K54-D020": 96.65475257932471}, "K51A-D220": {"K51A-D230": 123.75076092316779}, "K52-nD020": {"K52-nD030": 41.6471388155405}, "K51A-U230": {"K51A-U240": 38.80934215777171}, "K53-U140": {"K53-D010": 83.07895121319982}, "K58-D060": {"K58-D070": 187.24674021910914}, "K53-D100": {"K53-D110": 73.48260351800731}, "K51-D250": {"K51-D260": 134.4003343266488}, "K51A-U220": {"K51A-U230": 88.29040583143485}, "K58-U090": {"K58-U100": 215.00063937945896}, "K52-nU070": {"K52-nU080": 104.25013306164222}, "K52-nU210": {"K52-nU220": 85.28330672445968}, "K54-U020": {"K54-U030": 102.96609523560392}, "K54-D020": {"K54-D030": 177.72391954986574}, "K51A-U060": {"K51A-U070": 357.28217207247155}, "K53-D010": {"K53-D015": 106.0994088972279}, "K53-U080": {"K53-U090": 72.05760551307512}, "K51-U150": {"K51-U160": 85.13018292037462}, "K51-D190": {"K51-D200": 159.91544342268938}, "K58-D020": {"K58-D030": 132.60997911717635}, "K52-nD010": {"K52-nD020": 15.793882006520022}, "K52-nD260": {"K52-nD270": 55.52991508958498}, "K51A-D070": {"K51A-D080": 92.49578880203956}, "K58-U050": {"K58-U060": 38.603458063995}, "K54-D060": {"K54-D070": 155.0318874931229}, "K52-nU160": {"K52-nU170": 68.22717959958948}, "K52-nU170": {"K52-nU180": 149.11113564181443}, "K51A-D170": {"K51A-D180": 177.41018473289427}, "K52A-U020": {"K52A-U030": 98.56976438820041}, "K52-nU290": {"K52-nU300": 19.506343285213205}, "K58-U023": {"K58-U026": 53.41930000000001}, "K51A-U180": {"K51A-U190": 94.12467682203874}, "K53-U060": {"K53-U070": 73.22044175089106}, "K52A-U070": {"K52A-U080": 89.89494123799065}, "K53-U100": {"K53-U110": 73.84645051944959}, "K58-U100": {"K58-U110": 98.839352975}, "K54-U030": {"K54-U040": 136.49305035998412}, "K52A-U170": {"K52A-U180": 275.3346051104672}, "K53-U040": {"K53-U050": 118.45637145112048}, "K53-D020": {"K53-D030": 106.60405429161645}, "K52A-U040": {"K52A-U050": 149.19498975456122}, "K58-D170": {"K58-D180": 160.4324593825964}, "K51A-D120": {"K51A-D140": 153.70984449446325}, "K51A-U170": {"K51A-U180": 81.17202221327832}, "K58-U200": {"K58-U210": 64.174, "K58-U215": 67.518}, "K52A-U150": {"K52A-U160": 35.095774}, "K58-D140": {"K58-D150": 37.472415014472645}, "K51A-D250": {"K51A-D260": 122.2510067786585}, "K52-nD190": {"K52-nD200": 202.3322066123279}, "K54-D050": {"K54-D060": 80.78929371821232}, "K54-U010": {"K54-U020": 137.93332208542557}, "K52A-U140": {"K52A-U150": 168.92286385695124}, "K52-nD060": {"K52-nD070": 131.04291485173843}, "K51A-D140": {"K51A-D150": 83.66801008056703}, "K52-nD120": {"K52-nD130": 38.88027445058348}, "K51-D170": {"K51-D180": 101.22095317815315}, "K53-D140": {"K53-D150": 175.5320578118814}, "K53-D090": {"K53-D100": 45.509640206586106}, "K51-D060": {"K51-D070": 61.527931550455776}, "K53-D015": {"K53-D020": 49.41508166477091}, "K51-U090": {"K51-U100": 150.44722161402004}, "K51A-D090": {"K51A-D100": 60.964491714883934}, "K51A-D110": {"K51A-D120": 59.468716655810454}, "K51A-D050": {"K51A-D060": 87.42585312986655}, "K52-nU280": {"K52-nU290": 48.02025113422368}, "K52-nD170": {"K52-nD180": 116.88030070819293}, "K51A-U050": {"K51A-U060": 313.7140803638202}, "K51-U060": {"K51-U070": 255.65126531800428}, "K52-nD250": {"K52-nD260": 193.45002077323835}, "K51-U010": {"K51-U020": 30.70377096040617}, "K52-nD030": {"K52-nD040": 147.6701418475497}, "K52A-U080": {"K52A-U090": 88.81862292952}, "K51-D180": {"K51-D190": 139.61282632628038}, "K58-U120": {"K58-U130": 181.41536546771079}, "K52A-U130": {"K52A-U140": 102.649363631}, "K51-D210": {"K51-D220": 154.4613684575115}, "K51-U020": {"K51-U030": 223.90651133470047}, "K53-D070": {"K53-D080": 42.031037036488}, "K51A-D160": {"K51A-D170": 191.11733258173282}, "K53-U130": {"K53-U140": 68.55743643323112}, "K52-nD290": {"K52-nD300": 103.13976953315225}, "K53-U030": {"K53-U040": 196.45404843416446}, "K58-D110": {"K58-D120": 182.00131031192}, "K51A-U210": {"K51A-U220": 78.48165340141624}, "K51A-D150": {"K51A-D160": 132.57069907329262}, "K58-U026": {"K58-U030": 127.77643999999995}, "K58-D040": {"K58-D050": 118.93129077783593}, "K58-D010": {"K58-D020": 22.6633}, "K58-U070": {"K58-U080": 147.1709760768412}, "K58-D120": {"K58-D130": 133.40910000000002}, "K53-U010": {"K53-U020": 264.9033189142653}, "K53-D060": {"K53-D070": 154.1773258571213}, "K52A-U060": {"K52A-U070": 127.14981411443401}, "K58-U150": {"K58-U160": 199.65353794347465}, "K58-U140": {"K58-U150": 118.62878764781331}, "K58-D050": {"K58-D060": 214.88292420887598}, "K51-D040": {"K51-D050": 51.60581881316945}, "K51A-D230": {"K51A-D240": 129.740053780868}, "K51A-U070": {"K51A-U080": 178.49219723032718}, "K54-U050": {"K54-U060": 350.8623275682934}, "K53-D120": {"K53-D130": 66.20464041821936}, "K51-D220": {"K51-D230": 306.46220303785}, "K52-nD180": {"K52-nD190": 143.66996169181073}, "K51-D240": {"K51-D250": 129.43733343872822}, "K51-D120": {"K51-D130": 57.519852253291994}, "K51-U140": {"K51-U150": 51.86846324344346}, "K51-U190": {"K51-U200": 83.86156020035845}, "K58-U080": {"K58-U090": 96.8781248248}, "K51-D050": {"K51-D060": 68.4418714454371}, "K51A-D010": {"K51A-D020": 56.19438175290004}, "K51A-D210": {"K51A-D220": 81.78204303988221}, "K54-D030": {"K54-D040": 64.0111037144519}, "K51A-D040": {"K51A-D050": 121.6542672908769}, "K52-nU140": {"K52-nU150": 233.0409998823431},