{"K65-D070": {"K65-D080": 124.68498704648532}, "K65A-U040": {"K65A-U050": 105.44766134758774}, "K65-D120": {"K65-D130": 71.26635658150839}, "K65A-U120": {"K65A-U130": 99.7747828402449}, "K65A-D040": {"K65A-D050": 65.29650046072227}, "K68-D200": {"K68-U011": 76.93532839039952}, "K68-U120": {"K68-U130": 150.05922213690005}, "K66-D010": {"K66-D020": 80.02820198839348}, "K65-D170": {"K65-D180": 83.0896880261258}, "K65-D150": {"K65-D160": 126.17704095150161}, "K65A-D010": {"K65A-D020": 51.12226664394676}, "K65-D040": {"K65-D050": 59.15259773495579}, "K65-U110": {"K65-U120": 107.98416775562312}, "K65A-D050": {"K65A-D060": 57.36663576074808}, "K65A-D080": {"K65A-D090": 70.25829318144116}, "K66-D090": {"K66-D100": 53.85271836909512}, "K65-D090": {"K65-D100": 115.15526432644057}, "K66-U170": {"K66-U180": 25.768696954583866}, "K65-U010": {"K65-U020": 230.9659658940381}, "K65A-U100": {"K65A-U110": 80.0373745116082}, "K65-U210": {"K65-U220": 73.64235312263614}, "K65-D080": {"K65-D090": 70.1862356627482}, "K65A-U080": {"K65A-U090": 65.72568064880593}, "K66-U190": {"K66-U200": 54.704706382024916}, "K65A-U060": {"K65A-U070": 81.90537755738748}, "K65-D010": {"K65-D020": 36.80713801954195}, "K65A-U030": {"K65A-U040": 37.1328254409154}, "K66-U130": {"K66-U140": 48.20034504749529}, "K65-U070": {"K65-U080": 65.8277746598759}, "K66-D040": {"K66-D050": 57.77696940684892}, "K65-U220": {"K65-U230": 81.52949790603883}, "K68-U040": {"K68-U050": 53.17147}, "K65-U060": {"K65-U070": 39.30177257905067}, "K65-D060": {"K65-D070": 88.45370006010326}, "K65A-D030": {"K65A-D040": 75.7073256793359}, "K65A-U110": {"K65A-U120": 81.32822830562074}, "K65A-U050": {"K65A-U060": 49.64403194335348}, "K66-D210": {"K66-D220": 168.48227876482133}, "K65-D160": {"K65-D170": 145.2913856735091}, "K66-D160": {"K66-D170": 134.40191181356886}, "K65A-D070": {"K65A-D080": 135.49506029820313}, "K68-U140": {"K68-U150": 47.62913513765001}, "K66-U050": {"K66-U060": 42.97712072759854}, "K65-D030": {"K65-D040": 72.96544655393379}, "K65A-D060": {"K65A-D070": 95.78020100018382}, "K66-D120": {"K66-D130": 59.60061513332008}, "K66-U010": {"K66-U020": 141.109267349856}, "K66-D070": {"K66-D080": 58.030877294993005}, "K65A-U010": {"K65A-U020": 63.25782475995989}, "K66-U120": {"K66-U130": 45.22619832274147}, "K68-D150": {"K68-D160": 89.31029829582755}, "K66-U160": {"K66-U170": 44.04519267802127}, "K66-D130": {"K66-D140": 45.696021518708065}, "K65A-D020": {"K65A-D030": 84.15174882200414}, "K66-D020": {"K66-D030": 72.48205248414749}, "K66-D180": {"K66-D190": 71.58033975066529}, "K65-D140": {"K65-D150": 121.68327469678414}, "K68-D040": {"K68-D050": 113.09049058560001}, "K66-U100": {"K66-U110": 86.92990033797547}, "K66-U180": {"K66-U190": 51.018378352011}, "K65A-D090": {"K65A-D100": 120.630711905906}, "K68-U110": {"K68-U120": 221.97489468484773, "K68-D090": 58.85}, "K68-U100": {"K68-U110": 173.4798788681357}, "K66-U090": {"K66-U100": 45.9673840266488}, "K66-D220": {"K66-D230": 74.44672428604304}, "K68-D010": {"K68-D020": 43.10855708119001}, "K65-D110": {"K65-D120": 125.44428432761023}, "K66-U030": {"K66-U040": 158.95610677276687}, "K66-U210": {"K66-U220": 75.44187784907135}, "K65-U170": {"K65-U180": 36.767337340434665}, "K66-D050": {"K66-D060": 60.07181791047765}, "K65-U200": {"K65-U210": 68.56988231353368}, "K65-U130": {"K65-U140": 28.661691376477034}, "K66-D230": {"K66-D240": 90.32284602284612}, "K65-U050": {"K65-U060": 106.45250416146379}, "K68-U070": {"K68-U080": 23.633298331464932}, "K68-D060": {"K68-D070": 88.95823284287778}, "K66-U110": {"K66-U120": 33.3054795846184}, "K65-D130": {"K65-D140": 105.01144636682349}, "K68-D190": {"K68-D200": 60.31785143532903}, "K66-D200": {"K66-D210": 129.89694715802258}, "K65-U040": {"K65-U050": 82.7711174619338}, "K65-D050": {"K65-D060": 53.24899203745959}, "K68-D100": {"K68-D110": 82.78004581546442}, "K66-U080": {"K66-U090": 166.22820451579665}, "K65-U020": {"K65-U030": 120.49534209864677}, "K68-U130": {"K68-U140": 152.082840813936}, "K68-D030": {"K68-D040": 96.30185428854}, "K68-U160": {"K68-U170": 70.37288011578421}, "K65-U100": {"K65-U110": 138.76274623373507}, "K65-U150": {"K65-U160": 49.48377809400027}, "K66-U140": {"K66-U150": 39.146088947887975}, "K68-D090": {"K68-D100": 177.84038677061736}, "K68-U020": {"K68-U030": 35.896647303447466}, "K65-U030": {"K65-U040": 88.84561932793862}, "K65A-U090": {"K65A-U100": 70.3380110216353}, "K65A-D100": {"K65A-D110": 244.66552121166893}, "K65-D180": {"K65-D190": 119.88064849526506}, "K65A-U020": {"K65A-U030": 242.02241524234736}, "K68-D140": {"K68-D150": 51.88474584150001}, "K65-U180": {"K65-U190": 69.68761962544507}, "K66-U060": {"K66-U070": 138.54642537350304}, "K66-D060": {"K66-D070": 57.65047759092356}, "K68-U170": {"K68-D010": 185.84205410162002}, "K66-U040": {"K66-U050": 120.5215037088359}, "K66-D170": {"K66-D180": 185.082805787}, "K68-D160": {"K68-D170": 78.79441942537943}, "K68-D020": {"K68-D030": 83.0177718038}, "K65-U160": {"K65-U170": 48.25017629627567}, "K68-U010": {"K68-U020": 92.50559309463003}, "K65A-U070": {"K65A-U080": 52.92681246268016}, "K65-D100": {"K65-D110": 230.92042747687952}, "K66-U150": {"K66-U160": 42.30293986541111}, "K65-U120": {"K65-U130": 194.8223700092302}, "K68-D120": {"K68-D130": 189.07202358581898}, "K68-D080": {"K68-D090": 75.25444495562299}, "K65-U080": {"K65-U090": 158.8601206425139}, "K68-U050": {"K68-U060": 44.45258197635265}, "K68-D050": {"K68-D060": 64.80535631900001}, "K65-D020": {"K65-D030": 84.04860054935014}, "K66-D030": {"K66-D040": 86.38111943753259}, "K66-U200": {"K66-U210": 45.082332576826936}, "K66-D110": {"K66-D120": 48.176136046265846}, "K66-D100": {"K66-D110": 61.7505469922736}, "K68-U150": {"K68-U160": 95.5958584748277}, "K68-D170": {"K68-D180": 61.26607080000001}, "K68-U060": {"K68-U070": 115.99537655340002}, "K66-D190": {"K66-D200": 83.17054063260802}, "K68-U030": {"K68-U040": 29.19875023736581}, "K66-D150": {"K66-D160": 96.5700523565116}, "K66-U070": {"K66-U080": 148.19776293534306}, "K65-U190": {"K65-U200": 55.48732281387006}, "K66-D140": {"K66-D150": 109.26178527331055}, "K65-U140": {"K65-U150": 96.3711587828873}, "K68-D070": {"K68-D080": 180.97339280724003}, "K68-U090": {"K68-U100": 169.47310955542002}, "K65-U090": {"K65-U100": 55.00694939683897}, "K68-D180": {"K68-D190": 52.180999343162206}, "K68-D110": {"K68-D120": 92.12727281109002}, "K66-D080": {"K66-D090": 70.55954943404657}, "K68-D130": {"K68-D140": 52.727921932027655}, "K66-U020": {"K66-U030": 206.65068240420084}, "K68-U080": {"K68-U090": 29.834958200000006}}