{"K74-D010": {"K74-D020": 170.1829818840135}, "K75P-D020": {"K75P-D030": 38.15503856128764}, "K76-D030": {"K76-D040": 61.01356750362629}, "K73-D150": {"K73-D160": 41.78135646983971}, "K75P-U130": {"K75P-U140": 44.52555469531827}, "K75P-U060": {"K75P-U070": 27.78558915026423}, "K76-D010": {"K76-D020": 299.68351449484214}, "K75A-D010": {"K75A-D020": 219.60403965804434}, "K73-U090": {"K73-U100": 135.46152502084922}, "K75A-D070": {"K75A-D080": 64.40340894641756}, "K73-U030": {"K73-U040": 106.18355808727726}, "K75P-D050": {"K75P-D060": 92.83705878633396}, "K75P-D040": {"K75P-D050": 172.37094352622466}, "K76-U040": {"K76-U050": 130.31792393263697}, "K73-U060": {"K73-U070": 143.59501428598236}, "K73-D070": {"K73-D080": 164.77394561207194}, "K75A-D030": {"K75A-D040": 61.02872661719719}, "K73-U020": {"K73-U030": 214.88910359473977}, "K73-D130": {"K73-D140": 127.54521581793048}, "K75P-U020": {"K75P-U030": 114.4871276421881}, "K75P-U110": {"K75P-U120": 99.64105788490062}, "K75P-U080": {"K75P-U090": 42.63643335383908}, "K73-D110": {"K73-D120": 53.07529837867661}, "K74-U100": {"K74-D010": 109.5169906641479}, "K73-D120": {"K73-D130": 102.11783164275548}, "K73-U050": {"K73-U060": 127.8203014799908}, "K73-D100": {"K73-D110": 198.13498695169832}, "K74-U080": {"K74-U090": 223.4990235938147}, "K73-U070": {"K73-U080": 170.84182940769813}, "K75A-D050": {"K75A-D060": 107.34731813643482}, "K75P-U100": {"K75P-U110": 62.31185725369962}, "K75P-U120": {"K75P-U130": 72.56271970360945}, "K74-U050": {"K74-U060": 269.1924122511515}, "K74-U007": {"K74-U010": 280.4032321242823}, "K74-D050": {"K74-D060": 105.51753869212901}, "K74-D040": {"K74-D050": 78.74619595473}, "K73-U100": {"K73-U110": 309.25278794947474}, "K74-D090": {"K74-U011": 74.84416115424149}, "K73-U080": {"K73-U110": 133.40151954146785, "K73-U090": 296.3009387937213}, "K75A-D080": {"K75A-D090": 110.05662906914696}, "K74-D100": {"K74-D110": 94.14683819361872}, "K73-U110": {"K73-U120": 241.49484233750673}, "K73-D050": {"K73-D070": 109.45981297499739}, "K74-U090": {"K74-U100": 202.0338648519089}, "K75P-D030": {"K75P-D040": 132.51224181383077}, "K75P-D010": {"K75P-D020": 156.5663131125031}, "K76-U020": {"K76-U030": 163.56955468397626}, "K76-U030": {"K76-U040": 227.00482668841067}, "K74-U040": {"K74-U050": 178.7079429629341}, "K75A-D060": {"K75A-D070": 43.579535263251984}, "K73-U040": {"K73-U050": 117.24934426995381, "K73-U060": 241.41238608177224}, "K74-D020": {"K74-D030": 155.96733959716582}, "K75P-U040": {"K75P-U050": 103.9321979546067}, "K75A-D040": {"K75A-D050": 62.722474499288}, "K74-U060": {"K74-U070": 132.77516258851404}, "K75A-D090": {"K75A-D100": 54.69173907848051}, "K75A-U020": {"K75A-U030": 138.47861259042264}, "K75A-U030": {"K75A-D010": 239.03039880386103}, "K76-D020": {"K76-D030": 138.08321850926126}, "K74-U020": {"K74-U030": 147.5414755353165}, "K75P-D070": {"K75P-D080": 86.39459739431004}, "K76-U010": {"K76-U020": 64.16597916259524}, "K74-U001": {"K74-U004": 153.91976049281374}, "K73-U010": {"K73-U020": 72.5466049515397}, "K73-D140": {"K73-D150": 233.9299055327643}, "K75P-U090": {"K75P-U100": 34.70030118730711}, "K75P-U070": {"K75P-U080": 101.27219116723931}, "K75A-D100": {"K75A-D110": 107.70154307186331}, "K73-D010": {"K73-D020": 69.3301547716388}, "K73-D030": {"K73-D040": 121.66250041059845}, "K74-U030": {"K74-U040": 285.31712158536936}, "K75P-D080": {"K75P-U011": 153.2513550072104}, "K73-D020": {"K73-D030": 66.24635879890022}, "K75P-U140": {"K75P-D010": 154.57611330840473}, "K75A-D110": {"K75A-U011": 209.88323067122965}, "K75P-U010": {"K75P-U020": 92.98924754477855}, "K75A-D020": {"K75A-D030": 35.858013716076776}, "K74-U070": {"K74-U080": 158.24794557468942}, "K75P-U030": {"K75P-U040": 131.4256901839761}, "K73-D040": {"K73-D050": 71.85131719707826}, "K74-D030": {"K74-D040": 129.82108524256006}, "K75P-D060": {"K75P-D070": 181.6225381069757}, "K74-D110": {"K74-U002": 206.57709541118084}, "K74-U011": {"K74-D100": 180.496921450222}, "K75A-U010": {"K75A-U020": 46.53619021146345}, "K74-D080": {"K74-D090": 180.71589763885726}, "K73-D090": {"K73-D100": 91.37216918861743}, "K75P-U050": {"K75P-U060": 148.48629051839708}, "K74-D060": {"K74-D070": 185.05294439146164}, "K74-U004": {"K74-U007": 113.70689353573178}, "K74-D070": {"K74-D080": 254.86126256808262}, "K74-U010": {"K74-U020": 194.21245234324223}, "K73-D080": {"K73-D090": 249.60739840709584}, "K75S-U040": {"K75S-D010": 59.70800000000001}, "K75S-U010": {"K75S-U020": 50.6}, "K75S-D030": {"K75S-U011": 202.27691}, "K75S-D020": {"K75S-D030": 193.723726592}, "K75S-D010": {"K75S-D020": 197.11492900000005}, "K75S-U030": {"K75S-U040": 129.976}, "K76S-U015": {"K76S-U020": 94.05}, "K75S-U020": {"K75S-U030": 135.3}, "K76S-U020": {"K76S-U030": 156.86}, "K76S-U010": {"K76S-U015": 127.20400000000002}}