{"KAT": {"SUW": 110.9366600174292, "DIH": 110.02387415884402}}