{"KOW": {"TSY": 528.7907004221898, "OLY": 141.15785313909254, "HOK": 177.74210019698043}, "KOT": {"MKK": 121.71116537765712, "LOF": 92.24117100934222, "TAW": 306.0042735186658, "SKM": 77.18674128687611}, "KOB": {"NTK": 86.71732480853079, "CHH": 80.54139732684217}}