{"KSR": {"TWW": 610.9385405989044, "YUL": 228.50570996054157}}