{"KWT": {"LAT": 80.30570767600167, "NTK": 104.40702294393188}, "KWH": {"TWH": 147.05701129191448, "KWF": 82.65277506987734}, "KWF": {"LAK": 163.15415496962484, "KWH": 128.2458420183679}}