{"LAK": {"NAC": 259.1688374750474, "KWF": 148.40578412053713, "MEF": 136.27300658252628, "TSY": 194.51271992432385}, "LAT": {"YAT": 81.43316165142743, "KWT": 99.53197473682695}}