{"LCK": {"CSW": 106.0939840229338, "MEF": 130.62098670917402}}