{"LOF": {"WTS": 110.27549908120923, "KOT": 76.3440508398372}, "LOP": {"YUL": 118.09340074914803, "TIS": 185.17439146309732}, "LOW": {"SHS": 222.68866946405984}}