{"MEF": {"LAK": 145.3760521317207, "TWW": 333.0103635170152, "LCK": 97.2722057598038, "NAC": 171.85091788188487}}