{"MOK": {"PRE": 110.65067315785723, "YMT": 99.80726038959588}, "MOS": {"WKS": 157.53489470053347, "HEO": 123.13323}}