{"NOP": {"QUB": 125.7900319220631, "FOH": 87.5805140629216}}