{"NTK": {"KWT": 75.55795265849508, "KOB": 86.89868167977258}}