{"QUB": {"NOP": 111.1167335395274, "TAK": 120.88781830798185, "YAT": 247.9165435740224}}