{"SHS": {"LOW": 261.7547364470498, "FAN": 130.25231011346085, "LMC": 470.6703209288239}, "SHT": {"FOT": 122.86206937819244, "TAW": 182.56909006969704}, "SHW": {"SYP": 135.42085879344154, "CEN": 114.01623496107405}, "SHM": {"CIO": 91.52927203887869, "TSH": 211.99819250306683}}