{"SIH": {"TIS": 384.1181696217185, "TUM": 154.45979989193663}}