{"SSP": {"PRE": 95.83847375841603, "CSW": 121.35971436166683}}