{"SUN": {"DIS": 198.58233387484285, "TUC": 823.8868280990746, "TSY": 468.5560973707341}, "SUW": {"TKW": 123.31501292, "KAT": 64.55640788000001}}