{"SWH": {"TAK": 98.02582922205988, "SKW": 116.7881496001415}}