{"TAW": {"SHT": 123.73024321985767, "KOT": 318.6596185469401, "CKT": 100.60051404177003, "HIK": 117.78000070138566}, "TAP": {"UNI": 392.73628179757395, "TWO": 143.73590414418913}, "TAK": {"QUB": 114.58311885959233, "SWH": 115.01721952849095}}