{"TSY": {"KOW": 462.5991316841496, "LAK": 190.97685389348013, "AIR": 1418.0711609364967, "SUN": 645.6657479785675}, "TST": {"JOR": 85.69373965805276, "ADM": 159.72882127415087}, "TSH": {"SHM": 214.5556004208304, "HEO": 111.31945806826066}, "TSW": {"TWH": 66.83691}}