{"WCH": {"OCP": 126.66968773704725, "LET": 182.701235435114}}