{"YAT": {"TIK": 119.67259488917287, "QUB": 236.9388082834173, "LAT": 137.9399928417018}}