{"5": {"6": 108.14310995575735, "305": 82.42577704061625}}