{"AUS": {"NAC": 211.68891177762424, "ETS": 53.99459999999999}}