{"CHW": {"HFC": 77.60000413984692}, "CHH": {"DIH": 86.53630920942315, "KOB": 101.21755763637859}}