{"CIO": {"STW": 120.92267077331492, "SHM": 102.686439631704}}