{"CKT": {"STW": 92.03405842584795, "TAW": 99.62705566588298}}