{"CSW": {"SSP": 111.64666320162469, "LCK": 89.22203262350942}}