{"ETS": {"HUH": 84.56759662097474, "AUS": 112.58704186323307}}