{"HAH": {"TKO": 126.86538963965866, "POA": 120.63003373532308}}