{"HEO": {"MOS": 99.94924094626886, "TSH": 63.53170254996}}