{"K17-D020": {"K17-D030": 61.337625488626124}, "K12-D010": {"K12-D020": 168.10027113046573}, "K18-U020": {"K18-U030": 56.83330334777056}, "K17-D010": {"K17-D020": 304.1420264474703}, "K12-U020": {"K12-U030": 210.7148489837178}, "K17-U020": {"K17-U030": 151.74017979312822}, "K12-D030": {"K12-D040": 32.808394678899774}, "K18-D020": {"K18-D030": 179.1294098367172}, "K18-U010": {"K18-U020": 210.46580463335778}, "K14-D010": {"K14-D020": 263.8018716378774}, "K12-D020": {"K12-D030": 344.19975960514955}, "K18-D010": {"K18-D020": 243.54019868311053}, "K14-D020": {"K14-D030": 171.0999421070491}, "K12-U010": {"K12-U020": 260.06327982493985}, "K17-U010": {"K17-U020": 287.9838615705088}, "K17-U030": {"K17-U040": 50.23934449472232}}