{"K75P-U100": {"K75P-U110": 69.75199561417642}, "K73-D150": {"K73-D160": 76.38854148149548}, "K73-U030": {"K73-U040": 98.88249416869897}, "K73-U080": {"K73-U110": 322.1857128797403, "K73-U090": 293.97581666847225}, "K76-D010": {"K76-D020": 330.19832390144927}, "K73-U020": {"K73-U030": 189.2058665942018}, "K75P-D070": {"K75P-D080": 86.57872683183412}, "K75P-U120": {"K75P-U130": 66.93881507039787}, "K73-D080": {"K73-D090": 257.5853563373362}, "K75P-U140": {"K75P-D010": 157.59374135530132}, "K76-U020": {"K76-U030": 167.20339374831048}, "K73-U010": {"K73-U020": 68.29001652691042}, "K75P-U110": {"K75P-U120": 96.19205411454843}, "K75A-D070": {"K75A-D080": 50.66706088034934}, "K76-U030": {"K76-U040": 259.512663206326}, "K75A-D050": {"K75A-D060": 79.77980086451922}, "K73-U040": {"K73-U060": 229.63033674378, "K73-U050": 119.90986387672986}, "K75P-U050": {"K75P-U060": 161.07119723348293}, "K76-D020": {"K76-D030": 130.85167265467004}, "K75P-D040": {"K75P-D050": 171.992794709088}, "K73-D050": {"K73-D070": 101.9969925082481}, "K74-D080": {"K74-D090": 172.5005004733644}, "K73-D110": {"K73-D120": 54.14819526932389}, "K75P-D060": {"K75P-D070": 192.8023313894066}, "K73-U090": {"K73-U100": 137.26957677257937}, "K73-U100": {"K73-U110": 286.162519666894}, "K75P-U080": {"K75P-U090": 43.37095260970704}, "K75A-D030": {"K75A-D040": 49.66533194231916}, "K74-U100": {"K74-D010": 123.744481424832}, "K76-U040": {"K76-U050": 195.86823397338293}, "K73-U070": {"K73-U080": 163.31913844733248}, "K73-U050": {"K73-U060": 109.70358580932638}, "K75P-D030": {"K75P-D040": 122.79972167126444}, "K74-D040": {"K74-D050": 86.18896835802212}, "K74-D070": {"K74-D080": 263.15368946377015}, "K75P-D010": {"K75P-D020": 146.87994637938934}, "K73-U060": {"K73-U070": 158.07462228965656}, "K75A-D110": {"K75A-U011": 199.66993749579436}, "K74-D010": {"K74-D020": 149.881758085051}, "K73-U110": {"K73-U120": 243.24741548275637}, "K75A-U020": {"K75A-U030": 140.73433525775445}, "K76-D030": {"K76-D040": 51.03214369576115}, "K73-D120": {"K73-D130": 107.62813182167235}, "K75P-D020": {"K75P-D030": 39.04553170196503}, "K73-D030": {"K73-D040": 134.90535370954376}, "K73-D090": {"K73-D100": 87.33259712191334}, "K75P-U030": {"K75P-U040": 127.0949097300776}, "K74-D020": {"K74-D030": 145.02536121527996}, "K75P-U070": {"K75P-U080": 119.15040467869028}, "K73-D140": {"K73-D150": 209.6409832592645}, "K74-U070": {"K74-U080": 157.08445862428226}, "K75P-D050": {"K75P-D060": 102.64715738735649}, "K75A-U010": {"K75A-U020": 45.981033413171275}, "K75A-D080": {"K75A-D090": 138.25275633773566}, "K75P-U130": {"K75P-U140": 46.85638759213104}, "K75A-D090": {"K75A-D100": 59.98750531835576}, "K75P-U010": {"K75P-U020": 97.5169490729634}, "K73-D100": {"K73-D110": 185.56529130804432}, "K76-U010": {"K76-U020": 136.30512323833005}, "K73-D020": {"K73-D030": 72.22974599846118}, "K75A-D060": {"K75A-D070": 41.882602529739415}, "K74-U010": {"K74-U020": 178.56743368459638}, "K74-U020": {"K74-U030": 111.07773976679769}, "K75A-D100": {"K75A-D110": 107.73022653365085}, "K75A-D040": {"K75A-D050": 59.81141253285712}, "K73-D010": {"K73-D020": 72.78896465438388}, "K75P-U090": {"K75P-U100": 40.77985907251786}, "K75P-D080": {"K75P-U011": 140.50922050030147}, "K75A-D020": {"K75A-D030": 31.390434828527408}, "K75P-U060": {"K75P-U070": 40.79997644203797}, "K75A-D010": {"K75A-D020": 250.51680991622348}, "K75A-U030": {"K75A-D010": 244.30992756054297}, "K74-U030": {"K74-U040": 294.661020059439}, "K75P-U040": {"K75P-U050": 106.36540352257262}, "K74-U090": {"K74-U100": 216.28817732198368}, "K74-U040": {"K74-U050": 191.50981715919684}, "K75P-U020": {"K75P-U030": 109.70222166820997}, "K74-D090": {"K74-U011": 75.80173922300554}, "K74-D050": {"K74-D060": 96.93429396710101}, "K73-D130": {"K73-D140": 143.19678376721475}, "K74-U001": {"K74-U004": 140.60767221664855}, "K73-D040": {"K73-D050": 85.2389638093999}, "K73-D070": {"K73-D080": 179.392753557167}, "K74-D100": {"K74-D110": 88.01881547957059}, "K74-U004": {"K74-U007": 96.49746610157615}, "K74-D030": {"K74-D040": 143.24831602001083}, "K74-U011": {"K74-D100": 159.15887353868862}, "K74-U080": {"K74-U090": 237.3964523585671}, "K74-U060": {"K74-U070": 144.8266107462091}, "K74-U007": {"K74-U010": 249.83040989021598}, "K74-D060": {"K74-D070": 172.76910688383296}, "K74-D110": {"K74-U002": 159.9192225544968}, "K74-U050": {"K74-U060": 221.63027431392743}, "K75S-D020": {"K75S-D030": 171.49}, "K75S-U040": {"K75S-D010": 74.47}, "K76S-U015": {"K76S-U020": 137.5}, "K76S-U020": {"K76S-U030": 137.5}}