{"KSR": {"YUL": 236.11987252917737, "TWW": 696.2706289994451}}