{"KWF": {"KWH": 107.91069727038511, "LAK": 105.33811927676102}, "KWT": {"LAT": 99.33208849231434, "NTK": 106.35370628823503}, "KWH": {"TWH": 101.05633164611064, "KWF": 103.3841502200814}}