{"LCK": {"MEF": 90.44216269052343, "CSW": 81.87826802618942}}