{"LOW": {"SHS": 220.7096938836201}, "LOP": {"TIS": 167.9574915165752, "YUL": 115.15313218393297}, "LOF": {"WTS": 102.11352140559373, "KOT": 98.88818689927086}}