{"MEF": {"LCK": 91.66613887450474, "LAK": 121.52817565691596, "TWW": 322.6802835747453, "NAC": 173.4334642223047}}