{"MOK": {"PRE": 108.45611638534596, "YMT": 111.53100500771241}, "MOS": {"WKS": 164.20465245642018, "HEO": 131.8241643}}