{"NTK": {"KWT": 39.022911904193435, "KOB": 73.01475754622535}}