{"OCP": {"ADM": 287.6319588650426, "WCH": 131.2969380022751}}