{"PRE": {"SSP": 90.71440145348635, "MOK": 100.80144388675924, "SKM": 105.2267852168513}}