{"QUB": {"YAT": 237.48476960920078, "TAK": 93.72454691067348, "NOP": 113.09837271733491}}