{"SHT": {"TAW": 179.06568419532783, "FOT": 124.23957827398928}, "SHS": {"FAN": 123.41278909180775, "LOW": 261.75469046547653, "LMC": 449.3677142013065}, "SHM": {"CIO": 90.44136172825289, "TSH": 206.09063592748413}, "SHW": {"SYP": 34.2662585929602, "CEN": 98.51713849815859}}