{"SSP": {"PRE": 93.42295232985498, "CSW": 69.87418099300729}}