{"STW": {"CIO": 79.64748265125358, "CKT": 82.79443400069904}}