{"SUN": {"TUC": 823.8869707738256, "DIS": 198.58233387484285, "TSY": 577.7958378306823}, "SUW": {"KAT": 60.533195263, "TKW": 112.57694082006864}}