{"SWH": {"TAK": 76.33938327382423, "SKW": 95.06750974882883}}