{"SYP": {"SHW": 112.84606450375301, "HKU": 93.95878932562857}}