{"TAP": {"UNI": 379.01113102553046, "TWO": 195.46087031340892}, "TAW": {"HIK": 105.2184215331234, "SHT": 124.32223727405366, "KOT": 297.69153792182567, "CKT": 135.42011068631254}, "TAK": {"SWH": 82.81601001570263, "QUB": 86.79617709455383}}