{"TIK": {"TKO": 166.05204098861253, "YAT": 135.83201389551326}, "TIH": {"FOH": 74.10996384449804, "CAB": 102.48249542131734}, "TIS": {"LOP": 181.93182881678757, "SIH": 384.0521012621196}}