{"TSY": {"SUN": 642.4090172140571, "KOW": 479.0768194968362, "AIR": 1480.1455785226522, "LAK": 193.03632348184786}, "TSW": {"TWH": 51.13635385119578}, "TST": {"ADM": 159.4671542802401, "JOR": 59.57548147210066}, "TSH": {"HEO": 81.01235858732181, "SHM": 206.26683592748404}}