{"TUC": {"SUN": 876.8800545366943}, "TUM": {"SIH": 146.0560592660034}}