{"TWW": {"MEF": 321.4266306480514, "KSR": 594.035170311399}, "TWH": {"KWH": 76.94046353188274, "TSW": 78.75147803198595}, "TWO": {"TAP": 197.61458854852722, "FAN": 286.2459092436534}}