{"UNI": {"TAP": 372.36271000705983, "FOT": 181.09236975956682}}