{"WTS": {"LOF": 63.25410268333163, "DIH": 100.76038065790706}}