{"YUL": {"KSR": 230.5408463309193, "LOP": 123.492853908}}