{"1": {"6": 355.4056630255694, "2": 32.407803490401996}}