{"5": {"6": 135.88366399565564, "305": 74.649446540133}}