{"AIR": {"TSY": 1609.1054497796795, "AWE": 127.34308422923883}}