{"CIO": {"SHM": 121.82191415937594, "STW": 138.01013662328904}}