{"CSW": {"SSP": 129.18114362641364, "LCK": 130.36251984425482}}