{"EXC": {"HUH": 163.8340744719569, "ADM": 91.87788380729577}}