{"FOT": {"SHT": 170.43588003382234, "UNI": 196.96929847698917}, "FOH": {"TIH": 130.48973072009284, "NOP": 133.2947384321647}}