{"HEO": {"TSH": 128.9084491279621, "MOS": 107.073629113}}