{"HUH": {"ETS": 188.67302547702886, "EXC": 188.30453638613207, "MKK": 221.25964580860918, "HOM": 122.41880632010584}}