{"JOR": {"TST": 128.70803062266563, "YMT": 124.60485575157593}}