{"K53-U010": {"K53-U020": 252.83081485363473}, "K51-D090": {"K51-D100": 84.00174391328702}, "K54-U020": {"K54-U030": 88.29707585836368}, "K53-U060": {"K53-U070": 65.34980128955814}, "K53-D080": {"K53-D090": 31.551148619197694}, "K52-nD270": {"K52-nD280": 90.01785563452002}, "K53-U140": {"K53-D010": 77.9830515508052}, "K52-nD130": {"K52-nD140": 79.68407047389289}, "K53-D130": {"K53-D140": 69.2963360360853}, "K52-nU060": {"K52-nU070": 110.74373695799144}, "K51-D210": {"K51-D220": 142.10414496354605}, "K52-nD140": {"K52-nD150": 95.87901089500465}, "K52-nD070": {"K52-nD080": 100.69998837458792}, "K54-U040": {"K54-U050": 120.41663478644054}, "K54-D030": {"K54-D040": 60.47353018742185}, "K51-D270": {"K51-D280": 90.30280935601043}, "K52-nD060": {"K52-nD070": 128.65246102990812}, "K51-D120": {"K51-D130": 35.468349772}, "K52-nU030": {"K52-nU040": 100.73341832937999}, "K52-nD160": {"K52-nD170": 128.98740256752967}, "K52-nD280": {"K52-nD290": 79.72359214700118}, "K52-nU180": {"K52-nU190": 71.07811678442691}, "K51-D040": {"K51-D050": 43.7821679722224}, "K51-U080": {"K51-U090": 137.51277974456653}, "K52A-U140": {"K52A-U150": 160.3587376188347}, "K53-U090": {"K53-U100": 93.11226175961556}, "K54-D060": {"K54-D070": 142.83723031521984}, "K54-U030": {"K54-U040": 102.61119817686517}, "K51-D100": {"K51-D110": 137.64200136158723}, "K54-D050": {"K54-D060": 78.61041915684775}, "K52-nU240": {"K52-nU250": 52.23484697940954}, "K53-U020": {"K53-U030": 144.84784682890776, "K53-D160": 479.16247720102166}, "K53-U100": {"K53-U110": 65.64558918619875}, "K52-nD250": {"K52-nD260": 152.2909674990704}, "K51-U240": {"K51-U250": 114.02937636664424}, "K51-D240": {"K51-D250": 115.87265589717742}, "K51-D230": {"K51-D240": 71.34636890617946}, "K53-U080": {"K53-U090": 69.89183889197977}, "K51-U050": {"K51-U060": 257.9236494515261}, "K52-nU260": {"K52-nU270": 61.36545753155517}, "K51-D070": {"K51-D080": 48.083069550082}, "K52-nU170": {"K52-nU180": 113.48620252724372}, "K53-D060": {"K53-D070": 120.85919077139576}, "K53-U130": {"K53-U140": 50.898588833094074}, "K52-nD090": {"K52-nD100": 52.078194655821314}, "K52-nU020": {"K52-nU030": 70.1890038309537}, "K51-U190": {"K51-U200": 74.54035250899082}, "K52-nD030": {"K52-nD040": 22.420812279744563}, "K53-D030": {"K53-D040": 61.85329578596556}, "K52-nU300": {"K52-nU310": 40.46732867193613}, "K51-U180": {"K51-U190": 104.21182527435178}, "K52-nU080": {"K52-nU090": 71.5581388367333}, "K51-U100": {"K51-U110": 193.64426122518546}, "K52A-D060": {"K52A-D070": 129.34768316859828}, "K53-D150": {"K53-D160": 132.48191797281515}, "K53-D110": {"K53-D120": 135.93507909592324}, "K52A-U170": {"K52A-U180": 275.335640963623}, "K53-U070": {"K53-U080": 56.19800596752914}, "K51-U220": {"K51-U230": 55.75127634704527}, "K51-D080": {"K51-D090": 102.4315664867534}, "K52-nD220": {"K52-nD230": 133.98231689539134}, "K52-nD290": {"K52-nD300": 97.32577732122147}, "K53-D020": {"K53-D030": 102.74989068183905}, "K51-U210": {"K51-U220": 49.83196329970921}, "K53-U030": {"K53-U040": 188.97362714970103}, "K53-D070": {"K53-D080": 41.59204703126224}, "K52-nU200": {"K52-nU210": 76.93900672992926}, "K52-nU120": {"K52-nU140": 108.14927246350378}, "K51-U170": {"K51-U180": 71.06758453037426}, "K52-nD240": {"K52-nD250": 143.4716864511882}, "K53-U120": {"K53-U130": 63.81320135074235}, "K52-nU270": {"K52-nU280": 172.23211080792032}, "K51-D060": {"K51-D070": 47.38408833398002}, "K51-U230": {"K51-U240": 39.563628772219104}, "K51-U160": {"K51-U170": 89.31965299245037}, "K51-D020": {"K51-D030": 50.34428246013711}, "K53-U110": {"K53-U120": 87.28655105061992}, "K52-nD080": {"K52-nD090": 32.369913820934535}, "K51-D170": {"K51-D180": 90.25986087951495}, "K52-nU190": {"K52-nU200": 126.4180543160126}, "K52-nU210": {"K52-nU220": 70.01055689312345}, "K52-nD210": {"K52-nD220": 182.32666734217992}, "K54-D040": {"K54-D050": 163.06189669127875}, "K52-nU070": {"K52-nU080": 88.73446409002023}, "K53-U050": {"K53-U060": 143.5178551943116}, "K52-nU250": {"K52-nU260": 55.57944242355357}, "K51-U030": {"K51-U040": 58.31784956547368}, "K51-U060": {"K51-U070": 268.17996652830533}, "K52-nU150": {"K52-nU160": 74.74514190880595}, "K52-nD260": {"K52-nD270": 50.77349122133482}, "K51-D260": {"K51-D270": 50.51832481873048}, "K52-nU230": {"K52-nU240": 69.19448861202956}, "K51-U040": {"K51-U050": 111.57626120794218}, "K51-D110": {"K51-D120": 49.7811815679585}, "K52-nU220": {"K52-nU230": 80.22705060721744}, "K52-nU160": {"K52-nU170": 35.349743145569654}, "K51-D050": {"K51-D060": 40.76927828653771}, "K53-D140": {"K53-D150": 130.07290995261462}, "K52-nD010": {"K52-nD020": 115.05931335523846}, "K53-D120": {"K53-D130": 49.87549348116598}, "K51-U010": {"K51-U020": 36.178602541887415}, "K51-U140": {"K51-U150": 54.717154815341885}, "K53-U040": {"K53-U050": 128.61767468099424}, "K52-nU050": {"K52-nU060": 215.6323564431113}, "K52A-D010": {"K52A-D020": 277.2252894455018}, "K52-nD200": {"K52-nD210": 123.25440384680003}, "K52-nU090": {"K52-nU100": 90.59304731898006}, "K53-D100": {"K53-D110": 66.49905756605844}, "K54-D020": {"K54-D030": 198.35228136852797}, "K52-nU290": {"K52-nU300": 42.96557759706213}, "K52-nU280": {"K52-nU290": 44.50596911143651}, "K53-D090": {"K53-D100": 39.633207744974605}, "K51-D280": {"K51-D290": 76.17518415757812}, "K51-U020": {"K51-U030": 91.8040277856256}, "K51-U150": {"K51-U160": 76.31037524415783}, "K51-U120": {"K51-U130": 139.27562807613884}, "K54-U010": {"K54-U020": 56.509762909372114}, "K54-U060": {"K54-U070": 183.72353377606026}, "K52-nD180": {"K52-nD190": 113.6356862457167}, "K52-nU010": {"K52-nU020": 38.01180054611105}, "K53-D010": {"K53-D015": 87.23930992398142}, "K51-U130": {"K51-U140": 60.26272542752872}, "K52-nD020": {"K52-nD030": 13.164733082004238}, "K51-U070": {"K51-U080": 175.85006344100833}, "K52-nD190": {"K52-nD200": 123.22594813720175}, "K51-D190": {"K51-D200": 130.46333043684007}, "K51-D160": {"K51-D170": 48.44266392053446}, "K52-nD150": {"K52-nD160": 79.76502045130164}, "K51-D150": {"K51-D160": 156.64297016913335}, "K52-nU100": {"K52-nU110": 140.8844765808774}, "K51-U090": {"K51-U100": 139.88732099673092}, "K51-D030": {"K51-D040": 36.907279464885896}, "K53-D040": {"K53-D050": 60.96393075987938}, "K52-nU140": {"K52-nU150": 124.12840420255455}, "K52-nD110": {"K52-nD120": 148.5434007427601}, "K54-U070": {"K54-D010": 126.17019436291449}, "K51-U200": {"K51-U210": 86.5211650488556}, "K52-nD230": {"K52-nD240": 153.3359364917789}, "K53-D015": {"K53-D020": 43.760786124809165}, "K52-nD170": {"K52-nD180": 99.07321839196584}, "K52-nD050": {"K52-nD060": 30.733543018490003}, "K52-nD040": {"K52-nD050": 120.67466227780903}, "K54-D010": {"K54-D020": 112.46576959967808}, "K52-nU110": {"K52-nU120": 140.98182845884327}, "K51-U110": {"K51-U120": 134.07613258698146}, "K52-nD100": {"K52-nD110": 56.84918490660916}, "K51-D220": {"K51-D230": 262.89474499999994}, "K51-D200": {"K51-D210": 112.02327834513976}, "K52-nD120": {"K52-nD130": 39.6182627332741}, "K54-U050": {"K54-U060": 290.28267270808885}, "K51-D250": {"K51-D260": 175.03653546258857}, "K51-D140": {"K51-D150": 73.55757553504093}, "K54A-D020": {"K54A-D030": 164.07347098979403}, "K54A-D030": {"K54A-D040": 88.05544258474853}, "K54A-U010": {"K54A-U020": 66.45074737225555}, "K54A-D040": {"K54A-D050": 142.12346148365492}, "K54A-U040": {"K54A-U050": 119.51167100062317}, "K54A-U020": {"K54A-U030": 77.92292759914257}, "K53-D050": {"K53-D060": 64.40949725764872}, "K54A-D010": {"K54A-D020": 260.25119539581294}, "K52-nU040": {"K52-nU050": 58.328104824185004}, "K54A-U030": {"K54A-U040": 97.4726899137622}, "K51-D010": {"K51-D020": 71.94527292999999}, "K51-D130": {"K51-D140": 45.74018976570558}, "K51-D180": {"K51-D190": 149.0505466098435}, "K53-D160": {"K53-U011": 184.9486318764461}}