{"K75A-D070": {"K75A-D080": 76.92189938711557}, "K75P-D080": {"K75P-U011": 107.60646906291296}, "K73-D010": {"K73-D020": 71.59798048746615}, "K75A-D110": {"K75A-U011": 139.42599803993772}, "K73-U070": {"K73-U080": 146.8391725351742}, "K73-U040": {"K73-U050": 90.18775227180416, "K73-U060": 174.15660084792677}, "K76-U020": {"K76-U030": 152.45877738888476}, "K73-D070": {"K73-D080": 150.19348938587677}, "K75P-U130": {"K75P-U140": 33.20915822570488}, "K76-D030": {"K76-D040": 81.02212214633545}, "K75P-U060": {"K75P-U070": 27.845645338157276}, "K73-U110": {"K73-U120": 224.26626340785396}, "K75P-U090": {"K75P-U100": 40.914738011564864}, "K75P-D030": {"K75P-D040": 96.53960508821561}, "K75A-U020": {"K75A-U030": 145.74142315286844}, "K75P-D070": {"K75P-D080": 79.43282866415458}, "K73-D030": {"K73-D040": 107.50669173310287}, "K76-D010": {"K76-D020": 277.05569425869635}, "K76-U030": {"K76-U040": 287.8601115121786}, "K75P-U140": {"K75P-D010": 126.47445353349642}, "K73-D090": {"K73-D100": 84.88059319548708}, "K73-D020": {"K73-D030": 76.12786815373596}, "K76-U010": {"K76-U020": 31.6904315314304}, "K76-U040": {"K76-U050": 149.1143282825682}, "K73-U080": {"K73-U090": 279.1534973239642, "K73-U110": 382.816051235707}, "K75A-U030": {"K75A-D010": 219.72642302679733}, "K73-U060": {"K73-U070": 117.99626162862269}, "K75P-D040": {"K75P-D050": 155.97041291908423}, "K76-D020": {"K76-D030": 141.60270621141453}, "K75P-D050": {"K75P-D060": 77.82678377264195}, "K75A-D040": {"K75A-D050": 52.185537390133014}, "K75P-U110": {"K75P-U120": 86.95176376548174}, "K75A-D090": {"K75A-D100": 38.021235505341906}, "K73-U030": {"K73-U040": 77.87996636001037}, "K74-D020": {"K74-D030": 145.0246859435573}, "K75A-D050": {"K75A-D060": 63.33642810493892}, "K75P-U070": {"K75P-U080": 117.32387762903036}, "K75P-U080": {"K75P-U090": 46.66353795331514}, "K73-U020": {"K73-U030": 169.94237066462273}, "K73-U050": {"K73-U060": 90.15667562596312}, "K75A-D010": {"K75A-D020": 178.97193539988274}, "K75P-U120": {"K75P-U130": 59.75652930125436}, "K73-D110": {"K73-D120": 80.49580533440512}, "K75P-D060": {"K75P-D070": 155.94179013632535}, "K75A-U010": {"K75A-U020": 39.85760203821276}, "K75P-D020": {"K75P-D030": 30.558940452718986}, "K75A-D020": {"K75A-D030": 28.928880308278885}, "K75P-U100": {"K75P-U110": 55.490681308497315}, "K73-U100": {"K73-U110": 219.4633338539508}, "K75A-D100": {"K75A-D110": 94.28333208538402}, "K75P-D010": {"K75P-D020": 118.58274282383691}, "K73-D150": {"K73-D160": 44.73554739425758}, "K73-D140": {"K73-D150": 182.6993531307459}, "K75A-D080": {"K75A-D090": 67.41758472553279}, "K75P-U040": {"K75P-U050": 101.59793719371211}, "K75A-D030": {"K75A-D040": 50.23224661841893}, "K73-D130": {"K73-D140": 133.42263428805936}, "K73-D120": {"K73-D130": 102.23577813936404}, "K73-U090": {"K73-U100": 95.19365790132318}, "K73-D040": {"K73-D050": 72.11414070924879}, "K73-D050": {"K73-D070": 92.4657797267905}, "K75P-U020": {"K75P-U030": 95.90294278295315}, "K73-U010": {"K73-U020": 63.60786062084653}, "K73-D080": {"K73-D090": 262.2510014336568}, "K73-D100": {"K73-D110": 176.72648398002997}, "K75P-U050": {"K75P-U060": 175.838928183265}, "K75A-D060": {"K75A-D070": 151.88427692270054}, "K75P-U030": {"K75P-U040": 117.65838229795364}, "K75P-U010": {"K75P-U020": 82.34168508955572}}