{"KAT": {"SUW": 119.63207735550145, "DIH": 129.44064152278938}}