{"KOW": {"OLY": 133.6385936880934, "HOK": 177.7421001742109, "TSY": 536.1085915200758}, "KOT": {"MKK": 162.13788702807898, "TAW": 299.8861712049437, "SKM": 130.1128019785471, "LOF": 130.0258089041202}, "KOB": {"NTK": 130.41967136289915, "CHH": 187.6065388298669}}