{"KSR": {"YUL": 233.65452696639326, "TWW": 718.4751433327167}}