{"KWT": {"NTK": 129.40583764035682, "LAT": 130.2811846048484}, "KWF": {"LAK": 158.55343387812667, "KWH": 132.83239970273763}, "KWH": {"TWH": 154.56586578665758, "KWF": 133.15646489566464}}