{"LAK": {"NAC": 258.30553581132875, "TSY": 194.89936331682978, "KWF": 147.22050426451352, "MEF": 132.72299935691595}, "LAT": {"KWT": 126.12235559400918, "YAT": 130.02406519225613}}