{"LCK": {"CSW": 127.3888082731949, "MEF": 129.07382978606975}}