{"LOF": {"WTS": 131.07346921287612, "KOT": 123.0903908669047}, "LOW": {"SHS": 239.16497743501267}, "LOP": {"TIS": 182.33162942369353, "YUL": 129.14215363969225}}