{"MKK": {"KOT": 165.19456402821064, "HUH": 163.44209990942016}}