{"OCP": {"WCH": 132.36923333599398, "ADM": 287.63197908502514}}