{"PRE": {"MOK": 129.33249160930808, "SKM": 127.97281802738493, "SSP": 132.53935110270768}}