{"QUB": {"NOP": 124.6000592487654, "YAT": 263.29313914361717, "TAK": 131.17609449052904}}