{"SIH": {"TUM": 154.44352676596446, "TIS": 335.47650508880946}}