{"SSP": {"CSW": 126.64610001179183, "PRE": 130.99034554055532}}