{"SYP": {"SHW": 141.89863308130228, "HKU": 113.73135653940025}}