{"TAP": {"UNI": 413.72122308278165, "TWO": 173.19170769226025}, "TAW": {"SHT": 136.7735486431373, "KOT": 326.066289740184, "CKT": 175.34184763638459, "HIK": 153.55230458183067}, "TAK": {"QUB": 130.70234237652681, "SWH": 124.93952646496886}}