{"TKO": {"LHP": 132.69816684381195, "TIK": 194.27060080541494, "HAH": 132.75441413006965}, "TKW": {"SUW": 122.9540871914254, "HOM": 120.66598800587515}}