{"TSY": {"SUN": 608.711256478536, "LAK": 195.60809428875027, "AIR": 1482.2652783119643, "KOW": 624.4018637348069}, "TSW": {"TWH": 62.891852472924725}, "TSH": {"SHM": 223.85180287426957, "HEO": 126.2236202740551}, "TST": {"ADM": 184.44811722361197, "JOR": 126.42111378247571}}