{"TUC": {"SUN": 776.2935956553176}, "TUM": {"SIH": 141.48293829881678}}