{"TWW": {"KSR": 646.818365833122, "MEF": 300.725487808669}, "TWO": {"TAP": 200.10162031311307, "FAN": 349.6660479948026}, "TWH": {"KWH": 127.55623358371147, "TSW": 61.73469616737394}}