{"UNI": {"FOT": 198.22115495534575, "TAP": 339.0330744088992}}