{"WAC": {"ADM": 133.3369387347706, "CAB": 178.4963436047347}}