{"YAT": {"LAT": 157.7438028681045, "QUB": 261.49890793192503, "TIK": 137.31649328373015}}