{"YMT": {"JOR": 128.92965002658062, "MOK": 99.08306740363659, "HOM": 192.74677824474}}