{"AIR": {"TSY": 1683.1564660022227, "AWE": 98.6217173035873}}