{"AUS": {"NAC": 204.1493512389697, "ETS": 166.24290897999998}}