{"CIO": {"STW": 149.18867213832567, "SHM": 145.39460852142398}}