{"FOH": {"TIH": 93.97212749383567, "NOP": 139.1868050366076}, "FOT": {"UNI": 188.37054522328148, "SHT": 175.08969420934517}}