{"HAH": {"TKO": 127.38991718640213, "POA": 118.8239540095808}}