{"HKU": {"SYP": 119.48498716544309, "KET": 92.15006159413848}}