{"HOK": {"KOW": 182.73831382420988}, "HOM": {"YMT": 159.16748077510368, "TKW": 151.98371284599997, "WHA": 86.02018351989685, "HUH": 133.601186}}