{"K12-D030": {"K12-D040": 35.201902217115205}, "K17-U010": {"K17-U020": 262.550582321875}, "K18-U020": {"K18-U030": 58.84985498671091}, "K12-U010": {"K12-U020": 289.4598033806759}, "K18-D020": {"K18-D030": 87.97036880060962}, "K12-U020": {"K12-U030": 194.74944863757736}, "K18-D010": {"K18-D020": 220.81798095658877}, "K17-D010": {"K17-D020": 292.12781436651073}, "K17-D020": {"K17-D030": 83.17914049575388}, "K12-D010": {"K12-D020": 155.6909240678287}, "K17-U020": {"K17-U030": 130.72223519681768}, "K18-U010": {"K18-U020": 189.0767716472839}, "K12-D020": {"K12-D030": 315.31713600713096}, "K17-U030": {"K17-U040": 29.54464944377612}}