{"K52A-D010": {"K52A-D020": 277.22448091413315}, "K53-U010": {"K53-U020": 238.38735320180277}, "K53-U050": {"K53-U060": 137.40073240008445}, "K53-U110": {"K53-U120": 90.0833282060285}, "K54-U040": {"K54-U050": 142.41965308725656}, "K54-U060": {"K54-U070": 203.6438609844443}, "K53-U070": {"K53-U080": 44.14439898182652}, "K53-U030": {"K53-U040": 179.87652835352753}, "K51-U080": {"K51-U090": 145.6169862866539}, "K51-D210": {"K51-D220": 120.97359999999999}, "K53-D050": {"K53-D060": 72.6614178141314}, "K53-U130": {"K53-U140": 54.185791320762135}, "K53-U140": {"K53-D010": 86.21157332197676}, "K53-D120": {"K53-D130": 47.03479}, "K52-nU060": {"K52-nU070": 105.38300077800002}, "K52-nD020": {"K52-nD030": 46.2146857944528}, "K54-D010": {"K54-D020": 85.4092779771718}, "K53-D130": {"K53-D140": 95.974412}, "K51-U090": {"K51-U100": 155.45935494414937}, "K51-U070": {"K51-U080": 180.42999480216548}, "K51-U060": {"K51-U070": 262.8646241523113}, "K51-D100": {"K51-D110": 129.856396453821}, "K51-U140": {"K51-U150": 54.3141733699854}, "K51-U110": {"K51-U120": 125.5206886229397}, "K52-nU090": {"K52-nU100": 108.67096130000002}, "K52-nU110": {"K52-nU120": 155.01124178400005}, "K53-U060": {"K53-U070": 65.1017748589559}, "K53-D020": {"K53-D030": 103.01580399461281}, "K51-D190": {"K51-D200": 156.2094724}, "K54-D030": {"K54-D040": 56.678249707702285}, "K53-U040": {"K53-U050": 99.75338428846263}, "K51-D030": {"K51-D040": 39.13300600000001}, "K51-U230": {"K51-U240": 48.381083837506324}, "K53-U080": {"K53-U090": 61.75881615103581}, "K53-U100": {"K53-U110": 62.41358897544079}, "K53-D040": {"K53-D050": 79.96329258550001}, "K51-D120": {"K51-D130": 57.0301855215}, "K53-U020": {"K53-U030": 145.9756613865813, "K53-D160": 2608.1000000000004}, "K52-nU010": {"K52-nU020": 108.75509360482704}, "K53-D015": {"K53-D020": 45.60661732782512}, "K52-nU220": {"K52-nU230": 78.98}, "K54-D020": {"K54-D030": 148.3718707372563}, "K52A-U170": {"K52A-U180": 275.3330864461554}, "K52A-U140": {"K52A-U150": 160.35817077059758}, "K53-U090": {"K53-U100": 108.10033332157482}, "K54-U030": {"K54-U040": 120.69802969957684}, "K51-U210": {"K51-U220": 36.21299446865701}, "K54-D050": {"K54-D060": 70.48762908598381}, "K51-U100": {"K51-U110": 184.73600925020003}, "K52-nD220": {"K52-nD230": 95.36009999999999}, "K58-U023": {"K58-U026": 49.39000000000001}, "K51-D150": {"K51-D160": 148.18006626500002}, "K51-D110": {"K51-D120": 50.69760334459701}, "K51-U050": {"K51-U060": 260.17411863675306}, "K51-D010": {"K51-D020": 100.61777640620318}, "K53-D010": {"K53-D015": 96.93805228673072}, "K52-nD080": {"K52-nD090": 74.11463795511744}, "K51-U130": {"K51-U140": 70.03787419651002}, "K52-nD030": {"K52-nD040": 46.63104366604268}, "K51-D020": {"K51-D030": 48.030954387746554}, "K51-D170": {"K51-D180": 99.35511339017219}, "K51-D240": {"K51-D250": 115.104}, "K52-nU080": {"K52-nU090": 88.12292509652002}, "K52-nD110": {"K52-nD120": 136.3051034723}, "K52-nD180": {"K52-nD190": 128.86166623000003}, "K51-U030": {"K51-U040": 52.72246363952904}, "K51-D200": {"K51-D210": 118.05109139999999}, "K52A-D060": {"K52A-D070": 129.34768316859828}, "K54-U070": {"K54-D010": 133.55952070764874}, "K58-D030": {"K58-D040": 19.14}, "K52-nU270": {"K52-nU280": 160.3603382127946}, "K54-U010": {"K54-U020": 139.85404424357966}, "K51-U010": {"K51-U020": 98.17353904903209}, "K52-nU040": {"K52-nU050": 69.176720242546}, "K51-U020": {"K51-U030": 51.54685491581237}, "K52-nD140": {"K52-nD150": 112.03929221017502}, "K54-U050": {"K54-U060": 348.7861966899969}, "K51-D060": {"K51-D070": 54.89602020973295}, "K52-nU170": {"K52-nU180": 149.4764}, "K51-D080": {"K51-D090": 105.04584050092532}, "K52-nD120": {"K52-nD130": 39.822288}, "K51-D050": {"K51-D060": 63.05327096426898}, "K51-U240": {"K51-U250": 97.7170271}, "K52-nD150": {"K52-nD160": 110.53245426000001}, "K52-nD250": {"K52-nD260": 161.81}, "K52-nD060": {"K52-nD070": 132.6079234342256}, "K51-U170": {"K51-U180": 58.68925696000001}, "K54-D060": {"K54-D070": 148.702619358791}, "K58-U030": {"K58-U040": 308.0}, "K52-nU050": {"K52-nU060": 244.26189344396585}, "K52-nD050": {"K52-nD060": 36.227461063890004}, "K51-U190": {"K51-U200": 73.61892102070001}, "K52-nD010": {"K52-nD020": 19.226236450421002}, "K51-U200": {"K51-U210": 45.32000000000001}, "K51-D220": {"K51-D230": 281.51409000000007}, "K58-D020": {"K58-D030": 113.30000000000001}, "K58-U020": {"K58-U023": 127.35800000000002}, "K52-nD160": {"K52-nD170": 155.83081340992}, "K58-D040": {"K58-D050": 151.8}, "K52-nU070": {"K52-nU080": 101.62164397000001}, "K51-D040": {"K51-D050": 55.05834911997412}, "K54-U020": {"K54-U030": 135.42315043726353}, "K52-nU100": {"K52-nU110": 174.21534900000006}, "K58-D080": {"K58-D090": 105.60000000000001}, "K52-nU020": {"K52-nU030": 84.46678427846612}, "K52-nU030": {"K52-nU040": 120.257881656}, "K51-U150": {"K51-U160": 70.08853731880002}, "K52-nD130": {"K52-nD140": 93.84073433479003}, "K52-nD210": {"K52-nD220": 196.00183900000007}, "K53-D030": {"K53-D040": 66.71417912448855}, "K58-U010": {"K58-U020": 72.60000000000001}, "K51-D070": {"K51-D080": 64.39019583479998}, "K52-nD230": {"K52-nD240": 162.591}, "K54-D040": {"K54-D050": 152.16318766775944}, "K53-D100": {"K53-D110": 79.21803150000002}, "K51-U180": {"K51-U190": 99.30401570000002}, "K52-nD070": {"K52-nD080": 126.65034941071217}, "K53-D070": {"K53-D080": 44.7328705325}, "K51-D230": {"K51-D240": 75.98030000000001}, "K52-nD190": {"K52-nD200": 158.10020000000003}, "K58-D050": {"K58-D060": 154.0}, "K53-D140": {"K53-D150": 161.0829}, "K53-U120": {"K53-U130": 61.65692929725535}, "K52-nD090": {"K52-nD100": 63.49782216900002}, "K52-nD200": {"K52-nD210": 115.3606124}, "K52-nU160": {"K52-nU170": 67.35189999999997}, "K51-U160": {"K51-U170": 52.45086000000001}, "K51-D140": {"K51-D150": 73.26446622149999}, "K52-nD240": {"K52-nD250": 165.77}, "K51-D180": {"K51-D190": 159.91800000000003}, "K51-D270": {"K51-D280": 118.45694809300001}, "K53-D090": {"K53-D100": 39.662546}, "K54A-U010": {"K54A-U020": 118.10746446874396}, "K54A-D010": {"K54A-D020": 122.07280256950848}, "K54A-D020": {"K54A-D030": 134.07409585522518}, "K54A-D030": {"K54A-D040": 64.46511799840896}, "K52-nU120": {"K52-nU140": 99.689897556}, "K54A-U020": {"K54A-U030": 144.64816757528413}, "K51-D160": {"K51-D170": 68.7598635733157}, "K53-D080": {"K53-D090": 44.414337}, "K51-U220": {"K51-U230": 71.33104601568}, "K51-D130": {"K51-D140": 45.769926300350996}, "K54A-U040": {"K54A-U050": 123.00913494326589}, "K54A-U030": {"K54A-U040": 123.80597659728139}, "K54A-D040": {"K54A-D050": 119.50059645609858}, "K52-nU260": {"K52-nU270": 130.409}, "K52-nD040": {"K52-nD050": 40.09082004849999}, "K51-D280": {"K51-D290": 74.80000000000001}, "K52-nU140": {"K52-nU150": 194.5069856}, "K52-nU230": {"K52-nU240": 119.61934000000001}, "K53-D110": {"K53-D120": 153.72830000000005}, "K52-nU180": {"K52-nU190": 92.653}, "K52-nU250": {"K52-nU260": 75.9}, "K58-U110": {"K58-U120": 235.4}, "K51-D090": {"K51-D100": 76.48621990000001}, "K52-nD170": {"K52-nD180": 81.489167}, "K51-D250": {"K51-D260": 120.857}, "K52-nU150": {"K52-nU160": 84.45800000000001}, "K52-nU200": {"K52-nU210": 103.86789999999999}, "K52-nD100": {"K52-nD110": 68.22117555000001}, "K53-D060": {"K53-D070": 125.34735870219204}, "K51-U040": {"K51-U050": 113.83253006891394}, "K51-U120": {"K51-U130": 153.78698352400002}, "K52-nU190": {"K52-nU200": 135.2659}, "K53-D150": {"K53-D160": 161.70000000000002}, "K52-nU240": {"K52-nU250": 83.60000000000001}, "K52-nU210": {"K52-nU220": 74.3}, "K52-nD270": {"K52-nD280": 89.10000000000001}, "K53*-U010": {"K53*-U020": 193.3952566859054}, "K53*-U020": {"K53*-U030": 81.87086813767567}, "K52-nD260": {"K52-nD270": 58.300000000000004}, "K51-D260": {"K51-D270": 60.653999999999996}}