{"KOW": {"OLY": 146.23329564415624, "TSY": 525.6513159362078, "HOK": 177.742100205529}, "KOT": {"TAW": 266.10284539609904, "LOF": 107.11372360930731, "SKM": 137.9048643789774, "MKK": 183.90258536969571}, "KOB": {"NTK": 132.22113, "CHH": 152.59055052377292}}