{"KWH": {"KWF": 110.80393449347439, "TWH": 163.8062468}, "KWT": {"NTK": 108.26183679224603, "LAT": 121.01303744312126}, "KWF": {"LAK": 109.23833620502626, "KWH": 115.83047351202165}}