{"MKK": {"KOT": 164.53693943021327, "HUH": 253.0212913690998}}