{"NAC": {"MEF": 186.6912164410529, "OLY": 98.37956342944639, "LAK": 258.12678280982107, "AUS": 213.70751177762426}}