{"OCP": {"WCH": 115.65990151199787, "ADM": 287.63196243323864}}