{"OLY": {"KOW": 133.2127318471122, "NAC": 129.5482084425731}}