{"QUB": {"NOP": 119.47628085543174, "TAK": 105.14081522609672, "YAT": 267.7580300800231}}