{"SHT": {"FOT": 304.72841064732484, "TAW": 182.97410910741488}, "SHS": {"FAN": 140.92944222508518, "LMC": 603.0845377823791, "LOW": 261.75481672194667}, "SHM": {"CIO": 131.74491419301881, "TSH": 236.55910980126214}, "SHW": {"SYP": 119.93213879322415, "CEN": 111.4199795623276}}