{"SIH": {"TUM": 154.44661865989917, "TIS": 334.6554340069917}}