{"SKM": {"PRE": 110.72180151345106, "KOT": 117.22026014635871}, "SKW": {"HFC": 190.45532153974827, "SWH": 108.0092739268305}}