{"SWH": {"TAK": 98.32309970182781, "SKW": 122.4235173384815}}