{"SYP": {"SHW": 135.40945850038798, "HKU": 108.53533955772586}}