{"TKO": {"TIK": 227.76102850185134, "HAH": 127.19022523017661, "LHP": 131.76934664991873}, "TKW": {"SUW": 129.36588, "HOM": 137.8559826}}