{"TSW": {"TWH": 103.50767520225854}, "TSY": {"AIR": 1558.6411079934326, "LAK": 195.4417034616766, "KOW": 505.8167024099209, "SUN": 464.93915698548045}, "TST": {"ADM": 195.28962994413664, "JOR": 120.09873177618549}, "TSH": {"SHM": 223.33745504854818, "HEO": 123.89280209565752}}