{"UNI": {"TAP": 412.9585739054229, "FOT": 219.09278048346692}}