{"WCH": {"OCP": 114.84532181564184, "LET": 174.08701856119882}}