{"WTS": {"LOF": 121.78632602864778, "DIH": 109.35717320797134}}