{"YUL": {"LOP": 128.32902380000002, "KSR": 248.30664056823335}}