{"5": {"6": 119.07426536363614, "305": 74.4566950481217}}