{"AIR": {"TSY": 1690.402956745266, "AWE": 122.01433729452972}}