{"CIO": {"SHM": 144.27529375646017, "STW": 141.36342263126184}}