{"CKT": {"TAW": 136.35301524320263, "STW": 132.95523374577934}}