{"CSW": {"LCK": 130.0864639448651, "SSP": 106.46045648368606}}