{"HAH": {"POA": 125.55229046279908, "TKO": 126.14520878729088}}