{"HEO": {"MOS": 123.26300371056777, "TSH": 137.50554070757}}