{"HFC": {"SKW": 130.5707830672128, "CHW": 141.53851417273285}}