{"HOK": {"KOW": 196.3285742842217}, "HOM": {"YMT": 162.97720322643647, "TKW": 148.61296, "WHA": 81.45136825920193, "HUH": 157.88450000000003}}