{"HUH": {"MKK": 202.289639007542, "EXC": 232.84518416543074, "ETS": 772.9028284000436, "HOM": 129.70353817870415}}