{"K75P-U010": {"K75P-U020": 93.62603040631174}, "K75P-U040": {"K75P-U050": 93.56165494472194}, "K76-U030": {"K76-U040": 299.4445629120415}, "K75P-U120": {"K75P-U130": 55.364139703280145}, "K75P-D010": {"K75P-D020": 97.55239923419428}, "K75P-U080": {"K75P-U090": 42.496020467410574}, "K76-D010": {"K76-D020": 307.3061155647053}, "K73-U070": {"K73-U080": 152.8318506207989}, "K73-U040": {"K73-U060": 217.61178792946112, "K73-U050": 111.79997912365252}, "K75P-D030": {"K75P-D040": 115.05911947955747}, "K73-U030": {"K73-U040": 90.69646498215181}, "K73-U050": {"K73-U060": 103.27361961035399}, "K76-D030": {"K76-D040": 42.81400592678866}, "K73-U060": {"K73-U070": 179.30613729673064}, "K76-D020": {"K76-D030": 120.0826771901822}, "K73-U100": {"K73-U110": 245.13011743595922}, "K73-U110": {"K73-U120": 241.65149236437804}, "K73-U080": {"K73-U110": 277.688178536563, "K73-U090": 288.60338531542436}, "K73-U090": {"K73-U100": 113.64305941162002}, "K76-U040": {"K76-U050": 230.6383925412252}, "K73-U020": {"K73-U030": 139.79698378226584}, "K75P-U090": {"K75P-U100": 28.947220302124446}, "K73-D010": {"K73-D020": 62.902018285219164}, "K73-U010": {"K73-U020": 79.44039852184527}, "K75P-D080": {"K75P-U011": 128.62803671041328}, "K75P-D020": {"K75P-D030": 35.631067087436676}, "K76-U020": {"K76-U030": 187.49730133039856}, "K75A-D060": {"K75A-D070": 45.68086885843}, "K73-D080": {"K73-D090": 255.86426324722407}, "K73-D030": {"K73-D040": 101.23049435406132}, "K75P-U060": {"K75P-U070": 28.361445793988604}, "K74-U090": {"K74-U100": 165.25300000000001}, "K75P-U110": {"K75P-U120": 91.08126865854149}, "K75P-D060": {"K75P-D070": 172.8727734147743}, "K74-U007": {"K74-U010": 245.08571279774952}, "K75P-D070": {"K75P-D080": 85.2166398677906}, "K75P-U140": {"K75P-D010": 124.41909146459773}, "K73-D100": {"K73-D110": 178.77118288820134}, "K73-D020": {"K73-D030": 56.95543706942799}, "K73-D110": {"K73-D120": 48.61388970504894}, "K75A-U010": {"K75A-U020": 43.43267461496999}, "K75P-U130": {"K75P-U140": 43.19550689567372}, "K74-D020": {"K74-D030": 145.02424289778008}, "K75P-U050": {"K75P-U060": 123.82988847277693}, "K73-D050": {"K73-D070": 89.8439809656959}, "K75A-D050": {"K75A-D060": 80.62140795380373}, "K75A-D020": {"K75A-D030": 22.29708412433982}, "K74-U001": {"K74-U004": 100.33907944743899}, "K74-U010": {"K74-U020": 147.80934261979445}, "K75P-D050": {"K75P-D060": 83.81571482836677}, "K76-U010": {"K76-U020": 57.25410801374612}, "K74-U050": {"K74-U060": 209.50830583760003}, "K73-D070": {"K73-D080": 155.68429961180175}, "K74-U070": {"K74-U080": 138.3936861542}, "K73-D130": {"K73-D140": 140.77431310000003}, "K74-U100": {"K74-D010": 105.17760000000001}, "K75P-D040": {"K75P-D050": 164.51455989854048}, "K75A-U020": {"K75A-U030": 124.45804032946687}, "K75P-U020": {"K75P-U030": 105.87269925114734}, "K74-U030": {"K74-U040": 268.1553414058852}, "K75A-D010": {"K75A-D020": 183.87985021334293}, "K75P-U070": {"K75P-U080": 83.3282675050117}, "K75P-U100": {"K75P-U110": 61.33707033479719}, "K74-U040": {"K74-U050": 142.65559774150486}, "K73-D040": {"K73-D050": 68.25608916352118}, "K75A-D040": {"K75A-D050": 50.554986307226116}, "K75A-U030": {"K75A-D010": 189.21084129771097}, "K73-D090": {"K73-D100": 86.12354205153443}, "K75A-D080": {"K75A-D090": 79.7312307248074}, "K75A-D100": {"K75A-D110": 89.67641193700003}, "K75A-D110": {"K75A-U011": 186.1189}, "K75A-D030": {"K75A-D040": 50.86062250560251}, "K73-D120": {"K73-D130": 105.33123258}, "K74-U004": {"K74-U007": 97.7086732163502}, "K74-D070": {"K74-D080": 250.8}, "K74-D040": {"K74-D050": 54.00699999999999}, "K75P-U030": {"K75P-U040": 112.0756265838045}, "K75A-D070": {"K75A-D080": 46.625847968702914}, "K74-D030": {"K74-D040": 123.55849}, "K73-D140": {"K73-D150": 186.97315486530002}, "K75A-D090": {"K75A-D100": 49.2584952669409}, "K74-U020": {"K74-U030": 120.35971925741319}, "K74-U060": {"K74-U070": 130.71082189000003}, "K74-D060": {"K74-D070": 115.50000000000001}, "K73-D150": {"K73-D160": 40.11035}, "K74-U080": {"K74-U090": 164.77456929000002}, "K74-D050": {"K74-D060": 77.0}, "K74-D010": {"K74-D020": 120.0}}