{"KAT": {"DIH": 148.12705950000003, "SUW": 131.73819779999997}}