{"KOW": {"HOK": 177.74210021398733, "OLY": 133.0970082527378, "TSY": 459.4573643594984}, "KOT": {"LOF": 107.47355409276277, "MKK": 193.65217866207766, "SKM": 140.8825911105185, "TAW": 282.518705718825}, "KOB": {"NTK": 128.55988139679573, "CHH": 139.15897999999999}}