{"KWF": {"LAK": 101.27441910859429, "KWH": 114.73653954882721}, "KWT": {"LAT": 124.22067774879665, "NTK": 115.78359499855057}, "KWH": {"TWH": 161.7036974051942, "KWF": 97.23697650864634}}