{"LAK": {"NAC": 318.78017799562207, "TSY": 198.84256819070924, "MEF": 137.35784735314044, "KWF": 147.79556799230735}, "LAT": {"YAT": 83.94213528983342, "KWT": 113.16370397689798}}