{"LCK": {"CSW": 105.74943634947017, "MEF": 123.873969160467}}