{"LOF": {"WTS": 111.9094588864527, "KOT": 128.874520906608}, "LOP": {"YUL": 128.28201116299834, "TIS": 176.80001899572827}, "LOW": {"SHS": 260.63429971626806}}