{"MKK": {"KOT": 163.27436391582688, "HUH": 292.42136544525613}}