{"NOP": {"QUB": 121.75063695474871, "FOH": 108.25805089950276}}