{"OLY": {"KOW": 155.1331897028983, "NAC": 132.7324693408628}}