{"SHM": {"CIO": 137.75181997023492, "TSH": 242.85667662764507}, "SHW": {"CEN": 113.68613379025919, "SYP": 119.00033261960212}, "SHT": {"TAW": 179.85320834269322, "FOT": 328.82094690802234}, "SHS": {"FAN": 134.21398331744172, "LMC": 696.4516779088846, "LOW": 261.75463369810205}}