{"SKW": {"SWH": 109.03692303463306, "HFC": 194.05470675015434}, "SKM": {"KOT": 117.18361869627279, "PRE": 108.18700653436709}}