{"SSP": {"CSW": 136.89711360744337, "PRE": 143.80897241332212}}