{"STW": {"CIO": 149.1432105301821, "CKT": 134.77260161135837}}