{"SUN": {"TUC": 823.8867894051873, "DIS": 198.58233387484285, "TSY": 535.8934745474387}, "SUW": {"TKW": 150.60743772400002, "KAT": 121.36827840000001}}