{"TUC": {"SUN": 611.2791599599743}, "TUM": {"SIH": 152.873210735516}}