{"UNI": {"TAP": 416.83234733619895, "FOT": 224.06626253356808}}