{"WAC": {"CAB": 132.6656019333665, "ADM": 123.91813192810073}}