{"YMT": {"HOM": 165.69914536181312, "JOR": 119.17881294590038, "MOK": 108.16148785995335}}