{"1": {"2": 35.81974486906237, "6": 154.15003612024242}}