{"5": {"6": 153.08819539102026, "305": 81.40540241669692}}