{"CSW": {"SSP": 126.42839336989091, "LCK": 110.91338907650777}}