{"DIS": {"SUN": 198.58233387484285}, "DIH": {"HIK": 320.5228206415415, "CHH": 92.29695616605721, "KAT": 162.42870786, "WTS": 134.277701896305}}