{"ETS": {"HUH": 157.6658853711379, "AUS": 191.34531842999996}}