{"FOT": {"UNI": 183.7032836202531, "SHT": 144.37260078804871}, "FOH": {"TIH": 128.44992994260002, "NOP": 126.85740227923645}}