{"HIK": {"DIH": 281.1224797385024, "TAW": 146.9926569474}}