{"HKU": {"SYP": 122.93370122137681, "KET": 92.61707254937787}}