{"K75A-D080": {"K75A-D090": 80.7394944331489}, "K73-U050": {"K73-U060": 94.65313289249812}, "K73-U040": {"K73-U060": 199.89354453827346, "K73-U050": 99.36926981480403}, "K73-U070": {"K73-U080": 145.6501763944863}, "K73-D030": {"K73-D040": 116.49349162713459}, "K76-U030": {"K76-U040": 269.58060634659535}, "K76-D030": {"K76-D040": 85.6161451846582}, "K75A-D040": {"K75A-D050": 52.72332753005706}, "K75P-D040": {"K75P-D050": 168.8971545771229}, "K73-D020": {"K73-D030": 93.76880696447772}, "K73-U020": {"K73-U030": 193.78920665422808}, "K75P-U100": {"K75P-U110": 60.18691404205365}, "K76-D020": {"K76-D030": 136.25654966182944}, "K73-U030": {"K73-U040": 83.17287256469788}, "K75A-D090": {"K75A-D100": 40.01262185931525}, "K73-U100": {"K73-U110": 246.34774503203}, "K75A-U010": {"K75A-U020": 42.30153721022501}, "K76-U040": {"K76-U050": 168.60758805675465}, "K73-D090": {"K73-D100": 81.46188364155361}, "K75P-D050": {"K75P-D060": 73.4571372417503}, "K75A-D050": {"K75A-D060": 69.993685411614}, "K75P-U090": {"K75P-U100": 37.93901662196701}, "K75A-D070": {"K75A-D080": 34.028015392289284}, "K75P-D070": {"K75P-D080": 90.84218172604429}, "K73-U080": {"K73-U090": 296.24027562367627, "K73-U110": 401.19131973885885}, "K75P-D010": {"K75P-D020": 126.64014034484451}, "K73-D050": {"K73-D070": 101.01250127175885}, "K73-D100": {"K73-D110": 191.28315729526372}, "K75P-U120": {"K75P-U130": 61.210394887193786}, "K76-D010": {"K76-D020": 324.22065915311646}, "K73-D110": {"K73-D120": 97.87162665329517}, "K73-U060": {"K73-U070": 134.1070521010403}, "K76-U020": {"K76-U030": 154.3936072358199}, "K75P-D060": {"K75P-D070": 199.03374856698994}, "K73-U090": {"K73-U100": 92.16669080945087}, "K76-U010": {"K76-U020": 71.5598768796751}, "K75P-D080": {"K75P-U011": 136.05948511714357}, "K75P-U130": {"K75P-U140": 35.5101210159897}, "K75P-D020": {"K75P-D030": 32.92570837358675}, "K74-D020": {"K74-D030": 145.02536121527996}, "K75A-D100": {"K75A-D110": 91.2444052915929}, "K73-D150": {"K73-D160": 50.87432344758016}, "K75A-D030": {"K75A-D040": 48.94738503525942}, "K75P-U140": {"K75P-D010": 147.8480225298194}, "K75P-U110": {"K75P-U120": 90.86569965606338}, "K73-U110": {"K73-U120": 229.710332338247}, "K73-U010": {"K73-U020": 69.9493652050182}, "K75A-D020": {"K75A-D030": 24.083738676537017}, "K75P-D030": {"K75P-D040": 108.78126682950248}, "K73-D080": {"K73-D090": 264.15539630811134}, "K75P-U010": {"K75P-U020": 96.46845553346579}, "K75A-D060": {"K75A-D070": 39.37856766687207}, "K75P-U070": {"K75P-U080": 120.40467218077261}, "K75A-U020": {"K75A-U030": 146.71763207302516}, "K73-D120": {"K73-D130": 103.13307285986582}, "K73-D130": {"K73-D140": 142.56399841570487}, "K75P-U060": {"K75P-U070": 26.925570352958157}, "K73-D070": {"K73-D080": 165.14377182991325}, "K75A-D110": {"K75A-U011": 137.66883062803885}, "K73-D040": {"K73-D050": 78.54917600897419}, "K75P-U030": {"K75P-U040": 124.75667180889907}, "K75A-U030": {"K75A-D010": 232.30763924590224}, "K75P-U020": {"K75P-U030": 100.90680695559355}, "K75P-U080": {"K75P-U090": 95.98834154219472}, "K73-D140": {"K73-D150": 206.52595307153874}, "K75P-U050": {"K75P-U060": 177.52873037157494}, "K75A-D010": {"K75A-D020": 208.56236210119582}, "K73-D010": {"K73-D020": 78.93575482909425}, "K75P-U040": {"K75P-U050": 107.42343947003852}, "K75S-D020": {"K75S-D030": 182.60000000000002}}