{"KWT": {"LAT": 123.49875143127686, "NTK": 111.90983233581437}, "KWH": {"KWF": 127.2499679027432, "TWH": 103.82478032184103}, "KWF": {"KWH": 119.7051423106911, "LAK": 169.86614347596966}}