{"LAT": {"YAT": 95.24555060894524, "KWT": 130.26664045064948}, "LAK": {"NAC": 249.40113355258123, "TSY": 195.08734425508754, "MEF": 139.2859852965318, "KWF": 128.46111847637508}}