{"LCK": {"MEF": 132.71129951926247, "CSW": 126.27616871699726}}