{"LOF": {"WTS": 126.1141411911506, "KOT": 128.90588718671816}, "LOW": {"SHS": 219.63829829429332}, "LOP": {"YUL": 116.66739191400002, "TIS": 162.38056881165096}}