{"MEF": {"LAK": 146.69955862324997, "TWW": 287.8147745117411, "NAC": 180.0043178818849, "LCK": 131.1559742467703}}