{"NOP": {"QUB": 128.15633111442108, "FOH": 136.8426986341277}}