{"NTK": {"KWT": 100.53580866961616, "KOB": 128.9757120519175}}