{"OLY": {"KOW": 133.4014582935144, "NAC": 134.17875161407397}}