{"QUB": {"YAT": 253.19909809580025, "NOP": 123.0520830813156, "TAK": 122.86049219195334}}