{"SWH": {"TAK": 131.1589505517, "SKW": 82.26833462412}}