{"SYP": {"HKU": 95.23075491780074, "SHW": 129.15303803972412}}