{"TSY": {"KOW": 444.00612127220074, "AIR": 1463.8840193695612, "SUN": 592.6912333134267, "LAK": 195.10197935095175}, "TST": {"JOR": 83.48130852078499, "ADM": 198.23152071683842}, "TSW": {"TWH": 60.652968733932155}, "TSH": {"HEO": 127.24228763021343, "SHM": 215.7561925030668}}