{"TUC": {"SUN": 801.4844901990801}, "TUM": {"SIH": 147.70618907408658}}