{"TWO": {"TAP": 160.7710087566916, "FAN": 288.20066852720623}, "TWW": {"MEF": 296.47737508736054, "KSR": 467.58780576592363}, "TWH": {"KWH": 138.701560677, "TSW": 80.10059005015302}}