{"UNI": {"FOT": 192.51372475042285, "TAP": 362.1189829751184}}