{"WTS": {"LOF": 127.87861453109949, "DIH": 109.85399763054002}}