{"YMT": {"MOK": 108.90284959108942, "HOM": 138.41318500891944, "JOR": 127.56109420196171}}