{"5": {"6": 115.4667879539051, "305": 82.62983011560411}}