{"AUS": {"ETS": 163.99628175416143, "NAC": 211.81583935282143}}