{"CHH": {"DIH": 127.30770376183787, "KOB": 83.33868905617999}, "CHW": {"HFC": 61.00392534105409}}