{"CSW": {"SSP": 114.92125525865531, "LCK": 131.15361622685725}}