{"DIS": {"SUN": 198.58233387484285}, "DIH": {"KAT": 138.81792653374714, "HIK": 298.70623557768374, "CHH": 121.69635768180949, "WTS": 112.50005410618083}}