{"FOT": {"SHT": 149.76431759238307, "UNI": 181.85369541929566}, "FOH": {"NOP": 128.97779522791365, "TIH": 125.91284046000001}}