{"HIK": {"DIH": 323.9584631715518, "TAW": 147.55981569619402}}