{"HOK": {"KOW": 184.74555369273463}, "HOM": {"HUH": 140.9018014741214, "TKW": 134.55050115299997, "WHA": 80.66969573933753, "YMT": 128.25944417525517}}