{"K17-D020": {"K17-D030": 38.370781815608424}, "K17-U020": {"K17-U030": 156.3556398391761}, "K18-U020": {"K18-U030": 66.78066000402451}, "K18-D010": {"K18-D020": 256.80781864486073}, "K18-D020": {"K18-D030": 61.8465643369402}, "K17-D010": {"K17-D020": 379.4520204550705}, "K12-U020": {"K12-U030": 226.72784353665466}, "K12-D010": {"K12-D020": 168.519294413467}, "K17-U010": {"K17-U020": 293.93771210530645}, "K12-D020": {"K12-D030": 389.81865004938317}, "K17-U030": {"K17-U040": 57.26537307577805}, "K18-U010": {"K18-U020": 215.97468713218478}, "K12-D030": {"K12-D040": 53.37318484221434}, "K12-U010": {"K12-U020": 271.7907489425582}}