{"K54-D020": {"K54-D030": 179.21459610388712}, "K53-D160": {"K53-D170": 415.7495754268007, "K53-U011": 194.6556313185069}, "K52-nD250": {"K52-nD260": 191.97451529943206}, "K53-D080": {"K53-D090": 71.57877243241663}, "K53-D020": {"K53-D030": 105.49925548427484}, "K52-nD030": {"K52-nD040": 29.92993820530999}, "K58-U070": {"K58-U080": 122.88837000000001}, "K52-nU180": {"K52-nU190": 78.21478493334074}, "K51-U030": {"K51-U040": 80.6519075677197}, "K51-U160": {"K51-U170": 119.27354986669033}, "K53-U110": {"K53-U120": 98.79543947320036}, "K53-D100": {"K53-D110": 83.14891821107963}, "K53-U070": {"K53-U080": 59.187941735004905}, "K52-nD120": {"K52-nD130": 39.459600489403094}, "K52A-U110": {"K52A-U120": 53.424732609802774}, "K51-D160": {"K51-D170": 108.66499530609376}, "K52-nD010": {"K52-nD020": 16.563737580357547}, "K58-U026": {"K58-U030": 133.48664999999997}, "K52A-D130": {"K52A-D140": 96.87874646056717}, "K54-U070": {"K54-D010": 170.84242910734636}, "K51A-U200": {"K51A-U210": 58.423575417363125}, "K52A-D180": {"K52A-D190": 118.92507920361766}, "K52A-U130": {"K52A-U140": 81.49124743489126}, "K52A-U140": {"K52A-U150": 163.0225687942483}, "K53-D015": {"K53-D020": 53.688049320918694}, "K52-nD090": {"K52-nD100": 86.45143727006732}, "K58-U040": {"K58-U050": 61.45248670000001}, "K53-D130": {"K53-D140": 80.62785071479969}, "K51-D180": {"K51-D190": 154.85649335739998}, "K51A-U180": {"K51A-U190": 99.07717405854171}, "K51-D050": {"K51-D060": 60.71839171099941}, "K51-D280": {"K51-D290": 76.50985088583919}, "K51-U010": {"K51-U020": 31.187005200060003}, "K58-D060": {"K58-D070": 158.763}, "K51A-D220": {"K51A-D230": 148.71198937320005}, "K51A-D040": {"K51A-D050": 106.08150408727688}, "K51-U190": {"K51-U200": 79.89848585248446}, "K53-U010": {"K53-U020": 260.09826543323203, "K53-D180": 978.7389723989961}, "K51A-D030": {"K51A-D040": 43.319549531847045}, "K52-nU290": {"K52-nU300": 38.92221773346075}, "K58-U090": {"K58-U100": 165.51488139999998}, "K51-D240": {"K51-D250": 141.8388947631227}, "K58-D150": {"K58-D160": 78.0093171}, "K51-U150": {"K51-U160": 87.84557926900109}, "K52-nU080": {"K52-nU090": 94.22926305694766}, "K53-U020": {"K53-U030": 176.35598634985791, "K53-D160": 808.6285054493599}, "K51A-U150": {"K51A-U160": 117.504043116497}, "K51-D200": {"K51-D210": 132.81064749398246}, "K54-U020": {"K54-U030": 131.0293633076483}, "K51A-D260": {"K51A-D270": 72.87426784873941}, "K52-nU020": {"K52-nU030": 100.3840613483475}, "K51-D210": {"K51-D220": 219.27574426601785}, "K51A-U170": {"K51A-U180": 76.97526918163467}, "K52-nD040": {"K52-nD050": 28.365576545104908}, "K53-D140": {"K53-D150": 173.74954289085605}, "K51A-D100": {"K51A-D110": 48.12792222030063}, "K52A-U120": {"K52A-U130": 69.30806696817454}, "K58-D140": {"K58-D150": 41.3831}, "K51-D140": {"K51-D150": 81.83389252542585}, "K53-D030": {"K53-D040": 77.08786915463511}, "K52-nD210": {"K52-nD220": 238.89240271575946}, "K53-U100": {"K53-U110": 78.71009733508563}, "K51A-D080": {"K51A-D090": 190.13310623595598}, "K58-U110": {"K58-U120": 153.58317700000003}, "K52-nD070": {"K52-nD080": 139.3934429105799}, "K51-U130": {"K51-U140": 74.95989146694262}, "K51-U220": {"K51-U230": 63.631584800222114}, "K52-nU090": {"K52-nU100": 112.131413312072}, "K52A-D140": {"K52A-D150": 111.28651960396992}, "K58-D070": {"K58-D080": 123.42079254802002}, "K52A-D050": {"K52A-D060": 33.75820728555365}, "K58-U100": {"K58-U110": 94.17634083000003}, "K53-U080": {"K53-U090": 88.07485244213501}, "K51-D100": {"K51-D110": 185.03219637746804}, "K51-U060": {"K51-U070": 304.9874061577828}, "K53-D040": {"K53-D050": 78.39657545046873}, "K53-U050": {"K53-U060": 148.3622895131654}, "K51A-U220": {"K51A-U230": 92.36948640820879}, "K51-U040": {"K51-U050": 116.80183938375225}, "K54-U040": {"K54-U050": 144.5190324615724}, "K52A-D070": {"K52A-D080": 119.87951198937503}, "K58-D090": {"K58-D100": 125.45918000000002}, "K51-U080": {"K51-U090": 177.32740959829667}, "K51-U210": {"K51-U220": 53.233313512995004}, "K53-U130": {"K53-U140": 63.54627344377637}, "K51-U020": {"K51-U030": 110.69120577466447}, "K52-nD220": {"K52-nD230": 145.97609391114761}, "K51A-D250": {"K51A-D260": 104.50835567859335}, "K52A-U020": {"K52A-U030": 89.635434764959}, "K53-U030": {"K53-U040": 237.9167098414403}, "K52-nD200": {"K52-nD210": 138.19783655984105}, "K52A-D010": {"K52A-D020": 311.46122680699284}, "K58-D100": {"K58-D110": 186.50500000000002}, "K58-U080": {"K58-U090": 78.05160000000004}, "K53-U060": {"K53-U070": 69.94477785258131}, "K52A-U015": {"K52A-U020": 157.84738796751162}, "K53-U120": {"K53-U130": 78.93342013370318}, "K53-D010": {"K53-D015": 106.6865836421269}, "K58-U020": {"K58-U023": 97.46043857}, "K58-D040": {"K58-D050": 102.70248999999998}, "K52-nD060": {"K52-nD070": 131.6776233665646}, "K52A-U170": {"K52A-U180": 300.60207686726073}, "K52A-D100": {"K52A-D110": 62.064290403938365}, "K54-D010": {"K54-D020": 185.2045911996592}, "K53-U040": {"K53-U050": 156.63850508950998}, "K51-D220": {"K51-D230": 255.54730892242523}, "K51A-U090": {"K51A-U100": 170.48756519800898}, "K51-U200": {"K51-U210": 89.92853924298832}, "K52-nU220": {"K52-nU230": 91.6845957430788}, "K52-nU070": {"K52-nU080": 105.17796035160988}, "K52-nU120": {"K52-nU140": 123.93186940047296}, "K51-D170": {"K51-D180": 87.53122415942948}, "K51-U180": {"K51-U190": 111.61094790913364}, "K51A-U070": {"K51A-U080": 221.43217508179}, "K53-U140": {"K53-D010": 84.19212471484727}, "K52A-D110": {"K52A-D120": 147.6882818379562}, "K52-nU260": {"K52-nU270": 75.58020663000003}, "K54-U030": {"K54-U040": 131.4497262286137}, "K52A-U080": {"K52A-U090": 70.43095369125435}, "K51A-U050": {"K51A-U060": 278.8765943981704}, "K51-D270": {"K51-D280": 97.84161450150528}, "K52-nU030": {"K52-nU040": 146.498759}, "K51-D150": {"K51-D160": 190.5315724258812}, "K53-D050": {"K53-D060": 88.6747520827149}, "K52-nD180": {"K52-nD190": 148.54105822637004}, "K58-D160": {"K58-D170": 213.2944}, "K53-D110": {"K53-D120": 176.06844048966997}, "K51A-U010": {"K51A-U020": 48.41908930335108}, "K51A-U190": {"K51A-U200": 77.16083219692882}, "K53-U090": {"K53-U100": 126.38595980905427}, "K58-D190": {"K58-D193": 191.1833}, "K54-D040": {"K54-D050": 179.75762069665228}, "K58-D110": {"K58-D120": 175.98317000000003}, "K58-U150": {"K58-U160": 187.13123000000004}, "K58-D200": {"K58-D210": 78.21110000000002}, "K51A-U120": {"K51A-U130": 155.10676273747626}, "K51A-U110": {"K51A-U120": 142.5240335524608}, "K52A-U040": {"K52A-U050": 133.298668098987}, "K51A-U080": {"K51A-U090": 186.1958749250179}, "K51A-U160": {"K51A-U170": 87.5997428231965}, "K52-nU230": {"K52-nU240": 79.24611223650643}, "K51A-D110": {"K51A-D120": 57.008385130861214}, "K52A-U030": {"K52A-U040": 33.28272611729395}, "K52A-D040": {"K52A-D050": 16.503692428900603}, "K58-U200": {"K58-U210": 68.17994700000001}, "K51-D040": {"K51-D050": 52.40659653606921}, "K52-nU040": {"K52-nU050": 82.42457705618742}, "K52-nD150": {"K52-nD160": 97.67028842490602}, "K58-D080": {"K58-D090": 135.04697800000002}, "K52-nU200": {"K52-nU210": 85.80276065806405}, "K51-U110": {"K51-U120": 150.11556456513378}, "K53-D120": {"K53-D130": 95.40259113699986}, "K51A-D070": {"K51A-D080": 91.30846427656856}, "K52-nU140": {"K52-nU150": 189.2308019846772}, "K52-nU210": {"K52-nU220": 75.17957115502159}, "K58-U120": {"K58-U130": 135.38029999999998}, "K52A-D030": {"K52A-D040": 16.155940782365803}, "K51-U140": {"K51-U150": 57.45989679715488}, "K51A-U210": {"K51A-U220": 72.8264932610447}, "K51A-D090": {"K51A-D100": 56.244564570352814}, "K51A-U100": {"K51A-U110": 246.31848980320774}, "K52-nU060": {"K52-nU070": 173.72826191125003}, "K52A-U090": {"K52A-U100": 83.94161769096378}, "K52-nU250": {"K52-nU260": 71.14727221328386}, "K53-D190": {"K53-U011": 463.1477334603893}, "K52-nU270": {"K52-nU280": 166.05212688504622}, "K58-U010": {"K58-U020": 66.07766000000001}, "K54-U010": {"K54-U020": 80.46068813310724}, "K52-nD080": {"K52-nD090": 63.98188049659774}, "K58-D120": {"K58-D130": 144.2548965}, "K52-nU150": {"K52-nU160": 96.38012143295018}, "K58-U170": {"K58-U180": 246.09893000000005},