{"K65A-U070": {"K65A-U080": 44.962131606984464}, "K65A-D070": {"K65A-D080": 138.08817615967087}, "K65A-D080": {"K65A-D090": 57.21133461061076}, "K65A-U100": {"K65A-U110": 48.25100639671082}, "K65-D020": {"K65-D030": 83.61253834485794}, "K66-D060": {"K66-D070": 41.038955946716726}, "K68-D060": {"K68-D070": 94.84968372000002}, "K65-D160": {"K65-D170": 162.3896141226725}, "K66-D080": {"K66-D090": 62.59919897548214}, "K66-U090": {"K66-U100": 64.203859278229}, "K65A-D040": {"K65A-D050": 74.34937832895048}, "K65-U050": {"K65-U060": 110.12767578630897}, "K65A-U080": {"K65A-U090": 69.08127238189067}, "K66-D130": {"K66-D140": 40.96399049418779}, "K66-D070": {"K66-D080": 50.014604261505994}, "K66-D020": {"K66-D030": 69.92200687757932}, "K68-D110": {"K68-D120": 97.65502588625476}, "K65-U170": {"K65-U180": 61.92121922959309}, "K68-U090": {"K68-U100": 160.64169247579727}, "K65A-U120": {"K65A-U130": 98.801478627096}, "K65-D080": {"K65-D090": 59.12075144551865}, "K65A-U010": {"K65A-U020": 57.01260936690154}, "K65-U100": {"K65-U110": 163.89803859864816}, "K65A-U090": {"K65A-U100": 49.98773609586097}, "K68-D100": {"K68-D110": 91.57366510954927}, "K65A-D100": {"K65A-D110": 236.4206484961149}, "K66-D040": {"K66-D050": 41.654798261926615}, "K65-D050": {"K65-D060": 67.60202136598016}, "K65-U070": {"K65-U080": 72.76634320572244}, "K65-U210": {"K65-U220": 80.06850571965425}, "K66-U010": {"K66-U020": 145.41765117620326}, "K66-D140": {"K66-D150": 104.89892937097974}, "K65-U220": {"K65-U230": 86.83653704820894}, "K68-D190": {"K68-D200": 52.874831818748206}, "K65-D060": {"K65-D070": 88.55047726499149}, "K65A-U040": {"K65A-U050": 79.01897783144506}, "K66-U100": {"K66-U110": 82.3568752706509}, "K65-U120": {"K65-U130": 171.2800367735053}, "K65A-U060": {"K65A-U070": 52.013279205433015}, "K65A-U020": {"K65A-U030": 150.82152597512453}, "K65-D110": {"K65-D120": 120.20370243274772}, "K68-U150": {"K68-U160": 85.01929004265999}, "K65A-D010": {"K65A-D020": 61.27133845277912}, "K65A-D030": {"K65A-D040": 62.360945590989445}, "K65-U140": {"K65-U150": 100.44495668824875}, "K65-D170": {"K65-D180": 108.70598314863153}, "K68-D050": {"K68-D060": 71.23164532315698}, "K65-U200": {"K65-U210": 72.35963481909923}, "K65A-D090": {"K65A-D100": 110.44181379462773}, "K65-U110": {"K65-U120": 107.29002282919473}, "K65-D150": {"K65-D160": 111.22284687982471}, "K65-D030": {"K65-D040": 64.5432500839299}, "K66-D010": {"K66-D020": 14.486213258586634}, "K65A-D020": {"K65A-D030": 80.66209554877405}, "K65-D070": {"K65-D080": 126.05689620174391}, "K65-U060": {"K65-U070": 43.43169659148344}, "K66-D190": {"K66-D200": 94.63563348130931}, "K65A-U050": {"K65A-U060": 45.830568995043905}, "K65-D180": {"K65-D190": 115.05741890478596}, "K65A-D050": {"K65A-D060": 68.57268957001426}, "K68-D010": {"K68-D020": 47.59431148680001}, "K65A-D060": {"K65A-D070": 75.12459004646925}, "K65A-U030": {"K65A-U040": 28.02996646981046}, "K66-U120": {"K66-U130": 58.93376457119077}, "K65-D040": {"K65-D050": 80.53076688468731}, "K66-U170": {"K66-U180": 37.034210652953035}, "K66-U030": {"K66-U040": 180.28884624183056}, "K66-D050": {"K66-D060": 42.257139388205914}, "K66-U110": {"K66-U120": 41.085830507299995}, "K68-U030": {"K68-U040": 35.54877225649001}, "K66-U140": {"K66-U150": 49.12549348793521}, "K66-D110": {"K66-D120": 36.52830038103032}, "K65-D130": {"K65-D140": 117.73953960597078}, "K68-U110": {"K68-U120": 205.12362125300007, "K68-D090": 81.4}, "K66-U130": {"K66-U140": 59.0901139739817}, "K68-D170": {"K68-D180": 40.7752273764919}, "K65A-U110": {"K65A-U120": 77.96992063205447}, "K68-U010": {"K68-U020": 101.33036515055342}, "K65-U130": {"K65-U140": 28.191700019211993}, "K65-D120": {"K65-D130": 69.68976059925662}, "K66-U160": {"K66-U170": 50.57497555707501}, "K68-D090": {"K68-D100": 142.46268803789002}, "K65-D010": {"K65-D020": 44.05699831672741}, "K66-D120": {"K66-D130": 73.00192762719563}, "K68-D070": {"K68-D080": 220.58124930802882}, "K66-U060": {"K66-U070": 228.73875268924888}, "K65-D100": {"K65-D110": 235.78165633299068}, "K68-D120": {"K68-D130": 187.862447574864}, "K65-U190": {"K65-U200": 67.46818071490002}, "K66-D230": {"K66-D240": 93.90891539762285}, "K65-D090": {"K65-D100": 119.8655342087937}, "K66-U150": {"K66-U160": 56.67696646440468}, "K68-U060": {"K68-U070": 90.98465301136}, "K68-D180": {"K68-D190": 32.14561597107901}, "K65-D140": {"K65-D150": 112.2307716397203}, "K66-D220": {"K66-D230": 89.84412692195059}, "K66-U050": {"K66-U060": 55.94320196603594}, "K66-D150": {"K66-D160": 83.64483979999999}, "K68-U040": {"K68-U050": 54.65794204722772}, "K66-D100": {"K66-D110": 51.253681252721016}, "K66-D180": {"K66-D190": 101.0612188122}, "K68-U120": {"K68-U130": 164.76106749}, "K66-U040": {"K66-U050": 157.398552889325}, "K68-U130": {"K68-U140": 175.66556605426734}, "K68-D140": {"K68-D150": 38.18533118634853}, "K65-U020": {"K65-U030": 161.58296501851}, "K68-U050": {"K68-U060": 55.62153941460599}, "K66-D030": {"K66-D040": 80.64920364347289}, "K66-U210": {"K66-U220": 46.87070706118155}, "K65-U160": {"K65-U170": 63.62484792399529}, "K66-U200": {"K66-U210": 60.497134671020206}, "K66-D090": {"K66-D100": 50.23443666398374}, "K68-U160": {"K68-U170": 78.44050322}, "K66-D200": {"K66-D210": 133.38055713795063}, "K66-U020": {"K66-U030": 206.2339151183901}, "K68-D130": {"K68-D140": 63.07228355038758}, "K66-U080": {"K66-U090": 172.2098672386769}, "K68-U070": {"K68-U080": 46.29328934698872}, "K65-U010": {"K65-U020": 322.477485}, "K66-D210": {"K66-D220": 139.00837758575793}, "K65-U090": {"K65-U100": 55.862531768160764}, "K68-D160": {"K68-D170": 89.0863650448517}, "K66-D160": {"K66-D170": 156.830781351024}, "K66-U070": {"K66-U080": 213.84187411104918}, "K66-U190": {"K66-U200": 69.32306782231265}, "K66-U180": {"K66-U190": 71.52141349500145}, "K68-D200": {"K68-U011": 67.12076436303853}, "K68-D040": {"K68-D050": 112.63255628438}, "K68-U140": {"K68-U150": 56.08641387557999}, "K65-U150": {"K65-U160": 57.06178924798479}, "K68-U170": {"K68-D010": 206.09528350000005}, "K65-U030": {"K65-U040": 104.7439228212505}, "K65-U080": {"K65-U090": 203.81941321685377}, "K68-D150": {"K68-D160": 60.34356193311893}, "K68-U100": {"K68-U110": 212.83068160589997}, "K65-U180": {"K65-U190": 80.65966737371446}, "K66-D170": {"K66-D180": 238.89557286151938}, "K68-D020": {"K68-D030": 95.26512944181434}, "K68-D080": {"K68-D090": 104.03494322747699}, "K65-U040": {"K65-U050": 90.30953316731987}, "K68-U020": {"K68-U030": 42.81865332630001}, "K68-U080": {"K68-U090": 63.61826153}, "K68-D030": {"K68-D040": 107.80000000000003}}