{"K74-D020": {"K74-D030": 145.0260911569394}, "K73-U020": {"K73-U030": 195.713159746682}, "K76-D030": {"K76-D040": 76.14262070493544}, "K73-D120": {"K73-D130": 106.04414176394425}, "K73-D150": {"K73-D160": 59.72531089180934}, "K73-U060": {"K73-U070": 145.41424904592085}, "K75P-D010": {"K75P-D020": 139.63886853405745}, "K73-U090": {"K73-U100": 135.14337828245937}, "K75A-U020": {"K75A-U030": 135.45343547705008}, "K75A-D010": {"K75A-D020": 214.19940913851428}, "K74-D080": {"K74-D090": 176.63311833657613}, "K75P-U080": {"K75P-U090": 39.68556443467968}, "K76-D020": {"K76-D030": 135.92931521344613}, "K75P-U110": {"K75P-U120": 87.23039723294217}, "K73-D040": {"K73-D050": 86.41186696413759}, "K73-U110": {"K73-U120": 228.00915811443852}, "K76-U020": {"K76-U030": 159.13760941739332}, "K73-D090": {"K73-D100": 95.78703907057113}, "K75P-D050": {"K75P-D060": 80.02647911364491}, "K73-U070": {"K73-U080": 170.66524250904916}, "K75P-D020": {"K75P-D030": 35.92038214101058}, "K76-U030": {"K76-U040": 235.8944694039235}, "K75P-D070": {"K75P-D080": 91.1390123081298}, "K75A-D030": {"K75A-D040": 48.94628581030845}, "K73-U030": {"K73-U040": 96.47175035449364}, "K73-U080": {"K73-U090": 292.6960661786515, "K73-U110": 181.44568756756217}, "K74-U010": {"K74-U020": 178.14740928487043}, "K75A-U030": {"K75A-D010": 256.2056854961532}, "K75P-U120": {"K75P-U130": 65.66509545885819}, "K75P-U100": {"K75P-U110": 58.49585987992183}, "K76-D010": {"K76-D020": 260.1214958575923}, "K73-D030": {"K73-D040": 132.98025332173964}, "K75P-U070": {"K75P-U080": 105.98401456328372}, "K75A-U010": {"K75A-U020": 45.354738542548105}, "K75A-D070": {"K75A-D080": 60.49177298269033}, "K73-D130": {"K73-D140": 139.93835610471436}, "K73-U050": {"K73-U060": 128.19875353854982}, "K75P-U050": {"K75P-U060": 165.2075681917155}, "K73-U040": {"K73-U050": 119.54253660879519, "K73-U060": 236.35839665018975}, "K75A-D080": {"K75A-D090": 135.66934326724896}, "K75P-D060": {"K75P-D070": 169.96734005491038}, "K73-D140": {"K73-D150": 225.9509810706141}, "K75A-D090": {"K75A-D100": 53.88279394164444}, "K75A-D060": {"K75A-D070": 44.969417037775}, "K75P-D040": {"K75P-D050": 173.17907237221274}, "K76-U040": {"K76-U050": 184.4565198125269}, "K74-D030": {"K74-D040": 140.45768069779274}, "K73-U010": {"K73-U020": 72.87710834169863}, "K75P-U130": {"K75P-U140": 47.107283206043306}, "K73-D010": {"K73-D020": 79.34223571577198}, "K73-U100": {"K73-U110": 274.98223751975655}, "K75P-U090": {"K75P-U100": 40.930555455014115}, "K75A-D100": {"K75A-D110": 107.50849525645185}, "K75A-D020": {"K75A-D030": 23.998765517120656}, "K74-D010": {"K74-D020": 158.8637981788795}, "K74-D050": {"K74-D060": 107.82347561335753}, "K74-U060": {"K74-U070": 138.9447096548383}, "K76-U010": {"K76-U020": 25.300535094768186}, "K75P-U010": {"K75P-U020": 101.02042375370004}, "K74-D110": {"K74-U002": 197.91428300469607}, "K74-U080": {"K74-U090": 236.37306386485116}, "K75P-D030": {"K75P-D040": 110.37126411354316}, "K75A-D110": {"K75A-U011": 179.4121196117351}, "K74-D060": {"K74-D070": 173.76678035920241}, "K74-D090": {"K74-U011": 85.26204667130875}, "K74-U020": {"K74-U030": 137.38368976126276}, "K75A-D050": {"K75A-D060": 70.12313100210395}, "K74-U090": {"K74-U100": 225.67334663726197}, "K74-U004": {"K74-U007": 85.70610829610499}, "K75P-U020": {"K75P-U030": 117.8019482111487}, "K73-D100": {"K73-D110": 198.59751111606397}, "K73-D080": {"K73-D090": 251.2038893773657}, "K74-U007": {"K74-U010": 252.5741970235468}, "K74-U011": {"K74-D100": 171.77699872031138}, "K74-D100": {"K74-D110": 86.66892182079833}, "K73-D110": {"K73-D120": 90.82991484210996}, "K75P-U040": {"K75P-U050": 108.83949463531658}, "K74-U001": {"K74-U004": 154.10564369811945}, "K75P-U060": {"K75P-U070": 26.65043334608554}, "K74-U040": {"K74-U050": 191.019765695564}, "K75P-U030": {"K75P-U040": 150.28005532980006}, "K74-U050": {"K74-U060": 264.87663878955016}, "K75P-U140": {"K75P-D010": 159.7506206849395}, "K74-D040": {"K74-D050": 92.78274596181777}, "K73-D020": {"K73-D030": 125.70273024465556}, "K74-U100": {"K74-D010": 119.24368085681924}, "K74-U070": {"K74-U080": 169.6357005614545}, "K73-D070": {"K73-D080": 201.21022721188177}, "K75P-D080": {"K75P-U011": 151.83115518537087}, "K74-D070": {"K74-D080": 247.43755483843}, "K75A-D040": {"K75A-D050": 52.440406660384745}, "K74-U030": {"K74-U040": 296.78648565495666}, "K73-D050": {"K73-D070": 110.84749516129912}, "K75S-U040": {"K75S-D010": 57.364999999999995}, "K75S-U020": {"K75S-U030": 154.0}, "K75S-D020": {"K75S-D030": 168.3}}