{"KSR": {"TWW": 589.7102660995004, "YUL": 221.6909777339352}}