{"KWH": {"TWH": 150.4298240989753, "KWF": 104.75840465107717}, "KWF": {"KWH": 130.47801214457468, "LAK": 138.1199361098415}, "KWT": {"LAT": 101.04114220852838, "NTK": 115.7369140715144}}