{"LAK": {"KWF": 164.83479518228495, "MEF": 115.58498648945456, "TSY": 191.35183814889592, "NAC": 270.2024801816193}, "LAT": {"KWT": 123.57875713023539, "YAT": 110.62282131812522}}