{"MKK": {"HUH": 177.30462750492103, "KOT": 129.90297050076214}}