{"MOK": {"YMT": 111.55378092742455, "PRE": 126.21301201904933}, "MOS": {"HEO": 133.28106490456233, "WKS": 160.8098229296389}}