{"NAC": {"LAK": 258.44265948561934, "OLY": 97.3418001865078, "AUS": 210.34407810950552, "MEF": 176.50829368133935}}