{"NTK": {"KWT": 51.82633563686004, "KOB": 87.70774909672427}}