{"OCP": {"WCH": 131.00425706101834, "ADM": 287.63196771448463}}