{"QUB": {"YAT": 260.79752534081797, "NOP": 124.10679921140897, "TAK": 126.71340179314254}}