{"SHT": {"TAW": 135.42872185946524, "FOT": 137.25032131650653}, "SHS": {"LMC": 435.6119874783817, "FAN": 140.87837484840168, "LOW": 261.75463369810205}, "SHW": {"SYP": 149.0955443850164, "CEN": 130.6987878649767}, "SHM": {"TSH": 216.47842536204044, "CIO": 87.30765999999998}}