{"SSP": {"PRE": 105.4277515661624, "CSW": 119.35274447709673}}