{"SWH": {"TAK": 124.76396228940305, "SKW": 94.9279316150679}}