{"SYP": {"SHW": 141.73690658475368, "HKU": 102.81687482887409}}