{"TKO": {"LHP": 131.9594811284063, "TIK": 229.62240775281802, "HAH": 177.58090186191654}, "TKW": {"HOM": 150.42649805932308, "SUW": 128.56197998}}