{"TSY": {"AIR": 1339.7317887323818, "SUN": 700.8323101201094, "KOW": 482.8654680894732, "LAK": 193.3112417296789}, "TST": {"JOR": 102.07621020404757, "ADM": 184.33785701029748}, "TSH": {"SHM": 218.9850435742695, "HEO": 135.068361290577}, "TSW": {"TWH": 48.94452999134123}}