{"TWH": {"KWH": 88.12740846868704, "TSW": 73.2904612426045}, "TWW": {"KSR": 658.020054932176, "MEF": 323.03644549876697}, "TWO": {"TAP": 154.9186939548252, "FAN": 328.70346635592864}}