{"UNI": {"FOT": 196.94665492242837, "TAP": 383.3235905819316}}