{"YUL": {"LOP": 118.23385999999998, "KSR": 247.8656759038891}}