{"1": {"2": 64.05201961081023, "6": 406.25757950192934}}