{"AIR": {"TSY": 1634.7920963674565, "AWE": 125.82945244110908}}