{"AUS": {"ETS": 159.20419389058637, "NAC": 194.9865646897847}}