{"CIO": {"SHM": 136.58124358700815, "STW": 141.08932425506438}}