{"CKT": {"STW": 133.39173170994985, "TAW": 116.72489084407002}}