{"CSW": {"SSP": 130.8467794591264, "LCK": 130.9442488204267}}