{"EXC": {"HUH": 162.79998588731002, "ADM": 95.53580762338146}}