{"HAH": {"TKO": 157.59206846534013, "POA": 120.66441018909757}}