{"HFC": {"SKW": 159.31777159627956, "CHW": 783.7196857831361}}