{"HOK": {"KOW": 191.90400746621287}, "HOM": {"TKW": 137.6932187396019, "YMT": 169.51925873866742, "HUH": 136.73816938570778, "WHA": 64.10691160480744}}