{"HUH": {"EXC": 205.8047454865793, "ETS": 314.86549362642137, "HOM": 131.97754495983742, "MKK": 327.38818671548574}}