{"JOR": {"TST": 127.3141670331818, "YMT": 131.40387878637807}}