{"K12-U010": {"K12-U020": 277.77924934668215}, "K12-D020": {"K12-D030": 375.7712959674501}, "K14-D020": {"K14-D030": 65.2326951031061}, "K18-U010": {"K18-U020": 194.2867610907967}, "K17-D010": {"K17-D020": 338.6285737162458}, "K17-U010": {"K17-U020": 284.8335814965007}, "K14-D010": {"K14-D020": 289.93431490219064}, "K18-D020": {"K18-D030": 40.44368479516551}, "K12-U020": {"K12-U030": 227.46936538442}, "K17-D020": {"K17-D030": 34.33244971411689}, "K18-D010": {"K18-D020": 253.7277059158504}, "K17-U030": {"K17-U040": 60.6391243295746}, "K18-U020": {"K18-U030": 82.83542992111828}, "K17-U020": {"K17-U030": 151.24837147705634}, "K12-D030": {"K12-D040": 54.25245402727914}, "K12-D010": {"K12-D020": 166.06253449537655}}