{"K53-U100": {"K53-U110": 58.59148175102664}, "K53-D010": {"K53-D015": 101.30902269196538}, "K51-D150": {"K51-D160": 175.66549645607046}, "K52-nU290": {"K52-nU300": 34.45576455606209}, "K52-nU260": {"K52-nU270": 120.08493486051059}, "K52-nD110": {"K52-nD120": 151.2921640845615}, "K51-D130": {"K51-D140": 52.74686499961317}, "K51-U080": {"K51-U090": 133.95674967731617}, "K54-D030": {"K54-D040": 68.14288065215966}, "K52-nD240": {"K52-nD250": 149.32937184525036}, "K53-U010": {"K53-U020": 252.33997597729746, "K53-D180": 2272.82410058522}, "K58-D070": {"K58-D080": 119.90605049756996}, "K52-nD250": {"K52-nD260": 183.26559832427137}, "K52-nD130": {"K52-nD140": 98.25333047882518}, "K58-D020": {"K58-D030": 132.6027142217307}, "K53-D030": {"K53-D040": 79.02119492242154}, "K52A-U100": {"K52A-U110": 79.83222448687023}, "K58-U140": {"K58-U150": 122.6625698171866}, "K52A-U010": {"K52A-U015": 301.10662195018926}, "K52-nD210": {"K52-nD220": 213.9892451111485}, "K53-U030": {"K53-U040": 208.56003266204849}, "K54-U050": {"K54-U060": 357.1984303079691}, "K51-D040": {"K51-D050": 54.69254907100144}, "K58-D200": {"K58-D210": 74.9656120030715}, "K53-U110": {"K53-U120": 97.30723668428155}, "K58-U010": {"K58-U020": 33.057210949824984}, "K51A-D250": {"K51A-D260": 97.62053344795683}, "K58-D140": {"K58-D150": 67.89856751387217}, "K51A-D210": {"K51A-D220": 80.22936586975266}, "K54-U040": {"K54-U050": 141.718343688308}, "K51A-U240": {"K51A-U250": 72.73125120123682}, "K54-U030": {"K54-U040": 125.88253953073327}, "K51-D250": {"K51-D260": 166.24567106547596}, "K51-D190": {"K51-D200": 168.28348308659534}, "K51A-U100": {"K51A-U110": 223.25318357704913}, "K51A-U090": {"K51A-U100": 161.8685753390494}, "K52-nD120": {"K52-nD130": 42.87609522395099}, "K58-D060": {"K58-D070": 203.0037758619606}, "K52A-D060": {"K52A-D070": 134.94002161246914}, "K51A-D190": {"K51A-D200": 183.65620368731427}, "K58-U180": {"K58-U190": 126.95192089427908}, "K58-D050": {"K58-D060": 238.4002152548324}, "K58-U130": {"K58-U140": 110.79266401000254}, "K54-U060": {"K54-U070": 210.48981993500388}, "K51A-U230": {"K51A-U240": 44.919381722157894}, "K53-U070": {"K53-U080": 51.183828586506735}, "K58-D170": {"K58-D180": 170.52714103119322}, "K51A-D170": {"K51A-D180": 171.41364440567042}, "K51A-D010": {"K51A-D020": 53.703330839516184}, "K52-nU010": {"K52-nU020": 107.98153240398543}, "K51-D270": {"K51-D280": 101.49821165362985}, "K51A-U190": {"K51A-U200": 73.1556812652253}, "K53-D040": {"K53-D050": 72.7138213501702}, "K52-nU040": {"K52-nU050": 71.8169384830372}, "K51-D220": {"K51-D230": 277.65632932971243}, "K52-nU170": {"K52-nU180": 135.77809284114159}, "K52-nD290": {"K52-nD300": 95.6552104440686}, "K52-nD010": {"K52-nD020": 18.101894546329365}, "K52A-U030": {"K52A-U040": 44.2179804585888}, "K54-D020": {"K54-D030": 315.254433339794}, "K51A-D140": {"K51A-D150": 89.80377454727781}, "K51A-U030": {"K51A-U040": 71.11694388441599}, "K53-D015": {"K53-D020": 53.44633398728415}, "K51A-D090": {"K51A-D100": 48.53347757869187}, "K51-U020": {"K51-U030": 115.823996986296}, "K51-U130": {"K51-U140": 71.93467665031044}, "K58-U170": {"K58-U180": 233.79910586504207}, "K51-U170": {"K51-U180": 79.6870371805462}, "K51-D030": {"K51-D040": 30.922590232809295}, "K52-nD140": {"K52-nD150": 103.02050335292168}, "K58-D180": {"K58-D190": 311.4651646959415}, "K58-D160": {"K58-D170": 260.09925391587063}, "K51-D020": {"K51-D030": 62.93924479952174}, "K52A-U130": {"K52A-U140": 76.88914457678464}, "K52-nD020": {"K52-nD030": 39.74625552692662}, "K52A-U040": {"K52A-U050": 130.02960538795074}, "K58-D010": {"K58-D020": 17.898838645909045}, "K52-nU200": {"K52-nU210": 83.41774408297263}, "K51-U040": {"K51-U050": 125.06561227372622}, "K51A-U210": {"K51A-U220": 81.6069628611109}, "K52-nU250": {"K52-nU260": 103.9546408739814}, "K52-nU060": {"K52-nU070": 151.6425952656613}, "K51-U030": {"K51-U040": 57.60418769188142}, "K58-U070": {"K58-U080": 158.7029154133644}, "K52-nU190": {"K52-nU200": 126.71921796975289}, "K52A-D140": {"K52A-D150": 105.25905694548278}, "K51-D260": {"K51-D270": 57.97885511875753}, "K51-D060": {"K51-D070": 61.81977148748742}, "K53-D060": {"K53-D070": 119.89813037826063}, "K52-nU080": {"K52-nU090": 77.99429673370665}, "K58-U060": {"K58-U070": 196.84696421357887}, "K52-nD280": {"K52-nD290": 96.92677822236426}, "K51-D210": {"K51-D220": 137.2958489958535}, "K52A-U060": {"K52A-U070": 130.9377464192108}, "K51-D140": {"K51-D150": 84.96636922446393}, "K52-nD150": {"K52-nD160": 97.89493460217594}, "K51A-D160": {"K51A-D170": 153.49123409764948}, "K58-D030": {"K58-D040": 79.71620084161191}, "K51-U220": {"K51-U230": 57.03947910281583}, "K58-U120": {"K58-U130": 197.509099242111}, "K51A-D020": {"K51A-D030": 128.60818340805565}, "K51A-U010": {"K51A-U020": 78.84454416579095}, "K54-D040": {"K54-D050": 176.16539050361348}, "K51A-D240": {"K51A-D250": 45.81579355970315}, "K51-U140": {"K51-U150": 55.20051484418726}, "K51-D200": {"K51-D210": 132.41491722393852}, "K51A-D040": {"K51A-D050": 102.10169111111801}, "K51A-U070": {"K51A-U080": 206.07926507544317}, "K52-nU210": {"K52-nU220": 77.0796319378957}, "K58-U190": {"K58-U200": 147.68377983780596}, "K54-D060": {"K54-D070": 152.10948456031525}, "K52A-U140": {"K52A-U150": 177.40633026749234}, "K52-nD100": {"K52-nD110": 65.53682540326903}, "K52A-U110": {"K52A-U120": 53.42793603865366}, "K53-U050": {"K53-U060": 128.51024896877024}, "K51A-U110": {"K51A-U120": 129.62537237730112}, "K52A-U080": {"K52A-U090": 72.29135674937095}, "K51A-D050": {"K51A-D060": 85.25571758632046}, "K52A-D130": {"K52A-D140": 86.16462442947213}, "K51A-U080": {"K51A-U090": 184.16128410746953}, "K52-nU120": {"K52-nU130": 142.88512956740846, "K52-nU140": 123.81370220740087}, "K52-nU130": {"K52-nU140": 328.31723641397036}, "K53-D130": {"K53-D140": 88.21718307460606}, "K52-nU150": {"K52-nU160": 90.65938348705842}, "K54-U020": {"K54-U030": 138.79421885217852}, "K52-nD260": {"K52-nD270": 54.96336652412479}, "K52-nU050": {"K52-nU060": 250.5470942221611}, "K51A-U060": {"K51A-U070": 309.54918513399895}, "K52A-D170": {"K52A-D180": 118.23833549733516}, "K51A-D110": {"K51A-D120": 54.09852279384601}, "K51-U110": {"K51-U120": 122.28030848915037}, "K51-U240": {"K51-U250": 111.64694394326493}, "K53-D070": {"K53-D080": 42.647333280805206}, "K52A-D080": {"K52A-D090": 61.540423227130894}, "K51A-U130": {"K51A-U140": 73.15059432782212}, "K54-D050": {"K54-D060": 79.17564905969448}, "K52-nD180": {"K52-nD190": 139.94959581134668}, "K51A-U020": {"K51A-U030": 122.36319736441074}, "K51A-D060": {"K51A-D070": 86.84614699161664}, "K51-U150": {"K51-U160": 64.70524315153287}, "K53-D160": {"K53-U011": 190.210856662277, "K53-D170": 2283.1598320577714}, "K51-U160": {"K51-U170": 94.4219538137072}, "K53-U090": {"K53-U100": 118.01110563369143}, "K52-nD160": {"K52-nD170": 141.28687404407086}, "K51A-D150": {"K51A-D160": 104.33079527228551}, "K52-nU070": {"K52-nU080": 105.8784798319316}, "K52A-U120": {"K52A-U130": 69.31995743104575}, "K52A-U150": {"K52A-U160": 37.558777578879884}, "K51-U230": {"K51-U240": 45.447366132613936}, "K52A-U050": {"K52A-U060": 58.827143008703935}, "K52A-U020": {"K52A-U030": 86.78697353527548}, "K52A-D030": {"K52A-D040": 25.652981451424743}, "K51A-U140": {"K51A-U150": 44.06882891261861}, "K53-U060": {"K53-U070": 68.69649529924176}, "K52A-U170": {"K52A-U180": 586.4002367869911}, "K53-U040": {"K53-U050": 117.3775895711781}, "K51-U070": {"K51-U080": 186.5110929436998}, "K52-nU030": {"K52-nU040": 123.02724510379228}, "K52-nU280": {"K52-nU290": 46.20850469215102}, "K54-U010": {"K54-U020": 168.01110671297337}, "K54-U070": {"K54-D010": 151.28615168806405}, "K51A-U170": {"K51A-U180": 75.17616601316675}, "K51-D240": {"K51-D250": 136.0456622865213}, "K51-D050": {"K51-D060": 57.19563521924988}, "K53-U080": {"K53-U090": 73.08442581796706}, "K51-D010": {"K51-D020": 89.90992183641009}, "K51-D170": {"K51-D180": 84.2584337412496}, "K51-U050": {"K51-U060": 268.35024325462115}, "K53-U130": {"K53-U140": 40.40257774038911}, "K51A-D230": {"K51A-D240": 146.50269350017317},