{"KSR": {"TWW": 617.4181303598896, "YUL": 233.50128518133093}}