{"LCK": {"MEF": 130.11238613782422, "CSW": 130.7935683150385}}