{"MEF": {"LAK": 132.2624482379986, "TWW": 321.5727900430416, "LCK": 125.78725739934546, "NAC": 196.04894432852976}}