{"MKK": {"HUH": 198.91610412387996, "KOT": 166.09999903600223}}