{"MOK": {"PRE": 130.60085058663373, "YMT": 130.859313795087}, "MOS": {"HEO": 136.1534616152508, "WKS": 157.7434666805812}}