{"OLY": {"NAC": 134.3792966745969, "KOW": 132.18423202522638}}