{"PRE": {"SSP": 137.7894951651461, "SKM": 121.65735135299141, "MOK": 129.12415420693358}}