{"SSP": {"CSW": 132.50715906457535, "PRE": 131.1145195805788}}