{"STW": {"CIO": 132.27480541547274, "CKT": 138.85053928042848}}