{"TAW": {"SHT": 130.36072108205357, "KOT": 334.7893022156638, "HIK": 165.85163164673654, "CKT": 320.56819636783416}, "TAP": {"TWO": 228.98728052351674, "UNI": 433.7019390967597}, "TAK": {"SWH": 124.61143283453677, "QUB": 129.98698372795585}}