{"TIK": {"YAT": 138.50929752383246, "TKO": 336.5853996377277}, "TIH": {"FOH": 109.52017381462956, "CAB": 124.22774109498346}, "TIS": {"LOP": 200.12400481586704, "SIH": 320.14546430390726}}