{"TKO": {"HAH": 154.19451133631225, "TIK": 345.2828857868391, "LHP": 132.39867921448865}, "TKW": {"SUW": 131.75293762782536, "HOM": 173.63289158869927}}