{"TSY": {"KOW": 689.3601692583418, "LAK": 198.2454606702978, "AIR": 1500.47089417043, "SUN": 819.1793841681915}, "TST": {"JOR": 68.54337542433402, "ADM": 201.94529311222124}, "TSH": {"HEO": 135.34234160055615, "SHM": 253.8078104609536}, "TSW": {"TWH": 65.4684232854574}}