{"TWO": {"TAP": 206.37511208702216, "FAN": 326.8889220196835}, "TWW": {"MEF": 283.58404301593265, "KSR": 378.8642531236575}, "TWH": {"KWH": 135.821490227764, "TSW": 72.17624819182333}}