{"WCH": {"OCP": 120.74656577770497, "LET": 181.2676117473298}}