{"YAT": {"TIK": 131.91521282869618, "LAT": 164.24285502636894, "QUB": 263.86285013629004}}