{"YUL": {"KSR": 256.05260838515596, "LOP": 131.52179163356308}}