{"1": {"6": 56.85033512257568, "2": 281.1501667078574}}