{"AIR": {"TSY": 1618.9660854948283, "AWE": 90.04956215138861}}