{"AUS": {"NAC": 193.52316555490276, "ETS": 167.67875627379996}}