{"FOT": {"UNI": 183.2981128495947, "SHT": 167.18079751407225}, "FOH": {"NOP": 143.5973828409075, "TIH": 93.60517425203686}}