{"HEO": {"TSH": 134.1821446364416, "MOS": 135.73838943400912}}