{"HIK": {"DIH": 316.9216156717511, "TAW": 189.31000000000003}}