{"HKU": {"SYP": 117.50746703753603, "KET": 94.95663415307192}}