{"K17-D010": {"K17-D020": 334.3791325622136}, "K18-D010": {"K18-D020": 215.25656292064932}, "K17-D020": {"K17-D030": 80.99492308081338}, "K12-U010": {"K12-U020": 247.59640123381146}, "K12-D030": {"K12-D040": 27.479764960517294}, "K17-U020": {"K17-U030": 125.25669360939693}, "K17-U010": {"K17-U020": 254.0992450741332}, "K12-D020": {"K12-D030": 305.3189161604877}, "K12-D010": {"K12-D020": 144.48060444881995}, "K12-U020": {"K12-U030": 187.77115059289875}, "K18-U010": {"K18-U020": 183.07542216874566}, "K17-U030": {"K17-U040": 29.48833049474547}, "K18-U020": {"K18-U030": 59.38187595006478}, "K18-D020": {"K18-D030": 90.12644893029248}}