{"K53-U010": {"K53-U020": 232.60030132197556}, "K52A-D010": {"K52A-D020": 277.22557578581825}, "K53-U070": {"K53-U080": 46.11512123983418}, "K51-D050": {"K51-D060": 62.085293142304124}, "K51-U070": {"K51-U080": 180.5161524403714}, "K53-U050": {"K53-U060": 136.31387017543315}, "K52-nD110": {"K52-nD120": 140.53296602289998}, "K53-D015": {"K53-D020": 46.179472189167136}, "K52-nD040": {"K52-nD050": 31.847361092750003}, "K53-U110": {"K53-U120": 86.21694285625327}, "K53-U080": {"K53-U090": 63.347985258555966}, "K51-U170": {"K51-U180": 67.33172003190501}, "K54-U050": {"K54-U060": 349.68159499621277}, "K53-U030": {"K53-U040": 178.8043897224603}, "K52-nU100": {"K52-nU110": 164.99607999999998}, "K51-D210": {"K51-D220": 130.27751}, "K51-D070": {"K51-D080": 65.14582689390899}, "K51-D250": {"K51-D260": 125.82797700000003}, "K52-nD170": {"K52-nD180": 107.91738398658597}, "K53-U140": {"K53-D010": 86.96095938842896}, "K52-nU060": {"K52-nU070": 115.43238461809999}, "K54-D060": {"K54-D070": 160.39740359500001}, "K51-U020": {"K51-U030": 67.06560179152157}, "K52-nD020": {"K52-nD030": 44.329646448272385}, "K51-U090": {"K51-U100": 129.35926161218225}, "K53-U020": {"K53-U030": 144.6883269286255}, "K51-D060": {"K51-D070": 50.16942679709399}, "K51-D030": {"K51-D040": 36.81589286768039}, "K52A-D060": {"K52A-D070": 129.34768316859828}, "K51-U110": {"K51-U120": 101.90948058866202}, "K51-U100": {"K51-U110": 204.7808602272939}, "K54-U030": {"K54-U040": 125.41341287987048}, "K52-nD140": {"K52-nD150": 117.05436527722301}, "K53-U130": {"K53-U140": 59.17831523891884}, "K52A-U170": {"K52A-U180": 275.33849859845316}, "K51-U130": {"K51-U140": 70.31171463644978}, "K52-nU160": {"K52-nU170": 67.8581926}, "K51-D190": {"K51-D200": 158.02108443000003}, "K54-U060": {"K54-U070": 186.2884762862644}, "K54-U020": {"K54-U030": 129.35315717745954}, "K51-D020": {"K51-D030": 51.73176818366743}, "K53-D070": {"K53-D080": 41.43359701539922}, "K52-nU170": {"K52-nU180": 130.97578999999996}, "K53-D120": {"K53-D130": 39.29207892600001}, "K52-nU050": {"K52-nU060": 248.19239083979997}, "K52-nU270": {"K52-nU280": 160.3587376188347}, "K52-nD090": {"K52-nD100": 63.759775490211}, "K51-U080": {"K51-U090": 146.89691191539436}, "K51-U050": {"K51-U060": 252.47169881891196}, "K53-U120": {"K53-U130": 58.10538811245478}, "K53-D060": {"K53-D070": 121.39678139080002}, "K54-U070": {"K54-D010": 135.96929167009125}, "K53-D010": {"K53-D015": 95.75620970032097}, "K53-U090": {"K53-U100": 111.66918451048844}, "K53-U100": {"K53-U110": 62.38119412037321}, "K58-U060": {"K58-U070": 149.60000000000002}, "K52-nU010": {"K52-nU020": 113.7188217694841}, "K51-U060": {"K51-U070": 251.10861377750135}, "K53-U040": {"K53-U050": 105.711726242284}, "K51-U140": {"K51-U150": 52.21423454710248}, "K51-D110": {"K51-D120": 54.56411909299999}, "K52-nD180": {"K52-nD190": 134.80681899080002}, "K51-D080": {"K51-D090": 113.6566508663929}, "K51-U190": {"K51-U200": 76.70851046100002}, "K52-nD080": {"K52-nD090": 72.07701853753501}, "K53-D030": {"K53-D040": 68.5651804215984}, "K54-U040": {"K54-U050": 138.60375722447412}, "K54-U010": {"K54-U020": 127.05582830027001}, "K53-U060": {"K53-U070": 63.97946779849512}, "K52-nU080": {"K52-nU090": 83.76961438278539}, "K58-U020": {"K58-U023": 128.70000000000002}, "K52-nD190": {"K52-nD200": 145.49083010000004}, "K54-D020": {"K54-D030": 180.12496017220715}, "K51-U160": {"K51-U170": 82.79290332404271}, "K52-nD250": {"K52-nD260": 171.49}, "K52-nD010": {"K52-nD020": 20.273941467538936}, "K52-nU110": {"K52-nU120": 160.92490616945904}, "K54-D040": {"K54-D050": 155.30095279575806}, "K51-D090": {"K51-D100": 71.49104261679105}, "K51-U200": {"K51-U210": 81.369861694}, "K51-U120": {"K51-U130": 142.66079028805393}, "K51-U010": {"K51-U020": 85.89442807088766}, "K51-D100": {"K51-D110": 136.29052094}, "K51-D120": {"K51-D130": 55.150111807000016}, "K52-nD070": {"K52-nD080": 134.51383379810906}, "K52-nD050": {"K52-nD060": 34.472239906792986}, "K52-nD150": {"K52-nD160": 120.44022505400001}, "K52-nD120": {"K52-nD130": 42.3494514613201}, "K52-nD030": {"K52-nD040": 50.066285907161344}, "K53-D040": {"K53-D050": 81.56751667136352}, "K53-D080": {"K53-D090": 47.37754941016896}, "K58-D080": {"K58-D090": 110.00000000000001}, "K52-nD210": {"K52-nD220": 185.85288463865004}, "K54-D030": {"K54-D040": 53.7130154506727}, "K52-nD130": {"K52-nD140": 88.44580910000003}, "K51-U150": {"K51-U160": 72.14147900000002}, "K52-nU140": {"K52-nU150": 192.97220001810302}, "K53-D020": {"K53-D030": 102.32786609843633}, "K51-D040": {"K51-D050": 56.815546192439626}, "K54-D050": {"K54-D060": 77.17393630194297}, "K52-nU180": {"K52-nU190": 84.26}, "K52-nD200": {"K52-nD210": 117.57810396869999}, "K52A-U140": {"K52A-U150": 160.35752784965484}, "K51-U030": {"K51-U040": 60.04661232847657}, "K51-U180": {"K51-U190": 72.09569281289599}, "K51-U230": {"K51-U240": 49.625128815779}, "K53-D100": {"K53-D110": 64.766145396062}, "K51-D140": {"K51-D150": 73.0125422347135}, "K52-nU020": {"K52-nU030": 89.20720801019505}, "K54-D010": {"K54-D020": 87.479501841619}, "K52-nD230": {"K52-nD240": 159.81012080000002}, "K52-nU070": {"K52-nU080": 98.57921659296998}, "K51-D200": {"K51-D210": 125.11639910000001}, "K52-nU040": {"K52-nU050": 76.99156801497979}, "K51-U040": {"K51-U050": 117.98641075837615}, "K51-U220": {"K51-U230": 49.602365485199996}, "K51-D010": {"K51-D020": 96.56561021425412}, "K53-D050": {"K53-D060": 72.50088525308074}, "K51-U240": {"K51-U250": 113.18185949599999}, "K52-nU220": {"K52-nU230": 84.49477300000001}, "K58-D030": {"K58-D040": 20.020000000000003}, "K52-nD100": {"K52-nD110": 68.49416735070125}, "K53-D140": {"K53-D150": 158.50889999999998}, "K58-D040": {"K58-D050": 121.00000000000001}, "K51-D260": {"K51-D270": 73.07300000000001}, "K58-D070": {"K58-D080": 67.10000000000001}, "K54A-U020": {"K54A-U030": 144.28846576017247}, "K54A-U030": {"K54A-U040": 109.80048559247798}, "K54A-D030": {"K54A-D040": 69.60109516631096}, "K51-D180": {"K51-D190": 149.58669886612}, "K54A-D020": {"K54A-D030": 145.75604163991355}, "K54A-D010": {"K54A-D020": 131.95042363535129}, "K54A-U040": {"K54A-U050": 128.51786505941052}, "K52-nU190": {"K52-nU200": 121.99099770000002}, "K54A-D040": {"K54A-D050": 128.2726822246978}, "K54A-U010": {"K54A-U020": 82.24285503909381}, "K52-nD060": {"K52-nD070": 132.24116102990814}, "K51-D170": {"K51-D180": 100.5507932}, "K52-nU240": {"K52-nU250": 82.26350000000001}, "K52-nD240": {"K52-nD250": 146.3}, "K53-D130": {"K53-D140": 74.53054877}, "K51-D160": {"K51-D170": 66.2290889249}, "K52-nD260": {"K52-nD270": 60.50000000000001}, "K51-D220": {"K51-D230": 266.45187200000004}, "K52-nU090": {"K52-nU100": 108.95038}, "K51-D270": {"K51-D280": 130.9}, "K51-D150": {"K51-D160": 159.416872355045}, "K51-U210": {"K51-U220": 54.53587160011001}, "K53-D110": {"K53-D120": 171.9068163}, "K52-nU120": {"K52-nU140": 120.50390000000002}, "K51-D130": {"K51-D140": 49.1384572052023}, "K52-nD160": {"K52-nD170": 144.11039139999997}, "K52-nU230": {"K52-nU240": 117.33700000000002}, "K52-nU150": {"K52-nU160": 85.41901499999999}, "K53-D090": {"K53-D100": 49.412509549999996}, "K51-D280": {"K51-D290": 63.800000000000004}, "K52-nU030": {"K52-nU040": 127.20465999999999}, "K52-nU210": {"K52-nU220": 84.326}, "K52-nD280": {"K52-nD290": 78.10000000000001}, "K52-nD220": {"K52-nD230": 96.27880000000002}, "K52-nU250": {"K52-nU260": 124.30000000000001}, "K53-D150": {"K53-D160": 162.8}, "K52-nU260": {"K52-nU270": 89.10000000000001}, "K53*-U010": {"K53*-U020": 180.94065880000008}, "K53*-U020": {"K53*-U030": 88.179234}, "K52-nU200": {"K52-nU210": 84.7}}