{"K66-D140": {"K66-D150": 90.14962264330664}, "K65-U020": {"K65-U030": 100.89886020326762}, "K65-D120": {"K65-D130": 59.324818117398216}, "K65-U150": {"K65-U160": 44.6482933142}, "K66-U110": {"K66-U120": 24.943731000000007}, "K66-D020": {"K66-D030": 67.82551813467929}, "K66-U200": {"K66-U210": 44.752597772993695}, "K65-D180": {"K65-D190": 96.88780562811}, "K66-D180": {"K66-D190": 80.90788866200003}, "K68-U160": {"K68-U170": 68.10564049000001}, "K65-D050": {"K65-D060": 51.4118884377026}, "K65-U040": {"K65-U050": 71.18583260666267}, "K65-D110": {"K65-D120": 114.47599094751327}, "K66-D090": {"K66-D100": 51.79126066269648}, "K68-U010": {"K68-U020": 90.64807442981919}, "K66-U050": {"K66-U060": 38.19534692540263}, "K66-U060": {"K66-U070": 123.5382289914713}, "K65-U010": {"K65-U020": 220.209829435521}, "K65-U100": {"K65-U110": 123.05696209944863}, "K65-D090": {"K65-D100": 108.15565202492796}, "K66-D030": {"K66-D040": 80.12959225689067}, "K65-U130": {"K65-U140": 25.707276758121616}, "K68-U050": {"K68-U060": 52.019556668054214}, "K65-D070": {"K65-D080": 118.10612734535535}, "K66-U020": {"K66-U030": 214.69512996133713}, "K66-U010": {"K66-U020": 143.87588981970836}, "K65-U220": {"K65-U230": 69.00378440300001}, "K66-D160": {"K66-D170": 119.72887353266636}, "K66-D110": {"K66-D120": 47.86681406049435}, "K66-U090": {"K66-U100": 43.10083379224327}, "K68-D140": {"K68-D150": 58.996000000000016}, "K68-D080": {"K68-D090": 105.90239000000001}, "K66-U070": {"K66-U080": 150.5573887926901}, "K65-D040": {"K65-D050": 62.36545063823063}, "K68-U040": {"K68-U050": 40.5955659209201}, "K66-D190": {"K66-D200": 76.67617690040001}, "K65-D060": {"K65-D070": 77.26559007412985}, "K65-D170": {"K65-D180": 75.76524937151639}, "K65-D100": {"K65-D110": 222.6620673287493}, "K65-U070": {"K65-U080": 54.7957574020888}, "K66-D220": {"K66-D230": 60.753}, "K65-U190": {"K65-U200": 50.49299648700001}, "K66-D210": {"K66-D220": 148.7588687842}, "K66-D010": {"K66-D020": 14.00542441381179}, "K65-D020": {"K65-D030": 82.18205152569813}, "K65-D080": {"K65-D090": 67.73649488484907}, "K66-D050": {"K66-D060": 54.65420079195218}, "K66-U160": {"K66-U170": 40.32458457420153}, "K66-U150": {"K66-U160": 25.84263911900001}, "K66-U040": {"K66-U050": 102.4284809093696}, "K68-U120": {"K68-U130": 132.38439995000002}, "K66-U080": {"K66-U090": 170.28243724559667}, "K65-D130": {"K65-D140": 84.53935106128918}, "K65-U170": {"K65-U180": 26.592990827566002}, "K68-D060": {"K68-D070": 96.36}, "K66-U210": {"K66-U220": 54.48695585999999}, "K65-U160": {"K65-U170": 46.06349088}, "K68-U030": {"K68-U040": 27.29118225913701}, "K66-D040": {"K66-D050": 53.258837620630494}, "K68-D120": {"K68-D130": 168.76000000000002}, "K68-D200": {"K68-U011": 89.98}, "K65-U080": {"K65-U090": 120.0422495689194}, "K65-U050": {"K65-U060": 94.4813506247938}, "K66-U190": {"K66-U200": 43.86877390324991}, "K65-U180": {"K65-U190": 58.37628800000001}, "K65-U210": {"K65-U220": 69.85814620680134}, "K65-U110": {"K65-U120": 102.88803556036103}, "K65-U090": {"K65-U100": 47.05146808099748}, "K65-U060": {"K65-U070": 29.087489669489003}, "K66-D100": {"K66-D110": 49.3213239545919}, "K66-D120": {"K66-D130": 63.294093565216315}, "K65-U140": {"K65-U150": 90.500945045795}, "K65-U200": {"K65-U210": 61.8053}, "K68-D090": {"K68-D100": 145.53000000000003}, "K66-U100": {"K66-U110": 72.61215086776059}, "K66-D080": {"K66-D090": 69.4770058369}, "K66-D130": {"K66-D140": 41.02420896734354}, "K65-U030": {"K65-U040": 72.59463261090359}, "K65-D140": {"K65-D150": 112.55903040741403}, "K66-D230": {"K66-D240": 77.8841623}, "K68-U060": {"K68-U070": 88.93533166237341}, "K68-U070": {"K68-U080": 25.6917621726}, "K68-U100": {"K68-U110": 157.28808993000004}, "K66-U170": {"K66-U180": 21.43363618}, "K65-D030": {"K65-D040": 74.84729474534427}, "K66-D070": {"K66-D080": 56.04587774409828}, "K66-D150": {"K66-D160": 71.98775825070001}, "K68-U080": {"K68-U090": 37.81926728696}, "K68-D020": {"K68-D030": 75.9}, "K66-U130": {"K66-U140": 45.07827875178822}, "K65-D150": {"K65-D160": 107.46193062891311}, "K65-D010": {"K65-D020": 36.45124562780989}, "K66-D060": {"K66-D070": 54.541565567985835}, "K65-D160": {"K65-D170": 141.85750460000003}, "K68-D040": {"K68-D050": 98.278345}, "K68-U170": {"K68-D010": 169.77488}, "K68-U150": {"K68-U160": 75.80878166560001}, "K68-U110": {"K68-U120": 188.88223544000002, "K68-D090": 1016.07}, "K66-U030": {"K66-U040": 117.27852910529225}, "K66-U180": {"K66-U190": 48.427109087000005}, "K68-D160": {"K68-D170": 78.10000000000001}, "K68-U130": {"K68-U140": 140.00197448679995}, "K66-D200": {"K66-D210": 107.033342361}, "K68-U140": {"K68-U150": 39.40167}, "K66-U120": {"K66-U130": 42.5777968}, "K68-U020": {"K68-U030": 37.790990930774605}, "K68-D050": {"K68-D060": 44.31618950000001}, "K68-D070": {"K68-D080": 189.35631000000006}, "K66-D170": {"K66-D180": 149.93814}, "K66-U140": {"K66-U150": 32.85774910000001}, "K68-U090": {"K68-U100": 146.24960046252605}, "K68-D110": {"K68-D120": 88.0}, "K68-D010": {"K68-D020": 42.771271115000005}, "K65-U120": {"K65-U130": 164.813305259}, "K68-D030": {"K68-D040": 66.561}, "K68-D100": {"K68-D110": 76.12}, "K68-D150": {"K68-D160": 106.59}, "K68-D130": {"K68-D140": 46.42}, "K68-D180": {"K68-D190": 38.5}}