{"KAT": {"DIH": 156.20000000000002, "SUW": 132.38550709999998}}