{"KOW": {"HOK": 177.74210021619038, "TSY": 504.45288792145647, "OLY": 139.31398221638415}, "KOT": {"TAW": 226.3641919000116, "MKK": 172.60606697295012, "SKM": 140.7572012223226, "LOF": 106.51108902513806}, "KOB": {"CHH": 162.46040710295125, "NTK": 124.06631999999999}}