{"KSR": {"YUL": 250.37134768405605, "TWW": 695.8355318537093}}