{"LAK": {"TSY": 197.41380791830312, "KWF": 138.62479282393866, "MEF": 134.68513096641152, "NAC": 271.6038460925539}, "LAT": {"YAT": 84.34456329179798, "KWT": 123.55721548913888}}