{"LCK": {"CSW": 111.52989539020446, "MEF": 127.96496506475137}}