{"LET": {"WCH": 159.35391686422295, "SOH": 101.22179718970706}}