{"LOP": {"YUL": 131.307, "TIS": 184.79533532302582}, "LOW": {"SHS": 241.6364703770558}, "LOF": {"WTS": 114.2830769975927, "KOT": 128.9061645997655}}