{"NAC": {"AUS": 213.9167003637521, "LAK": 261.99956793779035, "MEF": 188.0347418302884, "OLY": 113.7473174174743}}