{"NOP": {"QUB": 123.56494085718063, "FOH": 105.25943227298794}}