{"NTK": {"KOB": 130.06777721337943, "KWT": 127.25268840197627}}