{"OCP": {"WCH": 118.55300317243481, "ADM": 287.631955846692}}