{"PRE": {"SKM": 104.36685258047001, "MOK": 105.59977208861885, "SSP": 144.8938677175856}}