{"QUB": {"YAT": 260.10416651825733, "TAK": 97.82166905854885, "NOP": 117.26810987876767}}