{"SHW": {"CEN": 113.79551868821477, "SYP": 121.66527657360606}, "SHT": {"TAW": 178.98233085793578, "FOT": 306.12654465147835}, "SHS": {"FAN": 131.37461021560065, "LMC": 670.5377291149741, "LOW": 261.7548387147906}, "SHM": {"TSH": 233.50996328816905, "CIO": 133.39502157562168}}