{"SIH": {"TUM": 154.4552038805112, "TIS": 341.23543889665757}}