{"SKM": {"KOT": 116.87246806198607, "PRE": 107.0507116671085}, "SKW": {"HFC": 188.74497115746598, "SWH": 109.8073614777743}}