{"SSP": {"CSW": 126.16797351077776, "PRE": 129.92990779999997}}