{"SUN": {"DIS": 198.58233387484285, "TSY": 554.655828006968, "TUC": 823.8869511270772}, "SUW": {"TKW": 154.0, "KAT": 120.71628509999994}}