{"SWH": {"TAK": 89.27065377898631, "SKW": 128.13180199033565}}