{"SYP": {"HKU": 107.21704508486138, "SHW": 139.23330829243247}}