{"TAK": {"SWH": 108.81976089471202, "QUB": 116.52044998574551}, "TAP": {"TWO": 179.560258037807, "UNI": 422.78996893164276}, "TAW": {"KOT": 337.4349952680988, "SHT": 147.81498951280605, "CKT": 158.97767508923124, "HIK": 172.25452567756273}}