{"TIK": {"YAT": 155.2213853918435, "TKO": 170.08117484989899}, "TIS": {"SIH": 339.7060285703557, "LOP": 178.41007167750598}, "TIH": {"CAB": 121.30783585800002, "FOH": 97.81152086080317}}