{"TKO": {"LHP": 132.65162493578924, "TIK": 145.62952381180241, "HAH": 139.47355399108136}, "TKW": {"HOM": 137.77331400000003, "SUW": 131.1252}}