{"TST": {"ADM": 194.8580669954645, "JOR": 131.03089999999997}, "TSY": {"LAK": 194.6392621221684, "KOW": 622.3022111023707, "AIR": 1565.7187192416923, "SUN": 600.9950403337831}, "TSW": {"TWH": 104.3011572086463}, "TSH": {"SHM": 224.17490324324655, "HEO": 130.291114195864}}