{"TUC": {"SUN": 581.9942424133495}, "TUM": {"SIH": 158.43879979367907}}