{"TWW": {"MEF": 312.5068200278246, "KSR": 582.4357432819609}, "TWO": {"FAN": 335.96377168351574, "TAP": 157.37220650496255}, "TWH": {"KWH": 125.73351634650969, "TSW": 102.05817656049791}}