{"WCH": {"OCP": 119.47537058389207, "LET": 173.24938672887302}}