{"YMT": {"MOK": 120.17809205862845, "HOM": 174.7286406708674, "JOR": 130.81721815030173}}