{"1": {"2": 118.06769995025961, "6": 322.76111988193236}}