{"5": {"305": 81.18616523377514, "6": 115.13219329522019}}