{"AIR": {"TSY": 1441.7539197422063, "AWE": 133.07111694714735}}