{"AUS": {"ETS": 73.19399999999999, "NAC": 215.4193762002682}}