{"CHW": {"HFC": 63.786180890336524}, "CHH": {"KOB": 90.11640382960991, "DIH": 92.7957643046183}}