{"CIO": {"STW": 123.52722593100002, "SHM": 130.64315}}