{"CSW": {"SSP": 76.56879214396561, "LCK": 76.58506070978109}}