{"ETS": {"HUH": 136.12881243034718, "AUS": 124.99136410568}}