{"EXC": {"HUH": 135.73847567552434, "ADM": 72.72418328407352}}