{"HEO": {"MOS": 132.12634474050006, "TSH": 130.43220000000002}}