{"HFC": {"SKW": 94.85195219948994, "CHW": 124.8906769055717}}