{"HKU": {"SYP": 128.14575850793472, "KET": 97.28375424537928}}