{"HOK": {"KOW": 171.83404801786904}, "HOM": {"TKW": 115.78537883999999, "YMT": 115.56873038497625, "WHA": 83.40663553189776, "HUH": 101.86434284999999}}