{"HUH": {"MKK": 193.53544728703028, "ETS": 116.31767477213873, "EXC": 195.60811902277766, "HOM": 118.9243470746115}}