{"JOR": {"YMT": 75.80939748760765, "TST": 95.11510765805534}}