{"K54-D010": {"K54-D020": 202.92859106984233}, "K52-nD020": {"K52-nD030": 23.300431005505253}, "K51-U230": {"K51-U240": 53.39404954462374}, "K51A-D150": {"K51A-D160": 84.34695811954813}, "K51-D130": {"K51-D140": 49.11228444051601}, "K58-D120": {"K58-D130": 133.94760148000006}, "K53-U040": {"K53-U050": 145.23666687610313}, "K52A-D060": {"K52A-D070": 134.16162336656458}, "K51-U090": {"K51-U100": 173.51103738395028}, "K51A-D240": {"K51A-D250": 58.16572024312618}, "K52A-D100": {"K52A-D110": 63.543722975447146}, "K54-D030": {"K54-D040": 82.99484700500946}, "K58-D170": {"K58-D180": 169.7245}, "K52A-D010": {"K52A-D020": 298.500906326139}, "K52A-U150": {"K52A-U160": 34.24032295000001}, "K58-D050": {"K58-D060": 186.58021800000003}, "K53-D030": {"K53-D040": 80.44463101074109}, "K54-D060": {"K54-D070": 158.10994287717367}, "K51A-U040": {"K51A-U050": 124.79312640355866}, "K51A-U070": {"K51A-U080": 206.27368296175987}, "K53-D140": {"K53-D150": 173.41235147540962}, "K51-D230": {"K51-D240": 87.09151954719422}, "K51A-U020": {"K51A-U030": 96.30893072689057}, "K51-D150": {"K51-D160": 175.10988286258484}, "K58-U080": {"K58-U090": 83.75435200000001}, "K52-nU140": {"K52-nU150": 184.01567520986103}, "K58-D196": {"K58-D200": 102.28507300000003}, "K53-U020": {"K53-U030": 173.30292013550988, "K53-D160": 687.7088980481383}, "K51A-D140": {"K51A-D150": 119.04824124591899}, "K51A-U170": {"K51A-U180": 81.32894832805462}, "K53-D100": {"K53-D110": 80.0893386648601}, "K52-nD100": {"K52-nD110": 80.99602305929241}, "K53-D180": {"K53-D190": 88.17744168015379}, "K58-U060": {"K58-U070": 201.786404655}, "K51A-D170": {"K51A-D180": 181.64524009224462}, "K53-U030": {"K53-U040": 232.3960555620667}, "K53-U130": {"K53-U140": 54.446219380702345}, "K51A-U030": {"K51A-U040": 84.42515174017281}, "K53-U100": {"K53-U110": 72.073773894691}, "K58-U140": {"K58-U150": 187.64900000000003}, "K58-D130": {"K58-D140": 104.49943900000001}, "K52-nD150": {"K52-nD160": 103.80965727901915}, "K52A-D140": {"K52A-D150": 125.1742680385731}, "K51-U140": {"K51-U150": 58.434855610568626}, "K53-D010": {"K53-D015": 115.26739881000546}, "K58-U090": {"K58-U100": 173.16969999999998}, "K53-U110": {"K53-U120": 102.94488277277621}, "K52-nU190": {"K52-nU200": 144.18547916717324}, "K53-U120": {"K53-U130": 80.1158499789959}, "K58-U130": {"K58-U140": 98.516}, "K54-U030": {"K54-U040": 143.98624900176696}, "K51-D280": {"K51-D290": 73.66398012284866}, "K53-U010": {"K53-U020": 263.4881869400695, "K53-D180": 1200.7392814993875}, "K58-U150": {"K58-U160": 178.72468899999998}, "K58-U070": {"K58-U080": 123.50800000000004}, "K53-D020": {"K53-D030": 99.95673891770386}, "K51A-D180": {"K51A-D190": 135.53703516086844}, "K51-D200": {"K51-D210": 136.56606185910402}, "K53-U080": {"K53-U090": 89.21504747463493}, "K51A-U010": {"K51A-U020": 47.22480523387952}, "K52-nU100": {"K52-nU110": 179.30858161200004}, "K51A-U050": {"K51A-U060": 290.874550437071}, "K53-U050": {"K53-U060": 157.1037438293384}, "K52-nD080": {"K52-nD090": 97.80358849137801}, "K53-D080": {"K53-D090": 77.6858623885636}, "K53-D170": {"K53-D180": 335.05325315581}, "K51-D070": {"K51-D080": 64.68935068882}, "K52-nD140": {"K52-nD150": 116.24014813409349}, "K51-U190": {"K51-U200": 83.87000943530197}, "K53-D190": {"K53-U011": 483.84469294611984}, "K52-nD270": {"K52-nD280": 101.06901855945605}, "K52A-D110": {"K52A-D120": 188.57139153976104}, "K51A-D160": {"K51A-D170": 179.71327028340698}, "K54-U020": {"K54-U030": 121.00948113663583}, "K53-U140": {"K53-D010": 86.85003431512979}, "K51-U240": {"K51-U250": 114.61462035060201}, "K51A-D260": {"K51A-D270": 76.11811275954999}, "K51A-U210": {"K51A-U220": 83.9305029914706}, "K53-D070": {"K53-D080": 45.482553287457094}, "K53-D015": {"K53-D020": 53.34447001002137}, "K53-U090": {"K53-U100": 127.02458822473886}, "K52-nD190": {"K52-nD200": 224.27642367359277}, "K52-nD060": {"K52-nD070": 134.46046102990815}, "K52-nU050": {"K52-nU060": 281.579807436436}, "K58-U160": {"K58-U170": 106.37}, "K58-U023": {"K58-U026": 80.82657000000003}, "K58-U026": {"K58-U030": 126.13700000000001}, "K58-D100": {"K58-D110": 185.042}, "K52-nU070": {"K52-nU080": 103.76607861091209}, "K51A-U100": {"K51A-U110": 251.03530655377955}, "K52A-D040": {"K52A-D050": 15.393396246892323}, "K51A-D220": {"K51A-D230": 133.70377062584663}, "K51A-D070": {"K51A-D080": 99.8638163010931}, "K51A-U180": {"K51A-U190": 99.37360318692262}, "K52-nD240": {"K52-nD250": 152.50398603963654}, "K58-U180": {"K58-U190": 147.4}, "K51A-D090": {"K51A-D100": 57.050551231257586}, "K52-nD220": {"K52-nD230": 145.79397873009393}, "K58-D040": {"K58-D050": 87.346171}, "K53-D050": {"K53-D060": 84.64578440143454}, "K58-D090": {"K58-D100": 134.57752000000002}, "K58-D193": {"K58-D196": 63.62631000000001}, "K53-D150": {"K53-D160": 162.97226508634515}, "K52A-D180": {"K52A-D190": 182.58679387405073}, "K52-nU270": {"K52-nU280": 169.7163292456535}, "K51-D270": {"K51-D280": 101.413991912493}, "K58-U030": {"K58-U040": 310.42}, "K51A-D010": {"K51A-D020": 57.66209437884337}, "K54-D020": {"K54-D030": 176.22398638585202}, "K52-nU120": {"K52-nU140": 130.6684058649}, "K58-D010": {"K58-D020": 19.194889999999994}, "K58-U200": {"K58-U210": 72.60000000000001}, "K51A-U160": {"K51A-U170": 83.49991118942485}, "K51-U180": {"K51-U190": 117.61087762901903}, "K52-nU300": {"K52-nU310": 51.32744406636891}, "K52-nU220": {"K52-nU230": 85.1262084835442}, "K53-U060": {"K53-U070": 70.26955927928718}, "K52-nD250": {"K52-nD260": 148.39432099155002}, "K51-D240": {"K51-D250": 143.97056723043698}, "K58-D080": {"K58-D090": 145.82241899499996}, "K58-D110": {"K58-D120": 222.42880000000005}, "K51-D260": {"K51-D270": 64.69061155650925}, "K52A-D030": {"K52A-D040": 22.509263058779997}, "K51A-U200": {"K51A-U210": 61.525075063454565}, "K52-nU020": {"K52-nU030": 92.56248232000003}, "K52-nU230": {"K52-nU240": 81.06143596198783}, "K51A-D030": {"K51A-D040": 46.10971232589982}, "K51-U150": {"K51-U160": 88.49242107186629}, "K51-U100": {"K51-U110": 227.1645076505381}, "K53-U070": {"K53-U080": 60.02264535502361}, "K51-D060": {"K51-D070": 73.02595674303613}, "K51A-D080": {"K51A-D090": 196.7646878402132}, "K52-nU080": {"K52-nU090": 98.61692413019922}, "K52A-D070": {"K52A-D080": 140.95333336447138}, "K51A-U090": {"K51A-U100": 185.72797468270971}, "K51A-U230": {"K51A-U240": 40.40841522011215}, "K51-D210": {"K51-D220": 253.22835197440003}, "K53-D090": {"K53-D100": 51.72626700147829}, "K52A-D120": {"K52A-D130": 41.92075464538315}, "K51-D050": {"K51-D060": 75.64563856581}, "K51A-U150": {"K51A-U160": 117.20814896134841}, "K58-U170": {"K58-U180": 220.93707900000004}, "K51A-U220": {"K51A-U230": 89.66547206875182}, "K52A-U130": {"K52A-U140": 77.3918830589}, "K52A-D050": {"K52A-D060": 50.54893645130701}, "K54-U040": {"K54-U050": 144.26100430803575}, "K58-D190": {"K58-D193": 181.62793000000002}, "K51A-U190": {"K51A-U200": 83.89166131420856}, "K52-nU240": {"K52-nU250": 53.57518982775106}, "K58-D200": {"K58-D210": 75.49300000000001}, "K54-U010": {"K54-U020": 81.70903462832652}, "K52-nU090": {"K52-nU100": 107.09775089909913}, "K51-D120": {"K51-D130": 47.272930477843396}, "K54-D040": {"K54-D050": 181.61234800433792}, "K52-nU030": {"K52-nU040": 133.52410171210002}, "K51-U120": {"K51-U130": 145.52137237586123}, "K52-nD010": {"K52-nD020": 15.144029767706002}, "K51A-D250": {"K51A-D260": 112.51008025504316}, "K53-D160": {"K53-D170": 598.9754767872757, "K53-U011": 201.7186348771067}, "K52-nD120": {"K52-nD130": 43.611835663054975}, "K51-D040": {"K51-D050": 50.005894836669576}, "K51A-U140": {"K51A-U150": 53.12261930560662}, "K52A-D150": {"K52A-D160": 96.3002663317562}, "K52A-D090": {"K52A-D100": 101.81150932270685}, "K51A-U240": {"K51A-U250": 71.29805531113516}, "K51A-D210": {"K51A-D220": 82.44240044390783}, "K52-nD030": {"K52-nD040": 34.607327885801}, "K52-nD090": {"K52-nD100": 97.78460314996278}, "K53-D060": {"K53-D070": 206.53787277597695}, "K51-D190": {"K51-D200": 116.67693160016002}, "K58-D180": {"K58-D190": 338.47}, "K51-U050": {"K51-U060": 261.36957651708633},