{"K66-D160": {"K66-D170": 153.2235637895214}, "K65-U030": {"K65-U040": 108.48985914112018}, "K65-U180": {"K65-U190": 81.9764588208922}, "K65A-U010": {"K65A-U020": 70.87678762631072}, "K65-D170": {"K65-D180": 110.93422766073596}, "K66-U150": {"K66-U160": 60.66832013186195}, "K66-D100": {"K66-D110": 52.48510735350824}, "K65-D150": {"K65-D160": 112.59581721930608}, "K65-U050": {"K65-U060": 118.96194924493143}, "K65A-D070": {"K65A-D080": 128.95697878242348}, "K65A-U050": {"K65A-U060": 57.67083640376065}, "K66-D210": {"K66-D220": 171.98058692761307}, "K66-U160": {"K66-U170": 51.2595390690155}, "K65-U110": {"K65-U120": 115.96656334805341}, "K68-D100": {"K68-D110": 84.74818096009183}, "K68-D090": {"K68-D100": 166.78412869319212}, "K66-D150": {"K66-D160": 74.89988460862352}, "K66-U130": {"K66-U140": 59.907875893758025}, "K65A-D020": {"K65A-D030": 82.64319077692241}, "K65-D140": {"K65-D150": 125.93523495583536}, "K66-U200": {"K66-U210": 62.752301433845375}, "K65-U070": {"K65-U080": 68.3922589513653}, "K68-U110": {"K68-U120": 212.39177742520005, "K68-D090": 133.10000000000002}, "K66-U050": {"K66-U060": 59.34775304571694}, "K65A-U120": {"K65A-U130": 84.96020605996041}, "K68-U090": {"K68-U100": 150.7881180719953}, "K66-D190": {"K66-D200": 87.53747057377203}, "K65A-D050": {"K65A-D060": 68.84366927358124}, "K66-D040": {"K66-D050": 37.298183012087776}, "K66-U070": {"K66-U080": 219.15739120640174}, "K65A-U030": {"K65A-U040": 29.92490167208033}, "K65-U140": {"K65-U150": 91.60821369098093}, "K65-U010": {"K65-U020": 260.2473562297857}, "K65-U130": {"K65-U140": 117.17535925915288}, "K66-D010": {"K66-D020": 14.018678141556004}, "K65A-D010": {"K65A-D020": 55.395064887413106}, "K68-U170": {"K68-D010": 178.77202199999996}, "K65A-U090": {"K65A-U100": 63.08350561080823}, "K65-U120": {"K65-U130": 185.5325921643214}, "K65-D180": {"K65-D190": 136.86399786624057}, "K65A-U080": {"K65A-U090": 74.79073304471832}, "K68-U040": {"K68-U050": 73.81503622615261}, "K68-U070": {"K68-U080": 55.40450998618802}, "K65-D080": {"K65-D090": 65.95809830775052}, "K65-U190": {"K65-U200": 53.29107844894368}, "K68-D200": {"K68-U011": 70.07675487050362}, "K65-U090": {"K65-U100": 59.59945886390589}, "K65-U170": {"K65-U180": 90.71524027022163}, "K68-U060": {"K68-U070": 85.7923528}, "K65A-U100": {"K65A-U110": 57.08795836470828}, "K68-D010": {"K68-D020": 53.65947148246521}, "K65-D050": {"K65-D060": 79.81111400517707}, "K65-D100": {"K65-D110": 260.09631033248746}, "K68-D120": {"K68-D130": 191.82355534094148}, "K66-U180": {"K66-U190": 69.0085566078588}, "K65A-U020": {"K65A-U030": 193.79787896698784}, "K65-D090": {"K65-D100": 114.05348022240659}, "K65-U210": {"K65-U220": 81.66306629945872}, "K66-D230": {"K66-D240": 107.49919136776525}, "K65A-D100": {"K65A-D110": 222.35932940931488}, "K66-D060": {"K66-D070": 44.76550796002756}, "K66-D180": {"K66-D190": 83.76043496249}, "K65-D030": {"K65-D040": 66.88258337307714}, "K68-D130": {"K68-D140": 65.41365128189003}, "K66-D090": {"K66-D100": 44.68130196001444}, "K66-D050": {"K66-D060": 43.891347076231476}, "K66-D170": {"K66-D180": 222.14572100985302}, "K65-D010": {"K65-D020": 42.560449468098824}, "K66-U140": {"K66-U150": 53.7769636143331}, "K65-U200": {"K65-U210": 73.99843685106273}, "K65-D130": {"K65-D140": 126.29372425060747}, "K65-D070": {"K65-D080": 129.3073962198253}, "K65A-U060": {"K65A-U070": 59.403166236594906}, "K68-D180": {"K68-D190": 30.645085029638192}, "K65A-D040": {"K65A-D050": 76.8066366465517}, "K66-U210": {"K66-U220": 51.39242027922378}, "K65-U100": {"K65-U110": 173.63828407391503}, "K65A-D080": {"K65A-D090": 53.2778993698217}, "K65A-D060": {"K65A-D070": 79.12082591227157}, "K68-D030": {"K68-D040": 113.22109329573198}, "K65A-U040": {"K65A-U050": 86.9287055735558}, "K65A-U110": {"K65A-U120": 79.45514880049564}, "K66-U110": {"K66-U120": 40.78952628701696}, "K66-D020": {"K66-D030": 78.88246743378772}, "K66-D030": {"K66-D040": 79.16470777939617}, "K66-U030": {"K66-U040": 165.308698055087}, "K65-U160": {"K65-U170": 64.01088338096326}, "K65-U040": {"K65-U050": 94.13734678807398}, "K66-U190": {"K66-U200": 70.21169195629071}, "K66-D200": {"K66-D210": 126.30481736844108}, "K65A-D030": {"K65A-D040": 61.244873819016355}, "K66-D130": {"K66-D140": 40.927056290385266}, "K66-D080": {"K66-D090": 60.89791289264595}, "K65-U020": {"K65-U030": 136.04849196832055}, "K65-D020": {"K65-D030": 86.46093981373512}, "K65-D160": {"K65-D170": 154.28886221749593}, "K68-D150": {"K68-D160": 65.55959464936284}, "K66-U100": {"K66-U110": 85.371713981734}, "K66-D140": {"K66-D150": 107.61968104471109}, "K68-D110": {"K68-D120": 106.02334839990138}, "K68-D060": {"K68-D070": 110.8363759185474}, "K65-D110": {"K65-D120": 125.57641223896955}, "K68-U120": {"K68-U130": 192.61678700000004}, "K65-D120": {"K65-D130": 64.2933753605605}, "K65-D060": {"K65-D070": 88.67477583260917}, "K66-D070": {"K66-D080": 51.63887956992376}, "K68-D070": {"K68-D080": 189.45768014203009}, "K65-U220": {"K65-U230": 89.27353738749183}, "K66-D110": {"K66-D120": 39.26278209313077}, "K66-D120": {"K66-D130": 73.22828160413596}, "K68-U080": {"K68-U090": 67.29392865500002}, "K68-D170": {"K68-D180": 41.75243603710576}, "K65-U080": {"K65-U090": 215.81465176729483}, "K68-D140": {"K68-D150": 35.66971420573}, "K66-U020": {"K66-U030": 200.373306933}, "K68-U010": {"K68-U020": 100.42653462314003}, "K65-D040": {"K65-D050": 92.31602807661776}, "K68-U140": {"K68-U150": 52.54367710820736}, "K68-U160": {"K68-U170": 84.291624449988}, "K68-D080": {"K68-D090": 79.5246725564}, "K66-U080": {"K66-U090": 177.3428160983768}, "K66-U010": {"K66-U020": 147.3824790293814}, "K68-D160": {"K68-D170": 93.32376536000004}, "K66-U170": {"K66-U180": 36.50587996171924}, "K68-U150": {"K68-U160": 73.6784168527488}, "K65A-U070": {"K65A-U080": 51.65347059798768}, "K66-U120": {"K66-U130": 59.6617285131123}, "K65A-D090": {"K65A-D100": 116.72359719499612}, "K66-U040": {"K66-U050": 155.70996946257713}, "K66-D220": {"K66-D230": 86.81367744364002}, "K65-U060": {"K65-U070": 40.174225452423926}, "K65-U150": {"K65-U160": 62.523140877900495}, "K68-D050": {"K68-D060": 74.04836060013301}, "K66-U090": {"K66-U100": 64.63765695837999}, "K68-U030": {"K68-U040": 31.447536591861383}, "K68-U020": {"K68-U030": 55.711709223778804}, "K68-D190": {"K68-D200": 50.45399744000001}, "K68-U100": {"K68-U110": 213.14567071820005}, "K68-U130": {"K68-U140": 183.43916300000004}, "K66-U060": {"K66-U070": 208.5545997}, "K68-D040": {"K68-D050": 123.24587000000001}, "K68-U050": {"K68-U060": 62.507435411520035}, "K68-D020": {"K68-D030": 120.47649900000002}}