{"KSR": {"YUL": 204.80043211128591, "TWW": 567.3224619899557}}