{"KWF": {"LAK": 143.77108006369446, "KWH": 87.9727953519974}, "KWH": {"TWH": 67.66903638520849, "KWF": 81.45651154444529}, "KWT": {"NTK": 78.65018239096, "LAT": 84.7929763741665}}