{"LAK": {"TSY": 182.18715292039366, "NAC": 257.33377890800625, "KWF": 71.50300274344359, "MEF": 124.93129302856842}, "LAT": {"KWT": 95.49408318049397, "YAT": 97.90904393470105}}