{"LET": {"WCH": 147.73411557765843, "SOH": 103.21996255310198}}