{"MEF": {"NAC": 183.93616076307273, "TWW": 318.70674692001325, "LAK": 113.78632460622006, "LCK": 87.88730503418017}}