{"MKK": {"HUH": 180.35176931663764, "KOT": 134.46788283989144}}