{"NAC": {"OLY": 96.89557043428108, "LAK": 246.3258956788004, "AUS": 208.7113860027544, "MEF": 182.28014578959645}}