{"NTK": {"KWT": 75.42569966309313, "KOB": 72.95869948866837}}