{"OCP": {"ADM": 287.63199180478654, "WCH": 130.7297367342925}}