{"PRE": {"MOK": 110.51114177883593, "SKM": 102.3528644518759, "SSP": 107.24560902322155}}