{"QUB": {"YAT": 240.1819511365242, "TAK": 96.03138785926777, "NOP": 121.40838961970296}}