{"SKW": {"HFC": 141.78597433563445, "SWH": 76.48502556318954}, "SKM": {"PRE": 103.11803061588455, "KOT": 128.86080412640422}}