{"SSP": {"CSW": 86.03450199907462, "PRE": 84.13459309406403}}