{"SUN": {"DIS": 198.58233387484285, "TUC": 823.8868445948898, "TSY": 549.332229855973}, "SUW": {"KAT": 119.872626874, "TKW": 102.40149247440002}}