{"SWH": {"SKW": 107.65893755035488, "TAK": 91.43655028697528}}