{"SYP": {"SHW": 120.79459145013716, "HKU": 90.97632793718287}}