{"TIH": {"CAB": 82.69558531666607, "FOH": 112.62339697406621}, "TIK": {"TKO": 211.94480359661716, "YAT": 121.76615926845447}, "TIS": {"LOP": 177.10169609534202, "SIH": 365.6109014407307}}