{"TKO": {"LHP": 131.55378962438084, "TIK": 253.290538590211, "HAH": 159.48613146929034}, "TKW": {"SUW": 130.28884340999997, "HOM": 135.96963791399997}}