{"TST": {"ADM": 145.70085701029745, "JOR": 32.79715050516027}, "TSY": {"SUN": 681.4207290735195, "KOW": 562.3191776594844, "LAK": 195.91572453719814, "AIR": 1472.1194259767037}, "TSH": {"SHM": 211.2838059578227, "HEO": 140.42929219999996}, "TSW": {"TWH": 45.158098451914}}