{"TWO": {"TAP": 133.63077230476335, "FAN": 295.6872314347853}, "TWW": {"MEF": 300.8519227266972, "KSR": 658.1151433327166}, "TWH": {"KWH": 45.10293601028512, "TSW": 73.31574690511712}}