{"UNI": {"FOT": 192.12478215145802, "TAP": 360.1952424451513}}