{"WTS": {"LOF": 109.6317657266724, "DIH": 86.45290426106183}}