{"YAT": {"LAT": 140.9134602752373, "QUB": 245.24692431801068, "TIK": 121.67032905602146}}