{"YMT": {"JOR": 94.62169531493214, "HOM": 184.28816530495382, "MOK": 110.45019230866679}}