{"1": {"6": 58.34071505881307, "2": 35.6690171289452}}