{"AUS": {"ETS": 141.93953835000002, "NAC": 196.9731936858881}}