{"CKT": {"TAW": 117.02167639134602, "STW": 125.7765756}}