{"DIS": {"SUN": 198.58233387484285}, "DIH": {"CHH": 129.46653662025932, "KAT": 163.94111322786208, "WTS": 126.22242749671545, "HIK": 321.8427033210727}}