{"EXC": {"HUH": 188.52217841468934, "ADM": 83.78632928717127}}