{"HEO": {"TSH": 136.9246390976517, "MOS": 128.76537868423262}}