{"HFC": {"SKW": 137.85256470289454, "CHW": 112.06808152705005}}