{"HIK": {"TAW": 157.39714877988666, "DIH": 318.8735750210933}}