{"HKU": {"SYP": 125.40282096527667, "KET": 99.06191243400556}}