{"HUH": {"MKK": 213.67645614492193, "EXC": 174.7278704384177, "ETS": 181.20601373428494, "HOM": 134.32656160558093}}