{"K52-nD220": {"K52-nD230": 98.45576540271543}, "K53-D060": {"K53-D070": 108.81665775283989}, "K52-nD020": {"K52-nD030": 13.42309310449005}, "K51-U040": {"K51-U050": 107.14123526972722}, "K52-nU150": {"K52-nU160": 73.54947721768414}, "K54-D040": {"K54-D050": 152.44570124396415}, "K51-D030": {"K51-D040": 41.714981979615004}, "K53-U120": {"K53-U130": 59.77463450540097}, "K54-D050": {"K54-D060": 72.22622483166279}, "K53-U050": {"K53-U060": 118.85049820221384}, "K51-D070": {"K51-D080": 43.49962604936001}, "K53-U030": {"K53-U040": 166.7155805830559}, "K53-D015": {"K53-D020": 45.928477268179165}, "K53-D120": {"K53-D130": 41.61883564017877}, "K51-U200": {"K51-U210": 72.79115869811744}, "K51-D110": {"K51-D120": 41.33280552770889}, "K52-nD200": {"K52-nD210": 106.22506116645665}, "K52-nD150": {"K52-nD160": 77.1897464783601}, "K53-U070": {"K53-U080": 186.1331743026386}, "K52A-U140": {"K52A-U150": 160.3587376188347}, "K52A-D010": {"K52A-D020": 277.22514609909916}, "K52-nU280": {"K52-nU290": 43.986804560442025}, "K51-U020": {"K51-U030": 80.54163412455556}, "K51-D020": {"K51-D030": 50.964661600632695}, "K53-U090": {"K53-U100": 75.67560587980883}, "K51-D250": {"K51-D260": 155.3242462587868}, "K51-U180": {"K51-U190": 92.29014757617074}, "K52-nD170": {"K52-nD180": 85.0761334705733}, "K53-U060": {"K53-U070": 51.98623385785362}, "K51-D130": {"K51-D140": 34.20453361252211}, "K52-nU260": {"K52-nU270": 47.33037745815893}, "K52-nU090": {"K52-nU100": 78.85067811940003}, "K52-nD050": {"K52-nD060": 22.4649419495}, "K53-U040": {"K53-U050": 107.73851521520328}, "K51-D260": {"K51-D270": 43.044718157339204}, "K54-U040": {"K54-U050": 113.44639301991963}, "K52-nU140": {"K52-nU150": 102.40457580941529}, "K53-D090": {"K53-D100": 32.2296864503483}, "K52-nD290": {"K52-nD300": 95.81978820664798}, "K53-U010": {"K53-U020": 242.40795141332433}, "K53-U080": {"K53-U090": 58.189318406805945}, "K52-nD260": {"K52-nD270": 49.681508405117015}, "K52-nD270": {"K52-nD280": 81.54595030490303}, "K54-D060": {"K54-D070": 129.87624583825945}, "K51-U130": {"K51-U140": 51.746129877437795}, "K53-U100": {"K53-U110": 57.101974868724355}, "K52-nD080": {"K52-nD090": 43.16130566510001}, "K52-nU270": {"K52-nU280": 177.59349829368716}, "K51-D220": {"K51-D230": 242.59918341873222}, "K53-U130": {"K53-U140": 43.80145204239661}, "K51-U090": {"K51-U100": 116.54146767710863}, "K51-U060": {"K51-U070": 238.00647190650048}, "K53-D150": {"K53-D160": 118.52441068658045}, "K53-D020": {"K53-D030": 89.60499262601051}, "K52-nD120": {"K52-nD130": 34.56787298905959}, "K52-nU080": {"K52-nU090": 64.69506763989945}, "K51-D210": {"K51-D220": 124.25918501576398}, "K51-D150": {"K51-D160": 126.6398277329071}, "K51-D200": {"K51-D210": 109.94258861891171}, "K51-U100": {"K51-U110": 167.52916893042214}, "K52-nU180": {"K52-nU190": 57.66806219214336}, "K51-U140": {"K51-U150": 45.101984356734164}, "K52-nD010": {"K52-nD020": 16.3739509646079}, "K51-D120": {"K51-D130": 32.625011991899996}, "K53-D110": {"K53-D120": 132.14741119580987}, "K51-U220": {"K51-U230": 48.92005904560919}, "K51-D010": {"K51-D020": 77.62996030000002}, "K54-U020": {"K54-U030": 78.7315661}, "K53-U020": {"K53-U030": 117.91444916345017, "K53-D160": 829.7500695334675}, "K52A-U170": {"K52A-U180": 275.3350957777515}, "K53-U110": {"K53-U120": 82.28225715007257}, "K53-D030": {"K53-D040": 57.876729826178725}, "K52-nU290": {"K52-nU300": 38.434635642346905}, "K54-D010": {"K54-D020": 101.85864872240002}, "K52-nD030": {"K52-nD040": 15.0283214}, "K52-nD070": {"K52-nD080": 91.81226108877397}, "K51-D160": {"K51-D170": 50.627734359792726}, "K52-nU040": {"K52-nU050": 40.98350743813627}, "K51-D180": {"K51-D190": 124.86492442662498}, "K53-U140": {"K53-D010": 70.24644298850194}, "K53-D130": {"K53-D140": 56.15350539380387}, "K52-nU190": {"K52-nU200": 111.7413380304467}, "K51-D240": {"K51-D250": 96.46197141365789}, "K52-nU200": {"K52-nU210": 70.43013544307524}, "K54-U060": {"K54-U070": 182.96792040860797}, "K51-U030": {"K51-U040": 51.76545021146781}, "K51-U150": {"K51-U160": 66.68159114686344}, "K52-nU300": {"K52-nU310": 33.49980984191}, "K54-U050": {"K54-U060": 280.6105583720607}, "K52-nD240": {"K52-nD250": 140.20911448283886}, "K51-U080": {"K51-U090": 126.45417384446364}, "K51-U230": {"K51-U240": 34.9686483210753}, "K52-nU110": {"K52-nU120": 120.35707112357031}, "K51-D230": {"K51-D240": 71.32513155927958}, "K53-D050": {"K53-D060": 113.1900240510018}, "K52-nU220": {"K52-nU230": 76.33387048154921}, "K52-nD060": {"K52-nD070": 127.87146102990815}, "K51-U120": {"K51-U130": 111.49787425728873}, "K52-nU060": {"K52-nU070": 82.95614691743754}, "K51-U110": {"K51-U120": 110.86286002564805}, "K53-D010": {"K53-D015": 80.85528656299138}, "K51-D170": {"K51-D180": 74.59525248637205}, "K52-nD110": {"K52-nD120": 150.54479773348785}, "K51-U210": {"K51-U220": 37.229921517205064}, "K51-D270": {"K51-D280": 66.66348612338383}, "K52-nU230": {"K52-nU240": 45.6770855167}, "K51-D060": {"K51-D070": 35.51876139837567}, "K52-nD100": {"K52-nD110": 46.96308681421681}, "K52-nU240": {"K52-nU250": 48.37436362119617}, "K52-nU070": {"K52-nU080": 74.11452176687646}, "K52-nU160": {"K52-nU170": 34.15084773377757}, "K54-D030": {"K54-D040": 59.46873137459757}, "K52-nD210": {"K52-nD220": 157.48184518679233}, "K53-D040": {"K53-D050": 61.341970276555514}, "K51-D140": {"K51-D150": 61.11221735234246}, "K52-nD180": {"K52-nD190": 112.78655327529995}, "K53-D140": {"K53-D150": 109.3934144003151}, "K52A-D060": {"K52A-D070": 129.34768316859828}, "K52-nU170": {"K52-nU180": 127.71989901329997}, "K51-D050": {"K51-D060": 35.286726574519705}, "K52-nD250": {"K52-nD260": 146.1338584079167}, "K53-D100": {"K53-D110": 59.01548843378515}, "K51-U070": {"K51-U080": 175.0111864915546}, "K52-nD090": {"K52-nD100": 47.574834392880014}, "K51-U010": {"K51-U020": 31.988702511191}, "K52-nD280": {"K52-nD290": 76.68401176700002}, "K52-nU210": {"K52-nU220": 67.2850455198699}, "K51-U170": {"K51-U180": 69.99611303969195}, "K52-nU030": {"K52-nU040": 95.98194100000002}, "K52-nD160": {"K52-nD170": 123.70405030117908}, "K51-U190": {"K51-U200": 72.05593266426078}, "K51-D090": {"K51-D100": 74.78421559651868}, "K52-nU250": {"K52-nU260": 61.423217811854}, "K51-D280": {"K51-D290": 73.56199896828751}, "K51-D040": {"K51-D050": 38.08227670303419}, "K53-D070": {"K53-D080": 38.08109586566094}, "K52-nU100": {"K52-nU110": 120.46007293111202}, "K54-U030": {"K54-U040": 95.77438675923102}, "K54-D020": {"K54-D030": 149.17228549346265}, "K53-D080": {"K53-D090": 33.1349998055886}, "K51-U050": {"K51-U060": 245.3751575801146}, "K51-D190": {"K51-D200": 110.14366299569049}, "K52-nD190": {"K52-nD200": 113.89837587355252}, "K54-U010": {"K54-U020": 58.9753937866}, "K52-nD130": {"K52-nD140": 70.30757619991347}, "K52-nU120": {"K52-nU140": 85.85038700987035}, "K52-nD140": {"K52-nD150": 94.02622544046585}, "K52-nU020": {"K52-nU030": 52.10140925380599}, "K54A-U010": {"K54A-U020": 66.04199382598865}, "K54A-U020": {"K54A-U030": 72.28692945741004}, "K54A-D040": {"K54A-D050": 128.52806024525734}, "K54A-U040": {"K54A-U050": 119.67107288516668}, "K54-U070": {"K54-D010": 113.704284596506}, "K54A-D020": {"K54A-D030": 172.6845857074306}, "K54A-D010": {"K54A-D020": 216.74906881114242}, "K54A-U030": {"K54A-U040": 93.04378867241113}, "K54A-D030": {"K54A-D040": 76.33644202086568}, "K51-U240": {"K51-U250": 100.86382079457755}, "K51-D100": {"K51-D110": 119.95937962554903}, "K51-D080": {"K51-D090": 98.09073521356308}, "K52-nD040": {"K52-nD050": 11.1562922}, "K51-U160": {"K51-U170": 81.36780152778172}, "K52-nU010": {"K52-nU020": 33.316173000000006}, "K52-nD230": {"K52-nD240": 136.03908710518}, "K52-nU050": {"K52-nU060": 211.95176455000006}, "K53-D160": {"K53-U011": 171.23238618447618}}