{"K66-D120": {"K66-D130": 57.647085132254574}, "K66-D110": {"K66-D120": 75.10863092010601}, "K65-U200": {"K65-U210": 48.60880049979541}, "K68-D090": {"K68-D100": 134.61871788166428}, "K66-U090": {"K66-U100": 46.10868985276001}, "K66-D230": {"K66-D240": 70.7700882856}, "K66-D200": {"K66-D210": 98.89110035517402}, "K65-U080": {"K65-U090": 106.39148685391308}, "K65-U070": {"K65-U080": 50.162720611636004}, "K65-U050": {"K65-U060": 83.30595577015436}, "K66-D090": {"K66-D100": 28.182}, "K68-D010": {"K68-D020": 50.91548}, "K68-D070": {"K68-D080": 185.20727026600002}, "K68-D060": {"K68-D070": 68.4913569}, "K65-D100": {"K65-D110": 174.30254915259997}, "K66-D050": {"K66-D060": 20.614735000000003}, "K66-D010": {"K66-D020": 14.625710000000003}, "K65-U060": {"K65-U070": 27.230908311620112}, "K68-D080": {"K68-D090": 71.75072935800003}, "K66-D150": {"K66-D160": 85.57087055000001}, "K66-D170": {"K66-D180": 161.2471327322}, "K66-U130": {"K66-U140": 51.90426068067973}, "K65-U160": {"K65-U170": 50.564640141806976}, "K66-U080": {"K66-U090": 139.56187073725476}, "K65-U090": {"K65-U100": 45.213074254487104}, "K65-U110": {"K65-U120": 86.5210609066402}, "K66-U140": {"K66-U150": 51.588984781931586}, "K65-D080": {"K65-D090": 42.990371409833}, "K65-D030": {"K65-D040": 39.88909879999999}, "K65-U030": {"K65-U040": 69.91989743361644}, "K65-D120": {"K65-D130": 44.37027496638001}, "K65-D180": {"K65-D190": 90.43516163029997}, "K65-U020": {"K65-U030": 96.68251300458748}, "K65-D170": {"K65-D180": 82.09839028978165}, "K65-U120": {"K65-U130": 173.7478163707035}, "K65-U100": {"K65-U110": 121.06185919600026}, "K65-D040": {"K65-D050": 64.9836}, "K68-D190": {"K68-D200": 56.82371549190229}, "K65-U150": {"K65-U160": 50.22664018910463}, "K66-U040": {"K66-U050": 122.010821}, "K65-U010": {"K65-U020": 227.01922054053276}, "K66-U160": {"K66-U170": 44.06310008739053}, "K65-D130": {"K65-D140": 67.263131057465}, "K66-U100": {"K66-U110": 57.47464285046332}, "K68-D050": {"K68-D060": 43.69805}, "K66-U170": {"K66-U180": 32.75768856767865}, "K65-D010": {"K65-D020": 34.617000000000004}, "K66-U050": {"K66-U060": 34.925711879633}, "K66-U110": {"K66-U120": 42.455178839999995}, "K66-U210": {"K66-U220": 45.42533237672169}, "K66-D190": {"K66-D200": 69.20346249837006}, "K65-U170": {"K65-U180": 45.46320458005686}, "K65-U210": {"K65-U220": 74.91084213927283}, "K66-U060": {"K66-U070": 121.44545685899998}, "K66-D130": {"K66-D140": 30.913960000000003}, "K66-U020": {"K66-U030": 164.97432999999998}, "K66-D030": {"K66-D040": 67.5229645009722}, "K66-U150": {"K66-U160": 53.863850689553466}, "K65-D060": {"K65-D070": 51.98301158599976}, "K66-D060": {"K66-D070": 24.14767413389888}, "K68-D110": {"K68-D120": 91.16811}, "K65-U220": {"K65-U230": 75.03307370343104}, "K65-U140": {"K65-U150": 86.46355480890739}, "K65-D050": {"K65-D060": 61.61044000000002}, "K66-D100": {"K66-D110": 28.90800374715}, "K68-U100": {"K68-U110": 191.4}, "K65-D110": {"K65-D120": 90.32547020528003}, "K68-U170": {"K68-D010": 138.0734636}, "K66-U010": {"K66-U020": 125.07097427000001}, "K66-D020": {"K66-D030": 45.42776}, "K68-D020": {"K68-D030": 63.269202590000006}, "K66-U180": {"K66-U190": 60.921575241933695}, "K66-U190": {"K66-U200": 64.4554808453}, "K65-U130": {"K65-U140": 26.999908181438247}, "K68-D200": {"K68-U011": 62.907356255009745}, "K65-D140": {"K65-D150": 90.26997761246908}, "K66-D210": {"K66-D220": 121.91075154543871}, "K68-D180": {"K68-D190": 26.666449485770492}, "K65-U180": {"K65-U190": 70.6881908430573}, "K68-D170": {"K68-D180": 38.89578353738}, "K66-D070": {"K66-D080": 24.758765944000004}, "K65-U190": {"K65-U200": 33.7869557853137}, "K68-D140": {"K68-D150": 29.037708565799996}, "K66-U030": {"K66-U040": 148.45647307}, "K65-U040": {"K65-U050": 82.50987426640907}, "K68-U080": {"K68-U090": 16.39}, "K66-D220": {"K66-D230": 70.82728189845018}, "K66-U120": {"K66-U130": 53.021230447069}, "K68-D120": {"K68-D130": 169.86123}, "K66-D040": {"K66-D050": 19.263336536000004}, "K68-D160": {"K68-D170": 84.397763043}, "K65-D160": {"K65-D170": 112.8891511843589}, "K68-D030": {"K68-D040": 58.08393000000001}, "K68-D150": {"K68-D160": 44.97911194700001}, "K68-D100": {"K68-D110": 77.13888719999999}, "K65-D070": {"K65-D080": 91.206665792}, "K66-U200": {"K66-U210": 56.35653780936862}, "K66-U070": {"K66-U080": 138.74452570000003}, "K65-D020": {"K65-D030": 53.184097318}, "K68-D130": {"K68-D140": 53.41021169}, "K65-D090": {"K65-D100": 80.32746130400001}, "K65-D150": {"K65-D160": 81.45807649228581}, "K68-U060": {"K68-U070": 61.82000000000001}, "K68-U130": {"K68-U140": 138.974}, "K66-D080": {"K66-D090": 38.12937304}, "K68-D040": {"K68-D050": 82.423}, "K68-U140": {"K68-U150": 26.0601}, "K68-U040": {"K68-U050": 41.800000000000004}, "K68-U150": {"K68-U160": 105.46426000000004}, "K66-D180": {"K66-D190": 40.44571849999999}, "K66-D140": {"K66-D150": 71.5833278648}, "K68-U110": {"K68-U120": 166.10000000000002}, "K68-U090": {"K68-U100": 102.30000000000001}, "K68-U120": {"K68-U130": 121.176}, "K66-D160": {"K66-D170": 106.31767399999998}, "K68-U160": {"K68-U170": 81.728}, "K68-U070": {"K68-U080": 44.0}, "K68-U050": {"K68-U060": 46.2}}