{"K75P-U020": {"K75P-U030": 104.22925250033893}, "K75P-U100": {"K75P-U110": 49.744845919740975}, "K73-U110": {"K73-U120": 210.6312934379569}, "K73-U090": {"K73-U100": 85.14043309940715}, "K73-D030": {"K73-D040": 106.9844085649828}, "K73-U070": {"K73-U080": 118.96200392435637}, "K75P-U060": {"K75P-U070": 25.557072719518665}, "K73-U040": {"K73-U060": 161.7153779814197, "K73-U050": 85.19587063696542}, "K73-U030": {"K73-U040": 71.54629872630049}, "K73-U050": {"K73-U060": 80.20396258011455}, "K75A-D100": {"K75A-D110": 89.07021037752}, "K73-U100": {"K73-U110": 196.1385732229333}, "K73-D090": {"K73-D100": 85.50836230242204}, "K73-D150": {"K73-D160": 65.54903760170379}, "K75P-D070": {"K75P-D080": 83.99729272574783}, "K75A-D080": {"K75A-D090": 52.397259315500015}, "K75A-D060": {"K75A-D070": 25.71771163259556}, "K75P-D060": {"K75P-D070": 157.1950355715453}, "K73-U010": {"K73-U020": 62.36599955136256}, "K73-D050": {"K73-D070": 85.98463741729519}, "K75P-U110": {"K75P-U120": 78.41354392789131}, "K75P-U140": {"K75P-D010": 121.62996051401885}, "K75P-D010": {"K75P-D020": 98.02445562984667}, "K75P-D080": {"K75P-U011": 109.55094409596367}, "K75P-D040": {"K75P-D050": 152.32070489363315}, "K73-D130": {"K73-D140": 125.1141449343794}, "K75P-U130": {"K75P-U140": 38.31322843786002}, "K75P-D020": {"K75P-D030": 29.338943398863428}, "K75P-D030": {"K75P-D040": 103.58218910445149}, "K76-D010": {"K76-D020": 197.1624884616863}, "K76-D020": {"K76-D030": 125.41314081316742}, "K75A-D050": {"K75A-D060": 60.07609644398887}, "K76-U030": {"K76-U040": 163.1008444327414}, "K73-U060": {"K73-U070": 127.16399909671073}, "K73-D020": {"K73-D030": 64.33592333965098}, "K75A-U010": {"K75A-U020": 39.66262905000001}, "K73-U080": {"K73-U110": 298.3737134416454, "K73-U090": 262.6247716192216}, "K75A-D070": {"K75A-D080": 21.451781676335976}, "K75P-U080": {"K75P-U090": 42.97854315956796}, "K73-U020": {"K73-U030": 160.23221286879692}, "K73-D120": {"K73-D130": 109.15973645985522}, "K73-D070": {"K73-D080": 136.6103314747299}, "K75P-U090": {"K75P-U100": 41.71015211664194}, "K75P-U040": {"K75P-U050": 96.99937855139515}, "K73-D140": {"K73-D150": 184.24493997899114}, "K73-D040": {"K73-D050": 69.17926273546202}, "K75P-D050": {"K75P-D060": 68.26359563921108}, "K73-D110": {"K73-D120": 67.31144445809045}, "K73-D100": {"K73-D110": 167.74303840567606}, "K73-D010": {"K73-D020": 71.19236546050026}, "K75A-D010": {"K75A-D020": 160.96951717}, "K75A-D030": {"K75A-D040": 48.45562063732347}, "K75A-D020": {"K75A-D030": 27.553340455126754}, "K75P-U030": {"K75P-U040": 119.54628999394262}, "K75P-U120": {"K75P-U130": 59.8759152887459}, "K75A-U030": {"K75A-D010": 203.37983180423197}, "K75P-U070": {"K75P-U080": 96.32572366294947}, "K75A-D110": {"K75A-U011": 118.09945904741001}, "K73-D080": {"K73-D090": 263.5939418763383}, "K75A-D090": {"K75A-D100": 30.513755315436743}, "K74-D020": {"K74-D030": 145.02339764528094}, "K76-D030": {"K76-D040": 73.88696065539341}, "K75A-U020": {"K75A-U030": 132.65461}, "K75P-U050": {"K75P-U060": 156.61043531263314}, "K75A-D040": {"K75A-D050": 46.50328639848081}, "K75P-U010": {"K75P-U020": 84.515016727642}}