{"KOT": {"MKK": 203.263069492809, "LOF": 122.95423699038861, "TAW": 317.6730323449691, "SKM": 130.8694683946463}, "KOW": {"HOK": 177.74209989476606, "TSY": 521.917155346934, "OLY": 136.27994452318552}, "KOB": {"CHH": 178.91550907493266, "NTK": 128.4775426891115}}