{"KSR": {"YUL": 220.68414313109105, "TWW": 565.8253157909601}}