{"LAK": {"NAC": 246.98465290801818, "TSY": 195.2087963090502, "KWF": 138.92750942135802, "MEF": 130.69208945709156}, "LAT": {"YAT": 129.4154210967467, "KWT": 126.01909545719843}}