{"LET": {"WCH": 173.086069907547, "SOH": 109.11434894258699}}