{"LOW": {"SHS": 240.62056609708003}, "LOF": {"KOT": 132.2459200783158, "WTS": 123.96779468854679}, "LOP": {"TIS": 179.86004257205178, "YUL": 131.29412072136705}}