{"MKK": {"KOT": 188.33391554048643, "HUH": 163.5029402981251}}