{"MOK": {"YMT": 123.43837946959975, "PRE": 124.47537547722943}, "MOS": {"WKS": 164.52806359839946, "HEO": 136.651525926}}