{"NAC": {"LAK": 249.1457556958936, "OLY": 79.02640298627367, "MEF": 187.1762051472388, "AUS": 209.08343298588812}}