{"NOP": {"QUB": 130.11434818647385, "FOH": 129.86978134802894}}