{"NTK": {"KWT": 122.52171589079987, "KOB": 131.59415057201073}}