{"OCP": {"WCH": 134.4132030808406, "ADM": 287.63198477729406}}