{"OLY": {"NAC": 131.64621838886657, "KOW": 131.94086092307845}}