{"SKM": {"PRE": 128.41185666516552, "KOT": 141.97868386961278}, "SKW": {"SWH": 98.55507691521815, "HFC": 152.18584730800464}}