{"SSP": {"CSW": 125.37200500189344, "PRE": 124.91312604551395}}