{"SWH": {"TAK": 127.1758648553533, "SKW": 129.62156978605762}}