{"TAW": {"KOT": 302.9561653994149, "SHT": 130.83944943544103, "CKT": 144.29664545409892, "HIK": 176.85212213902443}, "TAP": {"UNI": 425.21332208649426, "TWO": 174.42804622159093}, "TAK": {"QUB": 130.84000783807855, "SWH": 127.48600388200842}}