{"TIK": {"YAT": 136.39558128972314, "TKO": 173.72903345939253}, "TIH": {"FOH": 102.51850898906737, "CAB": 126.86099761883595}, "TIS": {"LOP": 183.029279917051, "SIH": 383.4475039493623}}