{"TSY": {"LAK": 192.78337928481227, "SUN": 508.56926047692133, "AIR": 1521.5239132569427, "KOW": 371.02985447474293}, "TST": {"ADM": 202.9449782767098, "JOR": 125.3975602}, "TSH": {"HEO": 135.409699014198, "SHM": 223.42695376400667}, "TSW": {"TWH": 127.01879414962032}}