{"WAC": {"ADM": 133.1038404887409, "CAB": 183.05749552750564}}