{"YAT": {"QUB": 250.87010817177543, "TIK": 139.93774671900098, "LAT": 169.5950295054532}}