{"5": {"305": 82.40754450452835, "6": 158.39104377201835}}