{"AIR": {"TSY": 1520.8706604508527, "AWE": 123.0643666459188}}