{"AUS": {"NAC": 206.9583353657662, "ETS": 167.52826986}}