{"CSW": {"LCK": 122.63925578104306, "SSP": 130.35661690822684}}