{"DIH": {"WTS": 126.44119269571517, "HIK": 314.9721631715517, "CHH": 118.86001815472757, "KAT": 169.62491659040003}, "DIS": {"SUN": 198.58233387484285}}