{"EXC": {"HUH": 160.95622242700728, "ADM": 87.22867015555144}}