{"FOT": {"UNI": 166.67760459554933, "SHT": 151.96296634745508}, "FOH": {"TIH": 108.03941874955926, "NOP": 116.021518898577}}