{"HAH": {"TKO": 151.0755957737204, "POA": 124.4301888999865}}