{"HFC": {"SKW": 152.74810413227016, "CHW": 209.67209355233527}}