{"HKU": {"SYP": 113.8435190100964, "KET": 97.10652959024424}}