{"HUH": {"MKK": 221.41450370348397, "EXC": 188.4349534649215, "ETS": 139.5953762398831, "HOM": 120.5194471249484}}