{"JOR": {"TST": 128.52416039356794, "YMT": 130.83916377663508}}