{"K12-D010": {"K12-D020": 174.13585580259627}, "K12-D030": {"K12-D040": 27.89351578668994}, "K18-U020": {"K18-U030": 67.96390869718144}, "K17-D020": {"K17-D030": 30.54819266820952}, "K17-D010": {"K17-D020": 297.19018425981784}, "K17-U020": {"K17-U030": 148.53258191533058}, "K12-U020": {"K12-U030": 224.86435481940754}, "K12-U010": {"K12-U020": 266.9595723444512}, "K17-U030": {"K17-U040": 101.14752450312946}, "K18-U010": {"K18-U020": 245.49215848143098}, "K18-D020": {"K18-D030": 41.982972679026986}, "K17-U010": {"K17-U020": 283.8789764666328}, "K12-D020": {"K12-D030": 315.896985440198}, "K18-D010": {"K18-D020": 224.70738984662813}}