{"K58-D196": {"K58-D200": 81.8378}, "K58-U023": {"K58-U026": 54.339999999999996}, "K54-D020": {"K54-D030": 156.47047249364152}, "K58-D100": {"K58-D110": 168.3}, "K53-D130": {"K53-D140": 86.00620544314484}, "K52-nU020": {"K52-nU030": 91.02095262671737}, "K53-U130": {"K53-U140": 55.04845411537633}, "K51A-D220": {"K51A-D230": 128.2440054770062}, "K52-nD050": {"K52-nD060": 34.14513251584356}, "K51-D200": {"K51-D210": 125.86783364176831}, "K58-U070": {"K58-U080": 127.82000000000001}, "K53-D090": {"K53-D100": 40.66854768992248}, "K51-D250": {"K51-D260": 174.5931315665977}, "K53-D070": {"K53-D080": 49.06349013188019}, "K51A-D230": {"K51A-D240": 159.12620130000005}, "K51A-D250": {"K51A-D260": 94.60434998053927}, "K54-D030": {"K54-D040": 69.69981427065424}, "K51A-U110": {"K51A-U120": 131.35394991482002}, "K53-U070": {"K53-U080": 54.399029206375964}, "K52-nD060": {"K52-nD070": 128.2786233665646}, "K53-D010": {"K53-D015": 99.03554513921476}, "K51-U150": {"K51-U160": 79.28550405798528}, "K51-U020": {"K51-U030": 89.21262240686947}, "K52-nU280": {"K52-nU290": 43.35031054227042}, "K51-D220": {"K51-D230": 271.4682632163843}, "K51-U030": {"K51-U040": 71.08104530576523}, "K53-U110": {"K53-U120": 94.88314311319752}, "K54-D040": {"K54-D050": 175.98039289760746}, "K52-nU210": {"K52-nU220": 78.3617915194342}, "K53-D020": {"K53-D030": 101.80666378215983}, "K52-nU290": {"K52-nU300": 42.785677462132064}, "K53-D110": {"K53-D120": 138.23322979554268}, "K53-U020": {"K53-U030": 169.35752185234472, "K53-D160": 898.6029845492172}, "K52-nU010": {"K52-nU020": 33.80538437844819}, "K51-U240": {"K51-U250": 105.8016296050929}, "K54-D010": {"K54-D020": 177.82559993141362}, "K52-nU270": {"K52-nU280": 169.8322972937288}, "K53-D030": {"K53-D040": 67.77665540572205}, "K54-U010": {"K54-U020": 55.23064813996687}, "K54-U040": {"K54-U050": 132.30804703707213}, "K54-U030": {"K54-U040": 117.85035424263681}, "K52-nD130": {"K52-nD140": 80.06593478761889}, "K53-U140": {"K53-D010": 88.6995275786472}, "K52-nD070": {"K52-nD080": 103.222918148}, "K53-D040": {"K53-D050": 67.5641434622281}, "K53-U050": {"K53-U060": 158.0120746627572}, "K53-D050": {"K53-D060": 69.2157522678142}, "K54-U020": {"K54-U030": 107.47569290545523}, "K53-U090": {"K53-U100": 100.26444879644377}, "K51-D070": {"K51-D080": 54.221040999041676}, "K53-D150": {"K53-D160": 144.29932318332618}, "K58-D150": {"K58-D160": 77.33000000000001}, "K51A-U220": {"K51A-U230": 83.78497206550003}, "K52-nU050": {"K52-nU060": 233.13704103012878}, "K51-U110": {"K51-U120": 132.34533361944068}, "K53-U120": {"K53-U130": 71.85533787147949}, "K51A-U050": {"K51A-U060": 259.71000000000004}, "K51A-D180": {"K51A-D190": 125.18713202999997}, "K51A-U100": {"K51A-U110": 224.178471}, "K52-nU230": {"K52-nU240": 67.43163561338605}, "K52A-U170": {"K52A-U180": 275.33340837296066}, "K53-U010": {"K53-U020": 252.89238271779692}, "K58-U190": {"K58-U200": 137.83}, "K52-nU200": {"K52-nU210": 80.72078678416247}, "K52-nD100": {"K52-nD110": 51.980077473963114}, "K51A-U190": {"K51A-U200": 75.89834548548482}, "K51A-U130": {"K51A-U140": 74.31107477729502}, "K51A-D210": {"K51A-D220": 74.78673280000001}, "K53-U030": {"K53-U040": 221.63494326252598}, "K51-D260": {"K51-D270": 51.78743511839899}, "K54-D060": {"K54-D070": 154.28864803376274}, "K52A-D060": {"K52A-D070": 129.34768316859828}, "K51-U080": {"K51-U090": 158.43407372066747}, "K51-D190": {"K51-D200": 143.5740346547848}, "K53-U080": {"K53-U090": 86.4674012263435}, "K52-nD250": {"K52-nD260": 172.1847306197777}, "K52-nD290": {"K52-nD300": 99.6257400730816}, "K52-nU300": {"K52-nU310": 53.153652951317426}, "K58-U080": {"K58-U090": 53.900000000000006}, "K51-D120": {"K51-D130": 35.27321075106406}, "K58-D050": {"K58-D060": 169.4}, "K52-nU190": {"K52-nU200": 134.75900215400256}, "K51A-U020": {"K51A-U030": 93.50000000000001}, "K52-nU160": {"K52-nU170": 36.65409638482845}, "K52-nU150": {"K52-nU160": 88.58548785474804}, "K51A-U160": {"K51A-U170": 70.01562754551001}, "K58-D070": {"K58-D080": 81.51}, "K58-U100": {"K58-U110": 84.65600000000002}, "K58-U120": {"K58-U130": 127.60000000000002}, "K51-U180": {"K51-U190": 100.25529892402832}, "K51-U210": {"K51-U220": 52.801653520644535}, "K51-D130": {"K51-D140": 44.81844243023822}, "K58-D140": {"K58-D150": 27.500000000000004}, "K53-U060": {"K53-U070": 66.33354174976753}, "K51-D230": {"K51-D240": 80.5134248290476}, "K52-nU110": {"K52-nU120": 159.87126537533004}, "K52-nU250": {"K52-nU260": 58.44299233253635}, "K58-D160": {"K58-D170": 206.8}, "K51A-D190": {"K51A-D200": 150.77465715113004}, "K51-D090": {"K51-D100": 85.65226695331145}, "K52-nD260": {"K52-nD270": 62.599234944849925}, "K53-D100": {"K53-D110": 71.32739395511958}, "K51A-U230": {"K51A-U240": 44.407948187018704}, "K51A-U200": {"K51A-U210": 57.06916465486991}, "K51-D180": {"K51-D190": 156.26012128166533}, "K54-U050": {"K54-U060": 306.00642424180165}, "K52-nD090": {"K52-nD100": 62.70059525546917}, "K51-D110": {"K51-D120": 53.67381064787571}, "K51-U130": {"K51-U140": 67.97401049042547}, "K52-nU070": {"K52-nU080": 97.3287966344802}, "K51-D150": {"K51-D160": 165.61665292039996}, "K53-D170": {"K53-D180": 315.70000000000005}, "K51-U230": {"K51-U240": 53.61119850079101}, "K52-nD170": {"K52-nD180": 96.50787448869347}, "K52-nU030": {"K52-nU040": 128.53954030932215}, "K51A-U070": {"K51A-U080": 170.14536000000004}, "K53-U100": {"K53-U110": 75.66063085505589}, "K54-U060": {"K54-U070": 190.89092436211683}, "K51A-U140": {"K51A-U150": 50.7102232608119}, "K51-U190": {"K51-U200": 75.0360136496104}, "K53-U040": {"K53-U050": 133.10404885819412}, "K51-U100": {"K51-U110": 224.74980977086338}, "K52-nD200": {"K52-nD210": 135.1904534708}, "K51-U200": {"K51-U210": 88.71065159318331}, "K52-nU240": {"K52-nU250": 46.89122407067011}, "K52-nD010": {"K52-nD020": 17.591322235640924}, "K51-D020": {"K51-D030": 49.90517813154737}, "K54-D050": {"K54-D060": 95.46536371843689}, "K53-D140": {"K53-D150": 144.67747909955057}, "K51A-D120": {"K51A-D140": 131.05400000000003}, "K58-U180": {"K58-U190": 144.1198}, "K58-U050": {"K58-U060": 42.9}, "K51-U070": {"K51-U080": 145.9660972772108}, "K52-nU170": {"K52-nU180": 130.13284480739514}, "K58-U160": {"K58-U170": 123.09}, "K52-nU060": {"K52-nU070": 127.50658096}, "K52-nD020": {"K52-nD030": 134.7636418555}, "K51-D270": {"K51-D280": 93.0358669443471}, "K51-U050": {"K51-U060": 263.37080086325636}, "K52-nD210": {"K52-nD220": 216.75624209728002}, "K52-nU090": {"K52-nU100": 107.08739307061737}, "K52-nD160": {"K52-nD170": 133.7870914331325}, "K58-D030": {"K58-D040": 39.6}, "K51A-D260": {"K51A-D270": 71.52141868848702}, "K58-D200": {"K58-D210": 70.57919}, "K51-D050": {"K51-D060": 54.845782211766355}, "K52-nD180": {"K52-nD190": 124.49148492939908}, "K51-D100": {"K51-D110": 157.10278096270076}, "K51-D160": {"K51-D170": 64.43048269045951}, "K51-D080": {"K51-D090": 105.95015662000003}, "K51-D170": {"K51-D180": 90.66028441460485}, "K51A-U240": {"K51A-U250": 80.88686994497999}, "K51A-D160": {"K51A-D170": 173.69}, "K51-U140": {"K51-U150": 52.30492913055734}, "K53-D015": {"K53-D020": 48.29854552049128}, "K58-U200": {"K58-U210": 54.89000000000001}, "K52-nD240": {"K52-nD250": 146.83741455177721}, "K52-nD150": {"K52-nD160": 78.30953852641781}, "K51-U160": {"K51-U170": 95.22025335570243}, "K52-nU220": {"K52-nU230": 81.49102101330752}, "K51-U220": {"K51-U230": 63.67033146381042}, "K53-D080": {"K53-D090": 39.25270879023522}, "K52-nD110": {"K52-nD120": 145.98947441100003}, "K52-nD270": {"K52-nD280": 99.14460259635726}, "K54-U070": {"K54-D010": 148.65699573969758}, "K51A-D080": {"K51A-D090": 161.2}, "K58-U140": {"K58-U150": 20.779000000000003}, "K52A-U140": {"K52A-U150": 160.35752784965484}, "K51-D280": {"K51-D290": 80.5468202132304}, "K58-D190": {"K58-D193": 171.94100000000003}, "K58-D120": {"K58-D130": 154.66000000000003}, "K58-U060": {"K58-U070": 146.3}, "K51A-U180": {"K51A-U190": 92.74303985188702}, "K58-U170": {"K58-U180": 213.84}, "K51A-U090": {"K51A-U100": 160.94667600000002}, "K52A-D010": {"K52A-D020": 277.2259005538498},