{"K65-D110": {"K65-D120": 122.12832424693298}, "K65-U090": {"K65-U100": 57.25897659166958}, "K68-U070": {"K68-U080": 37.57106735171}, "K66-D150": {"K66-D160": 103.0172891032407}, "K65-D070": {"K65-D080": 96.56936191334812}, "K65-D180": {"K65-D190": 107.38376428643457}, "K68-U100": {"K68-U110": 186.5900828958}, "K68-U110": {"K68-U120": 191.74638898451605, "K68-D090": 240.9}, "K66-D120": {"K66-D130": 54.69048183170075}, "K65-U180": {"K65-U190": 78.80233812873082}, "K68-U170": {"K68-D010": 150.73566540471998}, "K65-U210": {"K65-U220": 83.4438821388195}, "K66-U070": {"K66-U080": 228.6941803002288}, "K66-D230": {"K66-D240": 91.36043753342668}, "K65-U050": {"K65-U060": 112.01391064627362}, "K66-U160": {"K66-U170": 53.144133828608275}, "K65-U010": {"K65-U020": 287.08645892800007}, "K65-U190": {"K65-U200": 48.577482627079625}, "K68-U120": {"K68-U130": 157.56887527340004}, "K68-U020": {"K68-U030": 44.65130435058979}, "K65-D090": {"K65-D100": 88.67643004132826}, "K66-D140": {"K66-D150": 86.31719209382359}, "K66-U170": {"K66-U180": 35.49198417662467}, "K65-D150": {"K65-D160": 93.7118958361527}, "K65-U170": {"K65-U180": 59.889585049698574}, "K65-U220": {"K65-U230": 82.53760078846375}, "K66-U190": {"K66-U200": 67.73852604294416}, "K66-D080": {"K66-D090": 47.429018185999475}, "K66-D200": {"K66-D210": 119.68550641903047}, "K68-U090": {"K68-U100": 119.93636530801605}, "K65-D140": {"K65-D150": 100.98787946190944}, "K66-D090": {"K66-D100": 28.226319387236025}, "K66-D040": {"K66-D050": 30.297638768188182}, "K68-U150": {"K68-U160": 88.10309670800002}, "K65-D020": {"K65-D030": 70.38221648905237}, "K68-D180": {"K68-D190": 28.385467907334135}, "K65-U110": {"K65-U120": 119.05078165138357}, "K68-U030": {"K68-U040": 30.200154946089583}, "K66-U210": {"K66-U220": 51.17827467929565}, "K66-U150": {"K66-U160": 62.42846822078288}, "K65A-U080": {"K65A-U090": 67.10000000000001}, "K66-D110": {"K66-D120": 28.317850584283292}, "K65-U030": {"K65-U040": 113.27164458572136}, "K65-D010": {"K65-D020": 48.96424471199993}, "K66-D220": {"K66-D230": 72.6386361499768}, "K66-D190": {"K66-D200": 78.81133562245664}, "K68-U080": {"K68-U090": 51.45319471768903}, "K66-U060": {"K66-U070": 176.51969191217444}, "K68-U140": {"K68-U150": 38.47460815748212}, "K68-U160": {"K68-U170": 78.45125012154932}, "K68-D090": {"K68-D100": 152.73121876729806}, "K65-D050": {"K65-D060": 63.47298603044427}, "K68-D030": {"K68-D040": 82.58008573297516}, "K65-D170": {"K65-D180": 87.42082644689721}, "K65-U070": {"K65-U080": 66.50499294306073}, "K66-D160": {"K66-D170": 141.95907598212108}, "K65-U060": {"K65-U070": 38.28941153956187}, "K66-D070": {"K66-D080": 37.919316223627284}, "K66-D100": {"K66-D110": 35.609392269258976}, "K68-D130": {"K68-D140": 64.92707489013233}, "K66-D130": {"K66-D140": 28.545096875551906}, "K68-U040": {"K68-U050": 56.18494206740381}, "K66-U200": {"K66-U210": 63.6728128108575}, "K68-D040": {"K68-D050": 96.22597305116122}, "K65-U100": {"K65-U110": 150.3963371086033}, "K65-U120": {"K65-U130": 208.33629465972916}, "K66-D210": {"K66-D220": 137.13814224994817}, "K65-U040": {"K65-U050": 91.94514058025892}, "K65-D130": {"K65-D140": 90.80414835554431}, "K65-D080": {"K65-D090": 47.77747729534076}, "K66-D050": {"K66-D060": 31.68487847899639}, "K66-U120": {"K66-U130": 61.85863200000002}, "K65-D060": {"K65-D070": 72.3095150638849}, "K68-D060": {"K68-D070": 96.67340550729125}, "K65-U140": {"K65-U150": 103.36523846626935}, "K68-U060": {"K68-U070": 75.22830866377701}, "K66-U100": {"K66-U110": 85.32157031540662}, "K66-U090": {"K66-U100": 60.78310010943257}, "K68-D050": {"K68-D060": 54.66180510250424}, "K66-D030": {"K66-D040": 68.34143517374484}, "K65-D120": {"K65-D130": 58.144074684820545}, "K65-U160": {"K65-U170": 64.15243819057802}, "K65-D040": {"K65-D050": 70.93868472897304}, "K65-D100": {"K65-D110": 218.0614553181143}, "K66-D180": {"K66-D190": 65.71489030374285}, "K65-U150": {"K65-U160": 58.49108384798153}, "K65A-U120": {"K65A-U130": 45.21}, "K65-U080": {"K65-U090": 129.71523918127664}, "K68-D140": {"K68-D150": 29.684080437}, "K68-U130": {"K68-U140": 161.67720407522805}, "K66-U110": {"K66-U120": 43.766840502191954}, "K68-D170": {"K68-D180": 40.214938401000005}, "K66-U030": {"K66-U040": 176.50551046244652}, "K66-U010": {"K66-U020": 129.98971850735913}, "K66-U130": {"K66-U140": 56.47800017990035}, "K65-U200": {"K65-U210": 63.886498893235135}, "K66-D170": {"K66-D180": 186.40775383252645}, "K66-U080": {"K66-U090": 176.55170201187744}, "K68-D080": {"K68-D090": 83.0252525558261}, "K66-U050": {"K66-U060": 44.79515574876431}, "K68-D010": {"K68-D020": 54.02800210600871}, "K66-U040": {"K66-U050": 127.58969961952997}, "K68-D020": {"K68-D030": 78.1094387770606}, "K68-D160": {"K68-D170": 86.04101940679321}, "K68-U010": {"K68-U020": 89.42252815812265}, "K68-D070": {"K68-D080": 203.82050434000004}, "K66-U180": {"K66-U190": 69.32719316468705}, "K65-U020": {"K65-U030": 135.78972983919076}, "K66-D060": {"K66-D070": 31.058122749098708}, "K68-D110": {"K68-D120": 92.85193675123905}, "K66-U020": {"K66-U030": 181.20461872383763}, "K65-D160": {"K65-D170": 136.314971757817}, "K68-U050": {"K68-U060": 46.14887434999001}, "K65-D030": {"K65-D040": 55.07718851094283}, "K66-U140": {"K66-U150": 57.42826811454152}, "K68-D150": {"K68-D160": 68.29563180658451}, "K66-D010": {"K66-D020": 17.019531284439015}, "K68-D100": {"K68-D110": 84.73595802854058}, "K65-U130": {"K65-U140": 34.794437593236886}, "K65A-U060": {"K65A-U070": 34.1}, "K66-D020": {"K66-D030": 59.08851616516232}, "K68-D120": {"K68-D130": 166.66292457392038}, "K68-D200": {"K68-U011": 61.08833514988455}, "K68-D190": {"K68-D200": 48.706182437}, "K65A-U090": {"K65A-U100": 35.2}, "K65A-U110": {"K65A-U120": 82.5}}