{"KAT": {"SUW": 99.97951171588302, "DIH": 147.68363740000007}}