{"KOW": {"HOK": 177.74210016397328, "OLY": 131.04029058971628, "TSY": 524.5505588046798}, "KOT": {"MKK": 149.35407217060808, "TAW": 265.45922516569135, "SKM": 95.12323855013149, "LOF": 126.47804761245388}, "KOB": {"CHH": 186.12019062744793, "NTK": 96.84087144579601}}