{"LCK": {"MEF": 119.10532839682199, "CSW": 129.5988192235913}}