{"LOW": {"SHS": 226.45787389095375}, "LOP": {"TIS": 181.61076298470314, "YUL": 97.70832845272}, "LOF": {"WTS": 119.69097997961924, "KOT": 129.1112445054962}}