{"MKK": {"KOT": 126.66116617122546, "HUH": 189.3366995695769}}