{"MOK": {"YMT": 128.62400253491373, "PRE": 126.94107124099382}, "MOS": {"HEO": 134.09755297354496, "WKS": 147.92320070114462}}