{"NTK": {"KOB": 127.3822844261982, "KWT": 102.21414311180004}}