{"OCP": {"ADM": 287.63196771448463, "WCH": 133.39144448818124}}