{"PRE": {"MOK": 126.11259728472064, "SSP": 121.29239450984551, "SKM": 127.14942428508036}}