{"SKW": {"SWH": 101.40720198372443, "HFC": 130.47944151304853}, "SKM": {"PRE": 125.38141443714535, "KOT": 161.7667791017}}