{"SSP": {"PRE": 132.85307104067866, "CSW": 99.56446598271751}}