{"STW": {"CKT": 86.9295912, "CIO": 126.39544046000003}}