{"TAP": {"TWO": 160.82225346689515, "UNI": 378.49708312630406}, "TAK": {"SWH": 90.22832877784947, "QUB": 116.610111272538}, "TAW": {"SHT": 123.82030663764822, "KOT": 305.0768417487012, "HIK": 165.83003649999998, "CKT": 159.06}}