{"TUC": {"SUN": 812.4524086260449}, "TUM": {"SIH": 151.8684328653335}}