{"UNI": {"TAP": 353.8161515318505, "FOT": 196.9657177607712}}