{"WTS": {"DIH": 123.60142551900503, "LOF": 129.57377432136002}}