{"YAT": {"QUB": 235.978913219692, "TIK": 133.65082715018832, "LAT": 170.34605814979292}}