{"YMT": {"HOM": 167.6936455639887, "MOK": 111.12495279707298, "JOR": 131.33534357026502}}