{"5": {"305": 76.65866528290152, "6": 136.25512835806083}}