{"CHW": {"HFC": 122.33055083388236}, "CHH": {"DIH": 131.4299373077944, "KOB": 160.0003587035943}}