{"CIO": {"SHM": 130.27422824158202, "STW": 132.2778773}}