{"EXC": {"HUH": 178.55568234228508, "ADM": 82.20628641591948}}