{"FOT": {"SHT": 172.83063634373067, "UNI": 172.02234093319598}, "FOH": {"NOP": 125.42089496266506, "TIH": 123.82863418814273}}