{"HAH": {"TKO": 161.56657951733308, "POA": 125.32346426369254}}