{"HEO": {"TSH": 132.580643262617, "MOS": 142.84452606313187}}