{"HFC": {"SKW": 144.5691845448551, "CHW": 125.88402648471254}}