{"HIK": {"TAW": 171.96051661374605, "DIH": 307.75836529181396}}