{"HKU": {"SYP": 127.03817953386913, "KET": 93.92286941912911}}