{"HOK": {"KOW": 189.75256781497447}, "HOM": {"YMT": 147.61929639700537, "TKW": 141.70528851476996, "HUH": 137.39840587512995, "WHA": 83.6755428474406}}