{"JOR": {"YMT": 128.94710198614055, "TST": 119.85159275752751}}