{"K12-D030": {"K12-D040": 89.40068350198146}, "K17-U030": {"K17-U040": 36.24519224182866}, "K12-D010": {"K12-D020": 185.05935466916867}, "K18-U020": {"K18-U030": 63.490604615456405}, "K18-D010": {"K18-D020": 210.93629838802377}, "K12-U020": {"K12-U030": 212.76470850182736}, "K18-D020": {"K18-D030": 74.93773466123369}, "K12-U010": {"K12-U020": 256.0150760998625}, "K17-D020": {"K17-D030": 32.01300150590356}, "K17-U020": {"K17-U030": 135.82541654675674}, "K12-D020": {"K12-D030": 345.28488214139503}, "K17-U010": {"K17-U020": 304.1996285902454}, "K18-U010": {"K18-U020": 288.92244147370354}, "K17-D010": {"K17-D020": 287.7468945103513}}