{"K66-D210": {"K66-D220": 135.6855089213301}, "K66-U200": {"K66-U210": 59.73209380281567}, "K68-U140": {"K68-U150": 32.942019599999995}, "K65-D150": {"K65-D160": 90.49354063945034}, "K66-D100": {"K66-D110": 36.928644906859525}, "K66-D190": {"K66-D200": 73.87667394264888}, "K68-U100": {"K68-U110": 170.29497314720004}, "K66-U010": {"K66-U020": 124.37886231578636}, "K65-U070": {"K65-U080": 63.598061072921304}, "K65-D020": {"K65-D030": 66.21915159073585}, "K65-D080": {"K65-D090": 56.42411433617012}, "K68-U130": {"K68-U140": 152.4930958753972}, "K65-U120": {"K65-U130": 210.57818422534132}, "K65-D070": {"K65-D080": 92.97049580504292}, "K65-U220": {"K65-U230": 79.57581049070724}, "K66-D120": {"K66-D130": 55.696611775676786}, "K68-U070": {"K68-U080": 29.662470147620006}, "K66-U120": {"K66-U130": 48.394011383235394}, "K66-U100": {"K66-U110": 74.69297430532656}, "K65-D120": {"K65-D130": 57.61702674934222}, "K68-U160": {"K68-U170": 76.94222866775732}, "K68-U010": {"K68-U020": 86.06118583417495}, "K66-U080": {"K66-U090": 171.01530072215675}, "K66-U060": {"K66-U070": 165.62067132933186}, "K68-D020": {"K68-D030": 77.68293131012787}, "K65-U110": {"K65-U120": 110.579478995046}, "K66-D110": {"K66-D120": 29.67746964589267}, "K65-D130": {"K65-D140": 82.98010024402437}, "K65-U210": {"K65-U220": 85.70768606729764}, "K65-U040": {"K65-U050": 92.76124073024008}, "K66-U180": {"K66-U190": 87.23525060508783}, "K66-U190": {"K66-U200": 72.46647538196423}, "K65-D090": {"K65-D100": 93.54186265735358}, "K66-U050": {"K66-U060": 38.383455788142115}, "K68-U170": {"K68-D010": 134.3435580215874}, "K65-U050": {"K65-U060": 84.34398991694654}, "K66-D150": {"K66-D160": 81.53620927122248}, "K65-U160": {"K65-U170": 58.41696513163024}, "K68-D110": {"K68-D120": 89.25830332512565}, "K65-U170": {"K65-U180": 56.84651199108132}, "K66-U090": {"K66-U100": 51.53877163705903}, "K66-D030": {"K66-D040": 70.68438631545095}, "K68-D040": {"K68-D050": 86.08403210000002}, "K65-D170": {"K65-D180": 89.07840904428512}, "K65-D010": {"K65-D020": 39.06436264145864}, "K68-U080": {"K68-U090": 36.781820547969}, "K68-U020": {"K68-U030": 33.043193124997}, "K65-D040": {"K65-D050": 58.839421008583166}, "K68-U110": {"K68-U120": 179.99027290694292, "K68-D090": 573.98}, "K66-U170": {"K66-U180": 34.101275529593025}, "K66-U030": {"K66-U040": 165.36293361682723}, "K68-U150": {"K68-U160": 84.91457214296486}, "K66-U130": {"K66-U140": 55.1005181961111}, "K65-D100": {"K65-D110": 215.92096589445842}, "K66-D130": {"K66-D140": 31.6954986780196}, "K66-D180": {"K66-D190": 55.09893079828246}, "K68-D090": {"K68-D100": 135.73526432328427}, "K68-D100": {"K68-D110": 79.25435646016899}, "K68-D080": {"K68-D090": 76.9487016628993}, "K65-U080": {"K65-U090": 119.99397204480121}, "K66-D090": {"K66-D100": 33.88332584327153}, "K66-D020": {"K66-D030": 65.01044082082454}, "K66-U140": {"K66-U150": 50.28948881260234}, "K65-D180": {"K65-D190": 105.54100342188863}, "K66-D040": {"K66-D050": 31.37008973587097}, "K68-D150": {"K68-D160": 58.650161242682316}, "K65-U020": {"K65-U030": 127.11416764323558}, "K65-U180": {"K65-U190": 76.50943135728289}, "K65-D030": {"K65-D040": 51.35896527806259}, "K68-U090": {"K68-U100": 116.97227947548804}, "K65-U150": {"K65-U160": 60.22993154261453}, "K65-D110": {"K65-D120": 111.88636114145166}, "K68-D130": {"K68-D140": 62.64581874780772}, "K66-D230": {"K66-D240": 91.57797825819641}, "K65-D140": {"K65-D150": 104.77792612901742}, "K66-D080": {"K66-D090": 42.05671226695608}, "K66-U040": {"K66-U050": 121.65865370503204}, "K66-U160": {"K66-U170": 48.403203099234965}, "K65-U200": {"K65-U210": 58.77225322183291}, "K68-U040": {"K68-U050": 44.14360509877725}, "K66-D050": {"K66-D060": 30.110502850016616}, "K66-D140": {"K66-D150": 82.46575695377076}, "K65-U190": {"K65-U200": 41.87386717480504}, "K65-U140": {"K65-U150": 105.12514238810559}, "K65-U100": {"K65-U110": 145.96240754512806}, "K66-U070": {"K66-U080": 190.30593758223438}, "K68-D050": {"K68-D060": 46.74424577090713}, "K66-U110": {"K66-U120": 40.90981104270365}, "K65-U030": {"K65-U040": 113.74653969429858}, "K68-D190": {"K68-D200": 44.91985926181244}, "K66-D170": {"K66-D180": 180.45375354483772}, "K66-D220": {"K66-D230": 69.11639729302456}, "K68-U030": {"K68-U040": 29.620599702406857}, "K68-D010": {"K68-D020": 52.21329682884209}, "K65-U010": {"K65-U020": 308.09390143546796}, "K68-D070": {"K68-D080": 191.67254845087268}, "K68-U060": {"K68-U070": 75.84613561809783}, "K66-U020": {"K66-U030": 176.39100723247165}, "K65-D160": {"K65-D170": 134.53598757308973}, "K68-D060": {"K68-D070": 81.06549324486743}, "K65-U090": {"K65-U100": 55.975991580736675}, "K68-D140": {"K68-D150": 25.853877000503008}, "K65-U130": {"K65-U140": 29.001982531020737}, "K66-D200": {"K66-D210": 111.30967827794893}, "K68-D120": {"K68-D130": 160.8192595635156}, "K65-D050": {"K65-D060": 57.95669391548588}, "K66-D070": {"K66-D080": 38.02716824080402}, "K66-D160": {"K66-D170": 124.14674950581448}, "K65-D060": {"K65-D070": 68.42210807332995}, "K68-D170": {"K68-D180": 43.59978753683441}, "K66-D010": {"K66-D020": 38.56942031636268}, "K65-U060": {"K65-U070": 36.04354114634024}, "K68-D200": {"K68-U011": 57.78403656251995}, "K66-D060": {"K66-D070": 70.24605983307325}, "K66-U150": {"K66-U160": 57.15706018741431}, "K66-U210": {"K66-U220": 50.51059057337723}, "K68-D180": {"K68-D190": 92.85286009393047}, "K68-D160": {"K68-D170": 79.17913247265852}, "K68-D030": {"K68-D040": 64.380001318}, "K68-U120": {"K68-U130": 148.420043216}, "K68-U050": {"K68-U060": 41.55064070925663}}