{"KAT": {"SUW": 105.2780605331939, "DIH": 121.45281000000003}}