{"KOW": {"TSY": 490.9839456772984, "HOK": 177.74209989476606, "OLY": 134.460314082799}, "KOT": {"MKK": 162.87218023713532, "TAW": 284.11598692100875, "SKM": 128.4356034, "LOF": 121.47266400270821}, "KOB": {"NTK": 120.60726097505128, "CHH": 153.7955443637919}}