{"KSR": {"YUL": 225.71584357918604, "TWW": 482.9961560966012}}