{"LET": {"WCH": 186.37742714281697, "SOH": 105.1770605721816}}