{"LOW": {"SHS": 221.50007938252102}, "LOP": {"TIS": 185.83273901183733, "YUL": 101.5240394650506}, "LOF": {"KOT": 124.52635011164247, "WTS": 127.4636836050183}}