{"MEF": {"TWW": 320.41425382589284, "LCK": 130.33986483960206, "LAK": 138.55043862325, "NAC": 177.6338260936964}}