{"MKK": {"KOT": 166.82833402311084, "HUH": 193.1695623150012}}