{"NTK": {"KOB": 133.25730000000001, "KWT": 109.4259521511444}}