{"OCP": {"WCH": 133.93261918235513, "ADM": 287.63196421953296}}