{"OLY": {"KOW": 123.46211980578057, "NAC": 131.26386665422385}}