{"PRE": {"SSP": 134.8777985088824, "SKM": 125.2074233103262, "MOK": 117.799379869566}}