{"SHM": {"TSH": 219.59322901303744, "CIO": 95.95761483066}, "SHS": {"FAN": 143.1128859663119, "LOW": 261.75469046547653, "LMC": 378.54368155007154}, "SHT": {"FOT": 166.05504865831867, "TAW": 177.58981927224968}, "SHW": {"CEN": 116.58049005749191, "SYP": 138.76193260960173}}