{"SIH": {"TUM": 154.44661865989917, "TIS": 335.9972561072912}}