{"SKM": {"KOT": 149.6275230350297, "PRE": 128.42064764911885}, "SKW": {"SWH": 90.90965999883461, "HFC": 143.1885350159004}}