{"SSP": {"CSW": 127.5520456253558, "PRE": 129.68454591091637}}