{"STW": {"CKT": 128.54318615896497, "CIO": 110.88445272917}}