{"TAW": {"KOT": 304.47254657515873, "SHT": 123.42587692852621, "HIK": 167.3914375920088, "CKT": 223.41171755409042}, "TAP": {"UNI": 366.9950634106438, "TWO": 164.30844428797107}, "TAK": {"QUB": 130.56614292291079, "SWH": 125.22910778615388}}