{"TIK": {"YAT": 136.47928168345555, "TKO": 265.09156839406114}, "TIS": {"LOP": 184.74821195271085, "SIH": 345.12620826747855}, "TIH": {"CAB": 125.40655811439493, "FOH": 104.68443925217298}}