{"TKO": {"LHP": 130.34979122777958, "TIK": 245.57918106123824, "HAH": 164.14536233754134}, "TKW": {"HOM": 131.53319700000003, "SUW": 113.85353421735502}}