{"TUC": {"SUN": 851.4354767301141}, "TUM": {"SIH": 144.97664641647862}}