{"TWW": {"KSR": 646.8226293858479, "MEF": 290.769764254767}, "TWH": {"KWH": 143.45173150866327, "TSW": 73.31422498293172}, "TWO": {"FAN": 311.07509873676827, "TAP": 172.85388123473732}}