{"WAC": {"ADM": 128.52736789812158, "CAB": 178.91100862420996}}