{"WTS": {"LOF": 130.1246855655939, "DIH": 110.95812048723516}}