{"YMT": {"JOR": 134.82780533759964, "MOK": 116.12821239065015, "HOM": 171.80245798199698}}