{"YUL": {"LOP": 130.19610538728833, "KSR": 234.5399792637159}}