{"AIR": {"TSY": 1538.561841270493, "AWE": 101.53729965361912}}