{"CHW": {"HFC": 120.12433112312881}, "CHH": {"DIH": 128.56672553699255, "KOB": 170.76498825918225}}