{"DIS": {"SUN": 198.58233387484285}, "DIH": {"HIK": 320.3221375807231, "CHH": 131.22516588954542, "KAT": 161.58330818859633, "WTS": 130.14568377525848}}