{"EXC": {"HUH": 186.7056306854916, "ADM": 42.33021638451416}}