{"FOT": {"UNI": 195.64750855875295, "SHT": 159.0167724949487}, "FOH": {"TIH": 128.90267405230844, "NOP": 130.6693540571318}}