{"HFC": {"SKW": 144.85397949493122, "CHW": 144.30305853952692}}