{"HIK": {"TAW": 174.94788536633143, "DIH": 306.46413072109345}}