{"JOR": {"YMT": 124.40615274343057, "TST": 124.26539007200002}}