{"K53-U030": {"K53-U040": 178.26724830211006}, "K53-U110": {"K53-U120": 88.54836205108886}, "K53-D010": {"K53-D015": 105.63671568288942}, "K53-D020": {"K53-D030": 106.07818678930285}, "K53-U090": {"K53-U100": 102.45163101821814}, "K52-nD230": {"K52-nD240": 159.42979911660763}, "K51-D270": {"K51-D280": 105.84757536273428}, "K51-D180": {"K51-D190": 157.9021360514262}, "K58-U050": {"K58-U060": 30.38571329}, "K53-U100": {"K53-U110": 58.80192204144784}, "K53-D090": {"K53-D100": 41.010028224942786}, "K52-nU250": {"K52-nU260": 102.73867947547565}, "K52-nD280": {"K52-nD290": 98.05549853194839}, "K53-U060": {"K53-U070": 68.18098683059333}, "K51-D170": {"K51-D180": 97.23711455055494}, "K53-U080": {"K53-U090": 65.11774020926629}, "K58-D090": {"K58-D100": 136.58552161466588}, "K51-D210": {"K51-D220": 127.26680011142155}, "K52-nU280": {"K52-nU290": 47.78403565097814}, "K51-U160": {"K51-U170": 103.68120156829528}, "K51-U180": {"K51-U190": 96.19217845641003}, "K53-D040": {"K53-D050": 79.89332904131984}, "K53-D070": {"K53-D080": 36.87326893243251}, "K58-D030": {"K58-D040": 66.6054774669321}, "K54-D030": {"K54-D040": 58.20254594242391}, "K51A-D030": {"K51A-D040": 41.739872479999995}, "K53-U050": {"K53-U060": 130.50492913077105}, "K58-U190": {"K58-U200": 86.075}, "K53-U140": {"K53-D010": 79.30902014489602}, "K58-U023": {"K58-U026": 57.076622435340106}, "K53-U020": {"K53-U030": 134.9255846483207, "K53-D160": 1222.5686350207802}, "K51-U230": {"K51-U240": 49.752715786769706}, "K52-nD160": {"K52-nD170": 147.9554687537623}, "K52-nD130": {"K52-nD140": 87.67207257780001}, "K58-U200": {"K58-U210": 64.48871}, "K52-nD250": {"K52-nD260": 189.86230079001194}, "K52-nD020": {"K52-nD030": 41.821499913580254}, "K52-nU040": {"K52-nU050": 72.34133113025877}, "K58-U150": {"K58-U160": 136.2988}, "K51-D040": {"K51-D050": 54.09202201989873}, "K54-U040": {"K54-U050": 137.3852263099074}, "K53-D140": {"K53-D150": 161.39146544630316}, "K51-U210": {"K51-U220": 53.69982370669611}, "K58-D140": {"K58-D150": 51.562927490000014}, "K51-U020": {"K51-U030": 111.2273735258855}, "K53-U070": {"K53-U080": 41.66034520164316}, "K51A-U160": {"K51A-U170": 61.19410000000001}, "K51-U080": {"K51-U090": 105.29936897804957}, "K52-nD120": {"K52-nD130": 36.95826178491236}, "K58-U030": {"K58-U040": 345.71824569990406}, "K58-D040": {"K58-D050": 124.98381819260196}, "K52-nU030": {"K52-nU040": 122.07855284490002}, "K58-U100": {"K58-U110": 92.10996960000001}, "K52-nU240": {"K52-nU250": 87.997147795799}, "K51-U100": {"K51-U110": 184.5205157281036}, "K51-U220": {"K51-U230": 118.11270534931623}, "K53-U010": {"K53-U020": 248.16527632628578}, "K51-U110": {"K51-U120": 88.50221868338679}, "K58-D070": {"K58-D080": 103.17865555029498}, "K58-D160": {"K58-D170": 219.8293965571}, "K52-nU120": {"K52-nU140": 104.87893762909019}, "K52-nU190": {"K52-nU200": 131.40884341256316}, "K52-nD200": {"K52-nD210": 112.73672594223603}, "K51-D070": {"K51-D080": 59.35658599225976}, "K54-D040": {"K54-D050": 159.0787050742041}, "K58-U160": {"K58-U170": 125.08760000000002}, "K52-nD220": {"K52-nD230": 110.89404335459044}, "K51-D050": {"K51-D060": 59.04736651969572}, "K52A-D060": {"K52A-D070": 129.34768316859828}, "K53-U130": {"K53-U140": 56.614448839434615}, "K54-U070": {"K54-D010": 130.06075299502228}, "K53-D060": {"K53-D070": 134.46179412077748}, "K58-U090": {"K58-U100": 181.65327430000002}, "K54-U010": {"K54-U020": 170.4287424927819}, "K51A-D160": {"K51A-D170": 195.15489041100005}, "K58-D180": {"K58-D190": 297.5940946000001}, "K52-nD260": {"K52-nD270": 48.23203633397254}, "K52-nD170": {"K52-nD180": 101.48394930520088}, "K51-D240": {"K51-D250": 120.09194240253532}, "K54-D050": {"K54-D060": 73.02339412441596}, "K51-D110": {"K51-D120": 45.38423566214407}, "K51-D280": {"K51-D290": 61.50496019737932}, "K51-U060": {"K51-U070": 236.88148928191436}, "K51-D160": {"K51-D170": 57.527642083326086}, "K51-D090": {"K51-D100": 63.86141520918087}, "K52A-U140": {"K52A-U150": 160.35980424379807}, "K52-nU260": {"K52-nU270": 118.19239487938435}, "K51-U150": {"K51-U160": 78.98259725991457}, "K51-D200": {"K51-D210": 125.15212849533009}, "K52-nU090": {"K52-nU100": 99.63511981184476}, "K52-nU170": {"K52-nU180": 128.2515020194095}, "K58-U070": {"K58-U080": 124.42373423887}, "K53-D050": {"K53-D060": 73.40921205985538}, "K58-D080": {"K58-D090": 103.34264049999999}, "K53-U120": {"K53-U130": 59.38681941938785}, "K58-D190": {"K58-D193": 142.23000000000002}, "K52-nU270": {"K52-nU280": 169.32382381941824}, "K53-D015": {"K53-D020": 47.06637342904156}, "K51-D230": {"K51-D240": 76.96432772907008}, "K51A-U070": {"K51A-U080": 190.60061100000001}, "K58-U020": {"K58-U023": 167.11183952133234}, "K51A-D120": {"K51A-D140": 143.31549370000002}, "K51-U090": {"K51-U100": 143.56928545575022}, "K51A-D090": {"K51A-D100": 88.43218}, "K52A-U170": {"K52A-U180": 275.33624672570244}, "K58-D170": {"K58-D180": 137.2744681}, "K51-D130": {"K51-D140": 48.092844629433856}, "K52-nD240": {"K52-nD250": 155.36273950726206}, "K51A-D200": {"K51A-D210": 313.15009}, "K52-nD050": {"K52-nD060": 37.00568117130641}, "K52-nU200": {"K52-nU210": 97.27134213972941}, "K58-D130": {"K58-D140": 113.17212841000003}, "K51-U010": {"K51-U020": 51.73020440013623}, "K51A-D260": {"K51A-D270": 57.2}, "K51-D030": {"K51-D040": 30.080928309199997}, "K52-nD210": {"K52-nD220": 190.97456751048202}, "K52-nU110": {"K52-nU120": 152.63493476449713}, "K51-U240": {"K51-U250": 118.50236831895795}, "K52-nU300": {"K52-nU310": 35.394347730955715}, "K52-nU150": {"K52-nU160": 85.78931872266621}, "K52-nD110": {"K52-nD120": 147.071627405867}, "K52-nD190": {"K52-nD200": 144.8477930818959}, "K51-D150": {"K51-D160": 140.03983255264}, "K53-D150": {"K53-D160": 165.37901930635303}, "K52-nU070": {"K52-nU080": 103.89841178289956}, "K51A-U040": {"K51A-U050": 127.00321740872255}, "K58-D196": {"K58-D200": 104.44389999999999}, "K53-D030": {"K53-D040": 68.75479773184097}, "K53-D120": {"K53-D130": 67.27022981426657}, "K54-U030": {"K54-U040": 124.6313148428103}, "K58-D020": {"K58-D030": 135.6563413203955}, "K52-nD040": {"K52-nD050": 48.090821645437}, "K58-U080": {"K58-U090": 99.52907560199999}, "K52-nD030": {"K52-nD040": 52.12102581137949}, "K58-U120": {"K58-U130": 134.16625969999998}, "K51-U200": {"K51-U210": 83.39798620877106}, "K52-nU080": {"K52-nU090": 88.18028820341233}, "K51A-U150": {"K51A-U160": 89.69000000000001}, "K58-U170": {"K58-U180": 211.01080000000002}, "K51-D220": {"K51-D230": 290.3751187170624}, "K51A-D070": {"K51A-D080": 97.12963210673449}, "K51-D020": {"K51-D030": 53.68131398516793}, "K58-D050": {"K58-D060": 214.96145306383}, "K53-D100": {"K53-D110": 75.05043473345968}, "K52-nU220": {"K52-nU230": 83.33301660133188}, "K51-D140": {"K51-D150": 74.6660556444891}, "K58-U180": {"K58-U190": 88.51315000000002}, "K54-D020": {"K54-D030": 155.1619866129996}, "K51A-U050": {"K51A-U060": 315.70112880519764}, "K51A-D060": {"K51A-D070": 100.81065509108433}, "K52-nD010": {"K52-nD020": 18.513678276881894}, "K58-U110": {"K58-U120": 195.85869588999998}, "K51A-U060": {"K51A-U070": 341.72321487500005}, "K54-U060": {"K54-U070": 190.08712349778529}, "K58-U130": {"K58-U140": 92.91040000000001}, "K52-nU180": {"K52-nU190": 86.00020757225231}, "K51A-U130": {"K51A-U140": 89.17488}, "K52-nD070": {"K52-nD080": 125.66490903210004}, "K51-D260": {"K51-D270": 70.82665424054868}, "K51-U040": {"K51-U050": 125.03127705035126}, "K58-D150": {"K58-D160": 75.46958054900003}, "K58-D010": {"K58-D020": 23.185800000000004}, "K51A-U020": {"K51A-U030": 189.49742403000002}, "K52-nD140": {"K52-nD150": 123.31242352572613}, "K51-U130": {"K51-U140": 63.51242167248711}, "K52-nD060": {"K52-nD070": 131.27171492691733}, "K54-D010": {"K54-D020": 94.75228320582318}, "K58-D100": {"K58-D110": 147.68226406899998}, "K51-D120": {"K51-D130": 55.2911019014414}, "K51A-U010": {"K51A-U020": 67.29558080024931}, "K53-U040": {"K53-U050": 109.8346985256906}, "K51A-U030": {"K51A-U040": 63.624326316057406}, "K51-U030": {"K51-U040": 47.22714282754335}, "K51-D190": {"K51-D200": 164.25989567013715},