{"K75P-D050": {"K75P-D060": 86.71989719140791}, "K75P-D070": {"K75P-D080": 86.61435530334572}, "K75P-U070": {"K75P-U080": 92.89431832333477}, "K73-D030": {"K73-D040": 109.21724418579473}, "K75A-D040": {"K75A-D050": 57.19461293824598}, "K75P-D080": {"K75P-U011": 134.3551504201872}, "K74-U070": {"K74-U080": 145.83412586703565}, "K74-U090": {"K74-U100": 179.79938942881947}, "K76-D020": {"K76-D030": 115.360321063213}, "K75P-U020": {"K75P-U030": 115.43048693488156}, "K74-D090": {"K74-U011": 71.51141424274553}, "K75P-D060": {"K75P-D070": 172.26742120295685}, "K73-U110": {"K73-U120": 248.63051765717373}, "K75A-D050": {"K75A-D060": 96.44306305494277}, "K73-D150": {"K73-D160": 59.019012734856815}, "K75P-U060": {"K75P-U070": 42.2412797297307}, "K75P-D020": {"K75P-D030": 40.07733270326109}, "K76-D030": {"K76-D040": 54.77488696013047}, "K73-U040": {"K73-U060": 220.45140267948744, "K73-U050": 103.20517466576393}, "K76-U020": {"K76-U030": 150.20945186531978}, "K73-U080": {"K73-U090": 291.1402681077636, "K73-U110": 240.9579858745091}, "K75A-D060": {"K75A-D070": 45.32862834962948}, "K75P-U130": {"K75P-U140": 43.42858939725015}, "K74-D040": {"K74-D050": 77.968516549333}, "K75P-D030": {"K75P-D040": 125.12346364891835}, "K75A-D100": {"K75A-D110": 108.31703304212132}, "K74-U007": {"K74-U010": 248.23284417327713}, "K76-U030": {"K76-U040": 253.84716270002681}, "K73-U100": {"K73-U110": 251.06983825659458}, "K76-U010": {"K76-U020": 79.37100181391156}, "K75P-U120": {"K75P-U130": 60.02006633104762}, "K73-D020": {"K73-D030": 60.06070067518842}, "K73-D040": {"K73-D050": 66.1259451568497}, "K73-U050": {"K73-U060": 112.82357665594482}, "K74-U060": {"K74-U070": 140.1851908065765}, "K74-U030": {"K74-U040": 299.08568438277405}, "K75P-U140": {"K75P-D010": 147.47593660632737}, "K75P-U080": {"K75P-U090": 42.106835048366264}, "K73-D130": {"K73-D140": 133.17151825600192}, "K75A-U020": {"K75A-U030": 133.7508021024553}, "K73-U060": {"K73-U070": 130.48803467587902}, "K73-U070": {"K73-U080": 150.7990216119075}, "K74-U100": {"K74-D010": 104.21726542421213}, "K76-U040": {"K76-U050": 153.41992815945682}, "K73-D090": {"K73-D100": 87.1328318618524}, "K75P-U050": {"K75P-U060": 129.16435272681582}, "K74-D030": {"K74-D040": 136.41239927286054}, "K75P-U090": {"K75P-U100": 36.546328397724864}, "K74-D050": {"K74-D060": 83.44919879248047}, "K75A-D090": {"K75A-D100": 50.158463043208165}, "K73-D110": {"K73-D120": 44.107265300754236}, "K75A-D070": {"K75A-D080": 53.27012009056555}, "K75P-D010": {"K75P-D020": 134.6602633028593}, "K76-D010": {"K76-D020": 306.17278600322635}, "K75A-D080": {"K75A-D090": 89.3045491640152}, "K74-D060": {"K74-D070": 136.96093081237754}, "K73-D100": {"K73-D110": 195.37806128247254}, "K74-D110": {"K74-U002": 180.57251607027925}, "K75A-U010": {"K75A-U020": 47.72430715647098}, "K75A-D010": {"K75A-D020": 211.3545530207225}, "K73-D070": {"K73-D080": 170.01603868102598}, "K75A-D030": {"K75A-D040": 55.69081872065004}, "K75P-U100": {"K75P-U110": 62.88447689995561}, "K73-D050": {"K73-D070": 92.01208015399746}, "K74-U010": {"K74-U020": 165.99537970053257}, "K74-D080": {"K74-D090": 173.45002443933703}, "K73-U090": {"K73-U100": 121.91432488877972}, "K74-D020": {"K74-D030": 160.4377052454767}, "K73-D010": {"K73-D020": 65.4206858352783}, "K74-U011": {"K74-D100": 175.998688934997}, "K75P-D040": {"K75P-D050": 168.7130939049563}, "K73-U010": {"K73-U020": 73.30955223957129}, "K74-U050": {"K74-U060": 226.80810407308377}, "K74-U080": {"K74-U090": 198.93227577936426}, "K73-U030": {"K73-U040": 94.67978432018174}, "K75A-U030": {"K75A-D010": 223.03552578564322}, "K75A-D020": {"K75A-D030": 24.102835942703095}, "K75P-U110": {"K75P-U120": 97.67190246787501}, "K75P-U010": {"K75P-U020": 84.30502437334744}, "K74-U004": {"K74-U007": 103.11296661260062}, "K75P-U030": {"K75P-U040": 118.91880659348722}, "K74-D070": {"K74-D080": 250.34047423996918}, "K74-U020": {"K74-U030": 142.11532774963067}, "K73-D080": {"K73-D090": 253.86542448479378}, "K74-D010": {"K74-D020": 146.5525641171593}, "K73-D120": {"K73-D130": 104.30197154456343}, "K74-U040": {"K74-U050": 156.84677650959802}, "K75A-D110": {"K75A-U011": 186.06276070769349}, "K73-D140": {"K73-D150": 222.41549440265618}, "K73-U020": {"K73-U030": 168.4752986967183}, "K75P-U040": {"K75P-U050": 93.6168371688187}, "K74-U001": {"K74-U004": 124.49286174216468}, "K74-D100": {"K74-D110": 85.18085228787061}, "K75S-U020": {"K75S-U030": 138.93}, "K75S-U040": {"K75S-D010": 56.739089}, "K75S-D020": {"K75S-D030": 196.87800000000001}, "K75S-U030": {"K75S-U040": 126.50000000000001}, "K75S-U010": {"K75S-U020": 34.1}, "K75S-D030": {"K75S-U011": 204.93}, "K75S-D010": {"K75S-D020": 223.256}, "K76S-U020": {"K76S-U030": 157.44299999999998}, "K76S-U010": {"K76S-U015": 130.71300000000002}, "K76S-U015": {"K76S-U020": 123.2}}