{"KSR": {"YUL": 231.63346674863368, "TWW": 598.73736129849}}