{"KWF": {"KWH": 122.86506777000389, "LAK": 165.1177650436276}, "KWT": {"NTK": 125.89540798647727, "LAT": 130.1317600130704}, "KWH": {"TWH": 152.7272250325491, "KWF": 131.01463819060487}}