{"LAT": {"KWT": 131.4284782912657, "YAT": 126.32708647989898}, "LAK": {"NAC": 259.0761081562731, "KWF": 138.70377655809335, "MEF": 139.19730746251554, "TSY": 190.73817156550928}}