{"LET": {"WCH": 158.66943668876556, "SOH": 101.897396624053}}