{"LOP": {"TIS": 189.8185869523699, "YUL": 107.70745731481861}, "LOW": {"SHS": 230.1143352466495}, "LOF": {"WTS": 127.84556731142825, "KOT": 114.94170280514678}}