{"MEF": {"NAC": 185.2698119160815, "LCK": 127.95948299299891, "TWW": 343.8432513282536, "LAK": 137.65008474410257}}