{"MKK": {"HUH": 189.82613067460642, "KOT": 99.49301461714376}}