{"MOK": {"PRE": 121.56773792734111, "YMT": 129.5561715223332}, "MOS": {"HEO": 141.2009969407746, "WKS": 165.87323652784818}}