{"NAC": {"AUS": 210.16019482499195, "OLY": 89.61569089256605, "MEF": 182.09844206665872, "LAK": 256.1727970201706}}