{"NTK": {"KWT": 112.67269611294421, "KOB": 122.94626381214971}}