{"OCP": {"ADM": 287.63195720773166, "WCH": 131.37679603694633}}