{"OLY": {"KOW": 131.30281584733132, "NAC": 134.00920323389354}}