{"QUB": {"YAT": 262.0784355430894, "NOP": 128.80521437741737, "TAK": 124.48303344167542}}