{"SIH": {"TUM": 154.45115168559687, "TIS": 378.10778513062934}}