{"SKM": {"PRE": 123.80658085316809, "KOT": 135.5098953182143}, "SKW": {"SWH": 108.09186475388147, "HFC": 145.8271116054604}}