{"SSP": {"CSW": 133.0242331541334, "PRE": 120.73330805917576}}