{"STW": {"CKT": 132.35079058266973, "CIO": 175.763745535763}}