{"SUN": {"DIS": 198.58233387484285, "TSY": 462.4095687009104, "TUC": 823.8869412916104}, "SUW": {"TKW": 145.41211709195227, "KAT": 118.331924102547}}