{"SWH": {"SKW": 125.3612614728891, "TAK": 130.08297351103084}}