{"SYP": {"HKU": 94.34446335370713, "SHW": 141.18848509245612}}