{"TAW": {"KOT": 327.5196705030137, "SHT": 123.17999836401566, "CKT": 263.32646242875734, "HIK": 157.0246763163742}, "TAP": {"UNI": 378.9916111007829, "TWO": 153.25268419248846}, "TAK": {"SWH": 123.72980696924371, "QUB": 130.34292408755027}}