{"TSH": {"HEO": 124.61380690301777, "SHM": 229.56941014414323}, "TSY": {"KOW": 572.1623071428929, "AIR": 1425.3712455236932, "LAK": 194.6559937142429, "SUN": 566.9045266286797}, "TST": {"ADM": 189.61315130926772, "JOR": 104.11385923816651}, "TSW": {"TWH": 64.2925073782109}}