{"TUM": {"SIH": 148.91392382790679}, "TUC": {"SUN": 803.3565160688806}}