{"TWO": {"TAP": 181.50798174540063, "FAN": 354.2176194408322}, "TWW": {"KSR": 617.4390863321776, "MEF": 303.41899310581823}, "TWH": {"KWH": 139.27885736618853, "TSW": 88.50551134643287}}