{"WCH": {"OCP": 119.47107528331851, "LET": 159.26513936860357}}