{"YMT": {"HOM": 138.9829607717761, "MOK": 106.6731365336293, "JOR": 130.97600627572302}}