{"5": {"305": 81.60442894940645, "6": 116.67226548509748}}