{"CHH": {"DIH": 91.04103393949961, "KOB": 127.13667924019884}, "CHW": {"HFC": 47.52393593302321}}