{"CKT": {"TAW": 113.14029813990001, "STW": 126.67993031591698}}