{"ETS": {"AUS": 131.0036796816948, "HUH": 170.58758042700003}}