{"HEO": {"MOS": 112.12037874419048, "TSH": 130.101728252}}