{"HKU": {"SYP": 78.78186979887559, "KET": 97.3537063619106}}