{"HUH": {"MKK": 174.6416820542025, "EXC": 190.79742250983958, "ETS": 116.874408701824, "HOM": 123.04707}}