{"JOR": {"TST": 79.32002705971598, "YMT": 58.56233768212039}}