{"K17-D020": {"K17-D030": 54.53872028329808}, "K18-D020": {"K18-D030": 71.70956052039716}, "K12-U020": {"K12-U030": 225.54759760319794}, "K12-D030": {"K12-D040": 18.616606239111373}, "K17-U030": {"K17-U040": 40.943061448464576}, "K18-U020": {"K18-U030": 67.31872835082793}, "K18-U010": {"K18-U020": 247.60370391023872}, "K12-U010": {"K12-U020": 291.34999603207206}, "K12-D020": {"K12-D030": 380.85705422132366}, "K17-U020": {"K17-U030": 144.03980712050512}, "K17-D010": {"K17-D020": 361.69106486123565}, "K12-D010": {"K12-D020": 165.75299072580088}, "K18-D010": {"K18-D020": 254.73685178698514}, "K17-U010": {"K17-U020": 305.8190661326115}}