{"K52A-D070": {"K52A-D080": 132.68234428178195}, "K52A-D140": {"K52A-D150": 122.76519617038801}, "K53-U120": {"K53-U130": 74.61658051777125}, "K51-U040": {"K51-U050": 122.43299844240441}, "K53-U060": {"K53-U070": 73.53669427422675}, "K52A-D030": {"K52A-D040": 22.80462514372433}, "K53-U050": {"K53-U060": 147.51214149123365}, "K51A-U210": {"K51A-U220": 76.49540795119087}, "K53-D020": {"K53-D030": 104.95263047559543}, "K51-U130": {"K51-U140": 77.74446051864908}, "K51A-U120": {"K51A-U130": 142.26682415625186}, "K51A-U140": {"K51A-U150": 51.38452758468279}, "K51A-U200": {"K51A-U210": 60.24218554725826}, "K51A-D010": {"K51A-D020": 57.18036411352424}, "K51-D050": {"K51-D060": 68.11862582159999}, "K53-D120": {"K53-D130": 103.57222436860427}, "K58-U120": {"K58-U130": 128.11098300000003}, "K52-nD170": {"K52-nD180": 148.20743662880736}, "K54-D020": {"K54-D030": 174.673986385852}, "K53-U130": {"K53-U140": 61.403724453227824}, "K54-D040": {"K54-D050": 183.49392772278242}, "K51A-U050": {"K51A-U060": 285.2424994385037}, "K51A-D190": {"K51A-D200": 233.16943966207896}, "K54-U040": {"K54-U050": 152.16669869449603}, "K52-nU040": {"K52-nU050": 81.31955825045972}, "K51-U120": {"K51-U130": 149.27470124860236}, "K51A-U190": {"K51A-U200": 77.15629941695106}, "K58-D196": {"K58-D200": 72.04847099999999}, "K52-nU250": {"K52-nU260": 79.10549068573681}, "K58-D100": {"K58-D110": 197.88230000000004}, "K58-D060": {"K58-D070": 172.37737000000004}, "K51-D170": {"K51-D180": 86.66909042342512}, "K51-D140": {"K51-D150": 73.6498781889189}, "K53-D090": {"K53-D100": 55.85509917151459}, "K51-U190": {"K51-U200": 75.72217807939782}, "K58-U020": {"K58-U023": 107.6956815}, "K52-nD250": {"K52-nD260": 195.8291401405608}, "K52-nD110": {"K52-nD120": 198.09077531030002}, "K51-D040": {"K51-D050": 52.625471961915515}, "K51-D100": {"K51-D110": 186.35729558235442}, "K53-D140": {"K53-D150": 162.28043620315066}, "K51-D260": {"K51-D270": 60.79795660891068}, "K54-U020": {"K54-U030": 133.33135849172785}, "K51A-D220": {"K51A-D230": 152.02978679591746}, "K58-U040": {"K58-U050": 104.03799999999998}, "K51-D280": {"K51-D290": 77.2259595621273}, "K51A-D230": {"K51A-D240": 169.99825908627517}, "K51-D110": {"K51-D120": 66.7220513317886}, "K52-nD050": {"K52-nD060": 34.05268258845049}, "K54-D010": {"K54-D020": 231.25966419678934}, "K53-U080": {"K53-U090": 81.72887592554976}, "K51A-D040": {"K51A-D050": 102.47155085970125}, "K58-U160": {"K58-U170": 144.474}, "K52-nD190": {"K52-nD200": 226.83473060404435}, "K53-U070": {"K53-U080": 57.20873888566466}, "K51-D030": {"K51-D040": 53.33367505291932}, "K53-U090": {"K53-U100": 125.83082189541031}, "K54-D050": {"K54-D060": 97.66641729981825}, "K51A-U220": {"K51A-U230": 83.59068610404098}, "K52A-D060": {"K52A-D070": 134.37785809080304}, "K53-U020": {"K53-U030": 172.41744297540362, "K53-D160": 681.8262874610184}, "K52A-D110": {"K52A-D120": 168.91518308031362}, "K58-D080": {"K58-D090": 148.78897}, "K58-D130": {"K58-D140": 108.51500000000001}, "K52-nD210": {"K52-nD220": 246.74187140407213}, "K51-U230": {"K51-U240": 56.32473337233821}, "K51A-D160": {"K51A-D170": 177.83644642031052}, "K53-D050": {"K53-D060": 90.76128937864944}, "K52A-U160": {"K52A-U170": 30.603689495749073}, "K51-D070": {"K51-D080": 60.05940295243001}, "K53-D030": {"K53-D040": 82.06176381205378}, "K53-U110": {"K53-U120": 99.37982282001454}, "K51A-D180": {"K51A-D190": 145.29777869087928}, "K51A-U170": {"K51A-U180": 75.98725163795126}, "K52-nU150": {"K52-nU160": 101.060951697906}, "K51A-D080": {"K51A-D090": 203.20092416636265}, "K58-D020": {"K58-D030": 115.25822000000002}, "K51-U220": {"K51-U230": 72.88643862404305}, "K51A-D150": {"K51A-D160": 86.82227627436427}, "K58-U100": {"K58-U110": 87.79100000000001}, "K53-U100": {"K53-U110": 71.5688804817821}, "K51A-U040": {"K51A-U050": 129.5044516945977}, "K52A-D160": {"K52A-D170": 158.79549438882856}, "K52A-D150": {"K52A-D160": 98.55972153810853}, "K52-nD270": {"K52-nD280": 98.47140154806243}, "K52A-U140": {"K52A-U150": 160.35887203763247}, "K53-U030": {"K53-U040": 240.10875914456741}, "K52A-D180": {"K52A-D190": 226.34908643096773}, "K52-nU180": {"K52-nU190": 78.21665374192652}, "K52-nU160": {"K52-nU170": 41.053313323533175}, "K52-nD150": {"K52-nD160": 97.9834974162811}, "K53-D070": {"K53-D080": 47.78569382523077}, "K52A-D040": {"K52A-D050": 14.056943167552998}, "K53-D180": {"K53-D190": 77.83268264341275}, "K54-U050": {"K54-U060": 355.0408076947902}, "K51-U160": {"K51-U170": 122.29799910925026}, "K52-nU270": {"K52-nU280": 164.3448976904002}, "K51A-U180": {"K51A-U190": 101.24265802253431}, "K52-nU140": {"K52-nU150": 192.5660421481302}, "K51-U090": {"K51-U100": 172.29330430144816}, "K51A-U150": {"K51A-U160": 129.27506507260597}, "K51A-D250": {"K51A-D260": 105.64726742186659}, "K51-D080": {"K51-D090": 109.72434217352566}, "K58-U110": {"K58-U120": 185.49300000000002}, "K52A-D010": {"K52A-D020": 277.2253505563366}, "K52-nU120": {"K52-nU140": 140.39616634526016}, "K51A-U010": {"K51A-U020": 49.4188993681942}, "K58-U026": {"K58-U030": 121.00000000000001}, "K58-D030": {"K58-D040": 97.33140999999998}, "K52-nU200": {"K52-nU210": 87.12607659581525}, "K58-U140": {"K58-U150": 199.4355}, "K52-nU030": {"K52-nU040": 135.50767670000002}, "K58-U030": {"K58-U040": 285.7580000000001}, "K51-D160": {"K51-D170": 105.90906548149546}, "K51A-D050": {"K51A-D060": 82.38284983992484}, "K52-nU300": {"K52-nU310": 51.22363063199797}, "K58-U130": {"K58-U140": 83.60000000000001}, "K54-D060": {"K54-D070": 157.2469811078768}, "K53-U140": {"K53-D010": 86.99701572895708}, "K58-D190": {"K58-D193": 216.659267}, "K51A-U030": {"K51A-U040": 83.17819739955}, "K52-nD010": {"K52-nD020": 101.35248107346602}, "K51A-U130": {"K51A-U140": 74.44000494850249}, "K52-nD070": {"K52-nD080": 140.71731857221044}, "K52A-U170": {"K52A-U180": 275.335640963623}, "K51A-U240": {"K51A-U250": 78.12814154961627}, "K58-U090": {"K58-U100": 171.88490000000002}, "K52-nU050": {"K52-nU060": 283.2817193305001}, "K52-nU280": {"K52-nU290": 46.08104844201565}, "K52-nD090": {"K52-nD100": 99.11541640000003}, "K58-D200": {"K58-D210": 74.42089930000002}, "K51-D150": {"K51-D160": 181.80382385743602}, "K51A-U230": {"K51A-U240": 42.04124387009838}, "K51-D240": {"K51-D250": 147.60174463743203}, "K51A-D070": {"K51A-D080": 103.35239617249776}, "K52-nD240": {"K52-nD250": 167.37289955691898}, "K51-D230": {"K51-D240": 86.24423274392993}, "K51A-D110": {"K51A-D120": 56.889162}, "K58-D120": {"K58-D130": 141.38008390000005}, "K58-U023": {"K58-U026": 80.96000000000001}, "K54-U070": {"K54-D010": 177.78156260109392}, "K58-D140": {"K58-D150": 51.480000000000004}, "K51A-U080": {"K51A-U090": 185.762543675319}, "K58-D193": {"K58-D196": 72.00526299999999}, "K51A-D260": {"K51A-D270": 71.6644772742457}, "K52-nU090": {"K52-nU100": 109.63206612570514}, "K53-D170": {"K53-D180": 321.82412359}, "K52-nD020": {"K52-nD030": 15.842811732719426}, "K58-U180": {"K58-U190": 159.5}, "K58-D010": {"K58-D020": 4.4990000000000006}, "K52-nU260": {"K52-nU270": 68.55725398876041}, "K52-nD100": {"K52-nD110": 78.71305997821999}, "K51A-U100": {"K51A-U110": 252.41861929523785}, "K52A-U070": {"K52A-U080": 91.20760000000001}, "K52A-D130": {"K52A-D140": 107.44291507618911}, "K52-nD200": {"K52-nD210": 152.972942008}, "K52A-U150": {"K52A-U160": 44.33099000000001}, "K53-D150": {"K53-D160": 175.07780417407128}, "K51-U070": {"K51-U080": 192.30337779741944}, "K51-U210": {"K51-U220": 58.94507446546531}, "K52-nU190": {"K52-nU200": 132.25936553672702}, "K52-nD180": {"K52-nD190": 198.5282470224948}, "K52A-D100": {"K52A-D110": 71.76209696766014}, "K51A-D030": {"K51A-D040": 42.02612096914845}, "K51-U030": {"K51-U040": 85.49089675758921}, "K51A-U070": {"K51A-U080": 205.76409901542849}, "K51A-D100": {"K51A-D110": 49.4165553934982}, "K52-nD040": {"K52-nD050": 26.745159780899996}, "K52-nD120": {"K52-nD130": 38.22549860481411}, "K53-D110": {"K53-D120": 204.2059099103959}, "K51A-D200": {"K51A-D210": 269.1785178658452}, "K52-nU010": {"K52-nU020": 72.75382234201103}, "K52A-D020": {"K52A-D030": 25.531510354845004},