{"K73-U080": {"K73-U090": 305.10019509011397, "K73-U110": 288.94282781070456}, "K75P-D010": {"K75P-D020": 144.5698948254444}, "K73-U050": {"K73-U060": 117.82286013824464}, "K75P-U100": {"K75P-U110": 62.80372115778009}, "K76-D020": {"K76-D030": 137.4940968680995}, "K75P-D020": {"K75P-D030": 36.90282656372956}, "K75A-D040": {"K75A-D050": 57.16267596175784}, "K73-D100": {"K73-D110": 201.30573345750653}, "K75P-U120": {"K75P-U130": 73.43215599110528}, "K74-U004": {"K74-U007": 90.66782291280516}, "K75A-D070": {"K75A-D080": 52.41244219403798}, "K75P-U060": {"K75P-U070": 29.35228818452426}, "K74-U040": {"K74-U050": 198.33260108643165}, "K76-U010": {"K76-U020": 10.856005269867698}, "K74-D030": {"K74-D040": 123.09725978887722}, "K76-U030": {"K76-U040": 245.64543232075272}, "K75A-D060": {"K75A-D070": 47.72160728437839}, "K74-D010": {"K74-D020": 165.05558074830546}, "K76-D030": {"K76-D040": 80.5827780224464}, "K74-U070": {"K74-U080": 169.70165431941066}, "K73-U090": {"K73-U100": 135.40953324602512}, "K75P-U010": {"K75P-U020": 103.52636011927332}, "K76-D010": {"K76-D020": 290.1504413106669}, "K74-U090": {"K74-U100": 223.16797560476044}, "K73-U070": {"K73-U080": 154.37427195701292}, "K75P-U090": {"K75P-U100": 38.95719746242665}, "K75P-D040": {"K75P-D050": 171.07889668418414}, "K74-U020": {"K74-U030": 149.11527129505185}, "K73-U060": {"K73-U070": 142.1907167040665}, "K73-U030": {"K73-U040": 91.65498222564013}, "K75P-U130": {"K75P-U140": 44.961652797175034}, "K75P-D060": {"K75P-D070": 189.30249512459372}, "K75A-D030": {"K75A-D040": 51.68221731295724}, "K73-D040": {"K73-D050": 83.50464090125396}, "K73-U040": {"K73-U050": 112.93254946819187, "K73-U060": 230.35395150825306}, "K75P-D030": {"K75P-D040": 118.74645295557954}, "K73-D140": {"K73-D150": 237.88300055343043}, "K73-D130": {"K73-D140": 134.32372491876708}, "K73-U100": {"K73-U110": 293.171953300675}, "K74-U100": {"K74-D010": 138.97841378973038}, "K75P-U070": {"K75P-U080": 101.8661305354214}, "K75P-U050": {"K75P-U060": 172.90636724165046}, "K75P-D050": {"K75P-D060": 82.26164282150096}, "K76-U020": {"K76-U030": 167.22092045070468}, "K73-U110": {"K73-U120": 249.0254211775079}, "K74-D070": {"K74-D080": 249.99752735992848}, "K73-D150": {"K73-D160": 70.4913794466255}, "K74-U011": {"K74-D100": 182.23594556241645}, "K73-D030": {"K73-D040": 125.94079832792724}, "K73-U020": {"K73-U030": 200.31138176097613}, "K75P-U020": {"K75P-U030": 108.7700397985707}, "K75P-U080": {"K75P-U090": 42.81024903985834}, "K74-D100": {"K74-D110": 96.09501108788369}, "K73-D020": {"K73-D030": 136.65625004053112}, "K75P-D080": {"K75P-U011": 157.4154738222415}, "K75A-D080": {"K75A-D090": 134.19323391116527}, "K73-D110": {"K73-D120": 98.9565757516521}, "K73-D120": {"K73-D130": 112.68536094619112}, "K75A-D020": {"K75A-D030": 30.281164558556856}, "K74-D090": {"K74-U011": 77.94328587893219}, "K76-U040": {"K76-U050": 174.4932994084583}, "K75A-D110": {"K75A-U011": 192.75967177182144}, "K75P-D070": {"K75P-D080": 91.60199783926807}, "K75A-U030": {"K75A-D010": 254.8328740710761}, "K75A-U020": {"K75A-U030": 143.95018903315312}, "K75P-U140": {"K75P-D010": 160.10195393944628}, "K75A-D010": {"K75A-D020": 225.18541273297888}, "K74-U080": {"K74-U090": 241.16599262724662}, "K73-D090": {"K73-D100": 88.53520783453754}, "K73-D050": {"K73-D070": 113.84206447313258}, "K74-D110": {"K74-U002": 192.17293339520376}, "K75A-D050": {"K75A-D060": 69.49582784014326}, "K73-D010": {"K73-D020": 80.23404090730223}, "K75P-U110": {"K75P-U120": 96.66304772177072}, "K74-D040": {"K74-D050": 90.6080407788329}, "K74-U007": {"K74-U010": 263.65540310595077}, "K74-D080": {"K74-D090": 180.85789819020198}, "K73-D080": {"K73-D090": 252.82733297514656}, "K74-U050": {"K74-U060": 256.30126491160865}, "K74-U060": {"K74-U070": 140.93753666295422}, "K75A-D100": {"K75A-D110": 110.06887676845199}, "K73-U010": {"K73-U020": 66.56893017334451}, "K74-U030": {"K74-U040": 296.31820080826634}, "K74-U010": {"K74-U020": 162.66484669653218}, "K75P-U030": {"K75P-U040": 136.84818000120003}, "K75A-D090": {"K75A-D100": 55.98232559985869}, "K74-D050": {"K74-D060": 108.8976243371995}, "K73-D070": {"K73-D080": 215.2592056796676}, "K74-U001": {"K74-U004": 161.10683629724008}, "K74-D020": {"K74-D030": 145.02339764528094}, "K75A-U010": {"K75A-U020": 46.22048011842733}, "K74-D060": {"K74-D070": 188.05320295319763}, "K75P-U040": {"K75P-U050": 123.95600221425643}, "K75S-U010": {"K75S-U020": 41.1796}, "K75S-U030": {"K75S-U040": 131.92300000000003}, "K75S-D020": {"K75S-D030": 201.30663419545803}, "K75S-U040": {"K75S-D010": 56.555759271}, "K75S-U020": {"K75S-U030": 139.19400000000002}, "K75S-D030": {"K75S-U011": 195.20377030000003}, "K75S-D010": {"K75S-D020": 134.53}}