{"KAT": {"DIH": 136.35108752177, "SUW": 124.10430899078683}}