{"KSR": {"TWW": 694.387492535512, "YUL": 236.24927796054158}}