{"LCK": {"MEF": 92.57667265694005, "CSW": 92.90830960427263}}