{"LET": {"WCH": 140.73278761187004, "SOH": 105.06559487674205}}