{"LOW": {"SHS": 234.44946155352804}, "LOP": {"TIS": 180.8819242535139, "YUL": 97.25009100000003}, "LOF": {"WTS": 101.65082832894394, "KOT": 53.28284006539427}}