{"MEF": {"LCK": 83.32742272046757, "LAK": 114.21331985803515, "NAC": 182.19369333556392, "TWW": 323.42829919685846}}