{"MKK": {"HUH": 186.57343389211582, "KOT": 146.59860377109615}}