{"MOK": {"YMT": 108.83946485537186, "PRE": 111.05859526949693}, "MOS": {"HEO": 163.75705480000005, "WKS": 150.52391335228606}}