{"NTK": {"KOB": 77.47553173241943, "KWT": 90.06010827722734}}