{"PRE": {"MOK": 103.38247854114407, "SKM": 95.4818661890729, "SSP": 75.88992988040461}}