{"QUB": {"YAT": 242.56744174235945, "NOP": 120.81544526000467, "TAK": 96.40687441631654}}