{"STW": {"CIO": 124.05340025499997, "CKT": 129.06344}}