{"SUN": {"DIS": 198.58233387484285, "TSY": 495.5282271845642, "TUC": 823.8869590938054}, "SUW": {"KAT": 118.4358986596, "TKW": 130.77030752453402}}