{"SWH": {"SKW": 99.82119998865728, "TAK": 94.56372225229256}}