{"SYP": {"SHW": 96.0453737285296, "HKU": 65.09000292309061}}