{"TIK": {"TKO": 233.38078769873405, "YAT": 122.59262098726235}, "TIH": {"CAB": 73.6197588867445, "FOH": 101.40541690207804}, "TIS": {"SIH": 356.9625623879012, "LOP": 179.30727479153063}}