{"TKO": {"HAH": 175.1604521869674, "TIK": 212.44899667350245, "LHP": 132.92345602383207}, "TKW": {"HOM": 123.959071, "SUW": 125.876130999}}