{"TSY": {"KOW": 480.06383002088967, "AIR": 1507.5392726803993, "LAK": 185.00958273924303, "SUN": 684.934356434814}, "TSH": {"SHM": 203.74970503215746, "HEO": 136.02505161300002}, "TST": {"ADM": 134.03995550125077, "JOR": 25.285243079999997}, "TSW": {"TWH": 48.697530888067966}}