{"TWO": {"FAN": 305.5470223897536, "TAP": 133.60145055381417}, "TWW": {"KSR": 557.5823803820165, "MEF": 298.57685222801194}, "TWH": {"KWH": 58.606087826765794, "TSW": 75.84132876654016}}