{"WAC": {"ADM": 68.41165156228443, "CAB": 116.92763184322705}}