{"WTS": {"DIH": 90.32039139524804, "LOF": 63.23153042552233}}