{"YMT": {"MOK": 101.65365242280944, "JOR": 75.23329295742901, "HOM": 168.16848066135472}}