{"YUL": {"KSR": 246.04356369799856, "LOP": 131.03790096696005}}