{"1": {"6": 108.29997743712389, "2": 37.21126618125636}}