{"CHW": {"HFC": 101.06160726119592}, "CHH": {"DIH": 140.51265635968002, "KOB": 139.9343261400782}}