{"DIS": {"SUN": 198.58233387484285}, "DIH": {"HIK": 305.251178168957, "KAT": 160.57477210399077, "CHH": 128.60492851670205, "WTS": 123.07284218887617}}