{"ETS": {"HUH": 150.0846144354, "AUS": 148.09924724400005}}