{"EXC": {"HUH": 135.27851780778587, "ADM": 80.83539172076418}}