{"FOT": {"UNI": 196.83908274773586, "SHT": 145.1093003907488}, "FOH": {"TIH": 128.8909561847241, "NOP": 108.30024391465152}}