{"HEO": {"TSH": 131.52583434553276, "MOS": 117.71652976237999}}