{"HKU": {"SYP": 95.71509061292149, "KET": 95.99651575253509}}