{"K73-D010": {"K73-D020": 76.78221724951966}, "K73-U090": {"K73-U100": 100.97468440819462}, "K73-D030": {"K73-D040": 111.17567751688418}, "K76-D020": {"K76-D030": 145.08190671655123}, "K76-D030": {"K76-D040": 88.58967596344262}, "K73-U030": {"K73-U040": 85.67899769970768}, "K75P-U100": {"K75P-U110": 60.85727469513144}, "K73-D020": {"K73-D030": 92.6371998280302}, "K75A-D030": {"K75A-D040": 51.64071364184183}, "K73-U040": {"K73-U050": 104.73660540294347, "K73-U060": 196.0675636114778}, "K73-U100": {"K73-U110": 230.75540788575032}, "K75P-D010": {"K75P-D020": 127.54212999886786}, "K73-D070": {"K73-D080": 173.7723368148334}, "K73-D120": {"K73-D130": 107.64387749644845}, "K75A-U030": {"K75A-D010": 238.12497286577758}, "K73-U110": {"K73-U120": 233.0468509461748}, "K76-U030": {"K76-U040": 263.2060439291765}, "K75P-U060": {"K75P-U070": 29.20418849195851}, "K73-D140": {"K73-D150": 213.36881251041027}, "K75P-D040": {"K75P-D050": 160.70202934167025}, "K75A-D110": {"K75A-U011": 162.4957898863122}, "K73-U080": {"K73-U110": 396.4631126789594, "K73-U090": 278.52797778337055}, "K75A-D010": {"K75A-D020": 200.59369419335127}, "K73-D110": {"K73-D120": 87.83480751671117}, "K75P-U070": {"K75P-U080": 120.01230583833691}, "K75P-D070": {"K75P-D080": 92.35031246354686}, "K73-U060": {"K73-U070": 126.72452905108976}, "K75P-D080": {"K75P-U011": 135.22036263473956}, "K75A-D100": {"K75A-D110": 92.88486878115236}, "K75P-U120": {"K75P-U130": 61.41161349135359}, "K76-U020": {"K76-U030": 152.616571381696}, "K76-U040": {"K76-U050": 176.31545362356965}, "K75A-D080": {"K75A-D090": 77.72212204501285}, "K75P-D060": {"K75P-D070": 196.49553106166874}, "K73-U050": {"K73-U060": 94.8215259921715}, "K75P-U130": {"K75P-U140": 36.78872377892055}, "K75P-U080": {"K75P-U090": 44.110432086146595}, "K75A-D060": {"K75A-D070": 38.96491833269237}, "K73-U070": {"K73-U080": 144.79720859657087}, "K76-U010": {"K76-U020": 10.689027928162284}, "K73-U010": {"K73-U020": 64.26171631336634}, "K76-D010": {"K76-D020": 303.5696902776459}, "K75P-U010": {"K75P-U020": 94.47699627732929}, "K75P-D050": {"K75P-D060": 78.30473396107168}, "K75P-U090": {"K75P-U100": 44.64111719700558}, "K75P-U030": {"K75P-U040": 126.36771343288513}, "K75P-D030": {"K75P-D040": 106.10909285459907}, "K75P-D020": {"K75P-D030": 33.783682179978925}, "K75P-U140": {"K75P-D010": 150.12291437019513}, "K74-D020": {"K74-D030": 145.02455711372968}, "K75P-U020": {"K75P-U030": 97.22559701048475}, "K75A-U020": {"K75A-U030": 153.17756563594978}, "K73-U020": {"K73-U030": 181.67851051199906}, "K75A-D040": {"K75A-D050": 57.716821604750734}, "K75P-U110": {"K75P-U120": 95.21426964746465}, "K75A-D070": {"K75A-D080": 35.64320373053323}, "K73-D050": {"K73-D070": 100.33124748203437}, "K75A-U010": {"K75A-U020": 45.768436982461864}, "K73-D130": {"K73-D140": 141.9816528135529}, "K75A-D090": {"K75A-D100": 39.2427638008226}, "K75P-U040": {"K75P-U050": 105.6495489966089}, "K73-D040": {"K73-D050": 78.35212730624608}, "K75A-D020": {"K75A-D030": 28.45688864045519}, "K73-D080": {"K73-D090": 257.1826412634239}, "K75A-D050": {"K75A-D060": 68.08327986126217}, "K73-D150": {"K73-D160": 53.11517793290839}, "K73-D090": {"K73-D100": 79.27865921371165}, "K73-D100": {"K73-D110": 193.7232579979729}, "K75P-U050": {"K75P-U060": 175.6534205545053}, "K74-D100": {"K74-D110": 42.46000000000001}, "K75S-D020": {"K75S-D030": 137.83}, "K76S-D020": {"K76S-D030": 148.5}}