{"KOT": {"TAW": 291.28779094676656, "MKK": 166.3628455139865, "SKM": 127.3603781372655, "LOF": 126.65119387000001}, "KOW": {"OLY": 131.9504487433188, "TSY": 533.5350024729483, "HOK": 177.7421002150356}, "KOB": {"NTK": 106.48777887199299, "CHH": 168.97202416801593}}