{"KSR": {"TWW": 619.8925298231113, "YUL": 235.7015703644875}}