{"KWF": {"KWH": 123.86365085346026, "LAK": 169.16361226351827}, "KWH": {"TWH": 126.12174784976814, "KWF": 133.1089443428636}, "KWT": {"LAT": 115.07020558614249, "NTK": 124.42460658668725}}