{"LAK": {"TSY": 194.25250672522787, "MEF": 108.13651017650761, "NAC": 263.0077768118805, "KWF": 135.14613942183342}, "LAT": {"YAT": 108.76775043728176, "KWT": 126.83589785893193}}