{"LCK": {"MEF": 113.10130714964274, "CSW": 128.9232111843121}}