{"LET": {"WCH": 171.9553553724623, "SOH": 98.53680151412557}}