{"MOK": {"YMT": 123.27328030369256, "PRE": 122.813624225894}, "MOS": {"HEO": 133.4992547274, "WKS": 162.5914387112118}}