{"NAC": {"LAK": 270.53962022391966, "MEF": 180.46779333556393, "OLY": 103.87844974311216, "AUS": 204.96126112018652}}