{"NOP": {"QUB": 121.75165312099917, "FOH": 129.44979910384015}}