{"NTK": {"KWT": 110.18844581826002, "KOB": 132.47343534201}}