{"PRE": {"SSP": 122.7830900825591, "SKM": 131.0652637787959, "MOK": 131.72729362140907}}