{"QUB": {"YAT": 250.03718702688306, "NOP": 112.69475151837219, "TAK": 117.67938813200003}}