{"SHS": {"FAN": 125.18302480244208, "LOW": 261.7548282971277, "LMC": 457.9503331386242}, "SHT": {"FOT": 152.37953908885396, "TAW": 172.31540140420714}, "SHM": {"CIO": 109.29462178057399, "TSH": 224.76717657894173}, "SHW": {"SYP": 117.90353410534378, "CEN": 117.71933670240499}}