{"SIH": {"TIS": 361.1641225457551, "TUM": 154.45979989193663}}