{"SKW": {"SWH": 106.62268331284812, "HFC": 137.46334715088796}, "SKM": {"KOT": 112.23416206310085, "PRE": 132.85184256949333}}