{"SSP": {"PRE": 129.87349861379147, "CSW": 124.6020218325405}}