{"TIK": {"TKO": 185.06463543237942, "YAT": 128.04940546118817}, "TIH": {"CAB": 95.23842590674485, "FOH": 97.484371752758}, "TIS": {"LOP": 166.7247725811398, "SIH": 378.7884983092984}}