{"TKO": {"LHP": 132.67309295171438, "HAH": 150.4322433346526, "TIK": 181.30188417146832}, "TKW": {"SUW": 131.76972003567494, "HOM": 129.69201549151225}}