{"TSY": {"AIR": 1456.9948193611485, "SUN": 574.8391913998702, "KOW": 506.91805432280745, "LAK": 193.03781472829934}, "TST": {"ADM": 186.98093913771254, "JOR": 116.43029614029851}, "TSW": {"TWH": 82.15661310095514}, "TSH": {"SHM": 217.85060325276012, "HEO": 153.515828274}}