{"TUC": {"SUN": 812.7873855144488}, "TUM": {"SIH": 152.01956966196445}}