{"TWO": {"FAN": 327.1478936738622, "TAP": 151.95693032143552}, "TWW": {"KSR": 550.7451776989599, "MEF": 301.0338461684246}, "TWH": {"KWH": 136.28286427504548, "TSW": 68.24147083202698}}