{"UNI": {"TAP": 360.2070687159313, "FOT": 192.30980193384852}}