{"WAC": {"CAB": 140.11629380411753, "ADM": 131.55639981942377}}