{"WCH": {"OCP": 142.56781767312492, "LET": 181.21856629113682}}