{"YAT": {"TIK": 129.29567057759633, "LAT": 144.75106282052576, "QUB": 256.16677324314026}}