{"YUL": {"KSR": 244.75722175465108, "LOP": 128.75480824133402}}