{"AIR": {"TSY": 1714.6549386239349, "AWE": 103.10026867918998}}