{"CKT": {"TAW": 137.56946149926003, "STW": 141.635117617253}}