{"CSW": {"SSP": 100.04396278207301, "LCK": 127.79159079692246}}