{"DIH": {"WTS": 118.36814603934663, "HIK": 303.02774055108085, "KAT": 180.40000000000003, "CHH": 112.53448986694957}, "DIS": {"SUN": 198.58233387484285}}