{"ETS": {"AUS": 183.70000000000002, "HUH": 371.646377442654}}