{"EXC": {"HUH": 167.18812779606282, "ADM": 56.36132418426437}}