{"FOT": {"SHT": 180.33595668565994, "UNI": 214.51975149465633}, "FOH": {"NOP": 147.07526972658775, "TIH": 89.28889401373661}}