{"HAH": {"TKO": 132.7727233882615, "POA": 127.42646854582908}}