{"HEO": {"TSH": 139.02506993000003, "MOS": 128.27050217317998}}