{"HKU": {"SYP": 115.39593148717347, "KET": 98.89807112651889}}