{"JOR": {"TST": 112.603988460892, "YMT": 123.82451165619507}}