{"KOW": {"HOK": 177.74210020415939, "OLY": 135.9858675086681, "TSY": 425.4439920330031}, "KOT": {"SKM": 140.41841053756102, "TAW": 268.9506870168443, "MKK": 205.28467170672837, "LOF": 97.90596575489917}, "KOB": {"CHH": 151.24876615058008}}