{"LAK": {"NAC": 261.5913787989011, "TSY": 199.03663734715852, "MEF": 141.00254913300842, "KWF": 141.00677960238698}, "LAT": {"YAT": 81.76064194036181, "KWT": 123.86916886767949}}