{"LCK": {"CSW": 110.69907024033758, "MEF": 128.29960307379062}}