{"LOW": {"SHS": 261.7547560497205}, "LOF": {"KOT": 129.92387343180616, "WTS": 110.11842727928286}, "LOP": {"TIS": 196.9292681748794, "YUL": 129.29240651999996}}