{"MEF": {"LAK": 152.2051782942197, "LCK": 104.87152291436473, "NAC": 186.48684400829197, "TWW": 310.83334989483876}}