{"MKK": {"KOT": 158.26405073709688, "HUH": 334.98494816665465}}