{"MOS": {"HEO": 156.78441936000007, "WKS": 160.0427549584511}, "MOK": {"YMT": 110.49966058297437, "PRE": 81.22109278011742}}