{"NTK": {"KWT": 122.36091148412393, "KOB": 129.70109483058405}}