{"OLY": {"KOW": 133.32769778071182, "NAC": 132.09945125762113}}