{"PRE": {"SKM": 105.13972704566281, "MOK": 104.25317248368268, "SSP": 147.32542745208278}}