{"SSP": {"CSW": 130.62686155580235, "PRE": 128.02888330349538}}