{"STW": {"CKT": 141.14376499593044, "CIO": 164.15370000000001}}