{"SUN": {"DIS": 198.58233387484285, "TSY": 557.8725088797842, "TUC": 823.8868956510872}, "SUW": {"TKW": 153.0087165554171, "KAT": 121.33538134018029}}