{"SYP": {"HKU": 107.51262842080448, "SHW": 134.83008414584123}}