{"TKO": {"TIK": 154.4052772249849, "HAH": 129.56534756480875, "LHP": 132.19420944798892}, "TKW": {"SUW": 132.0, "HOM": 137.49857395046342}}