{"UNI": {"TAP": 422.0631110774414, "FOT": 229.95283772523993}}