{"WTS": {"LOF": 118.22431151044027, "DIH": 109.63784730361597}}