{"YMT": {"JOR": 132.06564582150276, "MOK": 122.01119409891695, "HOM": 164.63337448430315}}