{"YUL": {"LOP": 128.93977999999998, "KSR": 248.87561116227712}}