{"1": {"2": 200.05499077666107, "6": 272.15963463763904}}