{"5": {"305": 80.30680527897525, "6": 117.11267898657643}}