{"AIR": {"TSY": 1430.510744705076, "AWE": 128.43100030739336}}