{"AUS": {"NAC": 199.6367166858881, "ETS": 126.16957455539996}}