{"CHW": {"HFC": 77.04070323168195}, "CHH": {"KOB": 77.94305801603628, "DIH": 85.32440610768136}}