{"CKT": {"STW": 126.96741982276474, "TAW": 90.46245803999999}}