{"CSW": {"SSP": 81.39406974264915, "LCK": 70.89493702944334}}