{"DIS": {"SUN": 198.58233387484285}, "DIH": {"HIK": 290.4656025274652, "CHH": 108.46141468965648, "WTS": 99.56855553615625, "KAT": 155.72308938000003}}