{"HIK": {"TAW": 134.43874869300004, "DIH": 300.1640714494949}}