{"HOK": {"KOW": 193.95762196916695}, "HOM": {"YMT": 125.20964768466123, "HUH": 124.33025694553983, "WHA": 77.3573524266385, "TKW": 83.320840239}}