{"HUH": {"HOM": 130.68633264099998, "MKK": 218.2078414344257, "EXC": 190.4618763927445, "ETS": 104.23485377931001}}