{"JOR": {"YMT": 106.83966718329671, "TST": 85.48317907078025}}