{"K66-U050": {"K66-U060": 54.72744038649457}, "K65A-D100": {"K65A-D110": 236.5941827039032}, "K68-U170": {"K68-D010": 164.71502320625018}, "K65A-D090": {"K65A-D100": 116.06770948799183}, "K65-U060": {"K65-U070": 46.02603265061745}, "K68-U120": {"K68-U130": 182.4292328547861}, "K66-U180": {"K66-U190": 68.53497448445266}, "K65-U170": {"K65-U180": 56.22394312217243}, "K65-D130": {"K65-D140": 133.9745518589509}, "K66-D220": {"K66-D230": 79.878470044269}, "K66-D120": {"K66-D130": 75.91387130930013}, "K65A-U120": {"K65A-U130": 100.19872345792137}, "K65A-D060": {"K65A-D070": 97.04993184299698}, "K65A-U080": {"K65A-U090": 70.78454111840998}, "K65-U100": {"K65-U110": 172.39567811818307}, "K68-D130": {"K68-D140": 64.28983327983924}, "K65-D180": {"K65-D190": 129.12642535491483}, "K65-U150": {"K65-U160": 56.058954600490395}, "K65-D070": {"K65-D080": 135.5308013726851}, "K65-U160": {"K65-U170": 61.873092569300944}, "K65-U070": {"K65-U080": 76.99750595954393}, "K65-U050": {"K65-U060": 113.55367877331348}, "K65A-U090": {"K65A-U100": 53.226443897949096}, "K66-U150": {"K66-U160": 61.59768957402768}, "K66-U160": {"K66-U170": 50.29042927598566}, "K66-U120": {"K66-U130": 57.751108446978016}, "K65-U220": {"K65-U230": 93.57806454951921}, "K65-D040": {"K65-D050": 93.72121472249455}, "K66-D180": {"K66-D190": 88.65852234509224}, "K65A-U060": {"K65A-U070": 70.56673404916931}, "K65-D010": {"K65-D020": 43.61479471315926}, "K66-D010": {"K66-D020": 15.117924309253715}, "K65A-D080": {"K65A-D090": 60.10262787274287}, "K66-D030": {"K66-D040": 79.13345219863692}, "K65-D110": {"K65-D120": 130.9804019114183}, "K65A-D030": {"K65A-D040": 67.10254650924816}, "K65-U030": {"K65-U040": 117.25130817491178}, "K65A-U010": {"K65A-U020": 65.72500393644226}, "K68-D160": {"K68-D170": 82.67038903017021}, "K68-D080": {"K68-D090": 103.47943438281204}, "K68-U140": {"K68-U150": 57.68502009154813}, "K65-U110": {"K65-U120": 119.04048593205898}, "K66-U040": {"K66-U050": 154.10677979390618}, "K65-U010": {"K65-U020": 256.8310402461911}, "K66-U110": {"K66-U120": 41.29416896214234}, "K65-D150": {"K65-D160": 107.51055937897699}, "K65A-U020": {"K65A-U030": 182.3961280145382}, "K65A-D040": {"K65A-D050": 82.46956021351588}, "K66-D050": {"K66-D060": 45.99249396287555}, "K66-U170": {"K66-U180": 37.745798252915606}, "K65-D060": {"K65-D070": 95.2552395103128}, "K68-D190": {"K68-D200": 47.845363954781135}, "K65A-D010": {"K65A-D020": 58.413722307422475}, "K66-D140": {"K66-D150": 108.17546758031406}, "K68-U020": {"K68-U030": 53.82608667507186}, "K66-U100": {"K66-U110": 77.6098469363869}, "K66-U090": {"K66-U100": 51.84978336661038}, "K65-U040": {"K65-U050": 89.62791401624519}, "K68-U100": {"K68-U110": 217.46655180057215}, "K68-U050": {"K68-U060": 64.52575523589802}, "K65A-U050": {"K65A-U060": 72.45034217478359}, "K68-D050": {"K68-D060": 77.922287833764}, "K65A-U110": {"K65A-U120": 81.80055696326049}, "K65-U090": {"K65-U100": 56.01232188291141}, "K66-U130": {"K66-U140": 51.60275136132437}, "K68-D170": {"K68-D180": 40.758433421430844}, "K65A-D050": {"K65A-D060": 67.98851953079705}, "K66-U200": {"K66-U210": 58.06572899672519}, "K66-D100": {"K66-D110": 48.05450742043973}, "K65-U120": {"K65-U130": 192.42596638597257}, "K68-D200": {"K68-U011": 66.78770656376922}, "K65-D090": {"K65-D100": 115.9393216302487}, "K68-D010": {"K68-D020": 48.12977845156761}, "K66-U190": {"K66-U200": 73.94095591788798}, "K68-U090": {"K68-U100": 143.00970789644103}, "K65-U080": {"K65-U090": 194.90110758055664}, "K68-D070": {"K68-D080": 215.85253418300005}, "K66-D190": {"K66-D200": 96.16577204341544}, "K65A-U070": {"K65A-U080": 50.5701284756296}, "K66-D150": {"K66-D160": 74.61759190378396}, "K65A-D070": {"K65A-D080": 138.77791466257673}, "K66-U020": {"K66-U030": 209.50265604939}, "K66-D090": {"K66-D100": 46.36706914711249}, "K66-D060": {"K66-D070": 46.614837123657544}, "K65-D020": {"K65-D030": 86.18456603079326}, "K65A-U100": {"K65A-U110": 60.55995293863449}, "K65-D050": {"K65-D060": 76.56265511946023}, "K65-U180": {"K65-U190": 81.22231503023306}, "K66-U210": {"K66-U220": 49.5360451504211}, "K65-D120": {"K65-D130": 70.47026145281372}, "K66-U060": {"K66-U070": 179.36523361059068}, "K66-D210": {"K66-D220": 163.64012291016144}, "K66-D200": {"K66-D210": 138.2668089950546}, "K66-D160": {"K66-D170": 147.52106737452445}, "K66-D080": {"K66-D090": 69.36732500315985}, "K66-D040": {"K66-D050": 41.823300270499765}, "K68-U060": {"K68-U070": 105.96943816679061}, "K65A-D020": {"K65A-D030": 83.4975410367155}, "K66-D020": {"K66-D030": 79.51817419093565}, "K68-U080": {"K68-U090": 58.811567091030405}, "K65-D030": {"K65-D040": 72.78361775714231}, "K68-D120": {"K68-D130": 191.75917342911728}, "K66-U030": {"K66-U040": 178.7819262978022}, "K65-U200": {"K65-U210": 67.17423722469846}, "K66-D070": {"K66-D080": 51.85245601572429}, "K65-D100": {"K65-D110": 259.92732389497235}, "K68-D040": {"K68-D050": 123.453341002755}, "K66-U070": {"K66-U080": 248.59836019695004}, "K65A-U040": {"K65A-U050": 86.33556297384277}, "K65-D160": {"K65-D170": 163.653207802718}, "K65-U020": {"K65-U030": 138.8630742994272}, "K68-U130": {"K68-U140": 201.86911703420006}, "K66-D170": {"K66-D180": 251.30000292623362}, "K65-D140": {"K65-D150": 122.8660689027244}, "K68-U160": {"K68-U170": 67.99966413372002}, "K65A-U030": {"K65A-U040": 29.802898657445485}, "K68-U070": {"K68-U080": 49.68526592552}, "K68-D100": {"K68-D110": 83.43324000512789}, "K68-D150": {"K68-D160": 65.47212875561033}, "K65-D170": {"K65-D180": 105.0661666584247}, "K65-U190": {"K65-U200": 51.610438496178745}, "K66-U140": {"K66-U150": 49.15328547931061}, "K68-D110": {"K68-D120": 104.61381602159415}, "K66-D230": {"K66-D240": 102.14596372300001}, "K65-D080": {"K65-D090": 62.11255675026983}, "K65-U130": {"K65-U140": 29.20127814972268}, "K68-U110": {"K68-U120": 203.56072816300008}, "K66-D110": {"K66-D120": 39.15828776923646}, "K65-U140": {"K65-U150": 91.78785515810199}, "K65-U210": {"K65-U220": 86.65864273669808}, "K68-D140": {"K68-D150": 35.86976842080001}, "K68-U010": {"K68-U020": 91.76120524490156}, "K68-U040": {"K68-U050": 67.84926366900001}, "K66-D130": {"K66-D140": 44.003491035474426}, "K68-D020": {"K68-D030": 112.15365699999998}, "K66-U010": {"K66-U020": 147.0348447674215}, "K68-U150": {"K68-U160": 82.1112}, "K66-U080": {"K66-U090": 171.94735665774206}, "K68-D030": {"K68-D040": 135.48848488950003}, "K68-D060": {"K68-D070": 114.69792669500002}, "K68-U030": {"K68-U040": 32.288665213639796}, "K68-D180": {"K68-D190": 24.60578854427803}, "K68-D090": {"K68-D100": 144.298}}