{"KAT": {"SUW": 122.88963539070002, "DIH": 128.47677127260005}}