{"KOW": {"HOK": 177.74209907389064, "TSY": 516.0326233008402, "OLY": 130.99447996702852}, "KOT": {"TAW": 298.6919424884871, "MKK": 164.18403807488377, "LOF": 91.60002011054395, "SKM": 90.28693356160089}, "KOB": {"NTK": 94.37454243515302, "CHH": 156.69239102719297}}