{"KSR": {"YUL": 219.82288297796072, "TWW": 648.243628999445}}