{"LAT": {"YAT": 80.14130850973638, "KWT": 95.2530998065665}, "LAK": {"TSY": 205.7346737123127, "NAC": 264.64708002983144, "MEF": 125.85436606343505, "KWF": 58.573027499318684}}