{"MEF": {"LCK": 73.63129898346877, "LAK": 116.07875681708553, "TWW": 315.5565023494553, "NAC": 177.95305672628746}}