{"MOK": {"YMT": 118.0954548929354, "PRE": 102.13288171655466}, "MOS": {"HEO": 89.01010929287399, "WKS": 168.8131506440035}}