{"NAC": {"OLY": 83.12479907841605, "MEF": 166.17172186220415, "LAK": 250.7708130462804, "AUS": 213.70983858024138}}