{"NOP": {"QUB": 123.61700728853914, "FOH": 99.27608279296082}}