{"OCP": {"ADM": 287.631972508657, "WCH": 131.50109392314317}}