{"OLY": {"KOW": 130.16119453294587, "NAC": 129.4110812841171}}