{"PRE": {"MOK": 112.60426368557471, "SSP": 97.12242191930963, "SKM": 107.06187685187038}}