{"SHS": {"FAN": 129.79424909180776, "LMC": 429.21006109999007, "LOW": 261.75466357566756}, "SHW": {"SYP": 69.55516125667447, "CEN": 78.65338095980431}, "SHT": {"TAW": 127.38704341658983, "FOT": 155.07576399153675}, "SHM": {"CIO": 99.9172127172714, "TSH": 217.64583592748403}}