{"SUN": {"DIS": 198.58233387484285, "TUC": 823.8864089888837, "TSY": 395.10488679691144}, "SUW": {"KAT": 113.40861571120877, "TKW": 118.13064452132998}}