{"SWH": {"TAK": 113.09747554358023, "SKW": 111.37846764866836}}