{"TAW": {"KOT": 304.9394729076042, "SHT": 99.19999675655697, "HIK": 145.86517, "CKT": 155.02909553580002}, "TAK": {"QUB": 84.3957496617081, "SWH": 112.40667154777262}, "TAP": {"TWO": 172.76042504884202, "UNI": 418.92752618973634}}