{"TIK": {"TKO": 163.59466970017502, "YAT": 113.40230147518253}, "TIH": {"CAB": 90.69564565220516, "FOH": 88.46768898072631}, "TIS": {"SIH": 308.18890595580973, "LOP": 166.01499115393023}}