{"TKO": {"LHP": 131.31938078894152, "HAH": 127.37832466914236, "TIK": 185.12177199175326}, "TKW": {"SUW": 132.13120540499676, "HOM": 129.81165317465098}}