{"TSY": {"KOW": 475.88288199721563, "AIR": 1486.9542855434424, "LAK": 187.77443517143848, "SUN": 679.6407349063159}, "TST": {"JOR": 52.53087492369807, "ADM": 154.52691065152473}, "TSH": {"SHM": 209.78728990781195, "HEO": 131.79660900000002}, "TSW": {"TWH": 37.411126555530004}}