{"UNI": {"TAP": 366.4106711321797, "FOT": 197.461309688543}}