{"WAC": {"ADM": 68.54728972299097, "CAB": 182.47787043423864}}