{"WTS": {"LOF": 101.16785437702966, "DIH": 103.73873265553831}}