{"YMT": {"HOM": 136.0790342290593, "MOK": 108.68764528361223, "JOR": 90.85279241943553}}