{"1": {"2": 421.6662926036407, "6": 291.0182663018661}}