{"CKT": {"STW": 131.91254810083, "TAW": 124.08674464139999}}