{"DIS": {"SUN": 198.58233387484285}, "DIH": {"KAT": 184.04141299999998, "WTS": 130.55264883533675, "CHH": 128.59240929663133, "HIK": 309.5461033347122}}