{"EXC": {"HUH": 174.92910769867493, "ADM": 89.98592224784882}}