{"HEO": {"TSH": 132.3123862325553, "MOS": 116.2242208366498}}