{"HIK": {"DIH": 297.3845016105498, "TAW": 137.0685982821}}