{"HKU": {"SYP": 119.18113800726971, "KET": 96.92563917897142}}