{"HOK": {"KOW": 187.29101054042957}, "HOM": {"YMT": 169.00865619577817, "TKW": 138.87818814097142, "HUH": 113.8789324004429, "WHA": 75.57137733070307}}