{"JOR": {"YMT": 126.32954520457645, "TST": 127.26249340134541}}