{"K51-D040": {"K51-D050": 38.99708576730355}, "K53-D120": {"K53-D130": 52.40497495477507}, "K52-nU040": {"K52-nU050": 59.17120175847081}, "K52-nU140": {"K52-nU150": 143.41247308860991}, "K53-D130": {"K53-D140": 79.13499060344031}, "K51-D140": {"K51-D150": 70.77085609833964}, "K53-D100": {"K53-D110": 70.1191754304215}, "K53-U110": {"K53-U120": 94.18151404090331}, "K51-D050": {"K51-D060": 47.96701735682599}, "K52-nU020": {"K52-nU030": 79.23763827917398}, "K51-D010": {"K51-D020": 85.38907557763795}, "K52-nU070": {"K52-nU080": 81.94142875535559}, "K54-U030": {"K54-U040": 108.34218418502789}, "K54-U070": {"K54-D010": 132.79390697091708}, "K52-nD120": {"K52-nD130": 37.11174107424563}, "K54-D060": {"K54-D070": 153.50199420587052}, "K52-nD100": {"K52-nD110": 57.787176581932044}, "K53-U140": {"K53-D010": 88.09329575052914}, "K52-nD130": {"K52-nD140": 80.45730853340267}, "K52-nU210": {"K52-nU220": 74.32769367186772}, "K52A-U170": {"K52A-U180": 275.33624672570244}, "K52-nU230": {"K52-nU240": 65.82307977268444}, "K51-U140": {"K51-U150": 50.78432244933473}, "K51-D220": {"K51-D230": 275.125745424783}, "K52-nU090": {"K52-nU100": 117.74882995928007}, "K53-U040": {"K53-U050": 129.87665405385826}, "K54-D040": {"K54-D050": 160.3696720500012}, "K52-nD170": {"K52-nD180": 91.21247575387424}, "K52-nU220": {"K52-nU230": 80.35005799871008}, "K53-D110": {"K53-D120": 150.41292571877847}, "K54-U050": {"K54-U060": 301.3484709687043}, "K51-D180": {"K51-D190": 147.87534927476128}, "K54-D030": {"K54-D040": 72.65492157168401}, "K51-U070": {"K51-U080": 167.15663004364023}, "K52-nU250": {"K52-nU260": 56.35032589710846}, "K53-U050": {"K53-U060": 157.22515768022967}, "K51-U130": {"K51-U140": 69.40929136086734}, "K53-U090": {"K53-U100": 95.83661171060949}, "K54-D010": {"K54-D020": 136.2983966081255}, "K51-D060": {"K51-D070": 46.85459940295475}, "K53-U130": {"K53-U140": 107.41016311093749}, "K52-nD240": {"K52-nD250": 141.16273498836435}, "K52-nU300": {"K52-nU310": 46.03799018564145}, "K54-D050": {"K54-D060": 92.59999779876219}, "K52-nU190": {"K52-nU200": 126.86490546672937}, "K52-nD030": {"K52-nD040": 87.90913399331097}, "K51-U110": {"K51-U120": 134.22290970721653}, "K53-U100": {"K53-U110": 73.36835217653393}, "K53-U020": {"K53-U030": 170.53665810877143, "K53-D160": 664.7220407936148}, "K52-nD290": {"K52-nD300": 104.355249394}, "K52-nU290": {"K52-nU300": 41.61003871459112}, "K51-U190": {"K51-U200": 79.90881046571988}, "K52-nD070": {"K52-nD080": 105.42739603341757}, "K53-U080": {"K53-U090": 73.7976528257686}, "K51-D200": {"K51-D210": 119.51598071365405}, "K51-D230": {"K51-D240": 78.16596597833211}, "K51-D170": {"K51-D180": 91.45273915898335}, "K51-D150": {"K51-D160": 155.15014970004518}, "K53-D070": {"K53-D080": 44.62321392756884}, "K51-D280": {"K51-D290": 80.17189329659188}, "K51-D130": {"K51-D140": 41.294371517240776}, "K51-D020": {"K51-D030": 48.711479848990244}, "K52A-U140": {"K52A-U150": 160.36005717648064}, "K52A-D060": {"K52A-D070": 129.34768316859828}, "K53-U120": {"K53-U130": 75.95474873615434}, "K53-U030": {"K53-U040": 209.91798446584238}, "K51-U050": {"K51-U060": 263.46648423809404}, "K52-nD110": {"K52-nD120": 131.70496544668498}, "K52-nU270": {"K52-nU280": 167.2012570495508}, "K53-D080": {"K53-D090": 39.336913262819486}, "K51-D030": {"K51-D040": 33.37862868568539}, "K51-U090": {"K51-U100": 148.68086354339277}, "K52-nD020": {"K52-nD030": 85.4124977330741}, "K52-nD220": {"K52-nD230": 138.23358397791367}, "K51-U040": {"K51-U050": 119.92375746062741}, "K52-nD010": {"K52-nD020": 19.018624059364605}, "K53-D015": {"K53-D020": 50.859973573653185}, "K52-nD140": {"K52-nD150": 104.76713576234495}, "K52A-D010": {"K52A-D020": 277.22506227079356}, "K52-nU050": {"K52-nU060": 231.69958622285003}, "K51-U180": {"K51-U190": 101.28198670370236}, "K53-D030": {"K53-D040": 64.49918275829118}, "K54-U060": {"K54-U070": 181.34298011805313}, "K53-U010": {"K53-U020": 249.39203765331996}, "K53-D150": {"K53-D160": 140.93643522278296}, "K53-U060": {"K53-U070": 68.8266406529105}, "K52-nU080": {"K52-nU090": 68.02767135023852}, "K53-D050": {"K53-D060": 71.9413864550277}, "K51-D210": {"K51-D220": 137.43023563280002}, "K51-U030": {"K51-U040": 66.27166918157391}, "K53-D010": {"K53-D015": 100.7363987036534}, "K53-D140": {"K53-D150": 143.61070839614615}, "K52-nU160": {"K52-nU170": 33.68475733847647}, "K51-U230": {"K51-U240": 47.73708303439437}, "K52-nD080": {"K52-nD090": 31.705043048151204}, "K54-D020": {"K54-D030": 195.98349206801512}, "K51-D190": {"K51-D200": 134.4726193305864}, "K52-nD280": {"K52-nD290": 95.33888344198101}, "K51-U160": {"K51-U170": 99.05305932636568}, "K52-nU120": {"K52-nU140": 115.498959676512}, "K51-D090": {"K51-D100": 83.94558536529487}, "K51-D100": {"K51-D110": 135.5816479954152}, "K54-U040": {"K54-U050": 120.81913370188795}, "K53-U070": {"K53-U080": 44.76863061110551}, "K52-nD190": {"K52-nD200": 122.17959602902104}, "K51-U060": {"K51-U070": 268.6052023173464}, "K52-nU010": {"K52-nU020": 37.40465284414099}, "K52-nD180": {"K52-nD190": 132.38654}, "K53-D020": {"K53-D030": 105.79455772576489}, "K51-U210": {"K51-U220": 49.15418091928065}, "K51-D070": {"K51-D080": 49.542167228468394}, "K51-D110": {"K51-D120": 50.734928700000005}, "K52-nD040": {"K52-nD050": 18.493257422177997}, "K52-nU030": {"K52-nU040": 105.54846823409002}, "K52-nU060": {"K52-nU070": 138.29453618864093}, "K51-D270": {"K51-D280": 90.95189283841685}, "K52-nU170": {"K52-nU180": 122.47825742262049}, "K52-nU110": {"K52-nU120": 140.8272551054129}, "K51-D160": {"K51-D170": 53.36718917890198}, "K52-nU100": {"K52-nU110": 148.79692435900444}, "K51-U100": {"K51-U110": 206.34368623942822}, "K52-nD060": {"K52-nD070": 125.52099068727584}, "K53-D040": {"K53-D050": 65.9724909275254}, "K52-nU200": {"K52-nU210": 73.40269328471354}, "K51-D260": {"K51-D270": 50.67133789006472}, "K53-D090": {"K53-D100": 39.34519943270287}, "K54-U020": {"K54-U030": 99.19719024633324}, "K52-nD090": {"K52-nD100": 52.17774778182589}, "K51-U200": {"K51-U210": 83.73860842539776}, "K54-U010": {"K54-U020": 49.17214111635471}, "K52-nU260": {"K52-nU270": 60.27148180281798}, "K52-nD260": {"K52-nD270": 59.850525765885}, "K53-D060": {"K53-D070": 124.89850237094693}, "K51-U240": {"K51-U250": 106.14048454557148}, "K52-nU180": {"K52-nU190": 72.27253611399117}, "K52-nD160": {"K52-nD170": 124.18851249412111}, "K52-nD050": {"K52-nD060": 28.813196045632207}, "K52-nU150": {"K52-nU160": 80.55084030352631}, "K51-D120": {"K51-D130": 39.83195262360001}, "K52-nD250": {"K52-nD260": 162.78838218349998}, "K52-nD230": {"K52-nD240": 168.52225445}, "K51-U120": {"K51-U130": 148.20731834053424}, "K51-U020": {"K51-U030": 97.41221409789982}, "K51-D250": {"K51-D260": 188.20251015647835}, "K52-nU240": {"K52-nU250": 51.928397089370776}, "K51-U170": {"K51-U180": 72.90813867203502}, "K51-D080": {"K51-D090": 96.53363297929656}, "K51-U080": {"K51-U090": 154.23924266396614}, "K52-nD200": {"K52-nD210": 129.158003521}, "K52-nD210": {"K52-nD220": 199.71336723258807}, "K51-U010": {"K51-U020": 32.592781065713226}, "K54A-D030": {"K54A-D040": 93.50946701917425}, "K54A-D010": {"K54A-D020": 214.89457642605603}, "K54A-D020": {"K54A-D030": 156.5963746219815}, "K52-nU280": {"K52-nU290": 45.24913691184844}, "K54A-D040": {"K54A-D050": 149.4549094811481}, "K52-nD270": {"K52-nD280": 86.90685439442201}, "K52-nD150": {"K52-nD160": 86.68300692939641}, "K51-D240": {"K51-D250": 134.35235985500003}, "K51-U220": {"K51-U230": 55.488975046831776}, "K51-U150": {"K51-U160": 77.3554742776472}, "K53*-U020": {"K53*-U030": 81.50528100000001}, "K53-D160": {"K53-U011": 185.47380749970498}, "K53*-U030": {"K53*-U040": 469.44612846999996}, "K53*-U010": {"K53*-U020": 170.4747}}