{"K66-U170": {"K66-U180": 37.18990350674603}, "K68-U100": {"K68-U110": 192.3933091448515}, "K66-D170": {"K66-D180": 197.7916587766731}, "K66-D020": {"K66-D030": 63.69010718061752}, "K65-D070": {"K65-D080": 94.27032125296657}, "K68-U060": {"K68-U070": 73.08054756519594}, "K65-U020": {"K65-U030": 113.32118893878479}, "K66-U210": {"K66-U220": 51.54575047138}, "K66-U180": {"K66-U190": 65.46425513804503}, "K66-U040": {"K66-U050": 123.23726622432147}, "K66-U140": {"K66-U150": 47.32885435650877}, "K68-U140": {"K68-U150": 38.03613181703804}, "K65-D170": {"K65-D180": 81.47455820231947}, "K65-U050": {"K65-U060": 107.45550969516887}, "K65-U080": {"K65-U090": 120.15816766447533}, "K65-D010": {"K65-D020": 39.1550774676911}, "K68-D080": {"K68-D090": 76.86075513345038}, "K65-U150": {"K65-U160": 54.51494052343577}, "K65-U130": {"K65-U140": 33.122874295574825}, "K65-U170": {"K65-U180": 55.03061268919146}, "K66-D070": {"K66-D080": 38.57864113140491}, "K66-D180": {"K66-D190": 67.350392688737}, "K68-U090": {"K68-U100": 121.00950563491601}, "K65-U210": {"K65-U220": 87.55675274355727}, "K65-U110": {"K65-U120": 115.34537565860883}, "K68-D200": {"K68-U011": 70.06241527430532}, "K66-D160": {"K66-D170": 120.8333341699672}, "K66-U200": {"K66-U210": 63.197501970273514}, "K66-U130": {"K66-U140": 125.74845489283322}, "K66-U120": {"K66-U130": 54.50613925286241}, "K68-D120": {"K68-D130": 158.9098551903962}, "K65-D040": {"K65-D050": 64.37744845854684}, "K65-D020": {"K65-D030": 63.714456196729614}, "K66-U150": {"K66-U160": 62.58608717077891}, "K66-U010": {"K66-U020": 121.29158520360747}, "K66-U100": {"K66-U110": 77.98495925900008}, "K66-U160": {"K66-U170": 44.494860986350304}, "K65-D100": {"K65-D110": 199.75814887439296}, "K68-U010": {"K68-U020": 89.9577371763696}, "K68-D190": {"K68-D200": 41.934381520896785}, "K68-U030": {"K68-U040": 31.309499567323506}, "K65-U190": {"K65-U200": 89.66118449375959}, "K65-D120": {"K65-D130": 61.064121340664464}, "K66-U030": {"K66-U040": 169.79629190620722}, "K65-U060": {"K65-U070": 39.72162581593793}, "K66-U090": {"K66-U100": 51.76481554126896}, "K68-D060": {"K68-D070": 89.32747243529727}, "K65-D030": {"K65-D040": 54.46192487722665}, "K65-D110": {"K65-D120": 122.77195421312709}, "K68-U040": {"K68-U050": 51.12352912784763}, "K65-U220": {"K65-U230": 79.55381140773781}, "K66-D200": {"K66-D210": 108.49584623106867}, "K66-D100": {"K66-D110": 32.5197853051991}, "K68-D150": {"K68-D160": 66.07968837267175}, "K66-D050": {"K66-D060": 30.168474697120217}, "K68-D100": {"K68-D110": 82.51406175248842}, "K65-D060": {"K65-D070": 67.66498104591457}, "K66-D090": {"K66-D100": 30.941247821225915}, "K65-D050": {"K65-D060": 62.41903437886536}, "K66-D130": {"K66-D140": 27.83293220092001}, "K65-U100": {"K65-U110": 135.92891391361758}, "K66-D150": {"K66-D160": 85.38938377619102}, "K66-D140": {"K66-D150": 95.75803124943279}, "K65-D140": {"K65-D150": 97.75857749133738}, "K66-D080": {"K66-D090": 46.72473717733088}, "K66-U110": {"K66-U120": 42.40888122582817}, "K65-D130": {"K65-D140": 76.62862229257703}, "K68-D180": {"K68-D190": 29.202341398722847}, "K68-U150": {"K68-U160": 88.85292108000002}, "K66-D010": {"K66-D020": 26.567042737459047}, "K66-D030": {"K66-D040": 65.53654869325814}, "K65-D160": {"K65-D170": 138.00146704921167}, "K65-D090": {"K65-D100": 88.56380240492615}, "K66-U020": {"K66-U030": 177.6495271604279}, "K68-D090": {"K68-D100": 141.74487844881224}, "K66-D230": {"K66-D240": 83.72201349222665}, "K65-U180": {"K65-U190": 73.88707320613841}, "K68-D170": {"K68-D180": 33.053969656510006}, "K65-D080": {"K65-D090": 46.92770316313387}, "K66-D110": {"K66-D120": 97.28099901995644}, "K68-U020": {"K68-U030": 42.88748738313994}, "K68-U070": {"K68-U080": 35.00767863034}, "K65-U200": {"K65-U210": 60.67602245021592}, "K66-D040": {"K66-D050": 32.70433289368778}, "K66-U080": {"K66-U090": 154.58487321965387}, "K66-D210": {"K66-D220": 133.17862556596182}, "K66-U190": {"K66-U200": 65.4211448913868}, "K68-D160": {"K68-D170": 84.992671919979}, "K68-D010": {"K68-D020": 54.93645802053347}, "K68-D130": {"K68-D140": 64.77152727447745}, "K65-D180": {"K65-D190": 101.38787868362449}, "K68-D070": {"K68-D080": 190.25060470981774}, "K65-D150": {"K65-D160": 94.19057447227802}, "K65-U030": {"K65-U040": 92.99225909292306}, "K66-U050": {"K66-U060": 40.45750986069304}, "K65-U090": {"K65-U100": 57.66029130099524}, "K68-U130": {"K68-U140": 152.97217700000002}, "K68-U170": {"K68-D010": 140.06867304726998}, "K66-U070": {"K66-U080": 197.01177156507794}, "K68-U120": {"K68-U130": 141.45197389631}, "K66-D220": {"K66-D230": 75.80032508694754}, "K68-D020": {"K68-D030": 78.59060620169002}, "K65-U120": {"K65-U130": 205.7187947728788}, "K66-D060": {"K66-D070": 29.219101595782472}, "K68-U160": {"K68-U170": 77.34788010429111}, "K66-D120": {"K66-D130": 54.674511800061865}, "K68-U110": {"K68-U120": 183.41885424110004, "K68-D090": 501.8464000000001}, "K65-U010": {"K65-U020": 271.73722450331996}, "K68-D050": {"K68-D060": 49.624570632419996}, "K65-U070": {"K65-U080": 62.986230315893486}, "K65-U040": {"K65-U050": 91.02010201497085}, "K65-U160": {"K65-U170": 62.04493231443804}, "K68-D040": {"K68-D050": 91.471449982093}, "K66-U060": {"K66-U070": 172.67824229523188}, "K66-D190": {"K66-D200": 70.48330385034035}, "K68-D030": {"K68-D040": 67.00465}, "K68-D140": {"K68-D150": 35.02486676199999}, "K68-U080": {"K68-U090": 45.21032091224}, "K65-U140": {"K65-U150": 102.98931597090689}, "K68-D110": {"K68-D120": 86.08548770572938}, "K68-U050": {"K68-U060": 42.30732880000001}}