{"KSR": {"YUL": 239.6820955280446, "TWW": 482.1905298231113}}