{"LET": {"WCH": 180.3850484635329, "SOH": 108.18055427429083}}