{"LOF": {"KOT": 130.72667223364596, "WTS": 123.35566603707932}, "LOW": {"SHS": 228.97009344041285}, "LOP": {"TIS": 172.9357473123776, "YUL": 112.12855258469999}}