{"MOK": {"YMT": 114.18810607166196, "PRE": 127.08151810235464}, "MOS": {"HEO": 132.15363651077462, "WKS": 159.2094146494955}}