{"NOP": {"QUB": 127.28291629492205, "FOH": 136.7262152624789}}