{"NTK": {"KWT": 121.02861105396059, "KOB": 127.90052997648036}}