{"OCP": {"ADM": 287.6320111917114, "WCH": 133.14669152568362}}