{"QUB": {"YAT": 262.85449741167497, "TAK": 130.35810634594654, "NOP": 118.85660549991735}}