{"STW": {"CIO": 142.05043497699995, "CKT": 117.88592744342318}}