{"SUN": {"DIS": 198.58233387484285, "TSY": 574.9010274653854, "TUC": 823.8869655468554}, "SUW": {"TKW": 132.71008868699997, "KAT": 115.68077150204189}}