{"SYP": {"SHW": 142.7118286424107, "HKU": 99.63426036988395}}