{"TIK": {"TKO": 243.54501530791103, "YAT": 134.77335310842656}, "TIS": {"LOP": 179.27538508448438, "SIH": 348.10781826747854}, "TIH": {"CAB": 122.13812616975736, "FOH": 100.09475156838543}}