{"TSY": {"AIR": 1436.897562354909, "KOW": 520.7357222071525, "LAK": 193.02715347694885, "SUN": 678.6024778887411}, "TST": {"ADM": 192.75505781611054, "JOR": 120.88639013759311}, "TSH": {"SHM": 211.40619250306685, "HEO": 135.2359183862}, "TSW": {"TWH": 56.389977272106044}}