{"WAC": {"ADM": 131.50418290089743, "CAB": 179.10230197987653}}