{"WCH": {"LET": 190.3062303150216, "OCP": 141.64096615020904}}