{"YAT": {"TIK": 143.57399519391765, "QUB": 260.3982922813667, "LAT": 180.55048656299584}}