{"AUS": {"NAC": 190.2348597128124, "ETS": 165.4032322}}