{"CHH": {"KOB": 129.69562270951027, "DIH": 134.9231425027866}, "CHW": {"HFC": 177.60694907890726}}