{"CIO": {"SHM": 148.31491074116744, "STW": 146.03270544135006}}