{"CKT": {"TAW": 136.05858900332504, "STW": 141.12773335699998}}