{"CSW": {"SSP": 100.04396278207301, "LCK": 129.95291976707853}}