{"ETS": {"HUH": 386.62020623574665, "AUS": 182.1219859836395}}