{"EXC": {"HUH": 170.01815209044864, "ADM": 74.20163334556752}}