{"HEO": {"TSH": 138.61995807143708, "MOS": 128.80508916545182}}