{"HKU": {"SYP": 116.40860416007581, "KET": 96.42731242687644}}