{"HUH": {"ETS": 495.017045626631, "EXC": 232.9330721514802, "MKK": 220.36113173008653, "HOM": 135.34547087289923}}