{"K73-U080": {"K73-U110": 151.50093749235361}, "K76-D010": {"K76-D020": 170.41630764137025}, "K76-U030": {"K76-U040": 163.10085394049315}, "K74-D020": {"K74-D030": 145.02444116688483}}