{"KAT": {"SUW": 129.08639248999998, "DIH": 151.90204232860444}}