{"KOW": {"HOK": 177.74210021782181, "OLY": 134.8452878043863, "TSY": 449.3790216217235}, "KOT": {"MKK": 203.3372463483629, "TAW": 267.13367161155713, "SKM": 141.6830857649984, "LOF": 101.25499464550002}, "KOB": {"CHH": 153.8318401986474}}