{"KSR": {"TWW": 703.0488357659236, "YUL": 250.370255145694}}