{"KWT": {"NTK": 105.08290671176243, "LAT": 118.50188035939625}, "KWH": {"TWH": 162.44693879449073, "KWF": 110.52129748145273}, "KWF": {"KWH": 116.484986937991, "LAK": 109.44989814573032}}