{"LET": {"WCH": 159.4934460652597, "SOH": 103.53905279591936}}