{"MEF": {"LCK": 103.09141713005769, "LAK": 155.96703589145, "TWW": 310.83184095283116, "NAC": 185.2480022017883}}