{"MKK": {"HUH": 333.2054997591783, "KOT": 159.94893924858644}}