{"NAC": {"LAK": 261.55743751973694, "OLY": 131.49329786328292, "AUS": 205.4254078958048, "MEF": 193.72609717517335}}