{"NOP": {"FOH": 99.98927253691254, "QUB": 116.1268422125988}}