{"QUB": {"TAK": 86.73484800980005, "NOP": 120.05120008739834, "YAT": 252.3706796331866}}