{"SIH": {"TUM": 154.44912309398632, "TIS": 316.679440519321}}