{"STW": {"CIO": 163.03833000000003, "CKT": 141.7716058555277}}