{"TAW": {"KOT": 336.03442047108894, "SHT": 263.2995769811542, "CKT": 139.91476390186094, "HIK": 171.5086364328674}, "TAP": {"TWO": 124.95031910333, "UNI": 417.74267839726997}, "TAK": {"SWH": 106.39947356602231, "QUB": 117.26849732059611}}