{"TIK": {"YAT": 155.98474128290778, "TKO": 132.57252962910337}, "TIS": {"LOP": 192.06507639289433, "SIH": 314.92767778903334}, "TIH": {"FOH": 98.53857673084374, "CAB": 111.08392631085856}}