{"TKO": {"LHP": 131.40364596862355, "TIK": 150.2677411071935, "HAH": 131.274}, "TKW": {"HOM": 136.29719174526002, "SUW": 130.9581008559981}}