{"TWH": {"KWH": 126.88084515238575, "TSW": 78.44452758279844}, "TWO": {"FAN": 320.48040003089716, "TAP": 155.98745972606037}, "TWW": {"KSR": 527.1915145621833, "MEF": 303.5324154591799}}