{"WCH": {"LET": 172.644443546278, "OCP": 119.89308400496643}}