{"WTS": {"LOF": 120.24875800543862, "DIH": 108.94270798983969}}