{"YUL": {"LOP": 128.5265503248548, "KSR": 249.64987230803868}}