{"AUS": {"NAC": 200.49292832737697, "ETS": 166.99861808199998}}