{"CKT": {"STW": 140.86167804917002, "TAW": 137.56946149926003}}