{"ETS": {"AUS": 183.70000000000002, "HUH": 398.5601143726535}}