{"HAH": {"TKO": 135.89662047290477, "POA": 113.56058103694855}}