{"HEO": {"MOS": 127.91173107799997, "TSH": 139.0184975284714}}