{"HOK": {"KOW": 188.8445147658786}, "HOM": {"YMT": 161.78923804368108, "TKW": 151.45858900332505, "WHA": 84.26858790396588, "HUH": 133.62562937000004}}