{"JOR": {"TST": 112.52665384543555, "YMT": 123.16711205588345}}