{"KAT": {"SUW": 128.50765324099999, "DIH": 155.35333901174923}}