{"KOW": {"TSY": 443.44670546279156, "OLY": 141.2183072212774, "HOK": 177.74210021784248}, "KOT": {"TAW": 281.02781865718015, "MKK": 195.8451044630414, "SKM": 142.72299022021588, "LOF": 100.03346404767971}, "KOB": {"CHH": 153.56871133183046}}