{"LAK": {"KWF": 141.0113891250745, "NAC": 252.8039323928105, "MEF": 137.01667329497792, "TSY": 198.16356292574113}, "LAT": {"YAT": 82.48250527889067, "KWT": 122.89117814496498}}