{"LCK": {"CSW": 111.69217407062186, "MEF": 128.90458024890663}}