{"LOW": {"SHS": 261.7549131696172}, "LOF": {"KOT": 128.26169900396, "WTS": 112.64362874776548}, "LOP": {"TIS": 197.6849781299164, "YUL": 130.44457848119998}}