{"MEF": {"LCK": 105.24856241713015, "LAK": 159.0132990720745, "TWW": 308.93321363975474, "NAC": 184.31917054556013}}