{"NOP": {"QUB": 122.80381799157529, "FOH": 101.25499464550002}}