{"NTK": {"KOB": 128.23308722571159, "KWT": 124.47425309360867}}