{"OCP": {"ADM": 287.6319556512375, "WCH": 114.36604102969261}}