{"OLY": {"NAC": 130.70875457591362, "KOW": 131.11611431578578}}