{"QUB": {"NOP": 119.248993059931, "YAT": 265.1022716558415, "TAK": 85.67916320882003}}