{"SHT": {"TAW": 176.8984024535765, "FOT": 280.19639537760065}, "SHS": {"FAN": 150.66618999972206, "LMC": 749.6350869755582, "LOW": 261.75493247375704}, "SHW": {"CEN": 107.32592831845811, "SYP": 118.7316151574465}, "SHM": {"CIO": 133.399558, "TSH": 236.7599967460223}}