{"SKW": {"SWH": 106.42966314304117, "HFC": 202.3210807605496}, "SKM": {"PRE": 103.12497770000002, "KOT": 114.51633109578579}}