{"SUW": {"KAT": 120.97919093099992, "TKW": 152.000977687925}, "SUN": {"DIS": 198.58233387484285, "TUC": 823.8869291490585, "TSY": 535.1178004513439}}