{"TAW": {"SHT": 181.05919250415997, "KOT": 336.1025583092049, "HIK": 171.4159163125701, "CKT": 141.14376499593044}, "TAP": {"TWO": 138.57612999999998, "UNI": 417.7840133157879}, "TAK": {"SWH": 107.078623049482, "QUB": 115.6430968259561}}