{"TUC": {"SUN": 466.3367998086198}, "TUM": {"SIH": 157.35577016667798}}