{"TWO": {"TAP": 156.13800269591235, "FAN": 330.30625594605533}, "TWW": {"MEF": 302.65852436320586, "KSR": 582.4359782022404}, "TWH": {"KWH": 125.96114836685229, "TSW": 88.29565287618391}}