{"WAC": {"ADM": 123.41099183144547, "CAB": 132.27932072514298}}