{"WCH": {"LET": 172.6336313998929, "OCP": 119.8626771738634}}