{"WTS": {"LOF": 119.53993397427287, "DIH": 109.88890379294102}}