{"YAT": {"QUB": 263.46637020970365, "TIK": 177.97907902686597, "LAT": 154.3433712717674}}