{"YMT": {"JOR": 132.51562504606719, "MOK": 123.29788506227135, "HOM": 165.32057506931255}}