{"YUL": {"KSR": 248.16817401388136, "LOP": 129.2301136812886}}