{"5": {"6": 108.57162073160808, "305": 84.82510850852422}}