{"AIR": {"TSY": 1523.4231730650115, "AWE": 115.69374797513224}}