{"CHH": {"DIH": 86.61751228065427, "KOB": 44.45516942615142}, "CHW": {"HFC": 66.96519982813307}}