{"CIO": {"STW": 63.29174874, "SHM": 110.41732457862}}