{"CSW": {"SSP": 96.23764091296394, "LCK": 109.33327238312623}}