{"DIS": {"SUN": 198.58233387484285}, "DIH": {"WTS": 69.73535143952459, "KAT": 98.53207473669167, "HIK": 307.0183628662644, "CHH": 106.0743170043258}}