{"FOT": {"SHT": 132.14099384021668, "UNI": 151.58495908725232}, "FOH": {"TIH": 94.53741975468714, "NOP": 102.21822507755346}}