{"HEO": {"TSH": 66.31942306137, "MOS": 72.31030230236861}}