{"HFC": {"SKW": 146.14395294416596, "CHW": 135.01113408635334}}