{"JOR": {"TST": 100.07961822377146, "YMT": 56.97675959154272}}