{"K17-U030": {"K17-U040": 97.62048573859725}, "K18-D020": {"K18-D030": 133.56977586331007}, "K18-U020": {"K18-U030": 98.89309426995466}, "K14-D010": {"K14-D020": 264.8022548630555}, "K12-D030": {"K12-D040": 137.78355367945875}, "K17-D020": {"K17-D030": 75.87764322822787}, "K18-U010": {"K18-U020": 234.87432817215273}, "K17-D010": {"K17-D020": 298.62878309371433}, "K12-U020": {"K12-U030": 220.04190061955734}, "K17-U020": {"K17-U030": 154.30732401559888}, "K12-D010": {"K12-D020": 158.04356715679572}, "K12-U010": {"K12-U020": 269.320551784315}, "K17-U010": {"K17-U020": 264.57379246492667}, "K12-D020": {"K12-D030": 329.3847436662756}, "K18-D010": {"K18-D020": 246.49186130826848}, "K14-D020": {"K14-D030": 92.53855478749657}}