{"K65A-U110": {"K65A-U120": 88.62627251830983}, "K66-D100": {"K66-D110": 58.5667220039944}, "K68-U140": {"K68-U150": 41.96997641103244}, "K66-U140": {"K66-U150": 48.126667387225694}, "K65A-U120": {"K65A-U130": 93.1216062568}, "K65-D150": {"K65-D160": 111.24506628824808}, "K65-D020": {"K65-D030": 81.02284098826732}, "K65-D080": {"K65-D090": 70.93005029060335}, "K65-D130": {"K65-D140": 114.82717990908108}, "K68-U050": {"K68-U060": 47.09745674313832}, "K65-U200": {"K65-U210": 98.16370418945881}, "K65-U170": {"K65-U180": 52.575894051896036}, "K65-D070": {"K65-D080": 145.25348832640395}, "K66-D150": {"K66-D160": 92.52171421855401}, "K68-U070": {"K68-U080": 25.23425645350874}, "K66-U130": {"K66-U140": 53.7424678885029}, "K66-U210": {"K66-U220": 53.77085681709265}, "K68-D160": {"K68-D170": 87.5222749491639}, "K66-D110": {"K66-D120": 48.4100985735585}, "K66-U200": {"K66-U210": 62.4061408947361}, "K65-U090": {"K65-U100": 45.80002841453603}, "K66-U020": {"K66-U030": 236.01219272092325}, "K65-D170": {"K65-D180": 98.49316764547086}, "K65A-U090": {"K65A-U100": 81.66879420000001}, "K66-D050": {"K66-D060": 53.363938565177605}, "K66-U090": {"K66-U100": 58.17534272744766}, "K66-U110": {"K66-U120": 33.866831544162714}, "K66-D170": {"K66-D180": 171.18502542035367}, "K65-U070": {"K65-U080": 65.53620791160776}, "K68-D050": {"K68-D060": 59.75684022444435}, "K65-D060": {"K65-D070": 93.7270589430314}, "K65-U080": {"K65-U090": 204.84586291790046}, "K65-D090": {"K65-D100": 117.80866136287943}, "K68-D060": {"K68-D070": 108.88109238841264}, "K65-U120": {"K65-U130": 196.3391713963535}, "K66-D130": {"K66-D140": 52.608904502347215}, "K68-U030": {"K68-U040": 24.544224543231785}, "K65-U220": {"K65-U230": 89.12685471028163}, "K65A-D090": {"K65A-D100": 128.914726}, "K68-U010": {"K68-U020": 97.81308126271799}, "K65-U160": {"K65-U170": 59.84751494311921}, "K65A-D070": {"K65A-D080": 146.56829000000002}, "K65-U050": {"K65-U060": 105.01098482658968}, "K66-U180": {"K66-U190": 64.19155785774689}, "K65-D010": {"K65-D020": 46.00340935046236}, "K65-D050": {"K65-D060": 60.59879748651521}, "K68-U080": {"K68-U090": 39.671381869309144}, "K68-D140": {"K68-D150": 63.46177659701991}, "K66-D080": {"K66-D090": 78.75053023964855}, "K66-D200": {"K66-D210": 138.88662544747413}, "K65-D100": {"K65-D110": 248.0783896134241}, "K65-U190": {"K65-U200": 72.86243779450044}, "K65-U210": {"K65-U220": 81.22673038682805}, "K65-U060": {"K65-U070": 40.6253881739729}, "K66-D220": {"K66-D230": 88.7759383275084}, "K66-D010": {"K66-D020": 12.255199113590564}, "K66-U160": {"K66-U170": 48.54304538649197}, "K65-D120": {"K65-D130": 66.7733247437435}, "K66-D070": {"K66-D080": 59.40755206224098}, "K68-D080": {"K68-D090": 82.8460536710743}, "K66-D160": {"K66-D170": 144.02275851483296}, "K65-U130": {"K65-U140": 46.706012776799085}, "K66-D230": {"K66-D240": 97.92484734940906}, "K66-D210": {"K66-D220": 164.01334532393204}, "K66-U170": {"K66-U180": 73.10425741348833}, "K68-D040": {"K68-D050": 105.26814383108999}, "K65A-U080": {"K65A-U090": 78.018713606}, "K65A-D080": {"K65A-D090": 67.00329365820001}, "K68-D120": {"K68-D130": 202.40305085796325}, "K66-U120": {"K66-U130": 51.88633096865819}, "K65A-D100": {"K65A-D110": 226.05473}, "K68-D070": {"K68-D080": 213.41650411013188}, "K66-U070": {"K66-U080": 187.0360570766839}, "K65-U040": {"K65-U050": 89.1802089459404}, "K68-U150": {"K68-U160": 88.0122000525372}, "K65-U180": {"K65-U190": 76.4496391715198}, "K68-D090": {"K68-D100": 173.00616926201343}, "K65-U020": {"K65-U030": 128.8137041698443}, "K66-D060": {"K66-D070": 60.16186872167624}, "K68-D150": {"K68-D160": 80.35138111014341}, "K68-D010": {"K68-D020": 52.202289806379994}, "K68-D180": {"K68-D190": 42.613572254140436}, "K66-U010": {"K66-U020": 144.40196464897332}, "K65-U010": {"K65-U020": 264.567828044051}, "K68-U120": {"K68-U130": 194.44896805993105}, "K68-U130": {"K68-U140": 150.172928609}, "K65-U030": {"K65-U040": 87.40026960140298}, "K66-U190": {"K66-U200": 65.36689044998329}, "K68-U160": {"K68-U170": 70.0048109449}, "K66-U040": {"K66-U050": 125.02979021188875}, "K68-U020": {"K68-U030": 25.295727785674565}, "K66-D140": {"K66-D150": 105.39362260646799}, "K68-U090": {"K68-U100": 167.08393289090128}, "K65-U100": {"K65-U110": 157.60419456777552}, "K65-D160": {"K65-D170": 154.48980529163018}, "K66-D020": {"K66-D030": 71.692683845081}, "K65-D030": {"K65-D040": 85.24407982337357}, "K65-D180": {"K65-D190": 130.92997754725616}, "K65-U110": {"K65-U120": 114.47203001415384}, "K66-D120": {"K66-D130": 63.53162462239737}, "K65-D110": {"K65-D120": 124.71884815364913}, "K65-U140": {"K65-U150": 104.98530046398722}, "K68-D100": {"K68-D110": 92.65642392468001}, "K68-D170": {"K68-D180": 64.76108977729125}, "K68-U100": {"K68-U110": 176.33722445414557}, "K66-D180": {"K66-D190": 91.29689547150716}, "K66-U100": {"K66-U110": 74.74934235771207}, "K66-U060": {"K66-U070": 161.44373946341997}, "K66-D030": {"K66-D040": 85.30917995192712}, "K66-U150": {"K66-U160": 51.23714209141455}, "K65-D040": {"K65-D050": 74.65239915008576}, "K65-U150": {"K65-U160": 54.77451785784068}, "K66-D090": {"K66-D100": 53.56677731554593}, "K65-D140": {"K65-D150": 119.76707182415157}, "K68-U060": {"K68-U070": 95.22631883296069}, "K68-D190": {"K68-D200": 60.70210874926001}, "K66-D040": {"K66-D050": 53.282110050552305}, "K66-D190": {"K66-D200": 95.13653417477943}, "K68-U110": {"K68-U120": 213.4934787096, "K68-D090": 862.9147999999999}, "K65A-U040": {"K65A-U050": 97.05751000000002}, "K68-U040": {"K68-U050": 45.43523881105013}, "K65A-U100": {"K65A-U110": 106.45142639999999}, "K65A-U060": {"K65A-U070": 55.385439999999996}, "K66-U050": {"K66-U060": 43.195992674554624}, "K66-U030": {"K66-U040": 186.81810224995155}, "K65A-U070": {"K65A-U080": 57.84618400000001}, "K68-D110": {"K68-D120": 80.85633225862301}, "K65A-U030": {"K65A-U040": 62.14999999999999}, "K68-D020": {"K68-D030": 87.67383256000002}, "K68-D030": {"K68-D040": 100.795834249}, "K68-D130": {"K68-D140": 59.18718873615437}, "K65A-U050": {"K65A-U060": 34.86135}, "K66-U080": {"K66-U090": 184.80768527224419}, "K68-D200": {"K68-U011": 66.52142453270297}, "K68-U170": {"K68-D010": 164.03675577}, "K65A-D030": {"K65A-D040": 67.6}, "K65A-D060": {"K65A-D070": 99.0}, "K65A-U020": {"K65A-U030": 176.0}}