{"K73-U090": {"K73-U100": 132.5281742337662}, "K76-U030": {"K76-U040": 254.66161854361272}, "K75P-U030": {"K75P-U040": 127.95644604789452}, "K75A-U030": {"K75A-D010": 250.54681665275467}, "K75P-U110": {"K75P-U120": 91.20038520426169}, "K74-U100": {"K74-D010": 123.33192165664438}, "K76-D030": {"K76-D040": 71.31013748050268}, "K73-U110": {"K73-U120": 242.0428107809977}, "K76-D020": {"K76-D030": 129.96975758215936}, "K73-U070": {"K73-U080": 160.48788846435247}, "K75A-U010": {"K75A-U020": 49.09748774359561}, "K73-D020": {"K73-D030": 78.39108005905311}, "K75P-U130": {"K75P-U140": 48.46471251190699}, "K73-U060": {"K73-U070": 139.98984245447735}, "K76-U020": {"K76-U030": 157.97817570478136}, "K73-U040": {"K73-U050": 118.45500725300622, "K73-U060": 237.60852893457914}, "K75P-D050": {"K75P-D060": 82.16131087825185}, "K76-D010": {"K76-D020": 325.98442933915663}, "K74-U040": {"K74-U050": 187.91963868305965}, "K74-U050": {"K74-U060": 244.31520045108977}, "K73-U050": {"K73-U060": 116.88298196953664}, "K76-U010": {"K76-U020": 90.30218327549352}, "K73-D030": {"K73-D040": 133.90475291207255}, "K75A-D100": {"K75A-D110": 106.0313053081397}, "K73-D140": {"K73-D150": 202.54076579625672}, "K76-U040": {"K76-U050": 191.61201724691634}, "K75P-D010": {"K75P-D020": 133.9833552418264}, "K75A-D040": {"K75A-D050": 61.13855044615834}, "K73-U010": {"K73-U020": 62.078669545117165}, "K73-U030": {"K73-U040": 95.07502477350238}, "K73-D050": {"K73-D070": 101.8493675106021}, "K75A-D010": {"K75A-D020": 237.9876305451628}, "K73-D120": {"K73-D130": 102.75494800773856}, "K73-D070": {"K73-D080": 182.08276054371746}, "K75A-U020": {"K75A-U030": 139.27290532087844}, "K73-D090": {"K73-D100": 84.15604243071857}, "K75P-U100": {"K75P-U110": 65.99701286456596}, "K73-D010": {"K73-D020": 75.65557577486854}, "K73-D100": {"K73-D110": 196.04090828331033}, "K75A-D020": {"K75A-D030": 103.27251959024734}, "K73-U080": {"K73-U110": 148.84571495726868, "K73-U090": 292.5717308740376}, "K75P-D030": {"K75P-D040": 111.0448896969099}, "K73-D040": {"K73-D050": 84.94837057882913}, "K75P-U010": {"K75P-U020": 101.21715281007327}, "K75P-U070": {"K75P-U080": 111.92500334726451}, "K74-D110": {"K74-U002": 165.10170618381213}, "K75P-D070": {"K75P-D080": 89.38030250445814}, "K74-D030": {"K74-D040": 137.84204059875736}, "K75P-D040": {"K75P-D050": 177.36414980968368}, "K74-D020": {"K74-D030": 152.90091566267657}, "K75P-U120": {"K75P-U130": 61.68222776634724}, "K75A-D080": {"K75A-D090": 130.17736073181112}, "K75P-D060": {"K75P-D070": 181.11404634872997}, "K75P-U140": {"K75P-D010": 156.578267181995}, "K75A-D070": {"K75A-D080": 50.92154696799862}, "K74-U010": {"K74-U020": 168.95121732113228}, "K75P-U060": {"K75P-U070": 49.68933614634085}, "K74-U060": {"K74-U070": 137.99177676419868}, "K73-U100": {"K73-U110": 280.11697820201425}, "K74-D090": {"K74-U011": 76.03222804665042}, "K74-D010": {"K74-D020": 156.60369240577327}, "K74-U090": {"K74-U100": 219.4274059075589}, "K75A-D090": {"K75A-D100": 59.25782849196196}, "K73-D080": {"K73-D090": 256.2061842357753}, "K73-D110": {"K73-D120": 50.898310176246085}, "K75P-D020": {"K75P-D030": 36.3928465052519}, "K75P-U040": {"K75P-U050": 109.0462315134951}, "K74-D050": {"K74-D060": 101.41389189807617}, "K73-U020": {"K73-U030": 199.85461650268738}, "K74-U070": {"K74-U080": 146.484642796277}, "K75P-U090": {"K75P-U100": 38.2385467221081}, "K73-D130": {"K73-D140": 135.95839192741428}, "K74-D070": {"K74-D080": 261.52391572675543}, "K75P-U020": {"K75P-U030": 108.39192529328861}, "K75P-U080": {"K75P-U090": 47.75053724674817}, "K75P-U050": {"K75P-U060": 165.61621538902477}, "K74-U007": {"K74-U010": 243.890213949073}, "K74-U011": {"K74-D100": 169.60434974716978}, "K74-D040": {"K74-D050": 74.58119170689973}, "K75P-D080": {"K75P-U011": 147.59163840674023}, "K75A-D060": {"K75A-D070": 45.70893069314074}, "K74-U004": {"K74-U007": 86.02441000141371}, "K75A-D030": {"K75A-D040": 53.42793049990835}, "K74-U030": {"K74-U040": 290.9751802784761}, "K75A-D050": {"K75A-D060": 81.48851431090256}, "K74-U001": {"K74-U004": 120.36905029270001}, "K75A-D110": {"K75A-U011": 191.90416849330444}, "K74-D060": {"K74-D070": 170.89333546233607}, "K74-D080": {"K74-D090": 174.75634618548176}, "K74-U020": {"K74-U030": 131.76027159257166}, "K73-D150": {"K73-D160": 45.38416674501961}, "K74-D100": {"K74-D110": 90.08790736932592}, "K74-U080": {"K74-U090": 245.38111808920007}}