{"LAT": {"YAT": 99.42065241109171, "KWT": 66.77453082988907}, "LAK": {"MEF": 110.51378000277646, "TSY": 189.41639619390162, "NAC": 242.34674991751422, "KWF": 25.14212937258}}