{"LET": {"WCH": 154.70412957916554, "SOH": 103.3259677071728}}