{"MKK": {"KOT": 113.69353674065587, "HUH": 191.33446650053435}}