{"MOK": {"PRE": 118.96078049105981, "YMT": 121.03601712234062}, "MOS": {"HEO": 121.59742826631103, "WKS": 156.72808139780005}}