{"OCP": {"ADM": 287.63195981435257, "WCH": 132.49400333800276}}