{"PRE": {"MOK": 111.05691004132682, "SKM": 74.04833476110228, "SSP": 100.46424648359911}}