{"SHS": {"LMC": 465.3816458594677, "FAN": 126.51528728157552, "LOW": 261.7548641234705}, "SHW": {"SYP": 75.9391088937155, "CEN": 83.45141359206701}, "SHT": {"TAW": 192.64077607213343, "FOT": 114.93870906094875}, "SHM": {"TSH": 225.9802886816759, "CIO": 105.91763673400003}}