{"STW": {"CIO": 52.676470770000016, "CKT": 173.90080000000003}}