{"SUN": {"TSY": 577.1762092609632, "DIS": 198.58233387484285, "TUC": 823.8867416349561}, "SUW": {"TKW": 91.79898443329584, "KAT": 94.704448515966}}