{"SYP": {"HKU": 74.40184638882272, "SHW": 109.92329288126855}}