{"TIK": {"YAT": 131.99653921669602, "TKO": 181.0059041299333}, "TIS": {"SIH": 348.2937348242059, "LOP": 175.09527479153064}, "TIH": {"CAB": 100.70289439140129, "FOH": 104.2353556170934}}