{"TWO": {"FAN": 344.96006375555834, "TAP": 122.02808422806216}, "TWH": {"KWH": 95.41202423325612, "TSW": 83.52465098260151}, "TWW": {"MEF": 226.49113828324616, "KSR": 652.0151433327167}}