{"UNI": {"TAP": 364.39907847764334, "FOT": 191.02190179544027}}