{"WCH": {"LET": 154.2651588786868, "OCP": 131.49202156291545}}