{"WTS": {"DIH": 76.38375249843685, "LOF": 120.5157247017258}}