{"YAT": {"TIK": 118.72573272753365, "QUB": 251.78271455994962, "LAT": 69.88640860167372}}