{"AIR": {"TSY": 1715.9580516703759, "AWE": 101.395894810061}}