{"AUS": {"NAC": 185.39852272453743, "ETS": 168.32637611162218}}