{"CIO": {"SHM": 147.13791456216063, "STW": 146.36394772818994}}