{"HEO": {"TSH": 138.24739338181917, "MOS": 129.27491493976203}}