{"HFC": {"SKW": 132.60365697445835, "CHW": 138.55775723556974}}