{"HUH": {"ETS": 443.0633781028, "EXC": 232.9467079346197, "MKK": 288.23264389929545, "HOM": 135.30510611111998}}