{"JOR": {"TST": 111.08714593220489, "YMT": 125.50693591028906}}