{"K76-D010": {"K76-D020": 170.4163076392961}, "K76-U030": {"K76-U040": 163.10085409913765}, "K74-D020": {"K74-D030": 145.02389675842917}, "K73-U080": {"K73-U110": 151.500946764783}}