{"KAT": {"DIH": 153.02699402682495, "SUW": 133.27248524843304}}