{"LAK": {"NAC": 261.7208995121406, "TSY": 198.75788581818017, "MEF": 137.95562513092068, "KWF": 149.72571247823015}, "LAT": {"YAT": 130.01381207730873, "KWT": 117.16488386405115}}