{"LCK": {"MEF": 125.96135551955135, "CSW": 116.38832573811548}}