{"LET": {"WCH": 160.47613166572654, "SOH": 101.63005985125122}}