{"MKK": {"HUH": 333.20550110218426, "KOT": 162.58451629600623}}