{"NOP": {"QUB": 128.9351958951156, "FOH": 102.77098720170292}}