{"OCP": {"ADM": 287.6319548252567, "WCH": 124.0107125906419}}