{"OLY": {"NAC": 132.0709525253121, "KOW": 132.60852131705317}}