{"PRE": {"MOK": 105.79405534371708, "SSP": 135.76422146515577, "SKM": 111.5122841014961}}