{"SHT": {"TAW": 178.24496786951644, "FOT": 188.166367411606}, "SHS": {"FAN": 158.834211548788, "LOW": 261.7549270216978, "LMC": 585.8348940262389}, "SHW": {"CEN": 127.02393808672355, "SYP": 121.75985568784506}, "SHM": {"TSH": 248.8289462353651, "CIO": 133.20388437299624}}