{"STW": {"CKT": 139.7288448274675, "CIO": 160.93833}}