{"SYP": {"SHW": 136.41948235736533, "HKU": 102.99294734237996}}