{"TAP": {"TWO": 136.51796948964457, "UNI": 413.9235973403526}, "TAW": {"KOT": 338.2083820098534, "HIK": 168.9421170818045, "SHT": 200.5204026911038, "CKT": 178.241211072953}, "TAK": {"SWH": 107.17006716265023, "QUB": 118.95776013808502}}