{"TKO": {"LHP": 131.79649329045816, "TIK": 255.45756568746748, "HAH": 135.22286520628597}, "TKW": {"SUW": 130.740108569772, "HOM": 142.20705043721932}}