{"TSY": {"AIR": 1583.9201626555728, "KOW": 428.2975034527879, "LAK": 185.00153368432652, "SUN": 428.86733793812147}, "TSH": {"HEO": 127.1635608406765, "SHM": 236.2640623520599}, "TST": {"JOR": 115.5175256393654, "ADM": 200.01841905899462}, "TSW": {"TWH": 94.32278349500004}}