{"UNI": {"TAP": 427.46569414636514, "FOT": 227.77908263854573}}