{"WAC": {"ADM": 124.47136855772035, "CAB": 125.08103836583643}}