{"WCH": {"OCP": 121.3770071246793, "LET": 174.80752800195586}}