{"YAT": {"TIK": 177.53342481319652, "QUB": 264.04720438702054, "LAT": 147.4782339471055}}