{"YMT": {"HOM": 167.6261018118234, "MOK": 111.10866810838846, "JOR": 120.16882621316472}}