{"AIR": {"TSY": 1715.3678156740195, "AWE": 80.31477376971918}}