{"AUS": {"NAC": 191.99037383399804, "ETS": 169.33761332360015}}