{"CSW": {"LCK": 131.7358823986327, "SSP": 101.35218086897001}}