{"DIH": {"KAT": 179.36246857719055, "HIK": 306.65820442183593, "WTS": 119.93159730644602, "CHH": 113.74889592153507}, "DIS": {"SUN": 198.58233387484285}}