{"ETS": {"HUH": 400.2437965273237, "AUS": 182.4327534031137}}