{"FOT": {"SHT": 171.35474973854696, "UNI": 204.14043701491963}, "FOH": {"TIH": 90.97335334, "NOP": 147.09475870826535}}