{"HEO": {"MOS": 128.65389529236933, "TSH": 139.24879662666996}}