{"HOK": {"KOW": 191.28193025775107}, "HOM": {"TKW": 153.71175241506748, "YMT": 162.03606033283614, "WHA": 85.54397060555411, "HUH": 135.27178381073003}}