{"HUH": {"EXC": 232.8997624917841, "MKK": 206.77953906659906, "HOM": 135.7773110957383, "ETS": 495.2542882107999}}