{"JOR": {"TST": 113.03316883278936, "YMT": 125.01814263501561}}