{"K76-D010": {"K76-D020": 170.41630764039763}, "K76-U030": {"K76-U040": 163.10085402331612}, "K73-U080": {"K73-U110": 151.50094631706298}, "K74-D020": {"K74-D030": 145.02339764528094}}