{"LCK": {"MEF": 129.3950942489672, "CSW": 111.32806507267173}}