{"LR380": {"LR425": 130.01796601221588, "LR390": 154.47975614109913}, "LR265": {"LR270": 120.0, "LR920": 131.99999999999983}, "LR570": {"LR560": 120.0}, "LR080": {"LR090": 120.0, "LR230": 120.0}, "LR220": {"LR212": 120.0}, "LR015": {"LR020": 120.0}, "LR450": {"LR435": 128.23427284691985}, "LR280": {"LR270": 120.0, "LR295": 120.0}, "LR050": {"LR200": 120.0, "LR040": 120.0}, "LR170": {"LR200": 120.0}, "LR020": {"LR015": 120.0, "LR030": 120.0}, "LR070": {"LR295": 120.0}, "LR100": {"LR350": 120.0, "LR120": 120.0}, "LR230": {"LR080": 120.0}, "LR075": {"LR070": 120.0}, "LR480": {"LR468": 120.0, "LR550": 131.99999999999983}, "LR110": {"LR120": 120.0, "LR100": 131.99999999999983}, "LR350": {"LR100": 120.0}, "LR455": {"LR450": 120.0, "LR500": 131.99999999999983}, "LR250": {"LR260": 120.0}, "LR200": {"LR060": 120.0}, "LR190": {"LR180": 120.0}, "LR150": {"LR160": 120.0, "LR140": 131.99999999999983}, "LR160": {"LR150": 120.0}, "LR310": {"LR320": 120.0}, "LR212": {"LR160": 120.0}, "LR425": {"LR380": 131.66139920733252, "LR430": 140.34078740041576}, "LR010": {"LR001": 131.99999999999983}, "LR510": {"LR500": 131.99999999999983}, "LR435": {"LR430": 131.99999999999983}, "LR445": {"LR430": 131.99999999999983}, "LR240": {"LR001": 131.99999999999983}, "LR590": {"LR600": 132.52021747954566}, "LR340": {"LR100": 131.99999999999983}, "LR430": {"LR425": 140.34078740041576}, "LR390": {"LR380": 154.47975614109913}, "LR600": {"LR590": 143.49268050428537}, "LR448": {"LR445": 131.99999999999983}}