{"NAC": {"OLY": 126.61300650558196, "LAK": 262.4728450502619, "AUS": 209.91343396107408, "MEF": 192.26524532666608}}