{"OCP": {"WCH": 114.3946550144805, "ADM": 287.63195488444967}}