{"QUB": {"YAT": 266.75480814176177, "TAK": 87.91581620000002, "NOP": 120.01421496037247}}