{"SHT": {"FOT": 219.67501106606133, "TAW": 176.96140553631508}, "SHM": {"TSH": 243.10172658640994, "CIO": 134.20000000000002}, "SHS": {"LMC": 657.427457214234, "FAN": 145.70945832388313, "LOW": 261.75493247375704}, "SHW": {"CEN": 108.43667653066629, "SYP": 119.2918181849057}}