{"SKM": {"KOT": 114.6921779349753, "PRE": 101.63947993000002}, "SKW": {"HFC": 202.57894316730443, "SWH": 108.68366398297778}}