{"SSP": {"CSW": 131.84048743481563, "PRE": 127.83209255943932}}