{"SWH": {"TAK": 94.76110066324048, "SKW": 127.68203712513846}}