{"TAP": {"UNI": 417.88521580431495, "TWO": 132.24112999999997}, "TAW": {"KOT": 335.0914494863693, "SHT": 60.927783999999996, "CKT": 142.2248878276577, "HIK": 172.15257484904302}, "TAK": {"SWH": 107.55805258439212, "QUB": 116.45177423116301}}