{"TKO": {"LHP": 132.49229146098355, "HAH": 116.45474921455275, "TIK": 167.55594988589024}, "TKW": {"SUW": 131.15032847607182, "HOM": 138.11185018386004}}