{"TSW": {"TWH": 112.30232743131599}, "TST": {"JOR": 129.7452215522781, "ADM": 197.3598881432185}, "TSY": {"KOW": 464.7782679470589, "SUN": 517.6295428503862, "AIR": 1579.826698337902, "LAK": 196.61319638098684}, "TSH": {"SHM": 238.66427949976259, "HEO": 125.29260404603149}}