{"TUC": {"SUN": 482.44914697314414}, "TUM": {"SIH": 162.71474871095393}}