{"TWO": {"TAP": 156.15429104959316, "FAN": 326.2161222226392}, "TWW": {"KSR": 582.4353415682829, "MEF": 319.0982386540013}, "TWH": {"KWH": 126.86424775598456, "TSW": 79.68934287098084}}