{"WAC": {"ADM": 123.44252176378347, "CAB": 134.87112551867696}}