{"YUL": {"KSR": 247.02063011240608, "LOP": 129.46673314695244}}