{"1": {"2": 62.86546603499156, "6": 68.87118069591199}}