{"5": {"6": 106.85013188844366, "305": 80.81004690212646}}