{"CIO": {"STW": 117.36362754864157, "SHM": 121.8879777074316}}