{"ETS": {"AUS": 185.17690430154963, "HUH": 186.73548400764003}}