{"EXC": {"HUH": 164.93589802402593, "ADM": 91.04708112884832}}