{"HAH": {"TKO": 157.4592923245471, "POA": 128.89915837828613}}