{"HFC": {"SKW": 143.7116517365999, "CHW": 127.85623808067797}}