{"HIK": {"DIH": 320.2398198115683, "TAW": 158.42829091521503}}