{"HOK": {"KOW": 179.7580350108787}, "HOM": {"TKW": 139.67380032126442, "YMT": 140.3513614164646, "HUH": 135.54450789269998, "WHA": 82.85915217052147}}