{"K52A-U080": {"K52A-U090": 66.94383660635654}, "K51A-U150": {"K51A-U160": 110.91676201508514}, "K54-U060": {"K54-U070": 208.12358503075174}, "K53-U140": {"K53-D010": 82.57314151950384}, "K52A-D140": {"K52A-D150": 102.99037351808639}, "K54-D040": {"K54-D050": 175.29173382794903}, "K51-U050": {"K51-U060": 263.9117314675583}, "K51-U080": {"K51-U090": 152.9964745878719}, "K51A-U090": {"K51A-U100": 144.6197692064146}, "K52A-U120": {"K52A-U130": 67.91169277709612}, "K51A-D030": {"K51A-D040": 40.81277687872277}, "K52A-U110": {"K52A-U120": 53.18388346190828}, "K52-nU230": {"K52-nU240": 91.57458478114226}, "K51A-U230": {"K51A-U240": 35.27259622006991}, "K53-U030": {"K53-U040": 221.53313097483903}, "K54-U040": {"K54-U050": 168.32365792814738}, "K53-D015": {"K53-D020": 49.732349872066216}, "K53-U020": {"K53-U030": 139.4436787807852, "K53-D160": 730.5816028750277}, "K51A-D160": {"K51A-D170": 174.62418593488422}, "K52-nD290": {"K52-nD300": 101.67019821334559}, "K51-D230": {"K51-D240": 80.15874444286096}, "K51-U180": {"K51-U190": 103.06955795589347}, "K51-U230": {"K51-U240": 45.63140430666783}, "K52-nU030": {"K52-nU040": 139.88091443831306}, "K52-nD250": {"K52-nD260": 188.02096919365084}, "K52A-U090": {"K52A-U100": 80.62494236401565}, "K51A-D080": {"K51A-D090": 177.14821871492455}, "K51A-U030": {"K51A-U040": 70.30516593255848}, "K51A-D220": {"K51A-D230": 131.33500770131982}, "K52A-D110": {"K52A-D120": 140.94099833945452}, "K53-U130": {"K53-U140": 57.868236127070055}, "K53-D190": {"K53-U011": 419.04214209468944}, "K53-U040": {"K53-U050": 133.55364474002042}, "K52A-D070": {"K52A-D080": 98.65601810974822}, "K53-U070": {"K53-U080": 45.060486332390724}, "K51-D130": {"K51-D140": 56.35153314748645}, "K52-nD180": {"K52-nD190": 144.85581219414047}, "K51-U200": {"K51-U210": 85.23484356028226}, "K53-U050": {"K53-U060": 147.66551387968008}, "K51A-D090": {"K51A-D100": 56.18938809348648}, "K51-D260": {"K51-D270": 54.60347032027621}, "K52-nD040": {"K52-nD050": 34.432521999764205}, "K52-nD100": {"K52-nD110": 62.7531238950173}, "K53-U080": {"K53-U090": 71.8201657882707}, "K54-D010": {"K54-D020": 121.0610653427276}, "K52-nD230": {"K52-nD240": 151.193669041648}, "K53-D020": {"K53-D030": 103.22653372214839}, "K54-U030": {"K54-U040": 125.18286540271436}, "K52-nU040": {"K52-nU050": 74.92857327124158}, "K52A-D130": {"K52A-D140": 88.29500524816001}, "K52A-U170": {"K52A-U180": 275.33189995594125}, "K53-D120": {"K53-D130": 74.47678345993143}, "K52-nD220": {"K52-nD230": 145.4629150691153}, "K53-D010": {"K53-D015": 107.54976687631446}, "K51A-D010": {"K51A-D020": 50.693566330743394}, "K51A-U180": {"K51A-U190": 96.74750789297232}, "K52A-U150": {"K52A-U160": 37.84525562840938}, "K51A-U140": {"K51A-U150": 47.264778450187485}, "K51A-D070": {"K51A-D080": 88.96107351802064}, "K51-U030": {"K51-U040": 74.564658450297}, "K51-D020": {"K51-D030": 59.52813912350308}, "K52-nU020": {"K52-nU030": 100.56994544211862}, "K53-U100": {"K53-U110": 66.77022482719585}, "K54-D020": {"K54-D030": 185.26409344167843}, "K52-nU050": {"K52-nU060": 255.99687155436732}, "K52-nD190": {"K52-nD200": 163.63266405975625}, "K52-nU100": {"K52-nU110": 191.85702078653412}, "K52-nU270": {"K52-nU280": 163.35311925266697}, "K53-D160": {"K53-D170": 860.1184471781922, "K53-U011": 188.395923962202}, "K51-D150": {"K51-D160": 199.33810400185953}, "K51A-U200": {"K51A-U210": 54.817677022343766}, "K53-D090": {"K53-D100": 52.391239322324694}, "K53-U090": {"K53-U100": 123.36538632416963}, "K52A-D060": {"K52A-D070": 137.43895827555048}, "K51-U020": {"K51-U030": 113.12343172170628}, "K51A-U210": {"K51A-U220": 72.29061258429797}, "K52A-U030": {"K52A-U040": 40.14881569464632}, "K54-D030": {"K54-D040": 70.06389999905676}, "K53-D140": {"K53-D150": 156.93171646682026}, "K51-U160": {"K51-U170": 115.59205696546614}, "K52A-U100": {"K52A-U110": 72.91610807359615}, "K52A-D150": {"K52A-D160": 97.88334142748043}, "K51A-U240": {"K51A-U250": 72.73812815980882}, "K51-D220": {"K51-D230": 269.591858563802}, "K51A-D230": {"K51A-D240": 163.557191870358}, "K51A-U070": {"K51A-U080": 205.37220886990357}, "K53-U060": {"K53-U070": 69.70681529278492}, "K51-D120": {"K51-D130": 56.28238424457959}, "K51-U060": {"K51-U070": 299.7125295237755}, "K52-nD010": {"K52-nD020": 19.24998658760667}, "K51-U090": {"K51-U100": 138.9206957700888}, "K52-nU070": {"K52-nU080": 112.95629135940246}, "K53-D110": {"K53-D120": 175.48797926070688}, "K51-D190": {"K51-D200": 158.40870060554963}, "K51-D040": {"K51-D050": 50.33355851308647}, "K51A-D180": {"K51A-D190": 124.78962460748241}, "K51A-D240": {"K51A-D250": 57.441451260899996}, "K52A-U010": {"K52A-U015": 261.8902514830269}, "K51-D140": {"K51-D150": 83.84876410764814}, "K52A-D020": {"K52A-D030": 17.965815760232424}, "K51A-D260": {"K51A-D270": 66.2459461764672}, "K53-U120": {"K53-U130": 74.70401484455653}, "K51-U140": {"K51-U150": 51.72346035568821}, "K51-D090": {"K51-D100": 92.39381010585376}, "K51A-U170": {"K51A-U180": 73.7540040121773}, "K52-nD080": {"K52-nD090": 65.52458425252212}, "K51-D050": {"K51-D060": 57.47753511886949}, "K52-nU120": {"K52-nU140": 120.00299254667252}, "K52-nD200": {"K52-nD210": 137.07859555339695}, "K54-U020": {"K54-U030": 170.7982405557721}, "K52-nD240": {"K52-nD250": 153.21256270361056}, "K51-D030": {"K51-D040": 38.42764413491825}, "K52-nD050": {"K52-nD060": 40.04623049567118}, "K51A-D150": {"K51A-D160": 108.39083940751694}, "K53-D080": {"K53-D090": 52.53839583518395}, "K51-U110": {"K51-U120": 140.7784317382828}, "K53-D070": {"K53-D080": 49.86546845133324}, "K51A-U080": {"K51A-U090": 170.28130633786614}, "K51-D240": {"K51-D250": 141.59949985352677}, "K52-nD120": {"K52-nD130": 40.62461991433237}, "K51-U210": {"K51-U220": 53.82843940777955}, "K52-nD020": {"K52-nD030": 33.0761662571763}, "K51-D250": {"K51-D260": 160.11565566227208}, "K52A-D100": {"K52A-D110": 56.40895825500886}, "K51A-D250": {"K51A-D260": 91.35352370797992}, "K54-U050": {"K54-U060": 342.51303006080195}, "K51-U100": {"K51-U110": 205.29374409594237}, "K52-nU060": {"K52-nU070": 178.67497750912668}, "K51A-D210": {"K51A-D220": 80.88896191795779}, "K52-nU180": {"K52-nU190": 67.33156780877557}, "K51A-D190": {"K51A-D200": 166.98158311108142}, "K51A-D040": {"K51A-D050": 95.39901880558614}, "K51-D070": {"K51-D080": 59.66610713575037}, "K51-D080": {"K51-D090": 108.04554690319696}, "K53-U010": {"K53-U020": 264.59739533784546, "K53-D180": 1441.7605885301825}, "K53-D170": {"K53-D180": 326.37573083709015}, "K51A-D170": {"K51A-D180": 160.52466845904317}, "K51A-U190": {"K51A-U200": 75.47004128357148}, "K51-U190": {"K51-U200": 74.6730315016558}, "K53-D030": {"K53-D040": 74.42935762102452}, "K52-nD280": {"K52-nD290": 91.10491841314824}, "K52A-D030": {"K52A-D040": 25.070681905139026}, "K51A-U040": {"K51A-U050": 114.56812216187295}, "K53-U110": {"K53-U120": 100.92700118527152}, "K51A-U010": {"K51A-U020": 47.82890352466957}, "K51A-U130": {"K51A-U140": 70.86958883860305}, "K53-D050": {"K53-D060": 84.01736909730025}, "K52-nU290": {"K52-nU300": 34.029734994780114}, "K51-U130": {"K51-U140": 75.25707337641566}, "K53-D100": {"K53-D110": 81.27106380090626}, "K52-nU150": {"K52-nU160": 98.59993702113539}, "K51-U170": {"K51-U180": 72.27292543994805}, "K52-nU260": {"K52-nU270": 72.32936211831021}, "K52A-U160": {"K52A-U170": 35.31274029430752}, "K52-nD090": {"K52-nD100": 55.60481439413002}, "K52A-D160": {"K52A-D170": 144.7857896169965}, "K51-U240": {"K51-U250": 117.87372380174335}, "K52-nU200": {"K52-nU210": 81.44146798521469}, "K51-U010": {"K51-U020": 34.35618637639023}, "K52-nD260": {"K52-nD270": 72.07723820000001}, "K52-nD060": {"K52-nD070": 129.18544492691734}, "K51A-U120": {"K51A-U130": 135.3290647285667}, "K51-U220": {"K51-U230": 68.81027250948125}, "K52A-U140": {"K52A-U150": 164.64910649176562}, "K51A-U050": {"K51A-U060": 263.54348369166735}, "K54-U010": {"K54-U020": 64.52329613469298}, "K52-nD070": {"K52-nD080": 113.47939606277387}, "K52-nD030": {"K52-nD040": 31.382878522311263}, "K52A-U130": {"K52A-U140": 56.282642853879324}, "K52-nD210": {"K52-nD220": 220.57304096103522},