{"K65-D110": {"K65-D120": 124.74088481463139}, "K66-U190": {"K66-U200": 66.08730070206221}, "K65-D170": {"K65-D180": 106.32149714838192}, "K66-D080": {"K66-D090": 69.77239738060666}, "K66-U070": {"K66-U080": 199.2302320540311}, "K66-D050": {"K66-D060": 51.75984736623384}, "K66-U040": {"K66-U050": 121.97864457494897}, "K66-U180": {"K66-U190": 64.28630650983803}, "K65-D140": {"K65-D150": 104.91957794434013}, "K68-U080": {"K68-U090": 52.32311872662884}, "K66-D100": {"K66-D110": 52.525956422894545}, "K65-D040": {"K65-D050": 73.8479974611683}, "K65-D080": {"K65-D090": 63.88948158112603}, "K66-U090": {"K66-U100": 47.38302655027656}, "K68-D170": {"K68-D180": 63.64270357953526}, "K68-U100": {"K68-U110": 177.34974586432938}, "K66-D040": {"K66-D050": 43.13549178626493}, "K65-D020": {"K65-D030": 82.09024192953315}, "K68-U030": {"K68-U040": 32.068450089154645}, "K66-U150": {"K66-U160": 47.01656392870386}, "K65-U140": {"K65-U150": 100.88350111808786}, "K68-U120": {"K68-U130": 158.885772591425}, "K65-D090": {"K65-D100": 113.80137981549565}, "K68-D090": {"K68-D100": 156.19618505447633}, "K68-D120": {"K68-D130": 188.16289501716304}, "K68-D130": {"K68-D140": 61.863430272388236}, "K65-U190": {"K65-U200": 63.76764110443405}, "K66-D180": {"K66-D190": 87.1857253178566}, "K66-U050": {"K66-U060": 45.87661296418994}, "K65-U220": {"K65-U230": 89.9414713226898}, "K66-U110": {"K66-U120": 39.87565586692176}, "K66-D130": {"K66-D140": 41.54584283398948}, "K66-D120": {"K66-D130": 75.25513000556398}, "K66-U200": {"K66-U210": 51.126043454691185}, "K65-D010": {"K65-D020": 44.409334723146536}, "K65-U030": {"K65-U040": 107.17958816681244}, "K68-U160": {"K68-U170": 69.08928013870212}, "K65-U130": {"K65-U140": 30.181421131458006}, "K66-U080": {"K66-U090": 176.1893493275656}, "K66-U010": {"K66-U020": 130.1218109825145}, "K65-D120": {"K65-D130": 71.98299074437926}, "K68-D030": {"K68-D040": 85.24862895435702}, "K66-D110": {"K66-D120": 47.023133695161945}, "K68-U170": {"K68-D010": 151.81845107364484}, "K68-D100": {"K68-D110": 71.38852391000002}, "K66-U100": {"K66-U110": 66.85638470816266}, "K65-D130": {"K65-D140": 93.90591919223127}, "K65-U180": {"K65-U190": 77.1137514794439}, "K65-U080": {"K65-U090": 163.74973126512378}, "K65-U040": {"K65-U050": 93.54563720562592}, "K68-U040": {"K68-U050": 53.75980003081348}, "K65-U200": {"K65-U210": 69.6678982018067}, "K66-U140": {"K66-U150": 72.69759489079209}, "K65-U110": {"K65-U120": 111.89969110168713}, "K66-D010": {"K66-D020": 14.756317300996463}, "K65-U050": {"K65-U060": 106.46110225416123}, "K65-D030": {"K65-D040": 66.94526724524151}, "K65-D150": {"K65-D160": 103.98543929837248}, "K65-U060": {"K65-U070": 32.38805417220585}, "K66-U210": {"K66-U220": 53.199629403060044}, "K66-D060": {"K66-D070": 48.15710539901095}, "K65-U020": {"K65-U030": 145.7538759169507}, "K66-D220": {"K66-D230": 85.34618100341723}, "K65-D070": {"K65-D080": 126.37944002910695}, "K68-U150": {"K68-U160": 85.29742461221194}, "K68-U140": {"K68-U150": 46.011395697128165}, "K66-D090": {"K66-D100": 50.773860230328324}, "K68-U020": {"K68-U030": 35.447386953774334}, "K68-D040": {"K68-D050": 106.83201535094}, "K65-D180": {"K65-D190": 126.53290482237688}, "K65-U090": {"K65-U100": 58.94409574988505}, "K66-D230": {"K66-D240": 95.84081112686152}, "K65-U150": {"K65-U160": 55.48916853147506}, "K66-D200": {"K66-D210": 124.1852688521194}, "K65-U120": {"K65-U130": 169.4977679069365}, "K66-D150": {"K66-D160": 102.63597583302581}, "K66-U060": {"K66-U070": 190.32298122644792}, "K66-D190": {"K66-D200": 86.9472593894478}, "K66-U130": {"K66-U140": 55.51386846268947}, "K66-U160": {"K66-U170": 44.81143362273074}, "K65-U070": {"K65-U080": 66.74209752719392}, "K65A-U100": {"K65A-U110": 29.700000000000003}, "K65A-U040": {"K65A-U050": 46.970000000000006}, "K65-D060": {"K65-D070": 88.50172056057833}, "K68-D020": {"K68-D030": 81.58051111968209}, "K65-U170": {"K65-U180": 55.31202246803573}, "K65A-D030": {"K65A-D040": 27.500000000000004}, "K68-D180": {"K68-D190": 39.76496408007775}, "K65-D050": {"K65-D060": 56.056142697759185}, "K65A-U120": {"K65A-U130": 48.400000000000006}, "K65A-D090": {"K65A-D100": 142.56}, "K65A-U030": {"K65A-U040": 13.200000000000001}, "K65A-D100": {"K65A-D110": 359.70000000000005}, "K65A-D080": {"K65A-D090": 83.60000000000001}, "K66-D210": {"K66-D220": 157.77654619055588}, "K65A-U060": {"K65A-U070": 31.900000000000002}, "K65-D100": {"K65-D110": 209.6790935380869}, "K66-U170": {"K66-U180": 35.83736059938984}, "K68-D050": {"K68-D060": 63.752664857672336}, "K68-U110": {"K68-U120": 192.66071284896265, "K68-D090": 710.8970000000002}, "K66-D170": {"K66-D180": 218.44552053798938}, "K68-D110": {"K68-D120": 95.90161815818713}, "K68-D060": {"K68-D070": 108.83065769237312}, "K65-D160": {"K65-D170": 141.88806744462448}, "K66-D030": {"K66-D040": 80.7900309023385}, "K66-D160": {"K66-D170": 160.52212916042456}, "K65-U010": {"K65-U020": 297.92339643188245}, "K65-U210": {"K65-U220": 81.74481903738119}, "K68-D070": {"K68-D080": 217.8912263052283}, "K68-U130": {"K68-U140": 165.0560157632}, "K66-U020": {"K66-U030": 194.16575705145064}, "K65-U100": {"K65-U110": 157.08803005281453}, "K65-U160": {"K65-U170": 56.08578682093473}, "K66-D140": {"K66-D150": 98.36906916510186}, "K68-U060": {"K68-U070": 97.50502797454837}, "K68-D200": {"K68-U011": 76.78447044783897}, "K68-D150": {"K68-D160": 87.55902786738712}, "K66-U030": {"K66-U040": 165.35993357127683}, "K68-D190": {"K68-D200": 61.672063755321936}, "K66-D020": {"K66-D030": 66.19541904708976}, "K66-D070": {"K66-D080": 51.01745717646821}, "K68-D080": {"K68-D090": 81.63666665255919}, "K68-U070": {"K68-U080": 31.886324703115537}, "K66-U120": {"K66-U130": 55.27279043000001}, "K68-U090": {"K68-U100": 141.90233787983}, "K68-D010": {"K68-D020": 49.6906852623152}, "K68-U010": {"K68-U020": 92.32016536754115}, "K68-D140": {"K68-D150": 58.103691916739}, "K68-D160": {"K68-D170": 78.27618170194106}, "K68-U050": {"K68-U060": 60.40906580316444}}