{"KAT": {"SUW": 126.25498486687415, "DIH": 130.82017444394756}}