{"KOW": {"HOK": 177.7421002176306, "TSY": 517.1499675406321, "OLY": 131.81730015966565}, "KOT": {"TAW": 263.80028312927436, "LOF": 106.15656106565586, "MKK": 152.00742578084, "SKM": 124.65865209383826}, "KOB": {"CHH": 141.4474912690634, "NTK": 107.3489324914719}}