{"KSR": {"TWW": 613.3672095554509, "YUL": 232.70453773393515}}