{"LET": {"WCH": 164.81423177172212, "SOH": 97.87887972657998}}