{"LOW": {"SHS": 233.94880165419664}, "LOP": {"TIS": 176.5925366496701, "YUL": 121.386226025229}, "LOF": {"KOT": 129.80051165367567, "WTS": 127.72079731061544}}