{"MEF": {"LAK": 134.5975619534723, "NAC": 182.21008187471716, "TWW": 328.5584751979281, "LCK": 125.605735037799}}