{"MKK": {"KOT": 143.2433587710961, "HUH": 196.57676135913786}}