{"NTK": {"KWT": 116.86690874520885, "KOB": 124.12508488161211}}