{"OLY": {"KOW": 131.91007679772866, "NAC": 132.6155919409028}}