{"QUB": {"YAT": 262.799603002146, "NOP": 125.55241382030003, "TAK": 126.48874217174975}}