{"SIH": {"TUM": 154.45469321257505, "TIS": 358.23270595580976}}