{"SSP": {"CSW": 124.00542231140211, "PRE": 129.35749108479362}}