{"STW": {"CKT": 113.21319381167045, "CIO": 135.33774071836496}}