{"TAP": {"TWO": 151.4689311510834, "UNI": 364.45655421423953}, "TAW": {"HIK": 169.83815414509596, "KOT": 291.09628296898546, "CKT": 228.2457067614328, "SHT": 125.67589210017336}, "TAK": {"SWH": 132.95893275098712, "QUB": 131.13670461121666}}