{"TKO": {"LHP": 132.47150605819016, "TIK": 190.05241333539814, "HAH": 184.69691353581632}, "TKW": {"SUW": 138.29189942997002, "HOM": 132.31533644502673}}