{"TSH": {"SHM": 217.2681720120313, "HEO": 121.33768635511578}, "TSY": {"KOW": 548.0783263595379, "LAK": 194.49689604694336, "SUN": 691.4913492562692, "AIR": 1459.5723500491424}, "TST": {"ADM": 184.20793913771257, "JOR": 110.18839856994884}, "TSW": {"TWH": 84.46893618946427}}