{"TUC": {"SUN": 845.3988167042055}, "TUM": {"SIH": 150.1250100220416}}