{"TWH": {"KWH": 143.38228439321773, "TSW": 70.21493817486021}, "TWO": {"TAP": 162.92736077840897, "FAN": 329.9242507336863}, "TWW": {"KSR": 712.0197261756055, "MEF": 312.12298694889034}}