{"UNI": {"FOT": 195.18928490439828, "TAP": 408.7874839993205}}