{"YAT": {"TIK": 145.48957926678122, "QUB": 259.9860960872676, "LAT": 176.21054151947314}}