{"YMT": {"MOK": 118.03215897012383, "JOR": 130.67248643282323, "HOM": 117.80696940505143}}