{"YUL": {"KSR": 227.68239607377035, "LOP": 126.54118913698467}}