{"FOT": {"SHT": 152.6861305122056, "UNI": 161.79590339610266}, "FOH": {"TIH": 105.45073524213676, "NOP": 123.52869461133541}}