{"HFC": {"SKW": 130.83524463314046, "CHW": 145.5453887358868}}