{"HIK": {"DIH": 297.7713393139065, "TAW": 35.367428409}}