{"HKU": {"SYP": 127.93432523934673, "KET": 95.61791194200732}}