{"HUH": {"MKK": 188.37270520831066, "EXC": 193.18598335792788, "ETS": 75.22358774620919, "HOM": 110.76477053831199}}