{"K74-D110": {"K74-U002": 181.7053580542913}, "K76-U010": {"K76-U020": 73.44416393083921}, "K73-D110": {"K73-D120": 58.75915513126829}, "K75A-D090": {"K75A-D100": 50.14066009430859}, "K75P-U140": {"K75P-D010": 157.1766083309981}, "K73-U040": {"K73-U050": 119.86466554685076, "K73-U060": 235.84857563909773}, "K73-U090": {"K73-U100": 135.72637297973205}, "K75P-U120": {"K75P-U130": 62.10457735197302}, "K74-U001": {"K74-U004": 151.85186238176934}, "K76-D020": {"K76-D030": 133.8586361433825}, "K75P-D050": {"K75P-D060": 99.75177362838559}, "K74-U011": {"K74-D100": 172.18798961585475}, "K75P-U060": {"K75P-U070": 27.6508719978517}, "K75P-D040": {"K75P-D050": 173.85510458445188}, "K73-U050": {"K73-U060": 118.76804942281731}, "K75P-U080": {"K75P-U090": 41.556944538327684}, "K73-D140": {"K73-D150": 222.36801365663686}, "K75P-U130": {"K75P-U140": 46.4423205719563}, "K73-U070": {"K73-U080": 171.77904997124668}, "K76-U040": {"K76-U050": 127.65728240579683}, "K76-D030": {"K76-D040": 64.16520607309138}, "K73-U060": {"K73-U070": 146.8495203210225}, "K75A-D030": {"K75A-D040": 56.509011001580916}, "K75P-U070": {"K75P-U080": 103.38679009179202}, "K75P-U090": {"K75P-U100": 36.2245647363914}, "K76-U030": {"K76-U040": 222.2325547916127}, "K75P-U040": {"K75P-U050": 111.4031137351781}, "K73-U110": {"K73-U120": 229.2869347767788}, "K75A-D020": {"K75A-D030": 32.113480297564}, "K74-U080": {"K74-U090": 226.8283201459748}, "K75A-D080": {"K75A-D090": 103.03826523692678}, "K73-U030": {"K73-U040": 105.5746070099375}, "K73-D010": {"K73-D020": 70.49757395314505}, "K75P-D020": {"K75P-D030": 38.61606346653161}, "K75P-U020": {"K75P-U030": 112.9591903539189}, "K74-D060": {"K74-D070": 174.90997197116502}, "K73-D090": {"K73-D100": 94.52032722323929}, "K75A-D040": {"K75A-D050": 62.71529160116118}, "K75A-U020": {"K75A-U030": 127.06613023382843}, "K73-U020": {"K73-U030": 209.92151619344682}, "K73-D120": {"K73-D130": 106.89691598691755}, "K73-D020": {"K73-D030": 64.58588968842876}, "K75P-D060": {"K75P-D070": 204.63065640236545}, "K75P-U010": {"K75P-U020": 94.13147836434703}, "K76-D010": {"K76-D020": 319.6344224169235}, "K75P-D080": {"K75P-U011": 160.48370623288338}, "K74-D080": {"K74-D090": 181.59422599611852}, "K75A-U010": {"K75A-U020": 43.84895953673954}, "K75A-D110": {"K75A-U011": 210.48181853551833}, "K73-U080": {"K73-U090": 301.71669767295947, "K73-U110": 234.95863597110466}, "K73-D080": {"K73-D090": 230.6149617220267}, "K75P-U110": {"K75P-U120": 97.38159362366578}, "K75P-D030": {"K75P-D040": 146.95559136692285}, "K73-D030": {"K73-D040": 122.22882222894016}, "K74-U100": {"K74-D010": 118.35140817966919}, "K75P-U050": {"K75P-U060": 141.1659058276599}, "K73-D130": {"K73-D140": 138.7150282652511}, "K73-D040": {"K73-D050": 73.54799300471439}, "K75A-D060": {"K75A-D070": 45.78656026431809}, "K75A-D100": {"K75A-D110": 108.61988484211065}, "K74-U004": {"K74-U007": 121.29261760968}, "K73-U100": {"K73-U110": 250.8741521130035}, "K74-D070": {"K74-D080": 255.73841447539803}, "K73-D100": {"K73-D110": 185.87965848010805}, "K75A-U030": {"K75A-D010": 252.03338142222674}, "K74-D040": {"K74-D050": 81.18033414116717}, "K75P-D010": {"K75P-D020": 149.68699556479595}, "K75P-D070": {"K75P-D080": 93.25635028982072}, "K75A-D070": {"K75A-D080": 64.91670001857209}, "K74-D100": {"K74-D110": 94.47839291848554}, "K76-U020": {"K76-U030": 175.16111868563718}, "K74-D010": {"K74-D020": 177.09702803921385}, "K74-U050": {"K74-U060": 273.66615645640775}, "K74-U090": {"K74-U100": 208.98614309674332}, "K75P-U100": {"K75P-U110": 65.19686336029383}, "K74-D030": {"K74-D040": 128.10205011099703}, "K74-D020": {"K74-D030": 148.56302145075188}, "K75A-D010": {"K75A-D020": 219.95719800433739}, "K74-U030": {"K74-U040": 288.8123836060735}, "K73-D050": {"K73-D070": 111.84409681006666}, "K74-D050": {"K74-D060": 109.30289401734349}, "K73-D150": {"K73-D160": 61.22929783097843}, "K73-D070": {"K73-D080": 172.90786415965962}, "K74-U010": {"K74-U020": 223.19041742521003}, "K75P-U030": {"K75P-U040": 138.36688237091963}, "K74-U070": {"K74-U080": 155.04944885150223}, "K74-U040": {"K74-U050": 172.22820727864837}, "K74-U007": {"K74-U010": 332.68029850000005}, "K75A-D050": {"K75A-D060": 115.53813856328702}, "K74-D090": {"K74-U011": 85.88557057739999}, "K74-U060": {"K74-U070": 126.74184530145767}, "K73-U010": {"K73-U020": 77.19517038587205}, "K74-U020": {"K74-U030": 148.52482955129994}, "K75S-D010": {"K75S-D020": 191.56284339999397}, "K75S-D020": {"K75S-D030": 198.20394000000002}, "K75S-U020": {"K75S-U030": 128.70000000000002}, "K75S-U040": {"K75S-D010": 63.943000000000005}, "K75S-U030": {"K75S-U040": 118.80000000000001}, "K75S-D030": {"K75S-U011": 211.43738}}