{"KAT": {"DIH": 105.3858064812, "SUW": 106.08379036547213}}