{"KOW": {"OLY": 129.12088742451334, "HOK": 177.7421002097681, "TSY": 525.3682886757487}, "KOT": {"MKK": 133.31666398731755, "TAW": 287.82104711304635, "SKM": 88.37786673901272, "LOF": 110.93565444164801}, "KOB": {"CHH": 114.02947915259867, "NTK": 82.80518198365367}}