{"LAK": {"MEF": 124.36983191858045, "TSY": 194.66823372994315, "NAC": 245.84912101459517, "KWF": 150.62554876376916}, "LAT": {"KWT": 100.26883294131872, "YAT": 85.2002841912989}}