{"NOP": {"QUB": 122.01569316428454, "FOH": 105.23980046485039}}