{"NTK": {"KWT": 89.33569973748288, "KOB": 87.29082663068037}}