{"PRE": {"MOK": 119.21534422815955, "SKM": 103.95593875069244, "SSP": 124.194824448}}