{"SSP": {"PRE": 95.97854815066987, "CSW": 119.828980875249}}