{"SUN": {"DIS": 198.58233387484285, "TSY": 387.9356735237362, "TUC": 823.8869141582536}, "SUW": {"TKW": 84.15186545436, "KAT": 84.558910214108}}