{"SWH": {"SKW": 120.59972419053398, "TAK": 88.45308770461193}}