{"TKO": {"TIK": 179.90063014667814, "LHP": 131.8897389773596, "HAH": 121.94905720081663}, "TKW": {"SUW": 117.36696184595546, "HOM": 73.5823}}