{"TSY": {"KOW": 472.23275918025445, "LAK": 184.56711490394053, "SUN": 687.363087824165, "AIR": 1399.0739917091691}, "TST": {"JOR": 92.80259945225399, "ADM": 154.05385855725788}, "TSW": {"TWH": 63.458285187560065}, "TSH": {"SHM": 221.15889145202846, "HEO": 127.51376069258167}}