{"TWO": {"TAP": 135.2525610403511, "FAN": 273.38768754500416}, "TWW": {"MEF": 318.2165348540013, "KSR": 652.1151433327166}, "TWH": {"TSW": 86.44931281345526, "KWH": 78.41970376749168}}