{"UNI": {"TAP": 360.19946042836284, "FOT": 182.57427617547467}}