{"WAC": {"ADM": 107.05491437163414, "CAB": 157.6769042880271}}