{"WTS": {"LOF": 60.00027425772, "DIH": 117.49884272860702}}