{"YMT": {"JOR": 106.50114686650404, "MOK": 120.12515887481814, "HOM": 167.985110385117}}