{"1": {"2": 60.38586653464847, "6": 307.0958705975924}}