{"5": {"305": 82.31118908393292, "6": 115.91970478175556}}