{"AUS": {"NAC": 206.0088948082435, "ETS": 147.80424208498178}}