{"CHH": {"DIH": 131.0016201165743, "KOB": 178.43913041238903}, "CHW": {"HFC": 99.00154603689477}}