{"CKT": {"TAW": 125.41234558320602, "STW": 110.9911338930286}}