{"CSW": {"LCK": 130.69803865365802, "SSP": 125.41851339940573}}