{"ETS": {"HUH": 170.74813878601842, "AUS": 193.41866883015}}