{"HAH": {"TKO": 161.92387666020758, "POA": 124.93951355496263}}