{"HEO": {"MOS": 133.9590895744111, "TSH": 131.50815742002467}}