{"HFC": {"CHW": 128.58512824643296, "SKW": 146.417390004673}}