{"HKU": {"SYP": 123.33204582417295, "KET": 96.32948636979815}}