{"HOK": {"KOW": 195.94180503015465}, "HOM": {"HUH": 127.03655056907496, "YMT": 159.0870406254476, "TKW": 142.8368065564169, "WHA": 79.12459041743534}}