{"HUH": {"MKK": 200.61253453320495, "EXC": 203.8641718289786, "ETS": 186.03015152857782, "HOM": 105.71930300366462}}