{"JOR": {"TST": 125.86423229195256, "YMT": 130.94140631486715}}