{"K66-U120": {"K66-U130": 52.4783157526472}, "K65-D150": {"K65-D160": 112.52044552045747}, "K66-D020": {"K66-D030": 71.39627734057461}, "K65-U160": {"K65-U170": 54.38726481696641}, "K68-U120": {"K68-U130": 155.34385927429534}, "K65-U200": {"K65-U210": 72.69738080743011}, "K66-U010": {"K66-U020": 133.6519601025652}, "K65-U130": {"K65-U140": 25.441601882768982}, "K65-D130": {"K65-D140": 103.62524489576438}, "K65-D080": {"K65-D090": 63.14140314124036}, "K65-U070": {"K65-U080": 64.3772062992265}, "K65-U060": {"K65-U070": 31.22617964961961}, "K68-D160": {"K68-D170": 79.48637341561144}, "K68-U140": {"K68-U150": 47.67217759576271}, "K65-U170": {"K65-U180": 48.364206323227904}, "K68-D170": {"K68-D180": 44.62225286540167}, "K66-U020": {"K66-U030": 200.50045445931232}, "K66-U110": {"K66-U120": 33.03304333415951}, "K68-D130": {"K68-D140": 64.79816146050304}, "K66-U050": {"K66-U060": 47.883932282596774}, "K65-U210": {"K65-U220": 83.76066661594612}, "K66-D110": {"K66-D120": 41.93498750973812}, "K65-D120": {"K65-D130": 72.81016467442456}, "K65-U010": {"K65-U020": 308.50530233752}, "K66-U140": {"K66-U150": 46.07930202848151}, "K68-D090": {"K68-D100": 146.11569697404906}, "K65-D010": {"K65-D020": 45.157269253663515}, "K66-D210": {"K66-D220": 149.9848760479989}, "K66-D140": {"K66-D150": 105.96959716514782}, "K66-U070": {"K66-U080": 205.87080862598646}, "K66-U030": {"K66-U040": 160.88508187677326}, "K65-U120": {"K65-U130": 179.18710808589566}, "K65-U150": {"K65-U160": 55.424360143207196}, "K66-D200": {"K66-D210": 139.0840372230512}, "K66-U190": {"K66-U200": 65.08632200924268}, "K66-D080": {"K66-D090": 69.7987851194757}, "K68-U080": {"K68-U090": 58.48206297380999}, "K68-D070": {"K68-D080": 209.34095171730874}, "K65-U020": {"K65-U030": 144.242708782246}, "K65-U190": {"K65-U200": 58.926433293411876}, "K66-D050": {"K66-D060": 55.61384454311441}, "K66-D010": {"K66-D020": 14.273828882346956}, "K66-D060": {"K66-D070": 51.57855247239621}, "K68-U150": {"K68-U160": 91.90145805822218}, "K66-U160": {"K66-U170": 96.57367814024039}, "K65-U140": {"K65-U150": 108.86497659452691}, "K66-U090": {"K66-U100": 54.359011541348124}, "K65-D050": {"K65-D060": 64.76768359935713}, "K65-U040": {"K65-U050": 89.51032408198843}, "K68-U040": {"K68-U050": 52.2594826390198}, "K68-D030": {"K68-D040": 96.6433666261344}, "K65-D090": {"K65-D100": 113.51338021155547}, "K66-U130": {"K66-U140": 53.501860469023896}, "K66-U100": {"K66-U110": 76.3628766994725}, "K68-D040": {"K68-D050": 115.608994658}, "K68-U020": {"K68-U030": 46.991721064822954}, "K65-U090": {"K65-U100": 57.18911074841759}, "K66-D040": {"K66-D050": 48.58484276766433}, "K65-D170": {"K65-D180": 99.52768419405311}, "K66-U060": {"K66-U070": 166.77205037346306}, "K66-D100": {"K66-D110": 54.358299632792786}, "K66-U150": {"K66-U160": 52.275517677505455}, "K65-D030": {"K65-D040": 72.77852422102022}, "K65-D110": {"K65-D120": 121.73890861208524}, "K65-U110": {"K65-U120": 111.5698815222742}, "K65-U030": {"K65-U040": 102.78663031882418}, "K65-D020": {"K65-D030": 79.78510723087041}, "K65-U180": {"K65-U190": 76.34732935223074}, "K66-D150": {"K66-D160": 97.54091784339931}, "K65-U100": {"K65-U110": 162.25726359024125}, "K66-U180": {"K66-U190": 87.36643009819994}, "K65-D180": {"K65-D190": 124.82256146884959}, "K65-U220": {"K65-U230": 86.06069185940525}, "K68-D140": {"K68-D150": 51.055377938664}, "K68-D020": {"K68-D030": 83.43615797000002}, "K65-D140": {"K65-D150": 114.07089305295172}, "K68-U170": {"K68-D010": 159.48014643852002}, "K68-D190": {"K68-D200": 56.94647669780238}, "K68-D050": {"K68-D060": 62.304563420205}, "K65-D060": {"K65-D070": 94.55320423128548}, "K66-U200": {"K66-U210": 55.00165062771946}, "K68-D110": {"K68-D120": 96.99696481011424}, "K66-U040": {"K66-U050": 125.10193759956614}, "K68-U110": {"K68-U120": 199.84818272893702, "K68-D090": 946.0000000000001}, "K68-D010": {"K68-D020": 49.99324878680001}, "K68-U010": {"K68-U020": 103.2770997335}, "K65-D160": {"K65-D170": 153.896688367844}, "K66-D070": {"K66-D080": 57.42898124596199}, "K66-D170": {"K66-D180": 214.25821154079654}, "K68-U070": {"K68-U080": 46.102795236000006}, "K68-D080": {"K68-D090": 88.13470562487001}, "K68-D100": {"K68-D110": 83.4079975340256}, "K66-D090": {"K66-D100": 49.22253420753482}, "K66-U170": {"K66-U180": 38.84074501491589}, "K66-U210": {"K66-U220": 60.695571693736554}, "K66-D030": {"K66-D040": 80.81637206221492}, "K68-U050": {"K68-U060": 57.235044368536194}, "K66-D230": {"K66-D240": 94.55859477967411}, "K65-U050": {"K65-U060": 108.13853849352158}, "K65-D100": {"K65-D110": 206.2702896286453}, "K65-U080": {"K65-U090": 154.11555838116567}, "K66-D120": {"K66-D130": 74.30868168005333}, "K68-U130": {"K68-U140": 171.607808021376}, "K68-U160": {"K68-U170": 67.4189091836871}, "K68-D150": {"K68-D160": 73.72826580404838}, "K68-D060": {"K68-D070": 102.00059830059999}, "K65-D040": {"K65-D050": 76.56191216712654}, "K68-U060": {"K68-U070": 92.83223061707751}, "K66-D180": {"K66-D190": 128.4289877989516}, "K66-D220": {"K66-D230": 75.5183541638858}, "K65-D070": {"K65-D080": 143.85326483342573}, "K66-U080": {"K66-U090": 170.58907778647884}, "K68-U030": {"K68-U040": 34.527663974291464}, "K66-D190": {"K66-D200": 88.85283668842729}, "K68-D120": {"K68-D130": 175.26050947083206}, "K68-U100": {"K68-U110": 201.03590050006}, "K68-U090": {"K68-U100": 179.26648882376773}, "K68-D200": {"K68-U011": 67.1245449252}, "K66-D130": {"K66-D140": 40.66169980256628}, "K66-D160": {"K66-D170": 163.79385770631245}, "K68-D180": {"K68-D190": 34.6152324178744}}