{"K73-U110": {"K73-U120": 230.72173559922652}, "K73-D050": {"K73-D070": 101.94732541900736}, "K76-D010": {"K76-D020": 335.620129060828}, "K76-U010": {"K76-U020": 31.754184402694516}, "K73-U070": {"K73-U080": 149.86958039179947}, "K75P-U020": {"K75P-U030": 113.07353370573192}, "K74-D010": {"K74-D020": 152.62561776635312}, "K73-U090": {"K73-U100": 112.75274580982764}, "K73-U050": {"K73-U060": 108.01729355872278}, "K75P-U100": {"K75P-U110": 59.53675612644728}, "K75A-D090": {"K75A-D100": 53.545694130774315}, "K76-U040": {"K76-U050": 179.10885006433242}, "K76-D020": {"K76-D030": 133.32900366448075}, "K75P-U060": {"K75P-U070": 27.78759399503653}, "K75P-U070": {"K75P-U080": 111.31298363900206}, "K73-U030": {"K73-U040": 89.28314212772811}, "K75P-U110": {"K75P-U120": 87.58315872600204}, "K76-D030": {"K76-D040": 56.97760499272982}, "K76-U030": {"K76-U040": 302.8851738470463}, "K75P-U080": {"K75P-U090": 40.62210145044078}, "K75P-D070": {"K75P-D080": 99.233200766076}, "K73-U060": {"K73-U070": 133.92475958856406}, "K74-U004": {"K74-U007": 107.59880915907335}, "K75P-D040": {"K75P-D050": 164.652847452965}, "K73-D140": {"K73-D150": 182.55047912592286}, "K75A-D050": {"K75A-D060": 74.42644442333233}, "K73-U080": {"K73-U090": 294.0344663073432, "K73-U110": 231.4139340529789}, "K73-U040": {"K73-U050": 109.4105528195337, "K73-U060": 223.15009178794057}, "K73-D130": {"K73-D140": 138.2407494391728}, "K75A-D040": {"K75A-D050": 57.114169784368414}, "K75A-U030": {"K75A-D010": 228.69174558751152}, "K73-U100": {"K73-U110": 262.15692625208425}, "K75P-D060": {"K75P-D070": 176.95597583125223}, "K74-U050": {"K74-U060": 234.308851964297}, "K74-U090": {"K74-U100": 227.24275613561608}, "K73-D100": {"K73-D110": 191.8480231979607}, "K73-D150": {"K73-D160": 46.786338754287804}, "K75A-D020": {"K75A-D030": 20.960611405937023}, "K75A-D070": {"K75A-D080": 55.554466102701426}, "K74-U070": {"K74-U080": 162.00657772}, "K75P-U030": {"K75P-U040": 121.53928130348785}, "K75P-D030": {"K75P-D040": 108.21883542559124}, "K73-D110": {"K73-D120": 83.7712063006126}, "K75A-U020": {"K75A-U030": 126.66734153209816}, "K74-U007": {"K74-U010": 267.75421874803925}, "K73-D080": {"K73-D090": 247.6724022343918}, "K75A-D110": {"K75A-U011": 160.72383817312078}, "K73-D120": {"K73-D130": 108.54377598459682}, "K75P-D020": {"K75P-D030": 35.51328728716764}, "K74-D060": {"K74-D070": 150.04946930663417}, "K74-U080": {"K74-U090": 237.69757503750003}, "K74-D030": {"K74-D040": 119.72743888696182}, "K74-D090": {"K74-U011": 78.83452165312598}, "K75P-U040": {"K75P-U050": 97.60146238118249}, "K73-D030": {"K73-D040": 118.51999501697897}, "K75P-D050": {"K75P-D060": 83.51126848594132}, "K75A-D060": {"K75A-D070": 37.85100224110185}, "K75P-D080": {"K75P-U011": 139.625697109733}, "K75P-U120": {"K75P-U130": 66.49328541499187}, "K76-U020": {"K76-U030": 170.05613624196258}, "K74-U001": {"K74-U004": 146.17372996451365}, "K75A-D080": {"K75A-D090": 134.40722464710578}, "K75P-U140": {"K75P-D010": 152.71677496572823}, "K73-D070": {"K73-D080": 176.34730304123994}, "K75P-U050": {"K75P-U060": 146.77846903635347}, "K74-D070": {"K74-D080": 234.22994114584853}, "K75P-U130": {"K75P-U140": 40.6378700753299}, "K73-U020": {"K73-U030": 171.1856636905567}, "K73-D090": {"K73-D100": 83.82431002154948}, "K73-U010": {"K73-U020": 66.38687008014126}, "K75P-U090": {"K75P-U100": 38.63386533653944}, "K74-D080": {"K74-D090": 152.7875938372944}, "K74-U020": {"K74-U030": 120.25608618861725}, "K74-U011": {"K74-D100": 169.2477002678048}, "K75A-D010": {"K75A-D020": 222.371912334136}, "K74-D020": {"K74-D030": 150.82425688340982}, "K73-D040": {"K73-D050": 79.9567966063807}, "K73-D010": {"K73-D020": 76.37747677066702}, "K75A-U010": {"K75A-U020": 44.37573604118216}, "K74-D050": {"K74-D060": 99.89575708707987}, "K75A-D030": {"K75A-D040": 47.85734681699989}, "K75P-D010": {"K75P-D020": 130.80144094506235}, "K74-U030": {"K74-U040": 284.6063153536141}, "K74-D110": {"K74-U002": 175.78391105000003}, "K75A-D100": {"K75A-D110": 103.89765125365406}, "K74-D100": {"K74-D110": 82.73398114596846}, "K74-D040": {"K74-D050": 75.75456042981723}, "K74-U100": {"K74-D010": 120.06664643604995}, "K75P-U010": {"K75P-U020": 94.94236759172865}, "K74-U060": {"K74-U070": 140.14986310353393}, "K74-U040": {"K74-U050": 162.31732101989547}, "K73-D020": {"K73-D030": 91.97715175028637}, "K74-U010": {"K74-U020": 159.85378589744275}}