{"KSR": {"TWW": 605.1577397399152, "YUL": 236.48332620426876}}