{"LCK": {"MEF": 133.74107036208764, "CSW": 130.15060611849216}}