{"MEF": {"LAK": 140.75159376088124, "NAC": 185.29802981453494, "TWW": 339.7058751979281, "LCK": 131.88521600087756}}