{"MKK": {"KOT": 121.61100885328123, "HUH": 193.05559709425324}}