{"MOS": {"HEO": 128.73906246882865, "WKS": 161.35556330752183}, "MOK": {"YMT": 122.31243134272788, "PRE": 126.48127152522743}}