{"NAC": {"OLY": 91.67173512850208, "AUS": 198.4258739632467, "MEF": 183.84131719628004, "LAK": 241.2185676626553}}