{"NTK": {"KWT": 117.86103673190026, "KOB": 117.4604273123268}}