{"PRE": {"MOK": 120.57819856367976, "SKM": 128.58501548822892, "SSP": 130.24790713445648}}