{"TAP": {"TWO": 159.61838165779852, "UNI": 356.79656713584393}, "TAW": {"KOT": 280.7429056464653, "SHT": 127.49218022327196, "CKT": 129.70282071491258, "HIK": 159.27409444980043}, "TAK": {"SWH": 123.7051745613995, "QUB": 129.43942800029703}}