{"TIK": {"YAT": 137.87106206986618, "TKO": 196.0609428464185}, "TIS": {"SIH": 359.2469055711188, "LOP": 183.17646532737209}, "TIH": {"FOH": 107.34951991845864, "CAB": 127.33860748537818}}