{"TUM": {"SIH": 145.85596802973802}, "TUC": {"SUN": 886.3240370921119}}