{"WCH": {"LET": 188.33242750155378, "OCP": 118.58496951078382}}