{"WTS": {"DIH": 121.63355650685057, "LOF": 121.85156290434}}