{"YMT": {"HOM": 161.9411539968511, "MOK": 127.31628181049375, "JOR": 128.21958090427367}}