{"YUL": {"LOP": 130.74611196411098, "KSR": 248.61380907377034}}