{"1": {"6": 112.75266744043888, "2": 160.01069279419835}}