{"CSW": {"LCK": 99.6607694172935, "SSP": 70.64764224936901}}