{"DIS": {"SUN": 198.58233387484285}, "DIH": {"WTS": 109.93064080132535, "CHH": 91.38561459203366, "HIK": 299.7350913045454, "KAT": 130.99960817888999}}