{"EXC": {"HUH": 170.38403821371185, "ADM": 57.413005361386446}}