{"HAH": {"TKO": 105.26059222694637, "POA": 138.2827597178479}}