{"HEO": {"TSH": 104.88248413854001, "MOS": 61.14279147365399}}