{"HFC": {"SKW": 98.30931189813661, "CHW": 137.5573483708695}}