{"HUH": {"EXC": 185.33221019971566, "MKK": 181.887384199172, "HOM": 81.35355377128022, "ETS": 93.12360234950867}}