{"K14-D020": {"K14-D030": 77.24845618735426}, "K14-D010": {"K14-D020": 290.78111842841173}, "K18-D020": {"K18-D030": 85.89113333814558}, "K12-D030": {"K12-D040": 85.77606599978415}, "K17-U020": {"K17-U030": 159.9566587197233}, "K18-U010": {"K18-U020": 219.30382539106463}, "K18-U020": {"K18-U030": 54.25210268048509}, "K17-D020": {"K17-D030": 57.995842394602995}, "K12-U020": {"K12-U030": 208.73033103251936}, "K12-D010": {"K12-D020": 170.96060764641493}, "K18-D010": {"K18-D020": 246.77663002238177}, "K12-U010": {"K12-U020": 277.9213406043556}, "K17-U030": {"K17-U040": 50.40166644484863}, "K17-D010": {"K17-D020": 312.6373497999315}, "K12-D020": {"K12-D030": 331.5845504052109}, "K17-U010": {"K17-U020": 294.37936096751184}}