{"K52A-D070": {"K52A-D080": 98.51976814726518}, "K58-D190": {"K58-D193": 110.25982000000002}, "K52A-U130": {"K52A-U140": 62.5636330638075}, "K52-nU140": {"K52-nU150": 190.1885445933909}, "K51-U120": {"K51-U130": 130.817534309}, "K52A-U120": {"K52A-U130": 75.56794717324551}, "K51-U220": {"K51-U230": 71.1519436329003}, "K53-U040": {"K53-U050": 140.50844355730774}, "K58-D100": {"K58-D110": 182.589}, "K52A-D090": {"K52A-D100": 129.25442506068137}, "K54-D030": {"K54-D040": 57.658511966940374}, "K58-D180": {"K58-D190": 290.99507249999994}, "K53-D150": {"K53-D160": 172.73140017982624}, "K53-D020": {"K53-D030": 108.84830245193811}, "K58-D040": {"K58-D050": 121.6765}, "K51-U070": {"K51-U080": 179.3906811785542}, "K52A-D060": {"K52A-D070": 130.3576233665646}, "K58-U150": {"K58-U160": 155.84592430000004}, "K51A-U140": {"K51A-U150": 48.676979742473684}, "K53-D015": {"K53-D020": 48.72758631384042}, "K52-nU100": {"K52-nU110": 186.97842408900004}, "K52-nU120": {"K52-nU140": 107.18833660383191}, "K51-U080": {"K51-U090": 166.08183903725768}, "K58-D110": {"K58-D120": 151.349}, "K54-U050": {"K54-U060": 362.8945780282527}, "K58-D140": {"K58-D150": 33.825350900000004}, "K51A-D180": {"K51A-D190": 135.00507581428775}, "K51-D120": {"K51-D130": 61.52565080640001}, "K51A-U040": {"K51A-U050": 125.92310586137269}, "K51A-D190": {"K51A-D200": 169.40765765270825}, "K53-U010": {"K53-U020": 227.24676841324248, "K53-D180": 695.5039451658462}, "K52-nU240": {"K52-nU250": 79.75177317540002}, "K51-U160": {"K51-U170": 117.70753141440312}, "K53-U120": {"K53-U130": 61.62696339921014}, "K52-nU190": {"K52-nU200": 126.35834154270336}, "K53-U130": {"K53-U140": 53.93170019746159}, "K53-U090": {"K53-U100": 134.57432951155744}, "K51A-D110": {"K51A-D120": 59.36112784710243}, "K51A-U230": {"K51A-U240": 44.02961362461303}, "K51A-U020": {"K51A-U030": 114.53760113033248}, "K51A-D250": {"K51A-D260": 107.34982588900175}, "K52-nD280": {"K52-nD290": 91.04858042613809}, "K53-U140": {"K53-D010": 79.27649629447447}, "K52-nD010": {"K52-nD020": 19.30813396761856}, "K51A-D120": {"K51A-D140": 137.72428161591083}, "K54-U030": {"K54-U040": 127.37114363005432}, "K52-nD110": {"K52-nD120": 155.09594531979582}, "K51A-U190": {"K51A-U200": 65.32444924383688}, "K52A-U040": {"K52A-U050": 128.81406193376773}, "K53-D010": {"K53-D015": 100.41464190126393}, "K53-U080": {"K53-U090": 73.8647012130828}, "K52-nU070": {"K52-nU080": 113.47607307986206}, "K58-U120": {"K58-U130": 130.24}, "K52A-D170": {"K52A-D180": 120.73309577868642}, "K51A-D240": {"K51A-D250": 61.74585111759054}, "K51-D270": {"K51-D280": 124.84572705481007}, "K58-U100": {"K58-U110": 85.59692900000002}, "K52-nU090": {"K52-nU100": 120.15843168882864}, "K51-U190": {"K51-U200": 78.64065294292205}, "K52A-U080": {"K52A-U090": 70.75202513236937}, "K51A-U210": {"K51A-U220": 77.07004803998623}, "K51A-D070": {"K51A-D080": 90.93607814234566}, "K51-D170": {"K51-D180": 102.0954858432945}, "K52-nD260": {"K52-nD270": 63.590455736785565}, "K54-U070": {"K54-D010": 147.52155513928867}, "K52A-D020": {"K52A-D030": 28.390531780570825}, "K52A-D180": {"K52A-D190": 117.80374781594135}, "K53-U050": {"K53-U060": 138.5604372881962}, "K53-U060": {"K53-U070": 71.7560397836826}, "K53-D080": {"K53-D090": 53.491626068452675}, "K52-nD290": {"K52-nD300": 100.80205842817037}, "K51-D200": {"K51-D210": 134.76973602604772}, "K52-nU150": {"K52-nU160": 94.82034743235069}, "K58-U020": {"K58-U023": 130.73709000000002}, "K51A-D200": {"K51A-D210": 286.2865974393761}, "K53-U020": {"K53-U030": 144.67609756552957, "K53-D160": 602.2765463863025}, "K52A-U060": {"K52A-U070": 147.63303666656194}, "K51A-D210": {"K51A-D220": 79.14588125035236}, "K58-U170": {"K58-U180": 206.228}, "K58-U140": {"K58-U150": 112.61613}, "K53-D110": {"K53-D120": 163.89859412931608}, "K52-nU280": {"K52-nU290": 42.99646888696555}, "K54-D050": {"K54-D060": 79.5026109217443}, "K52-nU040": {"K52-nU050": 75.86066280589638}, "K52-nD200": {"K52-nD210": 127.80412015606596}, "K53-D140": {"K53-D150": 171.63524003189542}, "K58-U190": {"K58-U200": 131.52143400000003}, "K53-U030": {"K53-U040": 197.31387061460754}, "K52-nD050": {"K52-nD060": 33.80129645148929}, "K53-U070": {"K53-U080": 57.0728245595854}, "K51-U100": {"K51-U110": 207.67512263838563}, "K51-U130": {"K51-U140": 74.53519243500001}, "K58-D193": {"K58-D196": 62.54380000000001}, "K51A-U170": {"K51A-U180": 77.44968399378618}, "K53-D030": {"K53-D040": 72.53946703185393}, "K53-D130": {"K53-D140": 94.08588208340304}, "K58-U030": {"K58-U040": 285.3048}, "K53-D160": {"K53-D170": 205.6448977606373, "K53-U011": 195.35165533400004}, "K58-U080": {"K58-U090": 83.0264480496}, "K51A-U060": {"K51A-U070": 295.6585689247927}, "K51-U020": {"K51-U030": 143.3647964560505}, "K54-D020": {"K54-D030": 192.00371568775952}, "K51-D100": {"K51-D110": 164.22542782436003}, "K51A-U120": {"K51A-U130": 149.3624186471264}, "K52-nD210": {"K52-nD220": 212.84083802924914}, "K52-nD220": {"K52-nD230": 132.32385181433384}, "K52A-U160": {"K52A-U170": 25.196899442590006}, "K51A-D080": {"K51A-D090": 162.56730415347414}, "K51A-U220": {"K51A-U230": 84.9902867981405}, "K52A-U100": {"K52A-U110": 87.90466254502006}, "K51A-D010": {"K51A-D020": 55.371713555719396}, "K58-D130": {"K58-D140": 108.658517}, "K52A-D120": {"K52A-D130": 41.94022924327725}, "K54-D010": {"K54-D020": 103.29544082467075}, "K54-D040": {"K54-D050": 162.55899575467456}, "K51-D060": {"K51-D070": 62.255146782571885}, "K51-D250": {"K51-D260": 162.61731656471022}, "K51A-D060": {"K51A-D070": 78.69065114984475}, "K58-U026": {"K58-U030": 129.723}, "K51-U150": {"K51-U160": 75.65626072993001}, "K52-nU110": {"K52-nU120": 177.34835258218453}, "K51A-U110": {"K51A-U120": 131.70346921305128}, "K51A-D090": {"K51A-D100": 54.97249436435927}, "K58-D090": {"K58-D100": 146.23719}, "K51A-U130": {"K51A-U140": 70.5592780581887}, "K51-U010": {"K51-U020": 36.383219763821}, "K52A-U140": {"K52A-U150": 172.242507091002}, "K51-D130": {"K51-D140": 54.08724505872921}, "K52-nD120": {"K52-nD130": 43.53046848601872}, "K51A-D020": {"K51A-D030": 102.97079707488759}, "K51-D110": {"K51-D120": 54.33802251070889}, "K53-U110": {"K53-U120": 98.74462677638274}, "K53-U100": {"K53-U110": 76.18505045629928}, "K51A-D230": {"K51A-D240": 140.7804576806345}, "K52A-U070": {"K52A-U080": 83.75692925276346}, "K53-D060": {"K53-D070": 158.66691149177979}, "K53-D070": {"K53-D080": 47.57938336094146}, "K54-U020": {"K54-U030": 173.48687300810556}, "K54-U040": {"K54-U050": 141.3453136777875}, "K52A-U015": {"K52A-U020": 144.92503257847244}, "K53-D100": {"K53-D110": 84.0900202676368}, "K51A-D040": {"K51A-D050": 102.86437866110414}, "K52A-U110": {"K52A-U120": 52.62629312769957}, "K51-U030": {"K51-U040": 60.23223018308943}, "K52A-D150": {"K52A-D160": 96.28143469054103}, "K51-U210": {"K51-U220": 54.91793747015314}, "K52A-D130": {"K52A-D140": 77.6136721448014}, "K53-D090": {"K53-D100": 47.285901094338016}, "K51A-U150": {"K51A-U160": 122.8727709337863}, "K52-nU260": {"K52-nU270": 56.8636683296588}, "K52-nU300": {"K52-nU310": 37.58801847143335}, "K51-U240": {"K51-U250": 116.94959511434604}, "K51A-D260": {"K51A-D270": 67.27259824347702}, "K51A-D100": {"K51A-D110": 54.95676306457767}, "K51-D030": {"K51-D040": 34.21212129500001}, "K58-D120": {"K58-D130": 142.73930000000001}, "K58-U050": {"K58-U060": 49.04350000000001}, "K51-D190": {"K51-D200": 164.16243545318957}, "K51-D280": {"K51-D290": 66.84247115827354}, "K51A-D030": {"K51A-D040": 44.41009154678668}, "K52-nU210": {"K52-nU220": 82.92457025119265}, "K51-D240": {"K51-D250": 142.66610659290004}, "K52A-U030": {"K52A-U040": 41.98043284211921}, "K51-U090": {"K51-U100": 132.58238664464767}, "K58-D060": {"K58-D070": 215.10500000000008}, "K58-D050": {"K58-D060": 253.00000000000003}, "K51A-U030": {"K51A-U040": 56.93395092156131}, "K58-U060": {"K58-U070": 182.79615332}, "K51A-D170": {"K51A-D180": 179.37195654117838}, "K54-U010": {"K54-U020": 87.9415711035166}, "K51-D040": {"K51-D050": 51.08194727472406}, "K51-D070": {"K51-D080": 66.77873529814528}, "K53-D120": {"K53-D130": 82.57148280219823},