{"KAT": {"DIH": 127.45563234377303, "SUW": 76.02981891267254}}