{"KOW": {"HOK": 177.74210018250338, "OLY": 128.6764128924226, "TSY": 515.596172720664}, "KOB": {"NTK": 101.14900750821747, "CHH": 118.4423020450181}, "KOT": {"TAW": 272.4384481851347, "MKK": 124.32671358876821, "SKM": 61.1097982882354, "LOF": 73.29556839844938}}