{"LAT": {"KWT": 91.1368105098477, "YAT": 80.91532265309266}, "LAK": {"TSY": 189.1163659404448, "NAC": 277.589850705108, "KWF": 84.03557933430176, "MEF": 114.12478908500847}}