{"LCK": {"MEF": 97.31402181783602, "CSW": 101.36623033682548}}