{"LET": {"WCH": 156.98559082065586, "SOH": 109.35968577929756}}