{"MEF": {"LAK": 113.07287296063771, "LCK": 84.45286873108009, "NAC": 167.83826337723943, "TWW": 308.8145340686011}}