{"MOK": {"YMT": 102.86553921606905, "PRE": 114.55387204114163}, "MOS": {"HEO": 96.4100771249875, "WKS": 165.98387352266803}}