{"NOP": {"QUB": 121.41487838799574, "FOH": 72.7901535345773}}