{"NTK": {"KWT": 58.634242003422855, "KOB": 86.37276242461357}}