{"OCP": {"ADM": 287.6319603695046, "WCH": 134.00853417520625}}