{"QUB": {"TAK": 84.69866090182356, "YAT": 253.87897929848359, "NOP": 112.30699897500362}}