{"STW": {"CIO": 75.17903249400001, "CKT": 79.1516946}}