{"SUN": {"DIS": 198.58233387484285, "TSY": 465.6114924906673, "TUC": 823.8869624901475}, "SUW": {"KAT": 47.07753600000001, "TKW": 121.28208}}