{"SWH": {"SKW": 102.6145117294229, "TAK": 96.27533721953583}}