{"SYP": {"HKU": 67.31035010767934, "SHW": 118.30258085048756}}