{"TAW": {"SHT": 98.02667506172773, "KOT": 330.61155509485747, "HIK": 54.12287540770002, "CKT": 161.22179047825398}, "TAP": {"UNI": 345.26932288686874, "TWO": 184.39828189789822}, "TAK": {"QUB": 56.947375827859744, "SWH": 87.92647940733946}}