{"TIS": {"LOP": 185.1090467596411, "SIH": 397.4464402911796}, "TIK": {"TKO": 242.19179416686407, "YAT": 124.39790971002085}, "TIH": {"CAB": 84.6841176027007, "FOH": 61.020877495952085}}