{"TKO": {"LHP": 132.9808078520152, "TIK": 232.54217575035722, "HAH": 131.70448961122332}, "TKW": {"HOM": 103.86644608229999, "SUW": 77.44504726920002}}