{"TSY": {"AIR": 1468.7180362905506, "LAK": 182.21217472845203, "KOW": 472.8828486524379, "SUN": 614.0397034658138}, "TST": {"JOR": 33.4165357122301, "ADM": 159.73801022682073}, "TSW": {"TWH": 58.94039924558691}, "TSH": {"SHM": 197.4623321725415, "HEO": 13.970000000000002}}