{"TWH": {"KWH": 98.62750941850794, "TSW": 82.98463229501385}, "TWO": {"TAP": 173.19221446245967, "FAN": 321.3723341666381}, "TWW": {"MEF": 282.04040261032173, "KSR": 712.0168259252407}}