{"WAC": {"ADM": 82.58768705808197, "CAB": 105.57873747783688}}