{"WTS": {"LOF": 105.65346341660154, "DIH": 86.40267386824804}}