{"YAT": {"QUB": 235.3853081374538, "LAT": 119.28597289752084, "TIK": 129.4525394535658}}