{"YMT": {"MOK": 124.9818268403202, "JOR": 86.41174479023456, "HOM": 118.74247991491636}}