{"AIR": {"TSY": 1713.7298257269726, "AWE": 157.4736300299638}}