{"CHH": {"DIH": 135.32113336339467, "KOB": 127.98253422573376}, "CHW": {"HFC": 174.56186753793332}}