{"CIO": {"STW": 147.3519239342047, "SHM": 148.48767272936}}