{"CSW": {"SSP": 104.07130000000002, "LCK": 131.6472163140724}}