{"DIS": {"SUN": 198.58233387484285}, "DIH": {"WTS": 120.54008767334935, "HIK": 307.4897745674378, "KAT": 177.77562624400005, "CHH": 113.33814311300625}}