{"FOH": {"NOP": 147.63836933208808, "TIH": 91.078214}, "FOT": {"SHT": 172.51927285256232, "UNI": 218.92729252883373}}