{"HEO": {"TSH": 137.61102394034302, "MOS": 127.23196123386197}}