{"HFC": {"SKW": 131.00699509842525, "CHW": 142.95675721536435}}