{"HKU": {"SYP": 117.16728064271123, "KET": 97.9458327943146}}