{"HOK": {"KOW": 184.2131387746833}, "HOM": {"YMT": 162.03606033283614, "TKW": 152.53012666473398, "WHA": 86.50867918924322, "HUH": 135.27178381073003}}