{"HUH": {"HOM": 135.14792500400003, "EXC": 231.9985371982978, "MKK": 235.92824244603034, "ETS": 492.92896805152697}}