{"JOR": {"YMT": 125.18875569847094, "TST": 112.80255685739601}}