{"KAT": {"SUW": 127.99739249, "DIH": 155.79895005819702}}