{"LAK": {"MEF": 142.70292693172073, "NAC": 264.66410639455415, "TSY": 200.34676592141608, "KWF": 140.19128886989057}, "LAT": {"YAT": 83.39292597208494, "KWT": 124.13225198091155}}