{"LOP": {"YUL": 131.5350954132, "TIS": 197.68072093531651}, "LOF": {"WTS": 112.72529608298419, "KOT": 131.23529562846463}, "LOW": {"SHS": 261.7549249949378}}