{"MEF": {"LAK": 150.00656058830486, "NAC": 188.24653077813713, "LCK": 104.56397314564461, "TWW": 321.91150915400135}}