{"MKK": {"HUH": 323.87836657495376, "KOT": 162.588950300738}}