{"NAC": {"AUS": 207.3574184673677, "OLY": 123.7083171254408, "LAK": 260.42717658667726, "MEF": 197.6567969200577}}