{"NOP": {"QUB": 124.61581003986582, "FOH": 100.2575805965695}}