{"NTK": {"KWT": 125.87130381910006, "KOB": 128.56917837412396}}