{"PRE": {"SKM": 105.93190068574104, "MOK": 105.99579250494426, "SSP": 147.56523446761426}}