{"SHS": {"LOW": 261.75487711002495, "FAN": 155.2516897003482, "LMC": 530.9238731060544}, "SHM": {"CIO": 132.88338253925676, "TSH": 246.02907137518991}, "SHW": {"SYP": 119.67339327350871, "CEN": 109.26655349525592}, "SHT": {"FOT": 307.25690202900176, "TAW": 176.83973200292877}}