{"SIH": {"TUM": 154.45115168559687, "TIS": 325.7988209162869}}