{"SKM": {"KOT": 115.22954363188782, "PRE": 105.0413}, "SKW": {"SWH": 107.58098432894576, "HFC": 200.1347274725883}}