{"SSP": {"CSW": 132.34595580387548, "PRE": 128.02888330349538}}