{"SYP": {"SHW": 136.15100670005816, "HKU": 108.12113443639919}}