{"TAK": {"SWH": 107.03152606676315, "QUB": 116.68369240496602}, "TAP": {"TWO": 129.61213742799697, "UNI": 417.7302479724414}, "TAW": {"KOT": 336.18009486593525, "HIK": 171.65989221318176, "SHT": 133.32511203999996, "CKT": 140.62408672130002}}