{"TIK": {"YAT": 159.0537301425615, "TKO": 144.50498912350486}, "TIH": {"FOH": 98.03409780398276, "CAB": 110.30991940737113}, "TIS": {"LOP": 194.88333419509527, "SIH": 313.21518531125105}}