{"TKO": {"LHP": 131.03202178132148, "TIK": 165.09793800704657, "HAH": 131.5417951040111}, "TKW": {"HOM": 137.45495722140004, "SUW": 130.09616922659535}}