{"TSY": {"SUN": 422.0517425343163, "AIR": 1582.3379538864915, "LAK": 199.4161588006986, "KOW": 495.83239002144563}, "TSW": {"TWH": 112.73576298400003}, "TST": {"ADM": 200.85687380493468, "JOR": 128.1826510814928}, "TSH": {"HEO": 126.17520603304686, "SHM": 231.5473892360223}}