{"TUC": {"SUN": 680.5629529595285}, "TUM": {"SIH": 161.22580224652012}}