{"UNI": {"TAP": 404.8139953428862, "FOT": 230.566658412263}}