{"WTS": {"DIH": 110.38485980069375, "LOF": 119.98036585158707}}