{"YAT": {"TIK": 167.9424312694494, "QUB": 263.4837431134084, "LAT": 154.39800533291844}}