{"YMT": {"HOM": 163.35320999113975, "MOK": 124.38687003576415, "JOR": 131.93026108396725}}