{"AIR": {"TSY": 1592.383043344014, "AWE": 227.812539059757}}