{"CHH": {"KOB": 141.77881932462398, "DIH": 132.82688058479343}, "CHW": {"HFC": 174.6391866637445}}