{"CSW": {"SSP": 117.72421382172024, "LCK": 124.60106549834856}}