{"DIS": {"SUN": 198.58233387484285}, "DIH": {"CHH": 119.87461776643015, "HIK": 311.03686588893817, "WTS": 117.51352312504753, "KAT": 180.40000000000003}}