{"EXC": {"HUH": 187.12892437690303, "ADM": 100.3314285839635}}