{"HFC": {"SKW": 131.39739783458538, "CHW": 128.4378446739886}}