{"HUH": {"MKK": 232.39744135770516, "EXC": 228.38460486386725, "ETS": 488.2703331999998, "HOM": 135.66779240000005}}