{"JOR": {"YMT": 125.32955942695511, "TST": 114.40421629999996}}