{"K54-D020": {"K54-D030": 132.85758294803708}, "K52-nD060": {"K52-nD070": 129.34768316859828}, "K52A-D010": {"K52A-D020": 277.22475064567936}, "K52A-D060": {"K52A-D070": 129.34768316859828}, "K52-nU270": {"K52-nU280": 160.36099743377798}, "K52A-U170": {"K52A-U180": 275.33340837296066}, "K52A-U140": {"K52A-U150": 160.35752784965484}, "K52-nD210": {"K52-nD220": 232.10000000000002}, "K52-nD200": {"K52-nD210": 133.10000000000002}, "K52-nD250": {"K52-nD260": 181.50000000000003}, "K52-nD280": {"K52-nD290": 94.60000000000001}}