{"KAT": {"DIH": 155.26833800000003, "SUW": 132.01099999999997}}