{"KWT": {"NTK": 114.90247458953847, "LAT": 121.81655827570584}, "KWH": {"TWH": 154.4724010961998, "KWF": 107.43656380010941}, "KWF": {"LAK": 120.38515962335104, "KWH": 119.7772387311112}}