{"LAK": {"TSY": 186.7096581664284, "MEF": 134.41623191858042, "KWF": 139.5690116964322, "NAC": 297.31515177506634}, "LAT": {"YAT": 95.48575585994432, "KWT": 126.46426056427049}}