{"LCK": {"MEF": 129.88186572066002, "CSW": 114.79134375926404}}