{"MEF": {"TWW": 332.1485740715406, "LAK": 136.72075662271283, "NAC": 178.64797423096624, "LCK": 113.20125734440357}}