{"NTK": {"KOB": 131.70490367955475, "KWT": 6345.962187054199}}