{"OLY": {"KOW": 125.92801229098298, "NAC": 129.96894174988773}}