{"QUB": {"TAK": 114.84360152555647, "YAT": 253.85125965241573, "NOP": 120.39563476581641}}