{"SHS": {"FAN": 145.70944617412061, "LOW": 261.7548826463982, "LMC": 587.9152382704367}, "SHT": {"TAW": 175.967716105256, "FOT": 296.27417253344663}, "SHW": {"SYP": 122.74137536659615, "CEN": 110.5565843846008}, "SHM": {"TSH": 227.43392510900648, "CIO": 134.20000000000002}}