{"SIH": {"TUM": 154.45566348165374, "TIS": 350.2202182674784}}