{"SKM": {"PRE": 3448.6068257844577, "KOT": 122.26541436888469}, "SKW": {"HFC": 187.5935207171136, "SWH": 105.90542485656809}}