{"SUN": {"TSY": 589.8589282491531, "DIS": 198.58233387484285, "TUC": 823.8869879594988}, "SUW": {"TKW": 150.20599999999996, "KAT": 122.09999999999998}}