{"SWH": {"TAK": 101.50591981274796, "SKW": 124.0529829689505}}