{"SYP": {"HKU": 105.90802373273304, "SHW": 134.16985983201363}}