{"TAW": {"KOT": 331.44369663997117, "SHT": 71.4664, "HIK": 172.70000000000002, "CKT": 142.316520521716}, "TAP": {"UNI": 416.4650879435182, "TWO": 137.123}, "TAK": {"SWH": 107.6182897648998, "QUB": 117.85049732564194}}