{"TIK": {"YAT": 141.8755569515742, "TKO": 148.0114458403639}, "TIH": {"FOH": 93.975940023635, "CAB": 118.71626054100003}, "TIS": {"LOP": 187.284002117051, "SIH": 352.90144804027693}}