{"WAC": {"ADM": 119.72100751174739, "CAB": 133.9127076926544}}