{"WCH": {"OCP": 119.4413016291142, "LET": 171.93394087038195}}