{"WTS": {"LOF": 119.44894231454407, "DIH": 113.60983795187622}}