{"YAT": {"TIK": 161.074153061035, "LAT": 156.967192209576, "QUB": 249.64281179457504}}