{"AIR": {"TSY": 1548.6827556790531, "AWE": 144.32018429966973}}