{"AUS": {"NAC": 225.61989108348672, "ETS": 166.68953138}}