{"CHW": {"HFC": 99.98107375208534}, "CHH": {"KOB": 159.95493211353389, "DIH": 97.12265223964462}}