{"CIO": {"SHM": 114.51968454395808, "STW": 99.26093364}}