{"CKT": {"STW": 124.27643808157612, "TAW": 102.4086425226736}}