{"CSW": {"LCK": 105.24543926382285, "SSP": 91.67439583812303}}