{"DIS": {"SUN": 198.58233387484285}, "DIH": {"KAT": 160.62639869592377, "CHH": 118.95117813781042, "WTS": 106.35334690326434, "HIK": 296.4953701080136}}