{"HAH": {"TKO": 148.52980789992534, "POA": 123.32402611083997}}