{"HIK": {"DIH": 321.8036168543967, "TAW": 136.65775401599998}}