{"HKU": {"SYP": 128.07900822534003, "KET": 93.37118152536247}}