{"HOK": {"KOW": 185.77423850588502}, "HOM": {"TKW": 139.97437072765723, "HUH": 126.7808205929869, "YMT": 172.39064904450902, "WHA": 85.05860676743356}}