{"JOR": {"YMT": 115.98428390360137, "TST": 113.715729115747}}