{"K18-U010": {"K18-U020": 217.90257282976}, "K18-D010": {"K18-D020": 258.78709591800373}, "K18-D020": {"K18-D030": 67.17435448474194}, "K17-D020": {"K17-D030": 68.31020033474698}, "K12-U020": {"K12-U030": 241.73540501113447}, "K12-U010": {"K12-U020": 273.7785365987979}, "K12-D020": {"K12-D030": 357.54988418715595}, "K12-D030": {"K12-D040": 38.897849572552225}, "K17-U030": {"K17-U040": 29.784952947098844}, "K17-U020": {"K17-U030": 152.89242342947668}, "K17-U010": {"K17-U020": 269.0450226680116}, "K17-D010": {"K17-D020": 367.5446097746283}, "K18-U020": {"K18-U030": 118.27516262277206}, "K12-D010": {"K12-D020": 165.57716845708313}}