{"K53-U070": {"K53-U080": 53.96076241808063}, "K54-D030": {"K54-D040": 69.55615101931262}, "K52-nU070": {"K52-nU080": 112.25797065630509}, "K52-nU060": {"K52-nU070": 197.84400400002806}, "K52A-U120": {"K52A-U130": 70.03240227279184}, "K58-D060": {"K58-D070": 166.04137}, "K52A-U160": {"K52A-U170": 38.426311760851036}, "K58-U140": {"K58-U150": 129.87832}, "K51A-U090": {"K51A-U100": 178.29487870810618}, "K53-D100": {"K53-D110": 80.37898922201298}, "K58-U070": {"K58-U080": 114.4594}, "K52A-U040": {"K52A-U050": 149.02446692118832}, "K52-nU260": {"K52-nU270": 66.84509413040796}, "K52-nD190": {"K52-nD200": 181.96244806902257}, "K52-nU180": {"K52-nU190": 77.28817889030638}, "K51A-D150": {"K51A-D160": 95.84000625811832}, "K51A-U190": {"K51A-U200": 83.45440755180698}, "K53-U020": {"K53-U030": 171.82973552756815, "K53-D160": 789.4509383569069}, "K52A-U080": {"K52A-U090": 69.464852281616}, "K58-D160": {"K58-D170": 197.7093624}, "K53-D110": {"K53-D120": 164.7575591331591}, "K53-D060": {"K53-D070": 185.6856335722277}, "K51A-U240": {"K51A-U250": 77.13216601898318}, "K51A-U180": {"K51A-U190": 96.00903921212132}, "K51-U110": {"K51-U120": 133.32196215136412}, "K51A-U210": {"K51A-U220": 79.23131970801705}, "K58-U120": {"K58-U130": 133.3848582}, "K51A-D040": {"K51A-D050": 103.31190167472262}, "K58-D180": {"K58-D190": 384.2527645000001}, "K52-nU300": {"K52-nU310": 45.73432205809033}, "K53-D030": {"K53-D040": 68.75080083522393}, "K52-nU280": {"K52-nU290": 44.3196454330465}, "K52-nU290": {"K52-nU300": 39.56751581504426}, "K52-nU010": {"K52-nU020": 34.5367942959589}, "K53-U110": {"K53-U120": 101.1208955173694}, "K53-U010": {"K53-U020": 247.44187885939158, "K53-D180": 1056.4146057446299}, "K51-D140": {"K51-D150": 80.5145417844981}, "K53-D130": {"K53-D140": 83.03656204472506}, "K51A-D050": {"K51A-D060": 77.35241054159447}, "K52-nD050": {"K52-nD060": 34.977821890106924}, "K52A-U110": {"K52A-U120": 56.14566712955963}, "K51A-U060": {"K51A-U070": 310.19445215880717}, "K51-U140": {"K51-U150": 57.1293042791792}, "K52-nD090": {"K52-nD100": 86.54849624002365}, "K54-D020": {"K54-D030": 165.38717796911902}, "K58-U050": {"K58-U060": 41.492000000000004}, "K53-D090": {"K53-D100": 57.36293875744665}, "K51-D120": {"K51-D130": 54.52867105340638}, "K58-U040": {"K58-U050": 72.16}, "K58-D110": {"K58-D120": 149.6}, "K52-nD140": {"K52-nD150": 116.23505575521456}, "K58-D190": {"K58-D193": 176.47349500000004}, "K52-nU170": {"K52-nU180": 134.03642191620958}, "K52-nU050": {"K52-nU060": 277.6395253042841}, "K51A-D160": {"K51A-D170": 175.16852547083778}, "K54-D010": {"K54-D020": 177.62784181692703}, "K53-U080": {"K53-U090": 83.82918078288844}, "K52A-U020": {"K52A-U030": 102.15986286607355}, "K52A-D030": {"K52A-D040": 22.0123404093494}, "K58-D050": {"K58-D060": 191.7663}, "K53-D015": {"K53-D020": 52.99260669096698}, "K52A-D020": {"K52A-D030": 25.103720126312922}, "K51A-D250": {"K51A-D260": 113.1733304711169}, "K53-U130": {"K53-U140": 69.38884922466266}, "K52A-U050": {"K52A-U060": 59.46778208510049}, "K53-U090": {"K53-U100": 122.16540812536296}, "K54-U040": {"K54-U050": 145.84857634114803}, "K53-U060": {"K53-U070": 74.45848149987232}, "K52A-U010": {"K52A-U015": 224.377805109045}, "K51A-D200": {"K51A-D210": 252.92907271386903}, "K51A-D180": {"K51A-D190": 136.35831543633302}, "K51-U090": {"K51-U100": 167.73856926278285}, "K51A-D030": {"K51A-D040": 43.04652065620989}, "K53-U100": {"K53-U110": 135.01840894366745}, "K51A-D170": {"K51A-D180": 178.95871839991574}, "K51-D080": {"K51-D090": 111.25096526975247}, "K51-D230": {"K51-D240": 92.533882911101}, "K52A-D120": {"K52A-D130": 39.621616597978786}, "K52A-D150": {"K52A-D160": 89.97090422772615}, "K52A-D170": {"K52A-D180": 131.8449155401478}, "K58-D200": {"K58-D210": 71.2059447}, "K52-nD010": {"K52-nD020": 15.249552495295692}, "K51-D020": {"K51-D030": 66.70030993853146}, "K51-U050": {"K51-U060": 272.28465615982975}, "K52-nU240": {"K52-nU250": 55.86952575242683}, "K53-U120": {"K53-U130": 75.67787426003694}, "K52-nD160": {"K52-nD170": 151.29535145207674}, "K52A-U170": {"K52A-U180": 275.33766764909865}, "K58-U060": {"K58-U070": 181.129844379}, "K53-D170": {"K53-D180": 321.94574378127004}, "K52A-D060": {"K52A-D070": 130.42046102990815}, "K54-U050": {"K54-U060": 335.0939347343318}, "K53-D010": {"K53-D015": 114.2009857217103}, "K52-nU150": {"K52-nU160": 103.41045235799588}, "K51A-U160": {"K51A-U170": 84.35068667655462}, "K53-U030": {"K53-U040": 225.57351796691842}, "K51A-U140": {"K51A-U150": 53.07068293502588}, "K52A-D140": {"K52A-D150": 100.94225950086349}, "K52-nD220": {"K52-nD230": 154.76340605000001}, "K51-U200": {"K51-U210": 86.9175207874838}, "K53-U050": {"K53-U060": 147.87846180485607}, "K51-U180": {"K51-U190": 112.53416694060783}, "K52A-U150": {"K52A-U160": 34.30759755873497}, "K51A-U010": {"K51A-U020": 47.718148673996176}, "K51A-D060": {"K51A-D070": 86.63342404355406}, "K53-D040": {"K53-D050": 80.34486428318145}, "K51-U160": {"K51-U170": 120.0890314667419}, "K53-D150": {"K53-D160": 177.07303435587326}, "K52A-U130": {"K52A-U140": 78.8157082450834}, "K53-U140": {"K53-D010": 81.82074968510474}, "K54-D040": {"K54-D050": 181.88863604520492}, "K58-D170": {"K58-D180": 153.16840000000002}, "K58-U160": {"K58-U170": 118.42246900000002}, "K58-U110": {"K58-U120": 163.8417}, "K51A-D240": {"K51A-D250": 65.10290119092281}, "K58-U200": {"K58-U210": 68.57290000000002}, "K52-nD210": {"K52-nD220": 248.23679988671816}, "K52A-D050": {"K52A-D060": 32.506002143755794}, "K52-nU230": {"K52-nU240": 79.49935590400877}, "K52A-D180": {"K52A-D190": 138.3242147141489}, "K51A-D120": {"K51A-D140": 147.98021161950336}, "K51A-U200": {"K51A-U210": 62.33035900809995}, "K54-D050": {"K54-D060": 97.46827844512356}, "K52A-U100": {"K52A-U110": 82.83665825255166}, "K58-D140": {"K58-D150": 33.80300000000001}, "K52-nD260": {"K52-nD270": 66.75050640125605}, "K58-U130": {"K58-U140": 91.66952812270002}, "K52A-D160": {"K52A-D170": 145.11070996498924}, "K58-U170": {"K58-U180": 233.84631600000003}, "K52A-U140": {"K52A-U150": 165.12256879424828}, "K58-U020": {"K58-U023": 102.06216900000003}, "K58-U180": {"K58-U190": 149.403111}, "K51-U150": {"K51-U160": 89.43494706808612}, "K52A-U060": {"K52A-U070": 137.8632488823241}, "K52-nU120": {"K52-nU140": 133.37477769379674}, "K51-D060": {"K51-D070": 65.9523450948216}, "K54-U070": {"K54-D010": 180.07104864938452}, "K51-U070": {"K51-U080": 218.918464669907}, "K51-D100": {"K51-D110": 186.785533986536}, "K52-nU160": {"K52-nU170": 47.15769768935577}, "K52-nD230": {"K52-nD240": 165.07497888397106}, "K52-nU190": {"K52-nU200": 137.22951413396808}, "K51A-U150": {"K51A-U160": 124.07466237622661}, "K58-U150": {"K58-U160": 190.69830999999996}, "K52-nD080": {"K52-nD090": 62.519175808578225}, "K52-nU020": {"K52-nU030": 108.80823685207793}, "K51-D150": {"K51-D160": 188.68572545896853}, "K58-U080": {"K58-U090": 69.43965599999999}, "K51-U020": {"K51-U030": 106.63477637954368}, "K58-U090": {"K58-U100": 154.71137000000004}, "K52A-D010": {"K52A-D020": 277.22448091413315}, "K51-D160": {"K51-D170": 113.39981095573471}, "K52A-U030": {"K52A-U040": 34.69905249143885}, "K53-U040": {"K53-U050": 146.97472379965697}, "K52-nU110": {"K52-nU120": 191.8487951076427}, "K52A-U015": {"K52A-U020": 144.5610065293343}, "K52-nU200": {"K52-nU210": 83.19419341009723}, "K53-D140": {"K53-D150": 165.42881234106844}, "K52-nD150": {"K52-nD160": 102.33945093274038}, "K52A-D070": {"K52A-D080": 104.82848406253386}, "K51A-D110": {"K51A-D120": 59.5940969770535}, "K58-D193": {"K58-D196": 40.26}, "K52A-U070": {"K52A-U080": 93.25266015358713}, "K53-D070": {"K53-D080": 48.17280014042977}, "K52A-D110": {"K52A-D120": 163.68377924669673}, "K52-nD270": {"K52-nD280": 104.1304290361868}, "K58-D040": {"K58-D050": 94.820891}, "K52-nD020": {"K52-nD030": 21.78434149740149}, "K51-D090": {"K51-D100": 94.8641698868261}, "K52-nD130": {"K52-nD140": 96.32618604622323}, "K51A-U030": {"K51A-U040": 80.33488016561152}, "K52-nU270": {"K52-nU280": 169.15315856836202}, "K52-nD250": {"K52-nD260": 193.81401841956614},