{"K65-U110": {"K65-U120": 117.01477460527005}, "K65-D050": {"K65-D060": 69.32067672025883}, "K68-U040": {"K68-U050": 58.6475167288822}, "K65A-U070": {"K65A-U080": 45.65746821831432}, "K65A-D070": {"K65A-D080": 130.9504199371952}, "K65A-U050": {"K65A-U060": 45.63001443125536}, "K68-D120": {"K68-D130": 188.637536612404}, "K65A-D080": {"K65A-D090": 58.658932806872734}, "K65-U010": {"K65-U020": 309.61836824599993}, "K65-D180": {"K65-D190": 122.94367945502108}, "K66-U080": {"K66-U090": 172.25771710045888}, "K65A-D010": {"K65A-D020": 71.71731222599529}, "K66-U090": {"K66-U100": 50.031999465407914}, "K65-D110": {"K65-D120": 128.7077739686128}, "K65A-U120": {"K65A-U130": 85.36215292454798}, "K65-U190": {"K65-U200": 58.019829015065724}, "K66-D220": {"K66-D230": 86.49106982907517}, "K66-U110": {"K66-U120": 159.2110843803146}, "K68-U010": {"K68-U020": 100.18304464878621}, "K68-D150": {"K68-D160": 67.82664581757453}, "K65A-U110": {"K65A-U120": 74.7189606463616}, "K66-U160": {"K66-U170": 51.099767488949254}, "K66-D140": {"K66-D150": 102.20839694736455}, "K65-D040": {"K65-D050": 82.02758820837758}, "K66-D100": {"K66-D110": 48.49801424462008}, "K65-U170": {"K65-U180": 54.06287786102829}, "K65A-U100": {"K65A-U110": 49.38522515570743}, "K65-D070": {"K65-D080": 136.76826382657424}, "K68-D170": {"K68-D180": 45.70834584933594}, "K66-U180": {"K66-U190": 65.18877992252484}, "K66-U060": {"K66-U070": 204.30476186395623}, "K68-U020": {"K68-U030": 45.2700569948}, "K65-D130": {"K65-D140": 108.9178916746657}, "K65A-D100": {"K65A-D110": 252.47879150096574}, "K68-U120": {"K68-U130": 164.85175949140003}, "K68-U140": {"K68-U150": 54.498208540600004}, "K68-U030": {"K68-U040": 36.40234486881751}, "K65-U020": {"K65-U030": 141.5655647598395}, "K65A-D090": {"K65A-D100": 116.95004304356296}, "K65A-U030": {"K65A-U040": 29.23317359130554}, "K66-U030": {"K66-U040": 168.3991065731031}, "K65-D140": {"K65-D150": 111.34648656076777}, "K65A-U010": {"K65A-U020": 55.630205776669456}, "K65-D010": {"K65-D020": 41.89099691575322}, "K68-U090": {"K68-U100": 150.86863689180757}, "K66-D120": {"K66-D130": 69.35566433874513}, "K65A-D030": {"K65A-D040": 63.380921561917276}, "K66-U010": {"K66-U020": 144.6257381958708}, "K66-U070": {"K66-U080": 225.98690508194832}, "K65A-D020": {"K65A-D030": 84.88409052122336}, "K68-D010": {"K68-D020": 46.20297608394821}, "K66-D090": {"K66-D100": 47.854507403980435}, "K65-U060": {"K65-U070": 38.73447753543697}, "K68-U160": {"K68-U170": 76.05863147114194}, "K66-U140": {"K66-U150": 89.84868741916257}, "K68-D180": {"K68-D190": 38.315589516253006}, "K65-D030": {"K65-D040": 66.00067681164724}, "K68-U110": {"K68-U120": 208.32080029041214, "K68-D090": 272.8}, "K65A-U060": {"K65A-U070": 50.298161845879235}, "K65-D170": {"K65-D180": 106.67494703365553}, "K65-D160": {"K65-D170": 152.79278753365526}, "K65A-U020": {"K65A-U030": 150.01427655341746}, "K65A-U040": {"K65A-U050": 81.47828336439255}, "K65-U070": {"K65-U080": 70.04424457107854}, "K65A-U080": {"K65A-U090": 65.29986967480019}, "K65-U100": {"K65-U110": 164.87398805187442}, "K66-D130": {"K66-D140": 40.301205801237145}, "K65-D060": {"K65-D070": 91.75694689136888}, "K65-D100": {"K65-D110": 230.29331244303825}, "K65-U040": {"K65-U050": 96.3704761363624}, "K66-D110": {"K66-D120": 41.49807128851963}, "K68-D030": {"K68-D040": 90.56379419809998}, "K65-D090": {"K65-D100": 116.69479961694319}, "K65-U140": {"K65-U150": 97.78163651131823}, "K65-U030": {"K65-U040": 107.7626681734861}, "K65A-D060": {"K65A-D070": 76.96588375056338}, "K68-D060": {"K68-D070": 110.00928723686998}, "K66-U200": {"K66-U210": 61.07675885183291}, "K65A-D050": {"K65A-D060": 64.02192055725173}, "K66-D070": {"K66-D080": 51.879237850030485}, "K66-D150": {"K66-D160": 83.84722061521396}, "K66-U050": {"K66-U060": 56.92495475600227}, "K66-D230": {"K66-D240": 95.23969906845562}, "K66-D200": {"K66-D210": 132.686486125247}, "K66-U150": {"K66-U160": 61.47953532854749}, "K68-D190": {"K68-D200": 44.8113786051653}, "K66-U130": {"K66-U140": 52.309479132737536}, "K68-D040": {"K68-D050": 116.73224379531189}, "K65A-D040": {"K65A-D050": 72.62728653211128}, "K66-U190": {"K66-U200": 69.45723946534322}, "K68-U060": {"K68-U070": 103.60955780659758}, "K68-D100": {"K68-D110": 92.65288302491328}, "K68-D070": {"K68-D080": 234.30305929537803}, "K65-U160": {"K65-U170": 54.58887819280862}, "K66-D020": {"K66-D030": 73.51955976095971}, "K68-U100": {"K68-U110": 219.88220015797202}, "K66-D040": {"K66-D050": 39.46389535199634}, "K66-D190": {"K66-D200": 90.12684882396383}, "K65-U150": {"K65-U160": 64.02826608924019}, "K65-U130": {"K65-U140": 51.08234064516377}, "K66-D050": {"K66-D060": 41.3462121192007}, "K66-U120": {"K66-U130": 55.87715960901612}, "K66-U210": {"K66-U220": 49.09330237990157}, "K66-D030": {"K66-D040": 79.56268532434133}, "K66-D160": {"K66-D170": 157.43912689068512}, "K65-U180": {"K65-U190": 83.01190159392793}, "K68-D080": {"K68-D090": 108.03890489}, "K66-D180": {"K66-D190": 87.1017361005308}, "K66-D010": {"K66-D020": 15.420507586891059}, "K65-D080": {"K65-D090": 58.52216252964526}, "K66-U020": {"K66-U030": 203.3577628187991}, "K66-D060": {"K66-D070": 42.05923813569632}, "K68-U050": {"K68-U060": 53.830925450069095}, "K65-D120": {"K65-D130": 66.77220034109666}, "K65-D150": {"K65-D160": 113.99594635004641}, "K65-U080": {"K65-U090": 177.81887411269736}, "K65-U120": {"K65-U130": 188.67290334246013}, "K66-D080": {"K66-D090": 62.38329069157364}, "K65-D020": {"K65-D030": 79.1765554147901}, "K66-D210": {"K66-D220": 167.06184456800196}, "K68-U070": {"K68-U080": 43.84399149900001}, "K66-U170": {"K66-U180": 35.683448813655964}, "K68-D090": {"K68-D100": 153.123428356756}, "K68-D140": {"K68-D150": 37.215979182827695}, "K68-D110": {"K68-D120": 104.72224623275322}, "K65-U090": {"K65-U100": 56.13231851794423}, "K65-U050": {"K65-U060": 115.98839026023197}, "K68-D020": {"K68-D030": 106.45443394136778}, "K66-U040": {"K66-U050": 144.23581039551738}, "K66-D170": {"K66-D180": 259.6071740053351}, "K68-D050": {"K68-D060": 78.05502595877}, "K65A-U090": {"K65A-U100": 48.73730804723362}, "K68-U080": {"K68-U090": 57.9928855}, "K68-U150": {"K68-U160": 84.82097218430002}, "K68-U130": {"K68-U140": 145.5346959}, "K68-D200": {"K68-U011": 64.79061371589783}, "K65-U210": {"K65-U220": 85.42787784006337}, "K65-U220": {"K65-U230": 87.24892390924485}, "K68-U170": {"K68-D010": 189.327515898}, "K68-D160": {"K68-D170": 83.71932231864857}, "K66-U100": {"K66-U110": 77.67613067534406}, "K65-U200": {"K65-U210": 76.10296028777461}, "K68-D130": {"K68-D140": 66.64419534783998}}