{"K74-U040": {"K74-U050": 177.9178914670305}, "K75A-D060": {"K75A-D070": 46.64615495542039}, "K75P-D010": {"K75P-D020": 137.79094493570983}, "K76-D010": {"K76-D020": 305.8437756799096}, "K75A-D050": {"K75A-D060": 71.93702251379861}, "K73-U050": {"K73-U060": 135.16367517732849}, "K75P-D020": {"K75P-D030": 35.39762479154534}, "K75P-U080": {"K75P-U090": 43.41624214502363}, "K75P-U100": {"K75P-U110": 58.365388477385125}, "K75P-U050": {"K75P-U060": 166.1112969449039}, "K73-U080": {"K73-U110": 198.83575392951445, "K73-U090": 301.92977307238897}, "K74-U020": {"K74-U030": 133.86097043333137}, "K73-D150": {"K73-D160": 55.71998118680777}, "K73-U030": {"K73-U040": 96.1377627334662}, "K73-D070": {"K73-D080": 202.75165286670253}, "K74-U030": {"K74-U040": 280.7889999796532}, "K76-U030": {"K76-U040": 261.2186312888024}, "K75P-U010": {"K75P-U020": 99.35409471405421}, "K75P-D060": {"K75P-D070": 174.36951497890686}, "K73-D130": {"K73-D140": 145.3793537116524}, "K73-D040": {"K73-D050": 87.00949178689652}, "K76-U020": {"K76-U030": 160.70479126526996}, "K74-D090": {"K74-U011": 80.82435316327499}, "K76-D020": {"K76-D030": 143.4938407200097}, "K76-D030": {"K76-D040": 76.23367012463387}, "K73-U060": {"K73-U070": 136.2561115503145}, "K73-D080": {"K73-D090": 262.1137598832961}, "K73-U100": {"K73-U110": 294.5265958603834}, "K75P-D080": {"K75P-U011": 149.0504320301223}, "K75A-U030": {"K75A-D010": 236.13426046921813}, "K74-U010": {"K74-U020": 168.99422413863317}, "K73-U070": {"K73-U080": 168.42451641253936}, "K75A-D110": {"K75A-U011": 174.0586567956287}, "K73-U040": {"K73-U050": 119.72608469993061, "K73-U060": 227.44014035789905}, "K75A-D080": {"K75A-D090": 128.1936920862394}, "K74-D010": {"K74-D020": 158.40202565308903}, "K74-D020": {"K74-D030": 150.93091566267657}, "K74-U050": {"K74-U060": 241.47652452440587}, "K75P-U040": {"K75P-U050": 123.34555093138783}, "K76-U040": {"K76-U050": 182.99190286282186}, "K75P-D030": {"K75P-D040": 119.3434802225227}, "K73-U110": {"K73-U120": 248.66073765542586}, "K75A-D040": {"K75A-D050": 48.5394861391953}, "K75P-U070": {"K75P-U080": 109.20168934333569}, "K75P-U130": {"K75P-U140": 43.295725218251306}, "K75P-D070": {"K75P-D080": 91.80203060220394}, "K75P-U110": {"K75P-U120": 91.95399216679563}, "K73-D090": {"K73-D100": 96.28203310589878}, "K73-D120": {"K73-D130": 112.07612264382342}, "K75A-D010": {"K75A-D020": 228.87566340110075}, "K74-U060": {"K74-U070": 148.05239430976326}, "K74-D040": {"K74-D050": 88.78852604464225}, "K73-U090": {"K73-U100": 123.5349159886425}, "K76-U010": {"K76-U020": 13.9736944711962}, "K74-D050": {"K74-D060": 96.8781438406829}, "K73-D030": {"K73-D040": 139.39000482029138}, "K73-D140": {"K73-D150": 217.08587913291544}, "K73-D020": {"K73-D030": 119.53088080424618}, "K73-D050": {"K73-D070": 107.77325974522182}, "K75P-D040": {"K75P-D050": 168.5597224331244}, "K75P-U060": {"K75P-U070": 27.029648704414296}, "K74-U090": {"K74-U100": 220.2264653761907}, "K75A-D020": {"K75A-D030": 27.181107535192684}, "K75A-D030": {"K75A-D040": 49.41657542078113}, "K73-U020": {"K73-U030": 205.86339009217613}, "K73-U010": {"K73-U020": 71.17497845453643}, "K75P-U090": {"K75P-U100": 40.5626420359258}, "K74-D080": {"K74-D090": 172.78204454905722}, "K74-U080": {"K74-U090": 242.7796062187458}, "K75A-U010": {"K75A-U020": 47.49192115020377}, "K74-U100": {"K74-D010": 123.70086465175591}, "K74-U001": {"K74-U004": 166.66806015094892}, "K75P-U140": {"K75P-D010": 153.99388359102207}, "K74-U004": {"K74-U007": 90.90208620125466}, "K75P-U020": {"K75P-U030": 108.93051154364571}, "K75A-U020": {"K75A-U030": 138.99280263912846}, "K75P-D050": {"K75P-D060": 76.76722837171715}, "K74-U070": {"K74-U080": 159.75869417870257}, "K74-D060": {"K74-D070": 192.28671101231188}, "K75A-D070": {"K75A-D080": 227.62397717760967}, "K73-D110": {"K73-D120": 96.77102108629946}, "K75A-D100": {"K75A-D110": 105.31313211615199}, "K74-D110": {"K74-U002": 182.36889836249833}, "K74-U007": {"K74-U010": 262.3544628261134}, "K75P-U030": {"K75P-U040": 136.40512809517614}, "K75P-U120": {"K75P-U130": 64.40250585398864}, "K74-D030": {"K74-D040": 139.05435431395233}, "K74-D100": {"K74-D110": 93.59916615236479}, "K74-U011": {"K74-D100": 173.9568022346313}, "K75A-D090": {"K75A-D100": 50.74543662112391}, "K73-D010": {"K73-D020": 80.19446118884186}, "K74-D070": {"K74-D080": 260.73908399727054}, "K73-D100": {"K73-D110": 200.06900109701377}, "K75S-U030": {"K75S-U040": 138.60000000000002}, "K75S-U020": {"K75S-U030": 169.4}}