{"KAT": {"SUW": 126.49196545555517, "DIH": 176.04389000000003}}