{"KSR": {"YUL": 235.96495553073595, "TWW": 552.4101663498653}}