{"KWT": {"NTK": 115.83234554867416, "LAT": 94.28998613848913}, "KWF": {"LAK": 100.23858706692404, "KWH": 118.09923474445009}, "KWH": {"KWF": 90.89080046501059, "TWH": 139.9546953610378}}