{"LAK": {"NAC": 283.8971516115899, "TSY": 189.58354373206228, "MEF": 131.74895460706264, "KWF": 131.08016529655774}, "LAT": {"YAT": 96.57139373877975, "KWT": 124.77661963620794}}