{"LCK": {"CSW": 99.92239734946283, "MEF": 102.10752476534675}}