{"LET": {"WCH": 150.67785143810138, "SOH": 96.69912152635213}}