{"LOF": {"KOT": 125.75851100784917, "WTS": 130.76543392227566}, "LOW": {"SHS": 224.6862614460752}, "LOP": {"YUL": 95.54081459999999, "TIS": 183.14365881165094}}