{"MEF": {"LCK": 100.27304367022597, "LAK": 131.47300658252627, "TWW": 326.7252106781353, "NAC": 181.2360819589697}}