{"NAC": {"MEF": 182.29013154737544, "LAK": 264.2876880616685, "OLY": 98.08896461183159, "AUS": 200.52230722194872}}