{"NTK": {"KWT": 83.40482808237307, "KOB": 96.51434661189421}}