{"OCP": {"ADM": 287.63196098634023, "WCH": 132.2928019435288}}