{"OLY": {"KOW": 133.67326521289766, "NAC": 130.32966803014915}}