{"PRE": {"SSP": 115.91053061895457, "MOK": 102.26287993792643, "SKM": 123.59999338410114}}