{"QUB": {"YAT": 232.7436825439885, "TAK": 119.61755467681198, "NOP": 123.4768091516507}}