{"SHS": {"LOW": 261.7548565289942, "FAN": 130.6647951748103, "LMC": 472.9285123775138}, "SHW": {"CEN": 110.468614253124, "SYP": 143.28334406619686}, "SHT": {"FOT": 147.98287121860417, "TAW": 163.36663163180341}, "SHM": {"TSH": 216.28004037874734, "CIO": 88.5289610994}}