{"STW": {"CIO": 161.78320663021003, "CKT": 132.78762662206}}