{"SUN": {"TUC": 823.8868445948898, "DIS": 198.58233387484285, "TSY": 556.2191581194106}, "SUW": {"TKW": 131.95923840711998, "KAT": 121.47150638119865}}