{"TAW": {"HIK": 152.07105149979424, "SHT": 115.81887026880656, "KOT": 285.04072530555436, "CKT": 176.95110638384295}, "TAK": {"SWH": 124.08002661405926, "QUB": 117.56298852499306}, "TAP": {"UNI": 403.67950545449537, "TWO": 177.91703991510877}}