{"TIS": {"LOP": 181.9238928752705, "SIH": 364.6159484783685}, "TIK": {"TKO": 210.35654384668115, "YAT": 135.8548718082151}, "TIH": {"CAB": 126.22818022285699, "FOH": 111.64598368256866}}