{"TKO": {"LHP": 131.609894496973, "TIK": 191.57343485885718, "HAH": 153.3879845771666}, "TKW": {"HOM": 124.45354778233146, "SUW": 132.28818305376302}}