{"TUC": {"SUN": 776.9125808983703}, "TUM": {"SIH": 157.4763890740866}}