{"UNI": {"FOT": 181.7779793477991, "TAP": 344.5362382884391}}