{"YAT": {"QUB": 254.5979822500855, "TIK": 129.31399959943877, "LAT": 129.4576761192623}}