{"AUS": {"NAC": 214.3717471135339, "ETS": 132.94933787520287}}