{"CHH": {"KOB": 112.69524442319751, "DIH": 121.88090833375199}, "CHW": {"HFC": 106.54382543182494}}