{"CSW": {"LCK": 128.7984991705997, "SSP": 127.3146449699545}}