{"ETS": {"AUS": 174.06719667993673, "HUH": 161.22851510239974}}