{"HAH": {"TKO": 160.2842224678505, "POA": 148.21572009909482}}