{"HKU": {"KET": 97.59976683194361, "SYP": 128.759497627648}}