{"HOK": {"KOW": 193.7081551604571}, "HOM": {"YMT": 153.50443072929306, "WHA": 84.70186026722324, "HUH": 127.76765082839059, "TKW": 131.58570940792788}}