{"K12-U010": {"K12-U020": 277.26270551678164}, "K12-D030": {"K12-D040": 92.46132251691091}, "K12-D010": {"K12-D020": 163.3127250583053}, "K12-U020": {"K12-U030": 226.76845562495197}, "K12-D020": {"K12-D030": 374.1927590613374}, "K18-D010": {"K18-D020": 259.4332399999999}, "K18-D020": {"K18-D030": 73.19709430000002}, "K18-U020": {"K18-U030": 67.97643401010001}, "K17-D020": {"K17-D030": 60.355339}, "K17-U010": {"K17-U020": 214.17000000000002}, "K17-U020": {"K17-U030": 141.17579223000004}, "K17-D010": {"K17-D020": 266.20000000000005}, "K17-U030": {"K17-U040": 27.720000000000006}, "K18-U010": {"K18-U020": 181.50000000000003}}