{"K52-nD020": {"K52-nD030": 33.49329055142344}, "K51-U190": {"K51-U200": 81.69689673426585}, "K51A-U040": {"K51A-U050": 141.49802186719484}, "K53-D120": {"K53-D130": 66.62394207587374}, "K51-U200": {"K51-U210": 83.92062641247169}, "K51-D060": {"K51-D070": 62.28849310819096}, "K54-U070": {"K54-D010": 154.94632987896634}, "K51A-D030": {"K51A-D040": 45.43995092583451}, "K53-U130": {"K53-U140": 52.33928999618392}, "K51-D130": {"K51-D140": 56.44996834246962}, "K52-nU090": {"K52-nU100": 139.92340304615968}, "K51A-U170": {"K51A-U180": 76.54813061049843}, "K52A-D080": {"K52A-D090": 66.87772177336261}, "K52A-U080": {"K52A-U090": 66.08453836959725}, "K51-D260": {"K51-D270": 58.25301902169893}, "K52-nU030": {"K52-nU040": 132.4046835536899}, "K53-U140": {"K53-D010": 83.5812547843736}, "K52A-D150": {"K52A-D160": 93.25581992403822}, "K52A-U030": {"K52A-U040": 34.416821141701554}, "K53-D010": {"K53-D015": 107.30501617637731}, "K53-D180": {"K53-D190": 81.63264777929987}, "K52-nU160": {"K52-nU170": 49.27923231160286}, "K53-D100": {"K53-D110": 90.96596018415156}, "K51-D010": {"K51-D020": 71.03012343841274}, "K51A-U230": {"K51A-U240": 36.04728849707869}, "K51A-D010": {"K51A-D020": 52.8031236604506}, "K51A-U090": {"K51A-U100": 149.47906013696806}, "K52-nD070": {"K52-nD080": 95.80121841278819}, "K53-U070": {"K53-U080": 50.04182459002505}, "K51-U240": {"K51-U250": 110.4331313805645}, "K51A-D050": {"K51A-D060": 78.505362130066}, "K52A-U060": {"K52A-U070": 135.5100735027649}, "K51-U160": {"K51-U170": 117.14539215422553}, "K54-D030": {"K54-D040": 60.06458005641905}, "K52A-D100": {"K52A-D110": 59.10465539709111}, "K52A-U020": {"K52A-U030": 80.87524369225815}, "K53-U050": {"K53-U060": 143.42068745115984}, "K53-U090": {"K53-U100": 117.36593163035329}, "K52-nU060": {"K52-nU070": 187.529846693799}, "K51A-U030": {"K51A-U040": 66.9051741846246}, "K51-U110": {"K51-U120": 131.29966076075158}, "K53-U100": {"K53-U110": 70.23870623909143}, "K52A-D040": {"K52A-D050": 15.934188043595842}, "K52-nD120": {"K52-nD130": 43.02117133630679}, "K52-nD160": {"K52-nD170": 166.86041875399388}, "K52-nU300": {"K52-nU310": 40.415827835963704}, "K53-D150": {"K53-D160": 162.91970111948044}, "K52-nD290": {"K52-nD300": 94.48283575408807}, "K53-U030": {"K53-U040": 204.26088965189183}, "K54-D060": {"K54-D070": 145.656303414393}, "K52-nD190": {"K52-nD200": 178.84663746568478}, "K51-D160": {"K51-D170": 71.20842946157101}, "K51-U010": {"K51-U020": 35.73872235195793}, "K51A-D240": {"K51A-D250": 54.830733622464116}, "K52-nU150": {"K52-nU160": 91.46278477751358}, "K53-D015": {"K53-D020": 54.62474770170115}, "K52-nU240": {"K52-nU250": 48.07586463898054}, "K51A-U020": {"K51A-U030": 126.96245085150083}, "K53-U010": {"K53-U020": 221.66665591665281, "K53-D180": 1408.0910724469552}, "K52-nD210": {"K52-nD220": 201.91160119380888}, "K51-D020": {"K51-D030": 60.6627883417456}, "K51A-U050": {"K51A-U060": 278.97313829452713}, "K51A-D140": {"K51A-D150": 72.33754970152208}, "K51A-D260": {"K51A-D270": 66.19655085352045}, "K51-U230": {"K51-U240": 47.30902493352908}, "K53-D020": {"K53-D030": 120.31061631142538}, "K51-D070": {"K51-D080": 67.30014607984712}, "K52-nD100": {"K52-nD110": 57.74029797278213}, "K52A-D110": {"K52A-D120": 128.5326185368559}, "K52A-D010": {"K52A-D020": 355.6874525000124}, "K52A-D180": {"K52A-D190": 139.81202325952958}, "K51A-D090": {"K51A-D100": 52.46084457768211}, "K51A-D230": {"K51A-D240": 136.27631666414106}, "K51A-U110": {"K51A-U120": 135.9460819488192}, "K51A-U180": {"K51A-U190": 90.41057894613868}, "K53-U080": {"K53-U090": 75.31344053309533}, "K52A-D050": {"K52A-D060": 33.08640409903795}, "K52A-U140": {"K52A-U150": 162.68985369963238}, "K51A-D190": {"K51A-D200": 199.6794660694992}, "K51A-U100": {"K51A-U110": 207.56008051319708}, "K51A-U210": {"K51A-U220": 76.0881123832339}, "K52A-U170": {"K52A-U180": 507.50499868629265}, "K51-U220": {"K51-U230": 64.89443105198723}, "K51A-D060": {"K51A-D070": 82.45929956567824}, "K51A-U240": {"K51A-U250": 69.97034539258875}, "K51-D120": {"K51-D130": 63.60040815167956}, "K52-nU100": {"K52-nU110": 168.27727470907595}, "K52-nD010": {"K52-nD020": 19.186697400265828}, "K53-D160": {"K53-D170": 580.9741735688688, "K53-U011": 186.5603208150069}, "K53-D030": {"K53-D040": 80.16920074125849}, "K51-D210": {"K51-D220": 204.56219391981975}, "K53-D140": {"K53-D150": 170.88810615519617}, "K52-nU080": {"K52-nU090": 72.14744963948259}, "K53-D080": {"K53-D090": 59.56134641872244}, "K52-nD150": {"K52-nD160": 112.56783458234614}, "K52-nD180": {"K52-nD190": 167.24738424798494}, "K53-U020": {"K53-U030": 139.89989108690844, "K53-D160": 629.9381171998117}, "K52A-U070": {"K52A-U080": 75.83612526559719}, "K51-U080": {"K51-U090": 209.55690329696273}, "K54-U050": {"K54-U060": 376.3513436855009}, "K52A-D060": {"K52A-D070": 133.43766099477793}, "K51-D240": {"K51-D250": 144.90831700688358}, "K51A-U150": {"K51A-U160": 122.17727250381759}, "K51A-U160": {"K51A-U170": 76.59793175449136}, "K53-U060": {"K53-U070": 68.9293449242771}, "K51A-D080": {"K51A-D090": 176.9611942835681}, "K52-nU250": {"K52-nU260": 62.318914734334214}, "K51-U170": {"K51-U180": 76.63599815396128}, "K51-U040": {"K51-U050": 134.95764202957233}, "K52-nU070": {"K52-nU080": 110.59260684267095}, "K51A-U060": {"K51A-U070": 293.1280293932424}, "K52-nU210": {"K52-nU220": 74.10300440232461}, "K51-D050": {"K51-D060": 63.36950690402411}, "K51-U130": {"K51-U140": 74.91480607994896}, "K53-D130": {"K53-D140": 123.05108523139276}, "K54-D050": {"K54-D060": 89.25364381947179}, "K52A-U120": {"K52A-U130": 57.94392302639058}, "K54-U010": {"K54-U020": 80.77147399681233}, "K53-U040": {"K53-U050": 127.5198481752523}, "K52-nD230": {"K52-nD240": 150.27640464873707}, "K53-U110": {"K53-U120": 96.62410796260953}, "K51A-U080": {"K51A-U090": 164.64409422649146}, "K54-U060": {"K54-U070": 216.87533477294943}, "K53-D170": {"K53-D180": 314.25325880718583}, "K51-D040": {"K51-D050": 54.54305436518048}, "K51A-D170": {"K51A-D180": 154.53694808904555}, "K54-U030": {"K54-U040": 134.35655639600566}, "K52A-D120": {"K52A-D130": 46.39916924219291}, "K52-nD260": {"K52-nD270": 52.40760984068468}, "K52-nU110": {"K52-nU120": 157.67623354368368}, "K51-U140": {"K51-U150": 58.47892103336319}, "K51A-D210": {"K51A-D220": 75.09149712292708}, "K52-nD110": {"K52-nD120": 133.1162992354458}, "K51-D100": {"K51-D110": 179.2691363467614}, "K52-nU290": {"K52-nU300": 33.27504573374267}, "K51A-U140": {"K51A-U150": 50.63347166916944}, "K52-nU230": {"K52-nU240": 76.48133909860073}, "K51-U090": {"K51-U100": 148.93164141744825}, "K52A-D020": {"K52A-D030": 28.443910240566634}, "K51-U180": {"K51-U190": 108.53815160650899}, "K52A-U010": {"K52A-U015": 274.154599085035}, "K51A-D180": {"K51A-D190": 145.30523253836256}, "K52-nU190": {"K52-nU200": 131.03984498288222}, "K54-D010": {"K54-D020": 113.30253332162556}, "K51-D030": {"K51-D040": 41.83064249733714}, "K52-nU280": {"K52-nU290": 43.96084121694751}, "K53-D040": {"K53-D050": 79.85456690868513}, "K52-nU260": {"K52-nU270": 42.36582015468369}, "K53-D090": {"K53-D100": 58.587557503415894}, "K51-D270": {"K51-D280": 94.90916243945661}, "K54-D020": {"K54-D030": 225.57007160286858}, "K51A-D020": {"K51A-D030": 117.99969830148821}, "K52-nU120": {"K52-nU140": 108.80882843173416}, "K51-D190": {"K51-D200": 162.78059099466185}, "K52-nD090": {"K52-nD100": 52.55779290327955}, "K51-D250": {"K51-D260": 147.95426053493372}, "K51-U050": {"K51-U060": 260.59804754567324}, "K51A-D220": {"K51A-D230": 122.89135671898472}, "K53-D060": {"K53-D070": 174.18003009057122}, "K51-D110": {"K51-D120": 50.714409219182585}, "K54-D040": {"K54-D050": 160.1607855254441}, "K52-nD240": {"K52-nD250": 155.10216741822762}, "K51A-U010": {"K51A-U020": 56.36812303366761}, "K54-U040": {"K54-U050": 150.17437456187534}, "K51A-D150": {"K51A-D160": 129.25028982302302}, "K53-D110": {"K53-D120": 166.03073588453972}, "K52A-U050": {"K52A-U060": 62.138170696131944}, "K52A-D160": {"K52A-D170": 146.8494552360121}, "K53-D190": {"K53-U011": 422.64811791245194}, "K52A-U040": {"K52A-U050": 119.10214780603285},