{"KSR": {"YUL": 256.68636900428595, "TWW": 595.5197808015043}}