{"KWT": {"NTK": 111.86544571577402, "LAT": 127.42247536354375}, "KWF": {"KWH": 128.42559859546333, "LAK": 179.71841702254602}, "KWH": {"TWH": 160.53786720203954, "KWF": 128.7189811439089}}