{"LOF": {"WTS": 124.17706250002475, "KOT": 123.66277357161513}, "LOW": {"SHS": 242.94386278774482}, "LOP": {"TIS": 178.51791472969575, "YUL": 114.70742851294544}}