{"MEF": {"NAC": 189.12218772803521, "LCK": 129.44201337814917, "LAK": 123.19640451254597, "TWW": 329.8609309488903}}