{"NAC": {"AUS": 209.81919433517538, "MEF": 188.13179390008685, "OLY": 95.82161570327756, "LAK": 251.65622459295528}}