{"NOP": {"FOH": 127.49420048677491, "QUB": 126.27065066440267}}