{"NTK": {"KWT": 96.45045585010156, "KOB": 109.90010246930947}}