{"OCP": {"ADM": 287.6319549305442, "WCH": 130.16418794512808}}