{"PRE": {"SSP": 126.04467139398294, "SKM": 127.46536927946622, "MOK": 128.42870695321344}}