{"SIH": {"TIS": 371.02600986184376, "TUM": 154.45201650623085}}