{"SKW": {"SWH": 101.10207294654434, "HFC": 149.3210738170763}, "SKM": {"KOT": 137.12450043648022, "PRE": 125.48989167598663}}