{"SSP": {"PRE": 126.55970694515183, "CSW": 130.33622850101673}}