{"STW": {"CKT": 127.41403673511869, "CIO": 136.53085372825186}}