{"SUN": {"DIS": 198.58233387484285, "TUC": 823.886990047069, "TSY": 411.822992567572}, "SUW": {"KAT": 122.1323489482476, "TKW": 134.83247887669714}}