{"SYP": {"HKU": 116.18479818572477, "SHW": 152.83338548367527}}