{"TAP": {"UNI": 378.6789701395005, "TWO": 168.27691983272507}, "TAW": {"KOT": 305.9780638209695, "SHT": 127.8941124556649, "HIK": 152.13522105148112, "CKT": 228.51942980960683}, "TAK": {"SWH": 133.15347426779724, "QUB": 130.73751597869378}}