{"TSY": {"KOW": 467.2529393383332, "LAK": 192.61528584029526, "AIR": 1460.6233938451865, "SUN": 788.6521886298179}, "TST": {"ADM": 147.97211811656558, "JOR": 96.03544586989645}, "TSH": {"SHM": 221.94723451337956, "HEO": 125.9332500675039}, "TSW": {"TWH": 45.451595299782475}}