{"TUC": {"SUN": 811.7530124251127}, "TUM": {"SIH": 151.9909747090996}}