{"TWW": {"KSR": 624.8353415682828, "MEF": 310.78793118422067}, "TWO": {"FAN": 271.77663923578166, "TAP": 175.64812586482364}, "TWH": {"KWH": 140.46938232405594, "TSW": 77.3090180783739}}