{"YMT": {"JOR": 122.7334166500918, "HOM": 214.1378925841115, "MOK": 112.59954627911816}}