{"YUL": {"KSR": 241.47550914225684, "LOP": 131.59684915002612}}