{"1": {"6": 293.6486984495045, "2": 111.69929361380962}}