{"5": {"6": 114.45469143907835, "305": 83.83151765985016}}