{"CIO": {"STW": 130.63258400181002, "SHM": 125.32063880963888}}