{"ETS": {"HUH": 167.3848179231864, "AUS": 199.98006455502005}}