{"EXC": {"HUH": 190.12304886708387, "ADM": 70.10827416088765}}