{"HOK": {"KOW": 189.7054677996469}, "HOM": {"TKW": 141.3809717207891, "YMT": 179.86161420756474, "WHA": 82.1641322321265, "HUH": 104.73684143999999}}