{"HUH": {"MKK": 193.5681069650206, "HOM": 130.0057215694044, "EXC": 197.29579030861845, "ETS": 175.73111296393228}}