{"K17-U030": {"K17-U040": 87.54302341863023}, "K18-D010": {"K18-D020": 249.4187547404062}, "K12-D020": {"K12-D030": 369.38082382045235}, "K12-U020": {"K12-U030": 223.61379947782584}, "K18-U010": {"K18-U020": 192.22383420673242}, "K18-U020": {"K18-U030": 66.20911166753908}, "K12-D030": {"K12-D040": 79.15141137245381}, "K17-D010": {"K17-D020": 315.9344068707264}, "K12-D010": {"K12-D020": 167.5998889660982}, "K12-U010": {"K12-U020": 287.17761440569063}, "K18-D020": {"K18-D030": 56.73817529098916}, "K17-D020": {"K17-D030": 33.74440651725881}, "K17-U010": {"K17-U020": 300.6362274643513}, "K17-U020": {"K17-U030": 145.1623143316389}}