{"K51A-D020": {"K51A-D030": 120.55981928686063}, "K52-nD230": {"K52-nD240": 164.88165977105402}, "K53-D090": {"K53-D100": 54.40577921971957}, "K53-D040": {"K53-D050": 79.51740916485002}, "K58-U030": {"K58-U040": 294.9127643}, "K54-U050": {"K54-U060": 328.1400928999536}, "K51A-U100": {"K51A-U110": 220.32843278553727}, "K52A-U120": {"K52A-U130": 64.59714048298079}, "K51A-D220": {"K51A-D230": 130.41398527171228}, "K52A-D060": {"K52A-D070": 137.51896102990813}, "K52-nD200": {"K52-nD210": 134.70640995976999}, "K51A-U230": {"K51A-U240": 38.437912462172996}, "K51A-U050": {"K51A-U060": 261.0201652577458}, "K53-U060": {"K53-U070": 67.29020460116001}, "K53-U030": {"K53-U040": 222.1682727011834}, "K54-D030": {"K54-D040": 83.92231043291464}, "K58-U130": {"K58-U140": 89.81786}, "K53-D150": {"K53-D160": 170.6725723724901}, "K52-nU250": {"K52-nU260": 55.903718272804596}, "K52-nU240": {"K52-nU250": 67.11236368793627}, "K51-D230": {"K51-D240": 85.00074523293824}, "K53-U110": {"K53-U120": 98.36467855034785}, "K51-D140": {"K51-D150": 79.2073620691248}, "K52A-D130": {"K52A-D140": 94.88419774459774}, "K52A-D140": {"K52A-D150": 101.22045016331631}, "K52-nU260": {"K52-nU270": 64.20854613578057}, "K52-nU230": {"K52-nU240": 74.73447135316476}, "K53-U010": {"K53-U020": 258.22377735646063, "K53-D180": 737.4895101018569}, "K58-D090": {"K58-D100": 145.37918119999998}, "K52A-U015": {"K52A-U020": 145.77563213143983}, "K51-U170": {"K51-U180": 74.80453704757107}, "K53-U080": {"K53-U090": 89.65267207559644}, "K51-D070": {"K51-D080": 59.32317657367297}, "K53-U070": {"K53-U080": 54.36243322478125}, "K53-D140": {"K53-D150": 168.32438866589445}, "K52A-D120": {"K52A-D130": 44.104473716110014}, "K53-U020": {"K53-U030": 158.82369749874385, "K53-D160": 772.9340725757824}, "K52-nU080": {"K52-nU090": 83.95496172252031}, "K51A-D160": {"K51A-D170": 175.84542242126204}, "K58-D060": {"K58-D070": 158.51000000000002}, "K51-D150": {"K51-D160": 179.58782702089906}, "K51A-D240": {"K51A-D250": 65.5469343598986}, "K52A-D040": {"K52A-D050": 16.733484544456296}, "K51A-D200": {"K51A-D210": 271.4973486810831}, "K53-D030": {"K53-D040": 74.79066298459391}, "K53-D010": {"K53-D015": 103.14400109055896}, "K51-D030": {"K51-D040": 38.309532244400074}, "K51-U030": {"K51-U040": 81.10040003047018}, "K53-D120": {"K53-D130": 88.04393642928422}, "K58-D140": {"K58-D150": 43.12847}, "K51-D250": {"K51-D260": 158.62819920458327}, "K51-U180": {"K51-U190": 106.91474333362933}, "K52A-D110": {"K52A-D120": 153.97795792345084}, "K54-D010": {"K54-D020": 152.36472857644756}, "K51A-U010": {"K51A-U020": 51.287289181663844}, "K52A-U110": {"K52A-U120": 53.34257974746929}, "K52-nU270": {"K52-nU280": 176.88836714592608}, "K52A-U160": {"K52A-U170": 30.611835015501832}, "K58-U023": {"K58-U026": 56.1}, "K54-D060": {"K54-D070": 150.5756768884925}, "K51-D010": {"K51-D020": 85.9161170098}, "K51A-D250": {"K51A-D260": 86.30048355013795}, "K52A-D150": {"K52A-D160": 93.21576623474823}, "K58-D080": {"K58-D090": 177.7339245}, "K51-D220": {"K51-D230": 271.629061}, "K51-D280": {"K51-D290": 69.99380497746266}, "K53-D020": {"K53-D030": 103.25897624422885}, "K52A-U010": {"K52A-U015": 266.97133325546054}, "K52-nD010": {"K52-nD020": 16.10719328525}, "K58-U040": {"K58-U050": 84.96760250000001}, "K51A-U130": {"K51A-U140": 69.09792552927802}, "K52-nU290": {"K52-nU300": 38.65868043324796}, "K51A-U220": {"K51A-U230": 86.00228106560938}, "K51-D090": {"K51-D100": 95.06556395676124}, "K52-nD250": {"K52-nD260": 201.22303881923784}, "K52A-D010": {"K52A-D020": 277.22293243986735}, "K58-U160": {"K58-U170": 124.23069999999998}, "K58-U100": {"K58-U110": 90.37494400000001}, "K51-U060": {"K51-U070": 299.3501398581469}, "K52-nD110": {"K52-nD120": 163.19828626731456}, "K51A-D040": {"K51A-D050": 95.74461693651195}, "K53-U050": {"K53-U060": 154.13770752714206}, "K58-D010": {"K58-D020": 24.456387989}, "K51A-D060": {"K51A-D070": 82.92623153087189}, "K58-D193": {"K58-D196": 69.71338220000003}, "K58-D030": {"K58-D040": 102.57610000000003}, "K52A-U030": {"K52A-U040": 35.75069588035034}, "K52A-D090": {"K52A-D100": 54.68584700693991}, "K52-nD210": {"K52-nD220": 230.0178849946029}, "K51A-U160": {"K51A-U170": 82.0071932274495}, "K51A-U210": {"K51A-U220": 74.23903993050355}, "K52-nU140": {"K52-nU150": 178.8015122527034}, "K52-nD240": {"K52-nD250": 162.94249258100004}, "K52-nD180": {"K52-nD190": 154.011036354801}, "K51A-U070": {"K51A-U080": 227.49678597645658}, "K51-D060": {"K51-D070": 57.89564633060959}, "K52A-U040": {"K52A-U050": 132.5105340561665}, "K52-nU150": {"K52-nU160": 90.87934065617901}, "K54-U040": {"K54-U050": 149.72244464177473}, "K51-U190": {"K51-U200": 78.76561246958059}, "K51-D080": {"K51-D090": 110.90687059307022}, "K52A-D160": {"K52A-D170": 130.86734497041545}, "K53-U130": {"K53-U140": 62.78325019186748}, "K53-U100": {"K53-U110": 71.0998316343694}, "K52-nU120": {"K52-nU140": 121.86559043628021}, "K53-U120": {"K53-U130": 74.4962170444395}, "K51-D240": {"K51-D250": 133.582639064592}, "K54-D050": {"K54-D060": 90.90413142225754}, "K51A-U110": {"K51A-U120": 136.68268709745556}, "K51-U220": {"K51-U230": 68.08645627430788}, "K52A-U170": {"K52A-U180": 314.39235984781897}, "K58-U070": {"K58-U080": 111.3827}, "K52-nU190": {"K52-nU200": 129.31805376398606}, "K51-D020": {"K51-D030": 63.81505189020861}, "K51-U230": {"K51-U240": 56.02769023634919}, "K52A-D050": {"K52A-D060": 30.15742424433979}, "K53-U090": {"K53-U100": 128.98080662920665}, "K51-U140": {"K51-U150": 55.13637221324858}, "K51-D260": {"K51-D270": 55.25150449027493}, "K58-U020": {"K58-U023": 104.27824000000001}, "K52A-U130": {"K52A-U140": 65.40627723264338}, "K51A-D230": {"K51A-D240": 150.46819587553526}, "K52A-U050": {"K52A-U060": 60.987866484594136}, "K58-U170": {"K58-U180": 243.2932128}, "K52-nD160": {"K52-nD170": 143.13167770115578}, "K52A-D020": {"K52A-D030": 21.28889827596218}, "K51A-U030": {"K51A-U040": 71.36629162605121}, "K51-D200": {"K51-D210": 126.14255722531341}, "K53-D080": {"K53-D090": 51.90226134263971}, "K58-U180": {"K58-U190": 65.296726}, "K51-U110": {"K51-U120": 138.37421302309662}, "K51-D160": {"K51-D170": 94.6594801745722}, "K51-U240": {"K51-U250": 102.35204333934549}, "K51-U070": {"K51-U080": 193.75131585399276}, "K58-D020": {"K58-D030": 115.54872999999998}, "K52-nD120": {"K52-nD130": 40.451276703378355}, "K53-D180": {"K53-D190": 83.13039768628595}, "K51-U150": {"K51-U160": 85.99362227024757}, "K52A-U100": {"K52A-U110": 70.57582610552136}, "K58-D110": {"K58-D120": 217.46999999999997}, "K53-D130": {"K53-D140": 91.08391603193539}, "K51-D170": {"K51-D180": 96.94703268481624}, "K58-U110": {"K58-U120": 161.5988}, "K51A-U090": {"K51A-U100": 163.84623170226138}, "K53-U040": {"K53-U050": 142.52742501055337}, "K53-U140": {"K53-D010": 84.12613561957201}, "K51A-D210": {"K51A-D220": 80.30692591874593}, "K52-nU210": {"K52-nU220": 72.18751808966944}, "K52-nD040": {"K52-nD050": 32.90011470665751}, "K52-nU040": {"K52-nU050": 79.62172071088511}, "K52-nD020": {"K52-nD030": 21.858621031866367}, "K51A-U040": {"K51A-U050": 117.16799227325987}, "K51-U090": {"K51-U100": 154.5778175203821}, "K53-D100": {"K53-D110": 76.57028736322232}, "K52-nU170": {"K52-nU180": 125.46248373213939}, "K52-nD170": {"K52-nD180": 120.66476309365564}, "K58-U140": {"K58-U150": 155.815}, "K51A-U200": {"K51A-U210": 64.80264502473213}, "K52-nU280": {"K52-nU290": 42.79029026030388}, "K54-U070": {"K54-D010": 157.43555214512614}, "K52-nD270": {"K52-nD280": 98.66692751707144}, "K58-D180": {"K58-D190": 313.27449999999993}, "K53-D110": {"K53-D120": 170.48492874526718}, "K53-D015": {"K53-D020": 51.63710630454538}, "K51-U130": {"K51-U140": 74.96259702869281}, "K51A-U150": {"K51A-U160": 106.85830765185952}, "K54-D040": {"K54-D050": 165.44198475417747}, "K52A-U090": {"K52A-U100": 81.92073604069365}, "K51-D050": {"K51-D060": 54.80516095265803}, "K51A-D100": {"K51A-D110": 46.27129090863555}, "K51-U210": {"K51-U220": 52.01608449456713}, "K53-D070": {"K53-D080": 47.2514334283385}, "K51-D040": {"K51-D050": 58.66625044530963},