{"K75P-D080": {"K75P-U011": 147.96971036225779}, "K73-D030": {"K73-D040": 123.27744016428542}, "K75P-U130": {"K75P-U140": 39.50035889499018}, "K75P-U040": {"K75P-U050": 103.3637663129638}, "K74-U007": {"K74-U010": 242.21153730607142}, "K74-U070": {"K74-U080": 163.48329994489484}, "K76-D020": {"K76-D030": 132.19742735696025}, "K73-U080": {"K73-U090": 287.9961569997752, "K73-U110": 309.91231080700135}, "K75P-D020": {"K75P-D030": 38.42949992506237}, "K75A-D040": {"K75A-D050": 46.69858906009829}, "K76-D010": {"K76-D020": 302.3183891918824}, "K74-D100": {"K74-D110": 80.57382112745141}, "K73-U060": {"K73-U070": 134.83207297425912}, "K75P-D040": {"K75P-D050": 167.72829974630537}, "K76-D030": {"K76-D040": 65.45318140235729}, "K75P-D010": {"K75P-D020": 143.01665199402214}, "K76-U030": {"K76-U040": 268.11771786558836}, "K73-U110": {"K73-U120": 215.3846857798885}, "K73-D020": {"K73-D030": 119.30216287894204}, "K73-D050": {"K73-D070": 102.13273140941462}, "K76-U010": {"K76-U020": 40.253906819594214}, "K75P-U080": {"K75P-U090": 45.49868256122244}, "K75P-U020": {"K75P-U030": 112.50872487189913}, "K75P-U100": {"K75P-U110": 58.06839087202859}, "K74-D090": {"K74-U011": 77.6720368051366}, "K75A-D010": {"K75A-D020": 220.4763987158314}, "K75A-U010": {"K75A-U020": 44.195957426029665}, "K73-D100": {"K73-D110": 199.29874709330238}, "K73-U050": {"K73-U060": 115.90122064731788}, "K75P-D030": {"K75P-D040": 113.92906702941295}, "K75P-U110": {"K75P-U120": 84.32081121564016}, "K73-U090": {"K73-U100": 117.69604939724408}, "K73-D070": {"K73-D080": 189.3430270200943}, "K75A-D090": {"K75A-D100": 49.10781383968074}, "K75P-U030": {"K75P-U040": 123.02865098417483}, "K73-D150": {"K73-D160": 74.65311190235636}, "K76-U040": {"K76-U050": 167.0869334568321}, "K73-U100": {"K73-U110": 263.5471711308768}, "K75A-U030": {"K75A-D010": 244.9041531461528}, "K75P-U120": {"K75P-U130": 66.12048666580684}, "K73-D140": {"K73-D150": 179.75498125912176}, "K74-U001": {"K74-U004": 168.70822244913796}, "K73-U070": {"K73-U080": 158.165551141236}, "K73-U040": {"K73-U050": 115.20287570778378, "K73-U060": 224.57830691767322}, "K74-U004": {"K74-U007": 89.12016831008505}, "K76-U020": {"K76-U030": 157.92725439854388}, "K75P-U010": {"K75P-U020": 91.4589909453679}, "K74-D080": {"K74-D090": 174.80615529727118}, "K75P-U050": {"K75P-U060": 140.4173188503669}, "K75A-D060": {"K75A-D070": 36.464097403705345}, "K73-U020": {"K73-U030": 172.20350907125345}, "K74-D110": {"K74-U002": 197.18880996988992}, "K75P-U070": {"K75P-U080": 111.8785710546255}, "K73-U030": {"K73-U040": 95.50041339449254}, "K73-D110": {"K73-D120": 77.19459284441652}, "K75P-D050": {"K75P-D060": 75.57995319063272}, "K75A-U020": {"K75A-U030": 129.6801146958564}, "K75A-D070": {"K75A-D080": 47.994199967040814}, "K75P-U090": {"K75P-U100": 36.143320639413695}, "K74-D040": {"K74-D050": 88.963450022689}, "K75A-D050": {"K75A-D060": 72.59999408140358}, "K73-D010": {"K73-D020": 82.67132192795769}, "K73-D080": {"K73-D090": 256.76323957155387}, "K74-D050": {"K74-D060": 96.49609474401441}, "K74-U040": {"K74-U050": 168.75626993880383}, "K75A-D080": {"K75A-D090": 120.35122527111852}, "K73-U010": {"K73-U020": 70.48420586412469}, "K75A-D110": {"K75A-U011": 167.01096974788692}, "K75A-D030": {"K75A-D040": 47.406112687758444}, "K74-D030": {"K74-D040": 143.83252575536488}, "K73-D130": {"K73-D140": 135.60984561934856}, "K75A-D100": {"K75A-D110": 107.22636559137277}, "K74-D070": {"K74-D080": 245.1340989579246}, "K74-U050": {"K74-U060": 233.95978679864402}, "K74-D010": {"K74-D020": 154.16236179900454}, "K74-U060": {"K74-U070": 141.64620072838306}, "K73-D040": {"K73-D050": 87.97518125398653}, "K74-U090": {"K74-U100": 220.52960126328017}, "K74-U030": {"K74-U040": 300.78157250905105}, "K74-U010": {"K74-U020": 162.85232509890707}, "K75P-U140": {"K75P-D010": 152.64039577053313}, "K73-D090": {"K73-D100": 83.85490055453911}, "K74-D060": {"K74-D070": 167.4921879357444}, "K75P-D070": {"K75P-D080": 97.04426667021673}, "K75A-D020": {"K75A-D030": 26.128546959861062}, "K74-U100": {"K74-D010": 114.25846317333003}, "K75P-D060": {"K75P-D070": 180.18927900236002}, "K73-D120": {"K73-D130": 112.44945884081456}, "K74-U020": {"K74-U030": 134.09437778756393}, "K75P-U060": {"K75P-U070": 46.0673919292638}, "K74-U080": {"K74-U090": 231.66696307395796}, "K74-D020": {"K74-D030": 149.62105788075286}, "K74-U011": {"K74-D100": 177.45166378920004}}