{"KAT": {"SUW": 122.90067240000003, "DIH": 142.8339663459356}}