{"KOW": {"HOK": 177.7421001742109, "OLY": 130.559622854702, "TSY": 517.8212910895453}, "KOT": {"MKK": 135.18660437444663, "SKM": 131.97457963911955, "TAW": 313.9818362993842, "LOF": 129.80621385699004}, "KOB": {"CHH": 178.13497280985905, "NTK": 123.78725201560053}}