{"KSR": {"TWW": 555.8228497148787, "YUL": 250.4657254302348}}