{"KWT": {"NTK": 126.62538315672866, "LAT": 126.12101367242587}, "KWH": {"KWF": 131.34430449951984, "TWH": 158.33079167988984}, "KWF": {"KWH": 121.41634392029967, "LAK": 183.29314418375685}}