{"LAK": {"NAC": 287.0253617422142, "MEF": 133.7979353318463, "TSY": 197.5017755922538, "KWF": 149.61631031392076}, "LAT": {"YAT": 119.29744362436334, "KWT": 129.0141595603622}}