{"LOF": {"WTS": 123.85463271199615, "KOT": 130.49561267502582}, "LOW": {"SHS": 240.55407070569845}, "LOP": {"YUL": 131.27489999999997, "TIS": 183.60768394434675}}