{"MEF": {"LAK": 140.2773292794089, "TWW": 321.29045898316235, "NAC": 185.0672561416261, "LCK": 128.10261144864626}}