{"MOK": {"YMT": 124.44947820566108, "PRE": 105.59578230762752}, "MOS": {"HEO": 133.20481690031997, "WKS": 159.02810820827162}}