{"NAC": {"LAK": 230.50142625253184, "MEF": 188.619775024652, "AUS": 219.9650424167322, "OLY": 91.86117985132802}}