{"NOP": {"QUB": 126.24075583867477, "FOH": 130.77713172293716}}