{"OCP": {"WCH": 133.51633298371908, "ADM": 287.63197665832104}}