{"OLY": {"KOW": 130.19104317991287, "NAC": 135.25418310486322}}