{"PRE": {"MOK": 124.03050890682053, "SKM": 126.57686622441122, "SSP": 124.61989473127994}}