{"SIH": {"TIS": 382.6925623879012, "TUM": 154.45979989193663}}