{"SKW": {"SWH": 118.4783757405, "HFC": 130.45419831393343}, "SKM": {"PRE": 128.4690651879726, "KOT": 160.35024138}}