{"SSP": {"CSW": 120.15996371366491, "PRE": 127.08635510786601}}