{"SUN": {"DIS": 198.58233387484285, "TUC": 823.8867894051873, "TSY": 417.3330297065395}, "SUW": {"KAT": 129.76596482699722, "TKW": 130.18470055170002}}