{"SWH": {"TAK": 129.2795584421659, "SKW": 127.80826516179327}}