{"SYP": {"HKU": 85.26204267750454, "SHW": 156.74468271354576}}