{"TAP": {"UNI": 374.9217074560954, "TWO": 184.20971520531413}, "TAW": {"KOT": 278.3205929007592, "SHT": 133.31810027311164, "HIK": 159.9030787447851, "CKT": 222.18121490040002}, "TAK": {"SWH": 118.26413076456465, "QUB": 132.83905505565232}}