{"TIS": {"SIH": 342.54459501603196, "LOP": 176.76987001760952}, "TIK": {"YAT": 135.36151947653394, "TKO": 259.27885606322536}, "TIH": {"FOH": 116.49220841400002, "CAB": 134.19513445726017}}