{"TKW": {"SUW": 134.3892612318504, "HOM": 176.11702201653003}, "TKO": {"TIK": 301.4808913201124, "HAH": 179.32324908502102, "LHP": 132.0553421039046}}