{"TSY": {"KOW": 547.6845164726295, "AIR": 1474.775148924537, "SUN": 681.123508737081, "LAK": 181.78319110968928}, "TST": {"JOR": 127.71807829892796, "ADM": 183.19660550125076}, "TSH": {"SHM": 210.62021709056597, "HEO": 125.3690937082653}, "TSW": {"TWH": 44.27997287576535}}