{"TUC": {"SUN": 831.6190970483806}, "TUM": {"SIH": 160.9000696619644}}