{"TWO": {"FAN": 338.4737185461669, "TAP": 169.7329325209934}, "TWW": {"MEF": 307.1630938892896, "KSR": 645.833628999445}, "TWH": {"KWH": 138.13579576171932, "TSW": 71.8434249575815}}