{"UNI": {"TAP": 366.5861723325424, "FOT": 196.0960510097772}}