{"WTS": {"DIH": 115.5738320301557, "LOF": 122.90235060857933}}