{"AIR": {"TSY": 1473.0839938193824, "AWE": 115.15742112013871}}