{"AUS": {"NAC": 212.70117817505897, "ETS": 140.35292354000006}}