{"CHW": {"HFC": 76.14775033757273}, "CHH": {"KOB": 162.42529116481873, "DIH": 119.71710782582056}}