{"DIS": {"SUN": 198.58233387484285}, "DIH": {"KAT": 159.4160912031761, "WTS": 115.18972833260894, "CHH": 128.28041914845542, "HIK": 306.02792287409085}}