{"ETS": {"AUS": 160.85128089788608, "HUH": 173.19138817049298}}