{"HFC": {"SKW": 122.77233622795993, "CHW": 126.9551357496543}}