{"JOR": {"YMT": 122.3846754819552, "TST": 102.11266566045538}}