{"K18-U010": {"K18-U020": 207.85573849627562}, "K17-D010": {"K17-D020": 390.6383480937701}, "K18-D020": {"K18-D030": 71.37107847267666}, "K18-U020": {"K18-U030": 65.79426453215339}, "K12-D030": {"K12-D040": 111.01841297868043}, "K17-D020": {"K17-D030": 37.996640430232965}, "K12-D020": {"K12-D030": 353.5863671589045}, "K17-U030": {"K17-U040": 56.51915009290627}, "K17-U020": {"K17-U030": 153.91251245121816}, "K12-U010": {"K12-U020": 255.15475894219145}, "K12-D010": {"K12-D020": 163.08343974354946}, "K18-D010": {"K18-D020": 266.2819693157293}, "K12-U020": {"K12-U030": 246.60894948697168}, "K17-U010": {"K17-U020": 294.3803940007895}}