{"K65A-D080": {"K65A-D090": 57.642350759320856}, "K66-D200": {"K66-D210": 142.00014485232722}, "K68-U150": {"K68-U160": 85.2864737217866}, "K65A-U100": {"K65A-U110": 59.46489484235353}, "K68-U020": {"K68-U030": 57.408824517836}, "K66-D130": {"K66-D140": 40.24290970267117}, "K65-U120": {"K65-U130": 187.35132947751308}, "K68-D150": {"K68-D160": 68.44825554625088}, "K66-D060": {"K66-D070": 42.5461624357684}, "K65A-D010": {"K65A-D020": 52.791484804368245}, "K66-U160": {"K66-U170": 46.40776784620469}, "K65-D120": {"K65-D130": 63.81174500523093}, "K65-U010": {"K65-U020": 303.7424965946053}, "K65A-D060": {"K65A-D070": 91.5735216931321}, "K65-U130": {"K65-U140": 28.357366190296204}, "K65A-U120": {"K65A-U130": 78.12894263697936}, "K65A-U050": {"K65A-U060": 52.87259572637571}, "K65A-U020": {"K65A-U030": 156.87935522420415}, "K68-D180": {"K68-D190": 36.62329706644629}, "K65A-D030": {"K65A-D040": 61.10592194639295}, "K66-D120": {"K66-D130": 64.85197313546107}, "K65A-D090": {"K65A-D100": 110.4220784560302}, "K65A-U090": {"K65A-U100": 48.00813368334729}, "K65A-U060": {"K65A-U070": 54.44758443792377}, "K66-D100": {"K66-D110": 51.34020818646637}, "K65-U070": {"K65-U080": 57.69586652806296}, "K65-D050": {"K65-D060": 68.70315212995015}, "K65-D020": {"K65-D030": 82.00160438745993}, "K66-U050": {"K66-U060": 48.13687398979286}, "K66-U210": {"K66-U220": 53.09459284965034}, "K66-D190": {"K66-D200": 92.94566278874}, "K65A-U070": {"K65A-U080": 47.69406686584504}, "K66-U030": {"K66-U040": 161.80777904594999}, "K66-U170": {"K66-U180": 36.197002493374974}, "K65A-D100": {"K65A-D110": 234.39031446930545}, "K65-U170": {"K65-U180": 59.275488182958874}, "K65A-U110": {"K65A-U120": 69.52122527186089}, "K66-U200": {"K66-U210": 57.42172261432974}, "K65-U160": {"K65-U170": 55.67985555242294}, "K65-D040": {"K65-D050": 84.6814926674557}, "K65-D180": {"K65-D190": 127.37318667099282}, "K65-U210": {"K65-U220": 79.69017625785736}, "K65A-D020": {"K65A-D030": 80.62178268793866}, "K66-U040": {"K66-U050": 134.42990280783243}, "K65-D110": {"K65-D120": 119.6014962355141}, "K65A-U040": {"K65A-U050": 86.08094948023859}, "K65-U140": {"K65-U150": 96.21588108592893}, "K65-U180": {"K65-U190": 81.08072066137088}, "K68-D020": {"K68-D030": 94.82242661400001}, "K65-D010": {"K65-D020": 46.18417181980652}, "K68-U140": {"K68-U150": 49.57440842712862}, "K65-U040": {"K65-U050": 86.42202041427417}, "K68-D070": {"K68-D080": 197.4073144599523}, "K65-D090": {"K65-D100": 119.07576669203324}, "K65-D060": {"K65-D070": 86.22150466570386}, "K66-U070": {"K66-U080": 178.81473314755794}, "K66-D210": {"K66-D220": 163.92094827088602}, "K65-U200": {"K65-U210": 69.33020286990107}, "K66-D040": {"K66-D050": 42.40308980705307}, "K65-U190": {"K65-U200": 59.42694211989353}, "K65-D140": {"K65-D150": 114.48675100083969}, "K66-D150": {"K66-D160": 90.04157063856914}, "K66-D170": {"K66-D180": 229.48566189008108}, "K65-D130": {"K65-D140": 109.71958518598174}, "K66-D110": {"K66-D120": 43.48778675430405}, "K65-U100": {"K65-U110": 159.86967147422178}, "K68-D200": {"K68-U011": 68.99130419386164}, "K66-U120": {"K66-U130": 52.85996847789731}, "K65A-U030": {"K65A-U040": 28.614856569851987}, "K66-U140": {"K66-U150": 51.160142018093}, "K66-D090": {"K66-D100": 48.151972155314475}, "K66-U010": {"K66-U020": 144.44529073592176}, "K66-U060": {"K66-U070": 176.60917982757059}, "K68-D160": {"K68-D170": 85.42502042970713}, "K68-U090": {"K68-U100": 156.90830799944445}, "K65-D070": {"K65-D080": 131.13198327727667}, "K65-D100": {"K65-D110": 219.09281829187609}, "K68-D040": {"K68-D050": 118.98439512999998}, "K66-U090": {"K66-U100": 56.435899462220696}, "K68-U030": {"K68-U040": 36.79652939678651}, "K65-U080": {"K65-U090": 179.89076685673632}, "K65-D030": {"K65-D040": 66.10997239272523}, "K68-U060": {"K68-U070": 89.99307146157348}, "K68-U170": {"K68-D010": 153.43356377}, "K66-D160": {"K66-D170": 151.829190430641}, "K65-U020": {"K65-U030": 141.72535299342772}, "K66-D010": {"K66-D020": 14.973318153137942}, "K65-U110": {"K65-U120": 111.99488703557003}, "K66-U020": {"K66-U030": 209.81153082807546}, "K66-U110": {"K66-U120": 39.43344426331779}, "K68-D090": {"K68-D100": 165.27391440029032}, "K65A-D070": {"K65A-D080": 131.31563685561878}, "K68-D170": {"K68-D180": 44.695701777960394}, "K65-U030": {"K65-U040": 115.35775002018954}, "K68-D030": {"K68-D040": 97.47711754}, "K66-U180": {"K66-U190": 68.12749166249422}, "K66-D180": {"K66-D190": 73.79750044787517}, "K65A-D040": {"K65A-D050": 80.68130568022903}, "K66-D070": {"K66-D080": 49.33212361081631}, "K68-U160": {"K68-U170": 64.9262634856}, "K68-U130": {"K68-U140": 179.10062434000002}, "K66-U150": {"K66-U160": 64.12319847786375}, "K66-U080": {"K66-U090": 174.53373712274538}, "K65A-U010": {"K65A-U020": 54.60407445914541}, "K66-D080": {"K66-D090": 62.81349958838407}, "K65A-U080": {"K65A-U090": 65.30823241376251}, "K65A-D050": {"K65A-D060": 68.94076012592377}, "K68-D010": {"K68-D020": 50.41687721351941}, "K68-U010": {"K68-U020": 113.76973732298003}, "K66-D140": {"K66-D150": 109.48030315138234}, "K65-D150": {"K65-D160": 111.09317225886727}, "K65-U050": {"K65-U060": 114.00177253446552}, "K68-U100": {"K68-U110": 232.04260985184402}, "K68-D190": {"K68-D200": 56.419899538265796}, "K66-D230": {"K66-D240": 103.15853044748928}, "K65-U060": {"K65-U070": 113.22346251841653}, "K65-D080": {"K65-D090": 60.18660432916554}, "K68-D100": {"K68-D110": 95.65219372343822}, "K66-U100": {"K66-U110": 68.42216604333693}, "K68-U120": {"K68-U130": 168.36396618583404}, "K68-U070": {"K68-U080": 46.45107318522001}, "K65-U090": {"K65-U100": 56.12664843741387}, "K65-D170": {"K65-D180": 112.37145740781202}, "K66-U130": {"K66-U140": 57.27129879680818}, "K66-D020": {"K66-D030": 77.06581758881032}, "K68-U080": {"K68-U090": 59.244669}, "K68-D060": {"K68-D070": 104.49218107877361}, "K68-D050": {"K68-D060": 71.64542823896264}, "K66-U190": {"K66-U200": 76.59932799212477}, "K66-D050": {"K66-D060": 45.39398625765874}, "K68-U040": {"K68-U050": 55.301495210000006}, "K68-D120": {"K68-D130": 207.27137632414897}, "K68-D080": {"K68-D090": 95.629802388425}, "K68-U110": {"K68-U120": 198.12442920267736, "K68-D090": 82.5}, "K66-D220": {"K66-D230": 84.68735307391884}, "K68-D140": {"K68-D150": 39.666251949806494}, "K68-D110": {"K68-D120": 102.00501731390003}, "K68-D130": {"K68-D140": 65.60994466759688}, "K66-D030": {"K66-D040": 79.18123240061043}, "K65-U150": {"K65-U160": 57.60634463420013}, "K65-D160": {"K65-D170": 159.05319739542614}, "K65-U220": {"K65-U230": 81.47436166003455}, "K68-U050": {"K68-U060": 52.67960048181}}