{"KOW": {"HOK": 177.74210021687227, "TSY": 540.4121139885447, "OLY": 130.7476386964066}, "KOT": {"MKK": 135.40727174813279, "TAW": 295.90493602014885, "SKM": 81.48381770769745, "LOF": 123.048309946323}, "KOB": {"NTK": 92.38993411258927, "CHH": 94.7205390222}}