{"KSR": {"YUL": 247.47493346618475, "TWW": 706.8151433327166}}