{"KWH": {"KWF": 70.86608561260593, "TWH": 136.67413794848665}, "KWT": {"NTK": 121.31014701704456, "LAT": 101.54978203375057}, "KWF": {"LAK": 132.06230799730125, "KWH": 128.2940808464229}}