{"LAK": {"TSY": 199.97766734088435, "KWF": 161.2025862969936, "NAC": 268.47128815356945, "MEF": 122.95470958138887}, "LAT": {"KWT": 82.29748417468195, "YAT": 105.4952360220152}}