{"LCK": {"CSW": 87.59414995736827, "MEF": 133.65646124908562}}