{"LET": {"WCH": 150.948341149187, "SOH": 104.38102291222461}}