{"LOP": {"TIS": 184.27810559612334, "YUL": 126.8104245727906}, "LOF": {"WTS": 122.55108387924868, "KOT": 79.84580845199999}, "LOW": {"SHS": 238.60740199817528}}