{"MEF": {"TWW": 340.4597565166711, "NAC": 180.38412439885525, "LCK": 92.305774755494, "LAK": 114.74329275680057}}