{"NOP": {"QUB": 125.73014317181114, "FOH": 127.70763693515138}}