{"PRE": {"SSP": 133.93334537281416, "MOK": 114.55587360727137, "SKM": 132.25225919999997}}