{"QUB": {"YAT": 268.79741896164734, "TAK": 129.48049905306004, "NOP": 124.5489884469529}}