{"SHS": {"LOW": 261.75490305119985, "LMC": 450.9851438289129, "FAN": 131.78300149607608}, "SHT": {"FOT": 172.10932314748496, "TAW": 180.54244327281958}, "SHW": {"CEN": 122.20957628776576, "SYP": 110.63970973549995}, "SHM": {"CIO": 99.66508393160822, "TSH": 221.7990363408726}}