{"SIH": {"TIS": 370.0123526595466, "TUM": 154.45115168559687}}