{"SKW": {"HFC": 151.1664628165176, "SWH": 92.08774106901423}, "SKM": {"PRE": 85.85026054539, "KOT": 127.18473967315511}}