{"SYP": {"HKU": 102.39993860186269, "SHW": 158.71343746345684}}