{"TIS": {"SIH": 380.8660683003826, "LOP": 179.14724110599985}, "TIH": {"CAB": 132.94720497769148, "FOH": 119.22955500000005}, "TIK": {"YAT": 127.51787988763294, "TKO": 250.79434875347852}}