{"TKO": {"HAH": 153.79496915082285, "TIK": 230.27187301761325, "LHP": 133.20815247812797}, "TKW": {"SUW": 112.82319447875302, "HOM": 129.85488622346998}}