{"TSY": {"LAK": 187.69201826980685, "SUN": 672.6581553297606, "AIR": 1447.3718243891499, "KOW": 446.55921166168685}, "TST": {"ADM": 176.67009606927223, "JOR": 86.20619349890482}, "TSW": {"TWH": 55.81157813817847}, "TSH": {"SHM": 208.6217354361069, "HEO": 131.34559238699998}}