{"YMT": {"JOR": 111.0814394525639, "HOM": 147.74174594121592, "MOK": 109.16746690390846}}