{"1": {"2": 119.7938089615133, "6": 319.8754697305084}}