{"AIR": {"TSY": 1538.365389243358, "AWE": 140.58181591134377}}