{"AUS": {"NAC": 219.5498471608249, "ETS": 67.66845}}