{"CHH": {"KOB": 114.48045454236743, "DIH": 128.1018971913995}, "CHW": {"HFC": 98.1096422109513}}