{"CIO": {"SHM": 129.19062835859998, "STW": 129.1612798603847}}