{"CKT": {"TAW": 108.41917835373565, "STW": 81.7948789548}}