{"CSW": {"SSP": 127.25819404578108, "LCK": 113.82831600959892}}