{"DIS": {"SUN": 198.58233387484285}, "DIH": {"KAT": 140.57591798436033, "CHH": 87.31218146415792, "HIK": 314.41846755844045, "WTS": 118.37898473657842}}