{"ETS": {"AUS": 94.38299370559999, "HUH": 54.092347200000006}}