{"EXC": {"HUH": 172.35507673467964, "ADM": 76.73296876664571}}