{"HFC": {"SKW": 153.62623128914663, "CHW": 135.11323792290352}}