{"HOK": {"KOW": 187.1353887928207}, "HOM": {"TKW": 135.73234753331198, "HUH": 109.71091831190327, "YMT": 145.49054477899642, "WHA": 83.2801229784728}}