{"HUH": {"MKK": 192.1624698023914, "EXC": 185.30215925566577, "HOM": 126.74475811310904, "ETS": 154.0270340242035}}