{"K53-U100": {"K53-U110": 71.28989761837295}, "K53-U090": {"K53-U100": 119.8404009520074}, "K51A-U180": {"K51A-U190": 93.60116958551932}, "K53-D070": {"K53-D080": 46.37806713938636}, "K53-U120": {"K53-U130": 70.11123137234873}, "K52-nD250": {"K52-nD260": 193.1224631017279}, "K52-nD060": {"K52-nD070": 133.61337567147592}, "K52-nU220": {"K52-nU230": 94.30932844413047}, "K53-U140": {"K53-D010": 78.8749615239623}, "K52-nD220": {"K52-nD230": 139.330920716868}, "K52A-U070": {"K52A-U080": 74.26534355058709}, "K51-D050": {"K51-D060": 54.70158191909238}, "K53-D080": {"K53-D090": 54.2878574740059}, "K51-U030": {"K51-U040": 65.0874500763265}, "K51-D240": {"K51-D250": 135.11866567822105}, "K52-nD050": {"K52-nD060": 36.21415609576489}, "K51A-U040": {"K51A-U050": 125.33066232519568}, "K53-U110": {"K53-U120": 90.1976204090525}, "K53-D120": {"K53-D130": 68.61244554013801}, "K51-D090": {"K51-D100": 89.51605108706549}, "K52A-U170": {"K52A-U180": 379.48606258094117}, "K51A-U170": {"K51A-U180": 73.55801872132635}, "K51-U210": {"K51-U220": 54.49538702709286}, "K51A-D230": {"K51A-D240": 137.50436912927282}, "K51-D070": {"K51-D080": 61.63131954991947}, "K51A-D020": {"K51A-D030": 102.50953900184672}, "K51A-D080": {"K51A-D090": 158.39712821367635}, "K51-U050": {"K51-U060": 264.34132572362086}, "K51-U200": {"K51-U210": 87.81168693841332}, "K51A-U070": {"K51A-U080": 186.55304109531357}, "K51-D130": {"K51-D140": 56.72490024975955}, "K52A-D050": {"K52A-D060": 30.055088711120767}, "K54-U060": {"K54-U070": 199.9359779570378}, "K51-U170": {"K51-U180": 74.78252829448273}, "K51A-D200": {"K51A-D210": 273.6062712162764}, "K52A-D090": {"K52A-D100": 52.53891877308646}, "K54-D010": {"K54-D020": 113.58645474103655}, "K51-D060": {"K51-D070": 60.256102456579825}, "K53-U130": {"K53-U140": 62.106730110146415}, "K51A-D170": {"K51A-D180": 156.17674451170012}, "K51-D190": {"K51-D200": 185.60933607329304}, "K51-U130": {"K51-U140": 67.30838206747529}, "K52A-D100": {"K52A-D110": 55.939771356234374}, "K53-D110": {"K53-D120": 183.02455762211451}, "K53-U010": {"K53-U020": 254.0018949416417, "K53-D180": 1509.8363333330565}, "K52A-U015": {"K52A-U020": 141.3413968706979}, "K52A-D130": {"K52A-D140": 91.43871066468027}, "K51-D030": {"K51-D040": 39.30292494876001}, "K52-nD280": {"K52-nD290": 98.70460888235996}, "K51-U040": {"K51-U050": 131.93166000005118}, "K52A-U080": {"K52A-U090": 65.22041698692082}, "K51-D120": {"K51-D130": 60.61633336225602}, "K51A-U050": {"K51A-U060": 264.90687365775716}, "K53-D050": {"K53-D060": 85.70111864427354}, "K52-nU270": {"K52-nU280": 165.9248976904002}, "K54-U050": {"K54-U060": 343.54733132183725}, "K51A-U100": {"K51A-U110": 206.6620570535791}, "K52-nD210": {"K52-nD220": 199.9490778319856}, "K51-D100": {"K51-D110": 163.0032819773418}, "K53-D030": {"K53-D040": 73.39940256017019}, "K53-D090": {"K53-D100": 53.00281873407276}, "K53-U020": {"K53-U030": 141.1004622132351, "K53-D160": 877.4364434070851}, "K54-U040": {"K54-U050": 157.99327595607846}, "K51-D250": {"K51-D260": 141.54693663101347}, "K52-nD100": {"K52-nD110": 58.04574534154623}, "K51A-D160": {"K51A-D170": 164.30306557507248}, "K52-nU030": {"K52-nU040": 136.7801006455299}, "K51A-D240": {"K51A-D250": 58.61513777231522}, "K52-nU120": {"K52-nU140": 112.52288532342001}, "K52A-U040": {"K52A-U050": 128.31997985022286}, "K51-U080": {"K51-U090": 120.64640494235091}, "K51A-D190": {"K51A-D200": 172.9188458712813}, "K51-U090": {"K51-U100": 149.19008785676402}, "K51A-D110": {"K51A-D120": 53.39850877021932}, "K52-nU070": {"K52-nU080": 112.38169368637357}, "K53-U070": {"K53-U080": 47.38652446222925}, "K54-U010": {"K54-U020": 105.12351201524716}, "K52A-U160": {"K52A-U170": 22.81147024284331}, "K52-nU140": {"K52-nU150": 167.05920996753355}, "K52-nU050": {"K52-nU060": 254.70233673532988}, "K53-D010": {"K53-D015": 98.49592558009913}, "K52-nU280": {"K52-nU290": 37.83321323650001}, "K52-nD270": {"K52-nD280": 93.92276143661915}, "K51-U160": {"K51-U170": 117.96409207966724}, "K54-D030": {"K54-D040": 59.816636774680475}, "K51-U060": {"K51-U070": 273.76264144651344}, "K51-U150": {"K51-U160": 86.71608796723271}, "K53-U080": {"K53-U090": 74.48870548453093}, "K53-U060": {"K53-U070": 64.28807516791478}, "K52-nU150": {"K52-nU160": 94.19936202031938}, "K51-D160": {"K51-D170": 84.92894203981304}, "K53-D015": {"K53-D020": 48.13876467473564}, "K52-nD030": {"K52-nD040": 37.51634962619859}, "K52-nD190": {"K52-nD200": 144.96649020812762}, "K52-nU020": {"K52-nU030": 101.7712560842904}, "K52-nD200": {"K52-nD210": 127.4353456705719}, "K52-nD020": {"K52-nD030": 27.681332492348634}, "K52A-U140": {"K52A-U150": 178.57370021571165}, "K58-D193": {"K58-D196": 88.88000000000001}, "K51A-U090": {"K51A-U100": 135.80656324351804}, "K51-U070": {"K51-U080": 173.18314179576663}, "K51-U140": {"K51-U150": 50.26294799022822}, "K52-nU110": {"K52-nU120": 176.95018638103866}, "K53-D100": {"K53-D110": 85.70364001396503}, "K54-D040": {"K54-D050": 159.7353798138372}, "K51A-U210": {"K51A-U220": 69.2723415999682}, "K52A-U060": {"K52A-U070": 132.7383597995368}, "K58-D196": {"K58-D200": 91.30000000000001}, "K52A-U030": {"K52A-U040": 42.69170639196436}, "K51A-U120": {"K51A-U130": 141.51013985091396}, "K53-D190": {"K53-U011": 401.38686683031995}, "K52-nD160": {"K52-nD170": 161.23649430403822}, "K51-D200": {"K51-D210": 122.55960167958865}, "K54-D020": {"K54-D030": 153.37141834126845}, "K51A-D120": {"K51A-D140": 138.5447987909996}, "K52-nU290": {"K52-nU300": 33.81269860265}, "K51A-U150": {"K51A-U160": 117.999130109091}, "K54-D060": {"K54-D070": 143.97292340367517}, "K51-D020": {"K51-D030": 62.20749960658232}, "K53-D020": {"K53-D030": 106.58816009117565}, "K51A-D250": {"K51A-D260": 99.21249614995116}, "K53-D060": {"K53-D070": 179.3156388607555}, "K51-D210": {"K51-D220": 183.79281298227085}, "K52-nU250": {"K52-nU260": 78.17831557879855}, "K52-nU210": {"K52-nU220": 72.0809211254779}, "K51-D260": {"K51-D270": 58.179374948437}, "K52A-D160": {"K52A-D170": 152.94789004247392}, "K52A-U150": {"K52A-U160": 34.47624178812116}, "K51A-D210": {"K51A-D220": 75.28746798965031}, "K52A-D020": {"K52A-D030": 26.13263308289142}, "K53-D040": {"K53-D050": 76.38746409884789}, "K52-nU180": {"K52-nU190": 69.73006182028284}, "K53-U050": {"K53-U060": 150.20529114214833}, "K51-U110": {"K51-U120": 139.27171199357318}, "K51A-U200": {"K51A-U210": 53.70098480385053}, "K51-D220": {"K51-D230": 261.20864818226994}, "K52A-D150": {"K52A-D160": 91.6078664621397}, "K51-U180": {"K51-U190": 105.96128962138907}, "K52-nU090": {"K52-nU100": 122.84982744559711}, "K52A-D120": {"K52A-D130": 45.41189517491863}, "K52-nD140": {"K52-nD150": 114.71304672111174}, "K52-nD070": {"K52-nD080": 97.87515681388078}, "K52-nU060": {"K52-nU070": 191.25908828400006}, "K53-U040": {"K53-U050": 124.83626657243356}, "K51A-U240": {"K51A-U250": 68.89578730499854}, "K51A-U010": {"K51A-U020": 43.31654277557334}, "K53-D130": {"K53-D140": 108.39424631800163}, "K52A-U110": {"K52A-U120": 55.26207326169343}, "K52A-D060": {"K52A-D070": 136.96225049319543}, "K52-nD090": {"K52-nD100": 51.441959027554084}, "K54-U020": {"K54-U030": 173.0886873580413}, "K51A-D100": {"K51A-D110": 51.39539350909155}, "K52-nD080": {"K52-nD090": 66.64408039942676}, "K52-nD130": {"K52-nD140": 85.50376803693919}, "K52-nD170": {"K52-nD180": 104.66483829677506}, "K54-U070": {"K54-D010": 138.64461216919418}, "K51A-D180": {"K51A-D190": 120.27832496881403}, "K52-nD260": {"K52-nD270": 63.252552083000026}, "K52-nD290": {"K52-nD300": 91.9278402112795}, "K51-D040": {"K51-D050": 52.98263057599304}, "K51-D270": {"K51-D280": 99.13649984312197}, "K51-U120": {"K51-U130": 142.60489213156953}, "K51-D110": {"K51-D120": 60.15393830860698}, "K51-U230": {"K51-U240": 42.6322387216913}, "K52-nD230": {"K52-nD240": 161.36114185282847}, "K52-nU200": {"K52-nU210": 81.28602875273026}, "K51A-D090": {"K51A-D100": 53.4240347864493}, "K51A-U020": {"K51A-U030": 109.21027384057473}, "K52-nU010": {"K52-nU020": 40.15619983100001}, "K51A-D140": {"K51A-D150": 75.71665954427097}, "K51-U220": {"K51-U230": 60.95276978558686},