{"KAT": {"SUW": 113.873828963193, "DIH": 129.84213000000003}}