{"LET": {"WCH": 152.23146240684272, "SOH": 105.3675461788154}}