{"LOP": {"YUL": 119.79752851482337, "TIS": 179.68949011777767}, "LOF": {"WTS": 123.44718521492837, "KOT": 120.89605269612207}, "LOW": {"SHS": 220.4612231641726}}