{"MEF": {"LAK": 131.08787296063772, "NAC": 175.94194846453496, "LCK": 130.58533011740855, "TWW": 338.1540944487823}}