{"MKK": {"HUH": 191.95096595114015, "KOT": 143.50108079995036}}