{"MOK": {"PRE": 128.34633775832597, "YMT": 117.81555604797143}, "MOS": {"HEO": 129.61121785210466, "WKS": 157.8285502999432}}