{"NAC": {"OLY": 81.3515252035018, "AUS": 216.35879649975377, "LAK": 256.9893560362377, "MEF": 191.8438442880889}}