{"NTK": {"KOB": 129.61579417759842, "KWT": 40.090511667}}