{"OCP": {"ADM": 287.6319556512375, "WCH": 130.13553920987871}}