{"PRE": {"SSP": 87.93589490628241, "MOK": 122.748073305541, "SKM": 117.04365080492894}}