{"SIH": {"TUM": 154.45115168559687, "TIS": 374.4625623879012}}