{"STW": {"CKT": 126.937248141107, "CIO": 134.9339235569553}}