{"SYP": {"HKU": 89.04141710118651, "SHW": 155.80733041986176}}