{"TSH": {"SHM": 215.50046525725855, "HEO": 117.47502233537143}, "TSY": {"LAK": 189.46452652170478, "KOW": 549.5425113874049, "SUN": 669.9271360938355, "AIR": 1471.0852073275144}, "TST": {"ADM": 170.74054459574413, "JOR": 82.42890533400887}, "TSW": {"TWH": 82.44772234107784}}