{"TWW": {"MEF": 320.4026345550875, "KSR": 469.6135939865359}, "TWH": {"KWH": 142.54596743417346, "TSW": 78.3912907979429}, "TWO": {"FAN": 327.6824319318596, "TAP": 147.46059394188603}}