{"UNI": {"TAP": 379.55302401274696, "FOT": 195.31473837890513}}