{"WTS": {"LOF": 122.97501195212779, "DIH": 97.35012281819078}}