{"YAT": {"TIK": 142.08663335519242, "QUB": 255.22833315682936, "LAT": 184.1407203892018}}