{"YMT": {"MOK": 104.6506907029005, "JOR": 126.12936300455712, "HOM": 126.40426831461835}}