{"YUL": {"LOP": 89.89298328200002, "KSR": 224.02077344503874}}