{"AIR": {"TSY": 1714.9650624646583, "AWE": 95.4324370555942}}