{"CIO": {"SHM": 149.17321758931757, "STW": 147.9132102735302}}