{"CKT": {"STW": 142.37215914040274, "TAW": 137.86035051981395}}