{"CSW": {"LCK": 130.4741726174143, "SSP": 103.9979777}}