{"FOT": {"UNI": 216.66573342492833, "SHT": 178.93955074740285}, "FOH": {"TIH": 91.4303926, "NOP": 147.3617545536949}}