{"HKU": {"SYP": 116.90311356648628, "KET": 98.56687455694416}}