{"HUH": {"ETS": 489.96696989199984, "MKK": 233.69918546259677, "EXC": 233.12374318305388, "HOM": 135.4244512132677}}