{"KOW": {"HOK": 177.7421002174323, "OLY": 137.3239505804299, "TSY": 471.10044115428946}, "KOT": {"TAW": 282.04023063967026, "MKK": 186.7220840128667, "LOF": 101.34882055000003, "SKM": 142.28085652702447}, "KOB": {"CHH": 152.95149547139562}}