{"LAK": {"NAC": 264.968628322387, "TSY": 200.4147929131738, "MEF": 139.11472460706264, "KWF": 141.4317994291702}, "LAT": {"YAT": 83.00611748791894, "KWT": 123.86916886767949}}