{"LET": {"WCH": 159.48458777381433, "SOH": 102.58898531077341}}