{"LOF": {"KOT": 131.60258181656272, "WTS": 112.83847584653577}, "LOW": {"SHS": 261.75491102471284}, "LOP": {"YUL": 132.0, "TIS": 198.80493566957688}}