{"LR425": {"LR380": 132.61258639264722, "LR430": 140.34078740041576}, "LR150": {"LR160": 120.0, "LR140": 131.99999999999983}, "LR250": {"LR240": 120.0}, "LR010": {"LR015": 120.0, "LR001": 131.99999999999983}, "LR120": {"LR130": 120.0}, "LR280": {"LR295": 120.0, "LR270": 120.0}, "LR295": {"LR070": 120.0, "LR060": 120.0}, "LR015": {"LR020": 120.0}, "LR040": {"LR030": 120.0}, "LR380": {"LR390": 139.6373517135598, "LR425": 136.07235675330494}, "LR170": {"LR160": 120.0}, "LR265": {"LR260": 120.0, "LR920": 131.99999999999983}, "LR350": {"LR360": 120.0}, "LR001": {"LR010": 120.0}, "LR240": {"LR250": 120.0, "LR001": 131.99999999999983}, "LR080": {"LR230": 120.0}, "LR230": {"LR220": 120.0}, "LR468": {"LR490": 120.0}, "LR212": {"LR220": 120.0}, "LR560": {"LR400": 120.0}, "LR160": {"LR212": 120.0}, "LR500": {"LR455": 120.0}, "LR330": {"LR340": 120.0}, "LR130": {"LR120": 120.0}, "LR220": {"LR212": 120.0}, "LR370": {"LR360": 120.0}, "LR450": {"LR435": 126.26043719999988}, "LR050": {"LR200": 120.0}, "LR200": {"LR050": 120.0}, "LR270": {"LR265": 120.0}, "LR445": {"LR430": 131.99999999999983}, "LR510": {"LR500": 131.99999999999983}, "LR435": {"LR430": 131.99999999999983}, "LR455": {"LR500": 131.99999999999983}, "LR590": {"LR600": 132.86293570335468}, "LR110": {"LR100": 131.99999999999983}, "LR340": {"LR100": 131.99999999999983}, "LR600": {"LR590": 143.49268050428537}, "LR390": {"LR380": 154.47975614109913}, "LR430": {"LR425": 140.34078740041573}, "LR448": {"LR445": 131.99999999999983}, "LR480": {"LR550": 131.99999999999983}}