{"MKK": {"KOT": 161.96225811481395, "HUH": 299.96587331366607}}