{"OLY": {"NAC": 133.338067415143, "KOW": 130.69240236133933}}