{"QUB": {"TAK": 87.67390419914423, "YAT": 252.3706771568588, "NOP": 119.572725469651}}