{"SIH": {"TUM": 154.45349534951495, "TIS": 322.286160652997}}