{"SSP": {"CSW": 132.9109539208767, "PRE": 127.6134361771548}}