{"SYP": {"HKU": 108.34761468170332, "SHW": 136.77842216482634}}