{"TAP": {"TWO": 122.23142138738231, "UNI": 417.8898089641387}, "TAK": {"SWH": 107.19961755470543, "QUB": 117.0904655580282}, "TAW": {"KOT": 336.3887827453188, "HIK": 171.46482935873408, "SHT": 185.00871399999997, "CKT": 141.14376499593044}}