{"TIS": {"SIH": 313.21676563944055, "LOP": 196.748117798122}, "TIK": {"YAT": 149.60044106202744, "TKO": 111.9123159}, "TIH": {"FOH": 98.48055600225872, "CAB": 110.49892746663402}}