{"TKO": {"LHP": 130.85395564648096, "TIK": 171.94297999226316, "HAH": 132.0}, "TKW": {"HOM": 136.527472570734, "SUW": 131.1733852326274}}