{"TUC": {"SUN": 491.75022221752033}, "TUM": {"SIH": 162.23787926776177}}