{"WCH": {"LET": 172.67403739387214, "OCP": 119.88640420646736}}