{"YAT": {"LAT": 154.96748872979137, "QUB": 249.64280978874953, "TIK": 141.42227854533868}}