{"YMT": {"MOK": 124.61112756073874, "JOR": 132.1544765268183, "HOM": 165.50929834202051}}