{"1": {"2": 64.09581366511027, "6": 65.32273568527793}}