{"AUS": {"ETS": 138.38554000000002, "NAC": 202.79191177762428}}