{"CHW": {"HFC": 120.62889600000001}, "CHH": {"KOB": 133.07216877291484, "DIH": 101.088276990178}}