{"CIO": {"SHM": 122.81992893660674, "STW": 130.05310442450372}}