{"CSW": {"LCK": 113.37738419405996, "SSP": 98.50744718328694}}