{"ETS": {"AUS": 178.127623788885, "HUH": 182.39388048907023}}