{"EXC": {"HUH": 161.02643287047056, "ADM": 63.338762492906405}}