{"FOT": {"SHT": 172.9802819545734, "UNI": 170.8208761918428}, "FOH": {"TIH": 121.73858161753904, "NOP": 104.27661451582503}}