{"HEO": {"TSH": 130.83190521775484, "MOS": 129.53029472130197}}