{"JOR": {"TST": 118.15784112965528, "YMT": 126.12062383092241}}