{"K65-D010": {"K65-D020": 42.65916933890869}, "K68-U130": {"K68-U140": 163.05513406186404}, "K66-D010": {"K66-D020": 14.659153271345398}, "K65A-D100": {"K65A-D110": 212.96351543379623}, "K65A-U120": {"K65A-U130": 81.50917367603907}, "K65-U080": {"K65-U090": 168.1114964159362}, "K68-D120": {"K68-D130": 173.47040258478984}, "K65A-U110": {"K65A-U120": 72.56578206836092}, "K66-U190": {"K66-U200": 68.0328589522421}, "K65-D040": {"K65-D050": 76.779020971266}, "K66-D230": {"K66-D240": 90.8190536999388}, "K65-U210": {"K65-U220": 78.246724095171}, "K65A-D060": {"K65A-D070": 75.6920626072113}, "K65A-D010": {"K65A-D020": 334.0719962755869}, "K66-D130": {"K66-D140": 38.81695454241719}, "K65A-D020": {"K65A-D030": 68.80557067150211}, "K66-U140": {"K66-U150": 45.07957382153556}, "K68-D200": {"K68-U011": 67.70826447465478}, "K66-D220": {"K66-D230": 70.76900948826055}, "K65A-U060": {"K65A-U070": 47.681062914177744}, "K65A-U050": {"K65A-U060": 52.885355462190276}, "K65A-D080": {"K65A-D090": 50.01103263405504}, "K65-U110": {"K65-U120": 115.22593342783573}, "K65A-D050": {"K65A-D060": 54.50555280193015}, "K65-D120": {"K65-D130": 74.29357389091238}, "K66-U010": {"K66-U020": 128.6806562599195}, "K66-D190": {"K66-D200": 92.94103520696163}, "K65A-U100": {"K65A-U110": 53.58501185193971}, "K65-U160": {"K65-U170": 54.79528803875546}, "K68-U170": {"K68-D010": 157.043621632191}, "K65-U010": {"K65-U020": 368.4292788000001}, "K65-D050": {"K65-D060": 61.52193891064451}, "K68-U060": {"K68-U070": 99.18116385548379}, "K65-U140": {"K65-U150": 99.15843890480917}, "K65-U100": {"K65-U110": 153.8646506837485}, "K65-D180": {"K65-D190": 133.1861904514422}, "K65A-U040": {"K65A-U050": 85.5018297892887}, "K66-U090": {"K66-U100": 55.36755920044728}, "K65A-D030": {"K65A-D040": 58.37933731792184}, "K68-D190": {"K68-D200": 53.6808639423992}, "K65-U030": {"K65-U040": 112.6383888577644}, "K65-U200": {"K65-U210": 63.49487594142354}, "K68-D050": {"K68-D060": 70.86133279437516}, "K65-D110": {"K65-D120": 118.08499731050226}, "K65A-D090": {"K65A-D100": 98.6043337845388}, "K65A-D040": {"K65A-D050": 64.9077976542296}, "K65A-U090": {"K65A-U100": 47.264876547756145}, "K65-U150": {"K65-U160": 53.58911027903171}, "K65-U190": {"K65-U200": 57.38622924221768}, "K66-U040": {"K66-U050": 143.79437799903025}, "K65A-U070": {"K65A-U080": 38.035379227681254}, "K65-D090": {"K65-D100": 105.01497636599338}, "K65A-U010": {"K65A-U020": 57.54382954663508}, "K66-U050": {"K66-U060": 57.43657421627}, "K65-U070": {"K65-U080": 71.96270860947712}, "K65-D070": {"K65-D080": 124.63436477074909}, "K65A-U030": {"K65A-U040": 29.498623684212937}, "K66-U080": {"K66-U090": 187.00376417261035}, "K68-D100": {"K68-D110": 83.97400234529341}, "K65A-U020": {"K65A-U030": 161.71064816745474}, "K65-U170": {"K65-U180": 48.54607533001912}, "K66-U180": {"K66-U190": 59.031807406442454}, "K68-U160": {"K68-U170": 70.37753144618617}, "K65-D150": {"K65-D160": 109.65302274705748}, "K65A-D070": {"K65A-D080": 119.2626833437076}, "K68-D030": {"K68-D040": 94.09920145169062}, "K66-D060": {"K66-D070": 53.009236016404145}, "K66-D120": {"K66-D130": 76.96079312350626}, "K66-D090": {"K66-D100": 51.30685796469961}, "K65-D020": {"K65-D030": 86.73995702150258}, "K66-D030": {"K66-D040": 86.25693812401508}, "K68-U120": {"K68-U130": 217.55041100000003}, "K66-D020": {"K66-D030": 72.3476277999011}, "K68-D010": {"K68-D020": 49.70855282372569}, "K65-U060": {"K65-U070": 80.54342304539324}, "K68-U020": {"K68-U030": 45.298296568382604}, "K66-U200": {"K66-U210": 61.22871476824033}, "K66-U110": {"K66-U120": 37.9272321103002}, "K66-U100": {"K66-U110": 77.50452429998099}, "K65-D170": {"K65-D180": 120.08478138520397}, "K68-D140": {"K68-D150": 43.2138131160969}, "K66-U150": {"K66-U160": 59.12015923247204}, "K65-D160": {"K65-D170": 161.07672274088418}, "K66-D170": {"K66-D180": 260.9140645155307}, "K65-D130": {"K65-D140": 105.21176066321952}, "K66-D100": {"K66-D110": 56.25450307163819}, "K66-D050": {"K66-D060": 59.62874838656559}, "K65-D140": {"K65-D150": 113.12721352868911}, "K65-U120": {"K65-U130": 179.01763563134642}, "K66-U030": {"K66-U040": 212.96216222665575}, "K66-U170": {"K66-U180": 85.4098089110916}, "K68-D160": {"K68-D170": 78.9698884285863}, "K65-U050": {"K65-U060": 108.46073614127818}, "K66-U070": {"K66-U080": 192.0672449547997}, "K68-U080": {"K68-U090": 46.91292593200002}, "K68-U050": {"K68-U060": 49.41407677237518}, "K66-U210": {"K66-U220": 56.28928117310146}, "K68-D150": {"K68-D160": 68.39646710091407}, "K66-D150": {"K66-D160": 144.6402745783791}, "K65-D080": {"K65-D090": 64.9215943209436}, "K66-U130": {"K66-U140": 48.86857730440366}, "K66-D200": {"K66-D210": 128.37391908737513}, "K66-D110": {"K66-D120": 47.36144839143164}, "K68-D070": {"K68-D080": 276.19231247191175}, "K65-U220": {"K65-U230": 86.9845896636588}, "K68-U110": {"K68-U120": 200.824322765, "K68-D090": 110.00000000000001}, "K68-D090": {"K68-D100": 147.87708263297765}, "K68-U140": {"K68-U150": 46.89208688944298}, "K68-D170": {"K68-D180": 47.229377677}, "K66-U060": {"K66-U070": 211.65026451914432}, "K66-D210": {"K66-D220": 171.12367402860733}, "K66-D040": {"K66-D050": 40.92435318515559}, "K66-D070": {"K66-D080": 55.918449578485806}, "K65-U130": {"K65-U140": 27.47518187927641}, "K68-D080": {"K68-D090": 150.77757215}, "K65-U040": {"K65-U050": 102.12435641480786}, "K65-D100": {"K65-D110": 220.82273063322617}, "K68-D110": {"K68-D120": 86.36322514559383}, "K66-U120": {"K66-U130": 54.63805245517081}, "K66-D140": {"K66-D150": 99.67321227040539}, "K65A-U080": {"K65A-U090": 58.064037080554066}, "K66-D160": {"K66-D170": 173.753998395}, "K68-D040": {"K68-D050": 98.11314907148102}, "K68-U010": {"K68-U020": 92.05036377558184}, "K66-U160": {"K66-U170": 57.115669707964514}, "K65-D060": {"K65-D070": 87.57402861323561}, "K68-D060": {"K68-D070": 105.3296409}, "K68-U070": {"K68-U080": 36.94204983194}, "K66-D180": {"K66-D190": 65.01926345029288}, "K65-U090": {"K65-U100": 56.535470167380296}, "K68-U030": {"K68-U040": 33.230945264000006}, "K65-U020": {"K65-U030": 174.26379523700544}, "K65-U180": {"K65-U190": 75.31989463969788}, "K66-D080": {"K66-D090": 70.51334884217525}, "K68-D180": {"K68-D190": 38.38946780517857}, "K68-D130": {"K68-D140": 59.695709461463004}, "K68-U150": {"K68-U160": 84.079853235447}, "K65-D030": {"K65-D040": 67.72477876348573}, "K68-U040": {"K68-U050": 64.59169214300002}, "K66-U020": {"K66-U030": 198.16288973394242}, "K68-U090": {"K68-U100": 143.42505565212}, "K68-U100": {"K68-U110": 186.2235670374418}, "K68-D020": {"K68-D030": 81.0098083535}, "K66A-D110": {"K66A-D120": 60.28000000000001}, "K66A-U100": {"K66A-U110": 79.2}, "K66A-U190": {"K66A-U200": 70.17999999999999}, "K66A-U170": {"K66A-U180": 28.490000000000002}, "K66A-D025": {"K66A-D030": 90.5575}, "K66A-U150": {"K66A-U160": 51.7}, "K66A-U130": {"K66A-U140": 51.370000000000005}, "K66A-D100": {"K66A-D110": 34.144}, "K66A-U200": {"K66A-U205": 128.70000000000002}, "K66A-D120": {"K66A-D130": 39.6}, "K66A-D190": {"K66A-D200": 101.2}, "K66A-D200": {"K66A-D210": 131.12}, "K66A-D030": {"K66A-D040": 86.9}, "K66A-D090": {"K66A-D100": 35.2}, "K66A-U120": {"K66A-U130": 42.900000000000006}, "K66A-D060": {"K66A-D070": 52.800000000000004}, "K66A-D140": {"K66A-D150": 70.4}, "K66A-D130": {"K66A-D140": 58.300000000000004}, "K66A-D080": {"K66A-D090": 36.300000000000004}}