{"KOT": {"TAW": 280.9066668874796, "LOF": 62.81819345611001, "MKK": 145.12253479258277, "SKM": 83.930064959224}, "KOB": {"NTK": 119.67415451439322, "CHH": 126.23467689228144}, "KOW": {"TSY": 499.6778019593829, "HOK": 177.74210006332282, "OLY": 127.05535243815106}}