{"KWT": {"LAT": 81.2061245226201, "NTK": 120.96267466826608}, "KWF": {"KWH": 119.53793552231548, "LAK": 178.18390582382162}, "KWH": {"TWH": 133.5813747010631, "KWF": 124.18452117624884}}