{"LAK": {"NAC": 256.62223404810385, "MEF": 125.86221913300842, "TSY": 192.57692828893994, "KWF": 119.96864615629379}, "LAT": {"YAT": 106.52204939478756, "KWT": 108.0942232874567}}