{"LCK": {"CSW": 109.44721188532108, "MEF": 129.46492789372968}}