{"LET": {"WCH": 156.7512265851557, "SOH": 105.90629209593764}}