{"MEF": {"LAK": 126.48496713300842, "TWW": 318.79149809815306, "NAC": 180.5502162106368, "LCK": 114.95919781294965}}