{"MKK": {"KOT": 148.69343275800276, "HUH": 179.91602158981945}}