{"MOK": {"PRE": 121.63292677423382, "YMT": 117.65718275349832}, "MOS": {"HEO": 127.54196686845803, "WKS": 163.1168006684777}}