{"NAC": {"MEF": 186.20804823838532, "LAK": 244.6840509779353, "OLY": 101.71716111556572, "AUS": 206.6605104997538}}