{"NOP": {"QUB": 128.2201736907833, "FOH": 131.5791454019381}}