{"OCP": {"ADM": 287.63197908502514, "WCH": 129.77834969357713}}