{"PRE": {"SSP": 115.5704622586901, "MOK": 125.46783415879793, "SKM": 76.262385357708}}