{"QUB": {"NOP": 123.8959344746731, "YAT": 245.96135485882368, "TAK": 124.3724544880497}}