{"SIH": {"TIS": 348.59347345254577, "TUM": 154.44661865989917}}