{"SKW": {"HFC": 107.8687027380109, "SWH": 111.8992342423661}, "SKM": {"KOT": 101.51949659440342, "PRE": 78.69824999205846}}