{"STW": {"CIO": 128.94270144577746, "CKT": 120.17062737234005}}