{"SUW": {"TKW": 132.374, "KAT": 116.6099034931508}, "SUN": {"DIS": 198.58233387484285, "TUC": 823.8868280990746, "TSY": 439.27097723395934}}