{"SWH": {"TAK": 122.17727305338599, "SKW": 122.50702804037144}}