{"TAP": {"UNI": 390.68069969822204, "TWO": 146.75768937060474}, "TAW": {"KOT": 270.0793881191698, "HIK": 147.32072880512675, "SHT": 125.93194367537531, "CKT": 229.8658840291685}, "TAK": {"SWH": 127.19331690829097, "QUB": 129.0189710719098}}