{"TKO": {"TIK": 233.27990164113538, "LHP": 130.74349149139456, "HAH": 193.06254808637635}, "TKW": {"HOM": 140.980655506282, "SUW": 129.41671616643302}}