{"TWW": {"MEF": 311.6040074540274, "KSR": 532.4605886923459}, "TWO": {"FAN": 268.3446279881799, "TAP": 161.96580058724456}, "TWH": {"KWH": 96.99043432260689, "TSW": 81.62028160764108}}