{"WAC": {"ADM": 123.69957452339716, "CAB": 145.6132600369819}}