{"WCH": {"LET": 149.51730554661754, "OCP": 113.11015109377658}}