{"WTS": {"DIH": 72.30846314770801, "LOF": 89.40046839088592}}