{"YAT": {"TIK": 135.21777342813863, "QUB": 251.7555686449356, "LAT": 99.08845557988143}}