{"YMT": {"MOK": 123.92562721934664, "JOR": 122.18974527705953, "HOM": 145.52744291531212}}