{"YUL": {"KSR": 222.07370197796067, "LOP": 108.4655262534}}