{"5": {"6": 137.2218143929446, "305": 78.2313235187225}}