{"AIR": {"TSY": 1630.0190272500379, "AWE": 131.8080314630458}}