{"CHW": {"HFC": 105.189745933415}, "CHH": {"DIH": 130.1360742759035, "KOB": 161.4196920122685}}