{"CSW": {"SSP": 127.86032538389718, "LCK": 122.46844310799183}}