{"DIS": {"SUN": 198.58233387484285}, "DIH": {"HIK": 313.0082448249683, "WTS": 125.46025513114785, "KAT": 146.6357253117801, "CHH": 130.795810044127}}