{"FOT": {"UNI": 191.26722577335295, "SHT": 159.10027636479617}, "FOH": {"TIH": 121.1536442409606, "NOP": 129.02477149204682}}