{"HAH": {"TKO": 156.012563398597, "POA": 118.97308960156886}}