{"HFC": {"SKW": 135.58113789860002, "CHW": 116.07536206565278}}