{"HIK": {"DIH": 319.3486049731697, "TAW": 164.00965941389916}}