{"K17-D020": {"K17-D030": 31.733500637868637}, "K17-D010": {"K17-D020": 303.3782460200936}, "K18-U020": {"K18-U030": 64.19298321160583}, "K17-U010": {"K17-U020": 295.9604518257212}, "K18-D020": {"K18-D030": 84.52240132600133}, "K18-D010": {"K18-D020": 211.10418142238981}, "K12-D030": {"K12-D040": 102.44023917930528}, "K17-U020": {"K17-U030": 128.66981640079308}, "K12-D020": {"K12-D030": 301.75191541064305}, "K12-U010": {"K12-U020": 218.60070659524825}, "K12-D010": {"K12-D020": 189.90659642568576}, "K18-U010": {"K18-U020": 283.028787096628}, "K12-U020": {"K12-U030": 198.63589503882315}, "K17-U030": {"K17-U040": 36.89405304100039}}