{"K53-U140": {"K53-D010": 82.7893026925009}, "K53-U090": {"K53-U100": 102.31712482448557}, "K51-D150": {"K51-D160": 151.8563938570465}, "K54-D030": {"K54-D040": 66.00669227009175}, "K51-D020": {"K51-D030": 48.7749928526729}, "K53-D090": {"K53-D100": 37.66355232986954}, "K51-D030": {"K51-D040": 29.65367650031534}, "K51-U140": {"K51-U150": 51.078113834819064}, "K51-U220": {"K51-U230": 57.11369301057556}, "K51-U110": {"K51-U120": 138.55007576265285}, "K52-nD260": {"K52-nD270": 59.906397224762976}, "K51-D280": {"K51-D290": 68.9534041429671}, "K51-U090": {"K51-U100": 148.74737787158617}, "K54-U070": {"K54-D010": 139.48005319227008}, "K52A-D060": {"K52A-D070": 129.34768316859828}, "K53-U080": {"K53-U090": 75.99901457452023}, "K51-D120": {"K51-D130": 40.12895132792191}, "K51-D040": {"K51-D050": 40.41870852031973}, "K52-nD120": {"K52-nD130": 38.537188716637175}, "K52-nU040": {"K52-nU050": 63.21777495324093}, "K54-D040": {"K54-D050": 160.43044675599066}, "K53-U070": {"K53-U080": 53.404514695764476}, "K51-U010": {"K51-U020": 32.407978338975504}, "K52A-D010": {"K52A-D020": 277.2232292512656}, "K51-D140": {"K51-D150": 68.23005433882001}, "K53-D110": {"K53-D120": 151.86045408686056}, "K51-D230": {"K51-D240": 74.68564404513668}, "K53-U060": {"K53-U070": 62.695485686538724}, "K51-D260": {"K51-D270": 49.79735603165744}, "K51-U100": {"K51-U110": 207.50372610193614}, "K51-D050": {"K51-D060": 49.16229094802638}, "K52-nD220": {"K52-nD230": 135.54313223479818}, "K52-nU150": {"K52-nU160": 77.99861823604776}, "K51-U240": {"K51-U250": 105.6037087127836}, "K52A-U170": {"K52A-U180": 275.3428540851627}, "K52-nD270": {"K52-nD280": 87.59849004811068}, "K51-D250": {"K51-D260": 169.86845547788184}, "K53-U030": {"K53-U040": 209.8189136881857}, "K53-U110": {"K53-U120": 88.45367209836368}, "K53-D120": {"K53-D130": 55.02530415490137}, "K52-nU090": {"K52-nU100": 107.63523104664166}, "K53-U050": {"K53-U060": 141.4036424699422}, "K52-nD070": {"K52-nD080": 106.6608443023993}, "K53-D040": {"K53-D050": 68.57030124058751}, "K53-U040": {"K53-U050": 132.73477591531693}, "K51-U160": {"K51-U170": 99.80242508181236}, "K53-U010": {"K53-U020": 241.67818308640162}, "K52-nD250": {"K52-nD260": 169.00845737347777}, "K54-U060": {"K54-U070": 188.03407405056055}, "K52-nU140": {"K52-nU150": 135.59333187508076}, "K53-U100": {"K53-U110": 70.84515823656444}, "K52-nD200": {"K52-nD210": 130.2534385966}, "K53-D020": {"K53-D030": 102.8213034658817}, "K51-D110": {"K51-D120": 44.260006440415275}, "K52-nD060": {"K52-nD070": 125.55217409080304}, "K54-D010": {"K54-D020": 143.09826077793872}, "K53-D080": {"K53-D090": 37.53501707028307}, "K53-D060": {"K53-D070": 123.58560175767862}, "K54-D050": {"K54-D060": 92.57212154582308}, "K52-nD280": {"K52-nD290": 81.46910394121389}, "K51-D190": {"K51-D200": 144.0857058039505}, "K52-nD170": {"K52-nD180": 89.15034317021991}, "K51-D090": {"K51-D100": 82.57777722873183}, "K54-U030": {"K54-U040": 106.71980479250526}, "K54-U020": {"K54-U030": 105.74897293960585}, "K51-U050": {"K51-U060": 262.75499721300025}, "K53-D010": {"K53-D015": 97.4780727560771}, "K51-D180": {"K51-D190": 149.38003846496764}, "K52-nD080": {"K52-nD090": 26.263270583858777}, "K52-nU270": {"K52-nU280": 170.85749289586857}, "K51-D210": {"K51-D220": 149.14643174548794}, "K52-nD150": {"K52-nD160": 84.20698792222895}, "K53-U120": {"K53-U130": 64.39173369269747}, "K53-U020": {"K53-U030": 161.6200279335403, "K53-D160": 799.2387583075887}, "K52-nU300": {"K52-nU310": 45.16913728616024}, "K52-nU230": {"K52-nU240": 66.83630225024524}, "K53-D015": {"K53-D020": 49.660241773770636}, "K52-nD030": {"K52-nD040": 25.37876643861065}, "K53-D140": {"K53-D150": 143.67742762076023}, "K51-U180": {"K51-U190": 107.73461776054523}, "K53-D050": {"K53-D060": 68.18806745994353}, "K53-D150": {"K53-D160": 139.6390282960427}, "K52-nU050": {"K52-nU060": 230.58720237565063}, "K52-nD160": {"K52-nD170": 122.5437141587759}, "K51-D130": {"K51-D140": 45.36656325696443}, "K51-D240": {"K51-D250": 124.51607872625668}, "K52-nD010": {"K52-nD020": 17.384994076520762}, "K51-U200": {"K51-U210": 76.84649171776117}, "K51-U150": {"K51-U160": 82.9254935720223}, "K51-U080": {"K51-U090": 145.44466695398458}, "K52-nU190": {"K52-nU200": 130.11915642928727}, "K51-D270": {"K51-D280": 85.53318021918545}, "K52-nU170": {"K52-nU180": 122.55586503693937}, "K51-U170": {"K51-U180": 74.49282546139794}, "K52-nD240": {"K52-nD250": 144.96395743441087}, "K51-U040": {"K51-U050": 115.91687034632187}, "K52-nU060": {"K52-nU070": 139.31581336944095}, "K51-D080": {"K51-D090": 100.53411902921063}, "K52-nU110": {"K52-nU120": 140.16090876318418}, "K52-nU210": {"K52-nU220": 71.95092119088095}, "K53-U130": {"K53-U140": 50.03499464086469}, "K52-nU160": {"K52-nU170": 171.5214543905584}, "K51-U030": {"K51-U040": 70.530427}, "K52-nD020": {"K52-nD030": 141.75664683694444}, "K52-nU200": {"K52-nU210": 78.17273793242563}, "K52A-U140": {"K52A-U150": 160.35887203763247}, "K52-nU220": {"K52-nU230": 78.46401812920001}, "K54-U010": {"K54-U020": 53.440563999718435}, "K51-U120": {"K51-U130": 150.6204144700594}, "K53-D070": {"K53-D080": 44.137033109774556}, "K51-U210": {"K51-U220": 48.772094996679485}, "K52-nD140": {"K52-nD150": 104.19118150092206}, "K54-D020": {"K54-D030": 231.79660886103474}, "K52-nU100": {"K52-nU110": 150.875014013018}, "K52-nU030": {"K52-nU040": 125.72545612322304}, "K54-U050": {"K54-U060": 303.145665357176}, "K54-U040": {"K54-U050": 122.94613942483186}, "K52-nU070": {"K52-nU080": 96.81068876189694}, "K52-nU280": {"K52-nU290": 46.46450012999169}, "K51-U190": {"K51-U200": 77.62650635715744}, "K51-U020": {"K51-U030": 96.7233561888373}, "K52-nD130": {"K52-nD140": 77.044738132251}, "K52-nU120": {"K52-nU140": 113.1948344855496}, "K53-D130": {"K53-D140": 74.62013795808926}, "K51-U230": {"K51-U240": 42.23763296572075}, "K52-nD180": {"K52-nD190": 121.68295179481495}, "K52-nD090": {"K52-nD100": 53.876242885133635}, "K52-nU240": {"K52-nU250": 56.19863526647764}, "K53-D100": {"K53-D110": 69.19719636574601}, "K52-nU290": {"K52-nU300": 43.56298976823926}, "K51-D160": {"K51-D170": 62.13572326734034}, "K54-D060": {"K54-D070": 145.62577206559484}, "K51A-D230": {"K51A-D240": 101.2}, "K52-nU080": {"K52-nU090": 66.4037154633128}, "K52-nU250": {"K52-nU260": 59.07918680297696}, "K52-nU260": {"K52-nU270": 58.78708363295474}, "K52-nD050": {"K52-nD060": 27.7513897365071}, "K52-nD100": {"K52-nD110": 59.44379086574811}, "K51-D170": {"K51-D180": 104.5281620134394}, "K52-nD210": {"K52-nD220": 204.2117763896395}, "K51-D100": {"K51-D110": 146.89768905929486}, "K52-nU020": {"K52-nU030": 71.18852962727298}, "K52-nD230": {"K52-nD240": 153.96784406178944}, "K51-D010": {"K51-D020": 81.45455571832264}, "K51-D220": {"K51-D230": 269.24207694172867}, "K51-U060": {"K51-U070": 262.85461406337197}, "K52-nU010": {"K52-nU020": 36.74590808635001}, "K51-D200": {"K51-D210": 109.0124706511875}, "K53-D030": {"K53-D040": 63.7986433487531}, "K52-nD040": {"K52-nD050": 14.227810333021996}, "K51-D060": {"K51-D070": 44.8144523222}, "K52-nD290": {"K52-nD300": 100.77700615747253}, "K52-nD110": {"K52-nD120": 132.36436208142845}, "K51-U130": {"K51-U140": 71.94007716174197}, "K52-nD190": {"K52-nD200": 117.32467729895356}, "K52-nU180": {"K52-nU190": 78.55890713456752}, "K51-D070": {"K51-D080": 51.76344848841039}, "K54A-D010": {"K54A-D020": 255.78723176361154}, "K54A-D020": {"K54A-D030": 164.73073992931023}, "K54A-D040": {"K54A-D050": 152.2706203606562}, "K54A-D030": {"K54A-D040": 92.13291174234001}, "K51-U070": {"K51-U080": 172.35177757833316}, "K53*-U020": {"K53*-U030": 79.67821445834113}, "K53*-U030": {"K53*-U040": 434.2930900000001}, "K53-D160": {"K53-U011": 178.32474170280068}, "K53*-U010": {"K53*-U020": 176.52046194200005}}