{"KAT": {"DIH": 134.59423700000002, "SUW": 108.32865996354617}}