{"KOW": {"HOK": 177.74210021355753, "TSY": 544.5903359010847, "OLY": 129.31071124635986}, "KOT": {"MKK": 151.90496429324165, "TAW": 282.1282221665691, "LOF": 96.93893427489463, "SKM": 131.22173174836217}, "KOB": {"CHH": 184.7964906397796, "NTK": 131.9740023352379}}