{"KSR": {"TWW": 646.8212070357529, "YUL": 231.9219137801646}}