{"KWH": {"TWH": 157.49229041557737, "KWF": 133.09539125043165}, "KWT": {"NTK": 119.64911790106744, "LAT": 127.7253525959309}, "KWF": {"KWH": 123.40709634022441, "LAK": 157.98848031093428}}