{"LCK": {"MEF": 127.75095553220987, "CSW": 129.38524120238847}}