{"LOF": {"WTS": 129.31263779867282, "KOT": 130.19847151108837}, "LOP": {"TIS": 176.97410912801575, "YUL": 123.97004905791252}, "LOW": {"SHS": 239.2061179771449}}