{"MEF": {"LAK": 127.20294018683744, "TWW": 336.32430577547564, "NAC": 174.49067348432675, "LCK": 124.95863072007337}}