{"MKK": {"HUH": 184.4968417319349, "KOT": 142.56977468782136}}