{"NOP": {"QUB": 129.50481336143295, "FOH": 133.72105275767586}}