{"OLY": {"KOW": 128.86138049489745, "NAC": 132.11772459150052}}