{"QUB": {"NOP": 114.72671518114343, "YAT": 247.01643449678036, "TAK": 128.90802374360044}}