{"SHT": {"TAW": 166.42361653356934, "FOT": 151.56588851077046}, "SHS": {"FAN": 139.85738833929088, "LOW": 261.7547560497205, "LMC": 438.8595416937592}, "SHM": {"TSH": 216.39707168348227, "CIO": 91.86955876641233}, "SHW": {"CEN": 113.75296431929955, "SYP": 152.03010788971957}}