{"SIH": {"TUM": 154.45201650623085, "TIS": 382.5594425658871}}