{"STW": {"CKT": 105.84954345290092, "CIO": 138.1411225633105}}