{"TIK": {"TKO": 189.46579916441533, "YAT": 138.48435122914313}, "TIH": {"CAB": 125.35973409031631, "FOH": 106.10309789414478}, "TIS": {"LOP": 170.20096306626786, "SIH": 370.53194847836846}}