{"TKO": {"LHP": 132.19162345073366, "HAH": 189.8610836898615, "TIK": 184.17663245878117}, "TKW": {"SUW": 131.8563366257704, "HOM": 151.1832850607944}}