{"TSY": {"KOW": 541.1857977976475, "AIR": 1412.284753026366, "SUN": 663.175462451776, "LAK": 193.30921116221646}, "TST": {"JOR": 99.59767335908084, "ADM": 189.80611781611054}, "TSH": {"SHM": 220.48988282583633, "HEO": 126.14621439881341}, "TSW": {"TWH": 84.60650248242806}}