{"TUC": {"SUN": 793.1640367980735}, "TUM": {"SIH": 150.95328385248388}}