{"TWO": {"FAN": 335.89090166941014, "TAP": 167.59312222369994}, "TWW": {"MEF": 314.93443606784615, "KSR": 646.8187238887225}, "TWH": {"KWH": 161.39328897824333, "TSW": 68.33953471734822}}