{"UNI": {"FOT": 195.96706997809687, "TAP": 364.1222367565161}}