{"WCH": {"LET": 192.0620150139069, "OCP": 141.24240044908115}}