{"YAT": {"TIK": 134.84859376451155, "QUB": 251.21030861340574, "LAT": 168.08471269196954}}