{"1": {"2": 33.20653815919114, "6": 62.20185145664427}}