{"AIR": {"TSY": 1568.1867080656764, "AWE": 122.97056796616502}}