{"AUS": {"NAC": 205.11505757988806, "ETS": 174.039740479806}}