{"CIO": {"SHM": 135.48288164153274, "STW": 140.04704004682876}}