{"CSW": {"LCK": 131.51080802030106, "SSP": 129.90527851415087}}