{"DIS": {"SUN": 198.58233387484285}, "DIH": {"WTS": 122.72273914935663, "KAT": 171.47522243549184, "HIK": 307.686853670854, "CHH": 124.83029344072466}}