{"ETS": {"HUH": 169.4115244924337, "AUS": 193.10127255964375}}