{"EXC": {"HUH": 199.94453821371187, "ADM": 90.65370053113399}}