{"FOT": {"UNI": 200.90840703728378, "SHT": 177.4801952517128}, "FOH": {"NOP": 118.2239385912879, "TIH": 119.35919922404071}}