{"HFC": {"SKW": 154.48555255546745, "CHW": 111.40972085873791}}