{"HIK": {"DIH": 318.7185873045454, "TAW": 160.80471844194003}}