{"HKU": {"SYP": 124.92741255904191, "KET": 94.13966336350926}}