{"JOR": {"TST": 123.54096475409378, "YMT": 131.76848224966474}}