{"K53-U050": {"K53-U060": 116.38178782345274}, "K51-U230": {"K51-U240": 35.28881269743816}, "K53-U120": {"K53-U130": 60.088602468345755}, "K53-D080": {"K53-D090": 28.54649232052111}, "K53-U080": {"K53-U090": 58.24815265343655}, "K53-U090": {"K53-U100": 83.11895333196124}, "K51-D120": {"K51-D130": 29.49117982594449}, "K53-U100": {"K53-U110": 60.44905045535869}, "K51-D130": {"K51-D140": 33.91227507232934}, "K52-nD280": {"K52-nD290": 70.39626351517772}, "K52-nU290": {"K52-nU300": 41.906469131696525}, "K53-U030": {"K53-U040": 165.29275852608203}, "K54-D060": {"K54-D070": 128.95520713945803}, "K51-U120": {"K51-U130": 108.76259532846036}, "K53-D150": {"K53-D160": 115.3263200545845}, "K52-nU030": {"K52-nU040": 100.30356366129358}, "K52-nD240": {"K52-nD250": 137.44331495034652}, "K53-D060": {"K53-D070": 106.36907490995775}, "K53-U130": {"K53-U140": 46.1475517109993}, "K51-U190": {"K51-U200": 70.28908408851423}, "K52-nD180": {"K52-nD190": 106.78739960152609}, "K52-nD210": {"K52-nD220": 162.0393209779751}, "K52-nU150": {"K52-nU160": 72.9875980881958}, "K54-U060": {"K54-U070": 179.72755120331817}, "K53-D050": {"K53-D060": 51.63960268123732}, "K52A-D010": {"K52A-D020": 277.2241479122243}, "K53-D140": {"K53-D150": 108.89044535578168}, "K53-U040": {"K53-U050": 106.84637127075453}, "K52-nD190": {"K52-nD200": 115.95854132807933}, "K51-D230": {"K51-D240": 63.96522989739867}, "K52-nU270": {"K52-nU280": 165.20853351348896}, "K51-D140": {"K51-D150": 59.06975666927499}, "K53-U110": {"K53-U120": 82.30090816879911}, "K52-nU200": {"K52-nU210": 69.9360485107162}, "K52-nU260": {"K52-nU270": 53.600459156160014}, "K51-U200": {"K51-U210": 78.33456803530375}, "K51-U170": {"K51-U180": 64.31796886833146}, "K52-nD080": {"K52-nD090": 42.85612257109001}, "K53-U060": {"K53-U070": 53.42149104946968}, "K53-D015": {"K53-D020": 44.63370631268002}, "K51-U130": {"K51-U140": 55.987321229765215}, "K52A-U140": {"K52A-U150": 160.35794967008536}, "K52-nD220": {"K52-nD230": 97.18734598677608}, "K51-U210": {"K51-U220": 40.19954722007804}, "K54-U070": {"K54-D010": 121.11733098102059}, "K53-D070": {"K53-D080": 35.150600788969406}, "K52-nD270": {"K52-nD280": 74.55591737502186}, "K53-D130": {"K53-D140": 62.199685846589624}, "K52-nD160": {"K52-nD170": 126.69272367381976}, "K51-U020": {"K51-U030": 74.73353060114805}, "K51-U220": {"K51-U230": 46.88367808070833}, "K53-U020": {"K53-U030": 118.86516761071383, "K53-D160": 707.4493069019834}, "K51-U070": {"K51-U080": 153.3381467667917}, "K51-U060": {"K51-U070": 230.49628461156368}, "K51-U100": {"K51-U110": 165.07444236817207}, "K52-nD100": {"K52-nD110": 51.25185385784098}, "K51-D250": {"K51-D260": 157.37468960152643}, "K51-D260": {"K51-D270": 48.275272309828914}, "K52-nU170": {"K52-nU180": 115.0763160777393}, "K52-nU180": {"K52-nU190": 53.611555487291184}, "K51-D280": {"K51-D290": 68.74552024325658}, "K53-D100": {"K53-D110": 54.2652198572347}, "K52-nD110": {"K52-nD120": 144.20289285540372}, "K53-D040": {"K53-D050": 61.547884711429546}, "K52-nD060": {"K52-nD070": 123.78448323355049}, "K51-D210": {"K51-D220": 113.1017776073603}, "K53-D020": {"K53-D030": 91.50791861198336}, "K51-D020": {"K51-D030": 50.08474452091001}, "K54-D020": {"K54-D030": 148.77158310018538}, "K52-nU280": {"K52-nU290": 41.49384835773657}, "K52A-D060": {"K52A-D070": 129.34768316859828}, "K52-nU110": {"K52-nU120": 129.1846894349054}, "K54-D050": {"K54-D060": 71.06967280784227}, "K52-nD030": {"K52-nD040": 16.26996970792154}, "K52-nD120": {"K52-nD130": 35.891636419481046}, "K54-U010": {"K54-U020": 59.85246762181502}, "K53-U140": {"K53-D010": 68.64637691693277}, "K52-nU060": {"K52-nU070": 86.6277587754043}, "K51-D150": {"K51-D160": 133.26148284937}, "K52-nD140": {"K52-nD150": 95.72424521993591}, "K52-nU220": {"K52-nU230": 79.86067995389034}, "K52-nU250": {"K52-nU260": 60.4543713953917}, "K53-U010": {"K53-U020": 251.62676585115688}, "K51-D040": {"K51-D050": 37.657643789259836}, "K52-nU080": {"K52-nU090": 57.54104079003819}, "K51-U080": {"K51-U090": 138.10119163049166}, "K52-nU090": {"K52-nU100": 79.47609505554517}, "K53-D030": {"K53-D040": 56.0648423820099}, "K54-D030": {"K54-D040": 59.05205886969888}, "K53-U070": {"K53-U080": 38.028095055399675}, "K53-D120": {"K53-D130": 41.75955999559712}, "K51-D030": {"K51-D040": 38.16150714929311}, "K52-nU120": {"K52-nU140": 89.55603161490941}, "K52-nU210": {"K52-nU220": 65.84197044755373}, "K52-nD230": {"K52-nD240": 142.1737878341552}, "K51-D240": {"K51-D250": 96.6586772311613}, "K54-U030": {"K54-U040": 99.14782455458736}, "K53-D090": {"K53-D100": 31.546504751713336}, "K52-nD170": {"K52-nD180": 83.26744550454441}, "K52-nD130": {"K52-nD140": 73.03616712884471}, "K54-U050": {"K54-U060": 279.903816767}, "K51-D200": {"K51-D210": 111.55917016386509}, "K51-U090": {"K51-U100": 124.99774853772833}, "K51-D180": {"K51-D190": 128.29865280175}, "K52-nD070": {"K52-nD080": 85.46510641636206}, "K51-U240": {"K51-U250": 98.8630375315465}, "K52-nD150": {"K52-nD160": 68.82246864526664}, "K52-nU190": {"K52-nU200": 116.0123776029694}, "K51-D100": {"K51-D110": 122.73022195546518}, "K52-nD200": {"K52-nD210": 104.82921235832703}, "K51-U040": {"K51-U050": 102.325033934961}, "K51-D050": {"K51-D060": 39.65441546552203}, "K52-nU160": {"K52-nU170": 32.23990187550021}, "K54-U040": {"K54-U050": 111.36927359154409}, "K51-D110": {"K51-D120": 40.378193182}, "K51-U150": {"K51-U160": 65.14143219491193}, "K51-D090": {"K51-D100": 70.43114112141971}, "K52-nD260": {"K52-nD270": 49.533896650346385}, "K52A-U170": {"K52A-U180": 275.3301891049081}, "K51-U110": {"K51-U120": 103.37010792426562}, "K51-D170": {"K51-D180": 73.89986805245002}, "K53-D110": {"K53-D120": 124.61385051580916}, "K51-D070": {"K51-D080": 45.64985555863804}, "K51-D190": {"K51-D200": 107.06109693300701}, "K51-U050": {"K51-U060": 240.07242369751378}, "K52-nD050": {"K52-nD060": 29.208649925408242}, "K52-nU010": {"K52-nU020": 40.654248280000004}, "K52-nD020": {"K52-nD030": 13.936359532209446}, "K52-nD250": {"K52-nD260": 141.5523039653315}, "K51-D270": {"K51-D280": 68.17298042828821}, "K51-D080": {"K51-D090": 96.32035264239603}, "K52-nU070": {"K52-nU080": 81.77646809315708}, "K51-U030": {"K51-U040": 54.660748735305106}, "K54-D010": {"K54-D020": 100.39458678708846}, "K53-D010": {"K53-D015": 84.95165390719544}, "K54-U020": {"K54-U030": 84.38167023880703}, "K52-nU050": {"K52-nU060": 194.03557998334784}, "K52-nD290": {"K52-nD300": 92.24921860621154}, "K51-D160": {"K51-D170": 96.89716265374176}, "K51-U160": {"K51-U170": 80.19480573824721}, "K52-nD010": {"K52-nD020": 18.574702434201008}, "K51-U010": {"K51-U020": 33.740015132009994}, "K52-nU230": {"K52-nU240": 60.816855992539544}, "K51-D060": {"K51-D070": 43.787673277699994}, "K52-nU140": {"K52-nU150": 101.3401797833227}, "K51-U140": {"K51-U150": 48.187143922638185}, "K52-nD040": {"K52-nD050": 13.078793932601377}, "K51-U180": {"K51-U190": 95.17548269953669}, "K52-nD090": {"K52-nD100": 50.11058442995001}, "K52-nU300": {"K52-nU310": 37.22053498336702}, "K52-nU240": {"K52-nU250": 44.91807694615791}, "K54-D040": {"K54-D050": 145.26231833407937}, "K51-D220": {"K51-D230": 233.44772160200517}, "K51-D010": {"K51-D020": 68.26316157801844}, "K52-nU100": {"K52-nU110": 120.18694963234304}, "K54A-D030": {"K54A-D040": 77.58784193834379}, "K54A-U020": {"K54A-U030": 71.79669416071366}, "K54A-U010": {"K54A-U020": 60.996853347269735}, "K54A-D020": {"K54A-D030": 161.65928509191312}, "K54A-U040": {"K54A-U050": 122.58373252356412}, "K54A-D040": {"K54A-D050": 130.114146074033}, "K54A-U030": {"K54A-U040": 96.13274152588971}, "K52-nU020": {"K52-nU030": 57.30136381366863}, "K54A-D010": {"K54A-D020": 219.40058120904115}, "K52-nU040": {"K52-nU050": 45.039188686840006}, "K53-D160": {"K53-U011": 173.57462704412265}}