{"K65-D090": {"K65-D100": 65.52527397700001}, "K66-D230": {"K66-D240": 81.03447478613612}, "K65-D010": {"K65-D020": 35.411070800000005}, "K65-U120": {"K65-U130": 182.1880313379373}, "K68-U160": {"K68-U170": 74.01080940000001}, "K66-D070": {"K66-D080": 22.59107411}, "K65-U140": {"K65-U150": 76.67034092323695}, "K68-D180": {"K68-D190": 25.794198871919384}, "K66-U160": {"K66-U170": 43.553262781035514}, "K66-U190": {"K66-U200": 71.05527156434705}, "K65-U100": {"K65-U110": 118.39359687680198}, "K65-U090": {"K65-U100": 50.439515838128926}, "K66-D030": {"K66-D040": 66.4086424}, "K65-U160": {"K65-U170": 51.936504441495416}, "K68-D110": {"K68-D120": 81.765918503}, "K65-U060": {"K65-U070": 27.932047289362806}, "K65-D160": {"K65-D170": 123.63064213827381}, "K68-D100": {"K68-D110": 85.09134700000001}, "K65-U200": {"K65-U210": 42.75228391093345}, "K65-U170": {"K65-U180": 44.85157415175635}, "K65-U130": {"K65-U140": 24.290782464219483}, "K65-U020": {"K65-U030": 104.13052520566768}, "K65-D130": {"K65-D140": 79.74241240809911}, "K66-U120": {"K66-U130": 55.23867536653991}, "K65-U040": {"K65-U050": 79.88357764520188}, "K68-D190": {"K68-D200": 47.740659756528295}, "K66-D190": {"K66-D200": 62.743236844599984}, "K66-D140": {"K66-D150": 67.32089993445001}, "K65-D030": {"K65-D040": 31.23571}, "K65-D170": {"K65-D180": 72.2688281990284}, "K66-U170": {"K66-U180": 38.406907482090105}, "K66-D210": {"K66-D220": 126.26931955292943}, "K65-U050": {"K65-U060": 84.77381961841022}, "K65-U110": {"K65-U120": 90.02110824727713}, "K65-U180": {"K65-U190": 75.31477552126667}, "K66-U150": {"K66-U160": 58.503404589898615}, "K66-D110": {"K66-D120": 17.855515880284006}, "K65-U220": {"K65-U230": 74.13524008313475}, "K66-U100": {"K66-U110": 64.7919291350688}, "K65-D060": {"K65-D070": 56.18856539999998}, "K65-D050": {"K65-D060": 58.080000000000005}, "K65-D120": {"K65-D130": 49.762235499999996}, "K65-D180": {"K65-D190": 82.91461490442674}, "K66-U060": {"K66-U070": 154.74964488273218}, "K66-U140": {"K66-U150": 51.635145697937354}, "K66-D050": {"K66-D060": 27.22138627956}, "K66-D020": {"K66-D030": 58.220029999999994}, "K66-U080": {"K66-U090": 149.61833702223}, "K66-D100": {"K66-D110": 32.8007177905}, "K66-D120": {"K66-D130": 56.23564649323}, "K66-D130": {"K66-D140": 29.814361705639993}, "K65-U070": {"K65-U080": 55.74764140532484}, "K66-D080": {"K66-D090": 41.31840240000001}, "K65-D110": {"K65-D120": 98.22453639382901}, "K66-U050": {"K66-U060": 36.764066721}, "K66-U200": {"K66-U210": 59.70186846606326}, "K68-D080": {"K68-D090": 75.54866403700002}, "K65-D140": {"K65-D150": 88.34434722907963}, "K66-U040": {"K66-U050": 110.99692226699999}, "K68-U130": {"K68-U140": 156.868305}, "K66-D180": {"K66-D190": 51.72918682096616}, "K66-D170": {"K66-D180": 159.364441709}, "K68-D150": {"K68-D160": 55.224542444808}, "K68-D130": {"K68-D140": 59.04585845498856}, "K66-U110": {"K66-U120": 38.105089756}, "K66-U090": {"K66-U100": 51.25777860654}, "K68-D090": {"K68-D100": 122.57816000000003}, "K68-D050": {"K68-D060": 41.66873161}, "K68-D160": {"K68-D170": 82.78423618145324}, "K65-D070": {"K65-D080": 88.40640476686599}, "K68-D010": {"K68-D020": 52.519499999999994}, "K66-U130": {"K66-U140": 53.88460825286846}, "K66-D060": {"K66-D070": 26.932112075000003}, "K66-U070": {"K66-U080": 160.05074952356003}, "K68-D040": {"K68-D050": 64.9264}, "K65-D020": {"K65-D030": 64.01392399999999}, "K66-D200": {"K66-D210": 96.19380456988263}, "K66-U180": {"K66-U190": 60.99474342046186}, "K65-U190": {"K65-U200": 35.71721234926728}, "K68-U070": {"K68-U080": 37.851000000000006}, "K65-D080": {"K65-D090": 45.04504984377}, "K66-D150": {"K66-D160": 86.096976978}, "K66-D040": {"K66-D050": 19.510479999999998}, "K65-D150": {"K65-D160": 69.76097747996164}, "K65-U030": {"K65-U040": 72.0664561095458}, "K65-D100": {"K65-D110": 149.67149265388306}, "K68-D170": {"K68-D180": 40.92305913509}, "K66-U030": {"K66-U040": 152.4472094674701}, "K66-U020": {"K66-U030": 164.64941900000002}, "K68-D060": {"K68-D070": 81.75199999999998}, "K65-U080": {"K65-U090": 108.18262264066804}, "K65-U210": {"K65-U220": 74.5078228459972}, "K68-U110": {"K68-U120": 171.07706000000002}, "K65-D040": {"K65-D050": 57.1557992629}, "K65-U010": {"K65-U020": 223.86419724416933}, "K65-U150": {"K65-U160": 47.1230663327873}, "K66-D220": {"K66-D230": 68.86274472470504}, "K66-D010": {"K66-D020": 17.405107635190003}, "K68-D020": {"K68-D030": 66.572}, "K66-D160": {"K66-D170": 107.23715671969998}, "K66-U210": {"K66-U220": 39.40146689690728}, "K68-D140": {"K68-D150": 26.311451429999998}, "K68-U150": {"K68-U160": 79.689101}, "K68-U060": {"K68-U070": 76.56}, "K68-U120": {"K68-U130": 111.76000000000002}, "K66-D090": {"K66-D100": 29.467900000000004}, "K68-U170": {"K68-D010": 126.61000000000001}, "K68-D030": {"K68-D040": 43.66868000000001}, "K68-D120": {"K68-D130": 153.8401436517}, "K68-U100": {"K68-U110": 176.55}, "K68-D070": {"K68-D080": 170.88688771000002}, "K68-D200": {"K68-U011": 61.21564988284793}, "K66-U010": {"K66-U020": 108.294142}, "K68-U040": {"K68-U050": 49.50000000000001}, "K68-U140": {"K68-U150": 27.29}, "K68-U030": {"K68-U040": 30.800000000000004}}