{"KOW": {"HOK": 177.74210019208383, "TSY": 533.8067992950535, "OLY": 133.76262452343877}, "KOT": {"MKK": 205.91889551904356, "LOF": 119.92401792497303, "TAW": 317.0661582404606, "SKM": 130.4956092966505}, "KOB": {"CHH": 171.12156866070046, "NTK": 133.66690210518024}}