{"KSR": {"TWW": 560.0241423438149, "YUL": 246.80567590388904}}