{"KWT": {"NTK": 120.56331044643426, "LAT": 130.75104176041398}, "KWH": {"KWF": 127.54073698926103, "TWH": 141.0279534975811}, "KWF": {"LAK": 152.63009673822998, "KWH": 125.98995206892327}}