{"LCK": {"CSW": 129.40905986404647, "MEF": 129.01380534768518}}