{"LET": {"WCH": 164.43494496311445, "SOH": 109.89607399089502}}