{"LOW": {"SHS": 245.5443617673343}, "LOF": {"WTS": 127.67119590457646, "KOT": 130.59465777083722}, "LOP": {"YUL": 127.59732089472246, "TIS": 179.95649879072323}}