{"MEF": {"LAK": 131.4722840950565, "TWW": 312.9859866342207, "LCK": 130.07375613694984, "NAC": 182.14094348432678}}