{"MKK": {"HUH": 162.01336755525614, "KOT": 141.93815801506463}}