{"NOP": {"QUB": 130.8294899444682, "FOH": 133.12383609937856}}