{"OCP": {"ADM": 287.6319559609929, "WCH": 131.57352898316924}}