{"PRE": {"SSP": 131.66183882950335, "SKM": 128.51804388619956, "MOK": 127.66392671973747}}