{"QUB": {"YAT": 263.58044337950344, "NOP": 128.5517357689577, "TAK": 131.13292986589002}}