{"STW": {"CKT": 134.27323306921727, "CIO": 148.05505063779924}}