{"SUN": {"DIS": 198.58233387484285, "TUC": 823.8869412916104, "TSY": 545.2380820967674}, "SUW": {"TKW": 135.60298305096546, "KAT": 129.03665639949355}}