{"TWH": {"KWH": 137.66647250916458, "TSW": 64.44834391739533}, "TWO": {"FAN": 335.4509756299706, "TAP": 207.22531287401998}, "TWW": {"MEF": 298.6176611366103, "KSR": 493.2692155405954}}