{"UNI": {"TAP": 391.4582584413595, "FOT": 201.7726694696327}}