{"WAC": {"CAB": 174.97386307814094, "ADM": 129.93035166060272}}