{"YAT": {"TIK": 134.88068900353747, "QUB": 253.16298577125903, "LAT": 163.72583044170943}}