{"1": {"6": 270.48526260533845, "2": 57.957920741406994}}