{"5": {"6": 115.7663014086977, "305": 80.28584744312599, "56": 66.0}}