{"AIR": {"TSY": 1523.276421893396, "AWE": 109.63373265777034}}