{"DIS": {"SUN": 198.58233387484285}, "DIH": {"HIK": 319.05290182680164, "CHH": 132.52528376698356, "KAT": 146.92135681351374, "WTS": 125.77568401482581}}