{"ETS": {"HUH": 153.7119108223743, "AUS": 191.11004902213844}}