{"EXC": {"HUH": 146.20428479089932, "ADM": 79.28389273854688}}