{"HAH": {"TKO": 157.24142276887778, "POA": 133.3862075440814}}