{"HEO": {"TSH": 131.3878575673979, "MOS": 149.2243027022194}}