{"HIK": {"DIH": 309.9062918280136, "TAW": 149.5057219677962}}