{"HKU": {"SYP": 130.47160745607215, "KET": 97.45947590988592}}