{"HOK": {"KOW": 186.98992373744096}, "HOM": {"YMT": 113.22807294464795, "HUH": 132.44448457430332, "TKW": 133.76742441749303, "WHA": 84.29038189483148}}