{"K54-D010": {"K54-D020": 149.9055919139426}, "K51A-U240": {"K51A-U250": 73.64497640756652}, "K51-D140": {"K51-D150": 86.77685378484694}, "K51-U100": {"K51-U110": 210.56408073439033}, "K52A-D010": {"K52A-D020": 293.8026993901168}, "K52-nD130": {"K52-nD140": 85.82949267002039}, "K53-D110": {"K53-D120": 170.58302624368736}, "K51-D250": {"K51-D260": 154.59065877514902}, "K53-U060": {"K53-U070": 70.50069907258448}, "K52-nU030": {"K52-nU040": 138.62596594759}, "K53-D160": {"K53-D170": 536.1886549551698, "K53-U011": 183.3435142447953}, "K51A-D050": {"K51A-D060": 76.7111848474879}, "K52A-D130": {"K52A-D140": 91.22996882537149}, "K52-nD270": {"K52-nD280": 94.4803753404157}, "K53-U100": {"K53-U110": 74.46305725413308}, "K53-U040": {"K53-U050": 130.6264541463489}, "K53-U030": {"K53-U040": 219.48137631481055}, "K54-U020": {"K54-U030": 168.4469803149094}, "K51A-D080": {"K51A-D090": 170.33728492871012}, "K54-U040": {"K54-U050": 161.36882107006312}, "K52-nD040": {"K52-nD050": 30.496324136066313}, "K51A-U030": {"K51A-U040": 72.15148064188546}, "K52A-D020": {"K52A-D030": 31.52147082030836}, "K52-nD260": {"K52-nD270": 58.89483450249536}, "K51-D260": {"K51-D270": 54.82417138848861}, "K53-U120": {"K53-U130": 69.3172297616926}, "K51A-U050": {"K51A-U060": 275.2218264638475}, "K52-nU040": {"K52-nU050": 76.42417534994767}, "K52-nU190": {"K52-nU200": 135.3049191631606}, "K52A-U120": {"K52A-U130": 59.06677439551428}, "K51-D230": {"K51-D240": 84.55486418337435}, "K54-U070": {"K54-D010": 178.26388277301166}, "K54-D050": {"K54-D060": 97.47638231069101}, "K53-U140": {"K53-D010": 82.48897358080252}, "K51-D070": {"K51-D080": 65.63865473927983}, "K54-D040": {"K54-D050": 169.20187339828396}, "K52A-D150": {"K52A-D160": 95.87494132201549}, "K51A-D060": {"K51A-D070": 80.10592755571406}, "K51-U020": {"K51-U030": 116.95084982530443}, "K53-D170": {"K53-D180": 309.2522400685736}, "K52A-U170": {"K52A-U180": 407.3497735370012}, "K51-D080": {"K51-D090": 104.16693977557372}, "K53-D015": {"K53-D020": 53.26024354215868}, "K51A-U190": {"K51A-U200": 71.55840891548692}, "K51A-D120": {"K51A-D140": 144.01528021550956}, "K53-D040": {"K53-D050": 76.76767283867315}, "K51-D110": {"K51-D120": 52.371468233133726}, "K53-U070": {"K53-U080": 58.10859930499804}, "K51-U190": {"K51-U200": 78.62421145178332}, "K51A-U010": {"K51A-U020": 51.2388447246336}, "K51-D030": {"K51-D040": 44.28325598401774}, "K52A-D170": {"K52A-D180": 113.40073698898584}, "K51-U070": {"K51-U080": 214.89751628715834}, "K51A-D260": {"K51A-D270": 65.75574220331717}, "K51-D200": {"K51-D210": 130.69198653827434}, "K52A-U090": {"K52A-U100": 84.35366306736377}, "K52-nU060": {"K52-nU070": 184.3328294774971}, "K51A-U070": {"K51A-U080": 224.48353272103617}, "K52A-D050": {"K52A-D060": 28.157204911813828}, "K52-nU200": {"K52-nU210": 76.61002311609806}, "K53-D120": {"K53-D130": 66.45366043521199}, "K52-nD240": {"K52-nD250": 149.96634136526316}, "K53-D050": {"K53-D060": 92.56677214899631}, "K51-U220": {"K51-U230": 64.76494675801175}, "K52-nD060": {"K52-nD070": 129.70477056355048}, "K51A-U140": {"K51A-U150": 52.70668558854644}, "K52-nD090": {"K52-nD100": 52.4649036032845}, "K52-nD010": {"K52-nD020": 16.801495520930718}, "K52A-U015": {"K52A-U020": 186.890747214302}, "K51-D050": {"K51-D060": 58.78218263821302}, "K51-D270": {"K51-D280": 100.45139347282766}, "K51-D120": {"K51-D130": 53.928332748495144}, "K51A-U130": {"K51A-U140": 74.52513066242201}, "K52A-U020": {"K52A-U030": 82.11228697906145}, "K51A-D010": {"K51A-D020": 51.75402366358046}, "K53-U130": {"K53-U140": 56.4450566917957}, "K51-U080": {"K51-U090": 195.40484703320624}, "K53-U110": {"K53-U120": 92.00353408465946}, "K52A-D120": {"K52A-D130": 41.66715260032616}, "K51A-D110": {"K51A-D120": 53.46588500561253}, "K51-U230": {"K51-U240": 46.05643977327319}, "K51A-D210": {"K51A-D220": 81.08604259460908}, "K51A-U220": {"K51A-U230": 81.658423669823}, "K54-U030": {"K54-U040": 135.49992278427698}, "K52-nD230": {"K52-nD240": 157.80765505867538}, "K54-D020": {"K54-D030": 173.18442479016684}, "K51-D190": {"K51-D200": 156.3654436147218}, "K53-D140": {"K53-D150": 168.2040494747062}, "K52-nD210": {"K52-nD220": 215.24767719682467}, "K51A-U160": {"K51A-U170": 71.44893947127814}, "K54-U010": {"K54-U020": 80.3981623656373}, "K52A-D040": {"K52A-D050": 14.415210836357712}, "K52-nU240": {"K52-nU250": 54.1594304032014}, "K53-D010": {"K53-D015": 106.27288993420696}, "K53-D080": {"K53-D090": 53.52154182993445}, "K52-nU270": {"K52-nU280": 172.7526343037117}, "K52-nD250": {"K52-nD260": 177.8311504531268}, "K53-U050": {"K53-U060": 148.88233803419936}, "K51A-D220": {"K51A-D230": 133.34471648694165}, "K51-U120": {"K51-U130": 156.20624169268578}, "K54-D030": {"K54-D040": 78.46563778503716}, "K53-D150": {"K53-D160": 151.6860342240621}, "K53-D060": {"K53-D070": 168.59213457010532}, "K53-U090": {"K53-U100": 116.08820932294304}, "K52A-U010": {"K52A-U015": 269.1162440126233}, "K52-nU120": {"K52-nU140": 124.50498533024101}, "K52-nU070": {"K52-nU080": 108.41572149504027}, "K52-nD200": {"K52-nD210": 143.00097559308097}, "K53-D020": {"K53-D030": 114.94754169674039}, "K54-U060": {"K54-U070": 208.75848032443884}, "K51-U160": {"K51-U170": 108.50090436279933}, "K52-nU280": {"K52-nU290": 41.355957492686244}, "K52-nU010": {"K52-nU020": 37.070030770093524}, "K52A-D030": {"K52A-D040": 21.923333447457416}, "K51A-U100": {"K51A-U110": 221.33672266572626}, "K51A-U060": {"K51A-U070": 322.78627011006785}, "K51-D020": {"K51-D030": 60.4272473719437}, "K52A-D090": {"K52A-D100": 50.249149471601}, "K53-D070": {"K53-D080": 48.980351748155314}, "K51A-U120": {"K51A-U130": 158.66487733247627}, "K53-U080": {"K53-U090": 76.04059369745843}, "K51-U050": {"K51-U060": 267.90708180164}, "K52A-D070": {"K52A-D080": 87.62015321132579}, "K52-nU290": {"K52-nU300": 30.736908092125788}, "K51-D180": {"K51-D190": 175.3012335121733}, "K53-U010": {"K53-U020": 227.6026276761507, "K53-D180": 712.9700095802833}, "K53-D030": {"K53-D040": 78.48961946044903}, "K52-nD170": {"K52-nD180": 102.25501815651094}, "K52-nU220": {"K52-nU230": 99.68915750789047}, "K53-D180": {"K53-D190": 81.99511297985836}, "K51A-D230": {"K51A-D240": 149.63898184872306}, "K52A-D180": {"K52A-D190": 131.80524833680997}, "K54-U050": {"K54-U060": 334.8503204591215}, "K51-D150": {"K51-D160": 194.4292368147846}, "K51A-D090": {"K51A-D100": 49.08381202318046}, "K52-nU140": {"K52-nU150": 170.9151857404542}, "K52A-U140": {"K52A-U150": 162.64625077854305}, "K52A-U160": {"K52A-U170": 26.195655190162277}, "K52A-U060": {"K52A-U070": 138.29907142311373}, "K51A-U020": {"K51A-U030": 118.00255706546587}, "K51A-U230": {"K51A-U240": 40.90770329076658}, "K51A-D240": {"K51A-D250": 53.46459767406539}, "K51A-D040": {"K51A-D050": 103.41676938163182}, "K51A-D180": {"K51A-D190": 132.97369855908175}, "K52-nU110": {"K52-nU120": 162.58689665098873}, "K52-nD190": {"K52-nD200": 174.8872259245767}, "K52-nU100": {"K52-nU110": 170.7991685942405}, "K51-D220": {"K51-D230": 273.84311534178624}, "K51A-D020": {"K51A-D030": 93.31411597900149}, "K52A-U130": {"K52A-U140": 45.1630423879469}, "K51-U060": {"K51-U070": 303.88342345538916}, "K51-U140": {"K51-U150": 55.44208994296001}, "K51-U030": {"K51-U040": 68.98340117833682}, "K51-D160": {"K51-D170": 69.15495716538308}, "K52-nD120": {"K52-nD130": 43.01535943011093}, "K52-nD100": {"K52-nD110": 56.65921123117994}, "K52A-D140": {"K52A-D150": 106.89182283645951}, "K52-nU170": {"K52-nU180": 136.78174113513668}, "K52A-D100": {"K52A-D110": 53.171706367585145}, "K51A-U040": {"K51A-U050": 129.54733150799476}, "K51-D280": {"K51-D290": 71.03825870347951}, "K52-nD280": {"K52-nD290": 94.72620547562329}, "K51A-D150": {"K51A-D160": 123.60233153732115}, "K52A-U110": {"K52A-U120": 50.004301083968826}, "K52-nU050": {"K52-nU060": 253.71320685660325}, "K52A-U150": {"K52A-U160": 36.426819386896184}, "K52A-D160": {"K52A-D170": 147.4958545989104}, "K51A-D250": {"K51A-D260": 89.47793089436894}, "K52-nD080": {"K52-nD090": 67.13777858020592}, "K52-nU180": {"K52-nU190": 69.00233051146498},