{"K76-D030": {"K76-D040": 56.479716798405796}, "K73-U040": {"K73-U050": 123.82056479198118, "K73-U060": 226.16733168737701}, "K73-D030": {"K73-D040": 123.09598180410576}, "K75A-D020": {"K75A-D030": 31.610493824045562}, "K73-U100": {"K73-U110": 252.7214001617869}, "K76-U040": {"K76-U050": 174.8223029358166}, "K73-U070": {"K73-U080": 160.55007213548458}, "K75P-U100": {"K75P-U110": 53.72809430824661}, "K73-D040": {"K73-D050": 71.70325355057176}, "K76-U020": {"K76-U030": 164.9745663733691}, "K75A-D030": {"K75A-D040": 47.82866745503313}, "K75A-D100": {"K75A-D110": 105.25681220750721}, "K76-D020": {"K76-D030": 125.62936144730293}, "K73-U080": {"K73-U090": 297.3603373014068, "K73-U110": 279.30831713302666}, "K73-U110": {"K73-U120": 242.08129214959354}, "K75P-D020": {"K75P-D030": 34.250243040374386}, "K74-U011": {"K74-D100": 156.64470488210887}, "K73-U090": {"K73-U100": 95.7915477426156}, "K74-U100": {"K74-D010": 107.35684747356242}, "K73-D120": {"K73-D130": 103.45195878867314}, "K75P-D050": {"K75P-D060": 83.37704123425723}, "K73-U060": {"K73-U070": 138.35185758628137}, "K75A-U030": {"K75A-D010": 226.67000908457788}, "K75A-U020": {"K75A-U030": 128.95863539530154}, "K76-D010": {"K76-D020": 289.9330361296876}, "K74-U030": {"K74-U040": 280.5279659315902}, "K75P-U080": {"K75P-U090": 40.36700148035342}, "K75A-D080": {"K75A-D090": 95.42963100391054}, "K75P-D010": {"K75P-D020": 132.88540196404745}, "K74-U020": {"K74-U030": 117.57081358242048}, "K73-D100": {"K73-D110": 190.30424908453207}, "K76-U030": {"K76-U040": 285.22429799198477}, "K75P-D040": {"K75P-D050": 164.63948180972525}, "K75A-D060": {"K75A-D070": 35.856629066792124}, "K74-D010": {"K74-D020": 155.07636638238475}, "K73-D080": {"K73-D090": 257.1939063286676}, "K73-U050": {"K73-U060": 114.51883027346314}, "K74-U070": {"K74-U080": 142.1986433325307}, "K73-U030": {"K73-U040": 93.51829217623865}, "K73-D130": {"K73-D140": 132.82673948707975}, "K74-D040": {"K74-D050": 66.632076795846}, "K73-U010": {"K73-U020": 70.38843984659086}, "K75A-D010": {"K75A-D020": 215.54509419664123}, "K75P-D060": {"K75P-D070": 183.77994055424398}, "K74-U001": {"K74-U004": 153.9918865327236}, "K73-D010": {"K73-D020": 87.66121433272343}, "K73-D050": {"K73-D070": 101.5884271238894}, "K74-U090": {"K74-U100": 224.39309695764058}, "K73-D020": {"K73-D030": 120.13718140372097}, "K74-U040": {"K74-U050": 148.75222427076147}, "K73-D090": {"K73-D100": 81.54705165463086}, "K73-D140": {"K73-D150": 195.0764377093648}, "K75P-U130": {"K75P-U140": 43.15150845080549}, "K75P-D070": {"K75P-D080": 88.35744092302119}, "K75P-U140": {"K75P-D010": 144.85560127615395}, "K75A-U010": {"K75A-U020": 48.00970928109551}, "K75A-D040": {"K75A-D050": 52.624922210832594}, "K76-U010": {"K76-U020": 18.429563215455904}, "K74-U007": {"K74-U010": 249.53572467419735}, "K73-U020": {"K73-U030": 187.0773809121103}, "K75P-U090": {"K75P-U100": 62.08404933435314}, "K75P-U030": {"K75P-U040": 127.43901900569249}, "K75A-D110": {"K75A-U011": 166.09162643461497}, "K73-D110": {"K73-D120": 89.50813709923675}, "K75P-U120": {"K75P-U130": 59.45061019943243}, "K75P-U020": {"K75P-U030": 111.90363308377565}, "K75P-U010": {"K75P-U020": 89.50590961203565}, "K74-U060": {"K74-U070": 150.58477183308992}, "K74-U050": {"K74-U060": 213.08813135180299}, "K73-D070": {"K73-D080": 168.15834887432374}, "K74-U080": {"K74-U090": 240.3317793017442}, "K74-D050": {"K74-D060": 91.09368981393258}, "K75A-D050": {"K75A-D060": 77.84825745519682}, "K75P-U060": {"K75P-U070": 27.081157530507046}, "K74-D070": {"K74-D080": 252.67240489151578}, "K73-D150": {"K73-D160": 47.17877102152049}, "K75P-U110": {"K75P-U120": 92.36510141037421}, "K75P-D030": {"K75P-D040": 119.02164953196879}, "K74-U004": {"K74-U007": 92.972514499179}, "K74-D080": {"K74-D090": 155.40202989888914}, "K74-U010": {"K74-U020": 167.06730357260682}, "K75A-D070": {"K75A-D080": 42.355950648760356}, "K74-D060": {"K74-D070": 146.43498450597025}, "K75P-U040": {"K75P-U050": 103.39389360336557}, "K75P-U070": {"K75P-U080": 103.05748907236296}, "K75P-D080": {"K75P-U011": 146.09230143893737}, "K75P-U050": {"K75P-U060": 144.00236143053107}, "K74-D110": {"K74-U002": 162.655682443305}, "K75A-D090": {"K75A-D100": 48.72251616330848}, "K74-D090": {"K74-U011": 74.1236450837976}, "K74-D020": {"K74-D030": 148.22105788075285}, "K74-D100": {"K74-D110": 86.08686059756563}, "K74-D030": {"K74-D040": 106.00684582558002}}