{"KAT": {"SUW": 109.19866455043572, "DIH": 139.77978733304158}}