{"KSR": {"TWW": 613.9046402542181, "YUL": 229.36895800152266}}