{"LAK": {"NAC": 260.5621308472754, "TSY": 193.22282761485332, "MEF": 137.6844756402577, "KWF": 112.40713639364806}, "LAT": {"KWT": 131.55475111311097, "YAT": 115.43714520045746}}