{"LET": {"WCH": 141.1366174687284, "SOH": 100.56670042881723}}