{"LOW": {"SHS": 234.27383005221154}, "LOP": {"TIS": 190.61124807781232, "YUL": 123.80675655641866}, "LOF": {"WTS": 120.09367936518993, "KOT": 108.56817951789466}}