{"MKK": {"HUH": 194.1392852168176, "KOT": 169.2490677325182}}