{"NAC": {"OLY": 92.6891885006723, "AUS": 202.66511615976358, "LAK": 251.04473045691628, "MEF": 187.88420604865414}}