{"OCP": {"WCH": 132.5890221717049, "ADM": 287.63195485330664}}