{"PRE": {"MOK": 130.3861604991851, "SKM": 121.19439172910779, "SSP": 126.2934778889528}}