{"QUB": {"YAT": 261.18724494352807, "TAK": 129.56273584022182, "NOP": 130.36735966266383}}