{"SHT": {"FOT": 149.1606184540469, "TAW": 163.71149767630453}, "SHM": {"CIO": 115.56053548780233, "TSH": 221.82819250306676}, "SHS": {"LOW": 261.75484809068723, "FAN": 143.92122503204953, "LMC": 451.08721480232026}, "SHW": {"CEN": 108.64231693418546, "SYP": 140.786077109514}}