{"SIH": {"TUM": 154.45708599315003, "TIS": 366.01720798078}}