{"STW": {"CKT": 132.02641595000006, "CIO": 128.5006971161819}}