{"SWH": {"SKW": 128.0699413727282, "TAK": 124.75739733256435}}