{"SYP": {"HKU": 112.74035803890979, "SHW": 154.8680438759318}}