{"TAW": {"KOT": 293.74215041343365, "HIK": 144.9873818169602, "SHT": 116.3739008784174, "CKT": 206.3023003170204}, "TAP": {"UNI": 383.5278424902068, "TWO": 159.6055640629931}, "TAK": {"SWH": 122.12761275108812, "QUB": 119.42215868865051}}