{"TIH": {"FOH": 120.00816659258676, "CAB": 128.72536705167934}, "TIK": {"TKO": 264.34925176008767, "YAT": 134.46491712560447}, "TIS": {"SIH": 350.789464824206, "LOP": 182.3540012958599}}