{"WAC": {"ADM": 133.0672421415042, "CAB": 156.85216375845977}}