{"WCH": {"LET": 179.0082454725667, "OCP": 114.28077668591928}}