{"WTS": {"LOF": 122.6746271055285, "DIH": 111.09889903786006}}