{"YAT": {"QUB": 261.71660684414223, "LAT": 173.065816747235, "TIK": 141.35462157978}}