{"YUL": {"LOP": 126.97735694067528, "KSR": 250.07519649684872}}