{"1": {"6": 333.58356991500403, "2": 58.154825651174974}}