{"FOH": {"NOP": 116.1174, "TIH": 125.81263200000004}, "FOT": {"UNI": 322.07980028106, "SHT": 306.4795420377312}}