{"HOM": {"YMT": 163.37338517327996, "TKW": 125.07000000000001}}