{"K54-U070": {"K54-D010": 118.76998999999998}, "K52-nU030": {"K52-nU040": 78.0}, "K52-nD160": {"K52-nD170": 128.97397}, "K53-U040": {"K53-U050": 101.452}, "K54A-D020": {"K54A-D030": 151.1616543988964}, "K53-U010": {"K53-U020": 231.97233219324295}, "K51A-U010": {"K51A-U020": 83.35796725665136}, "K52A-D010": {"K52A-D020": 528.5976084798097}, "K54A-D030": {"K54A-D040": 72.83031544627492}, "K52A-U010": {"K52A-U015": 307.5414050873522}, "K52A-U060": {"K52A-U070": 103.24879999999999}, "K51A-U230": {"K51A-U240": 38.736000000000004}, "K53-U020": {"K53-U030": 117.383051, "K53-D160": 359.05334576329903}, "K51-U170": {"K51-U180": 57.50699999999999}, "K51A-D090": {"K51A-D100": 51.0}, "K51A-U180": {"K51A-U190": 94.0}, "K52A-D130": {"K52A-D140": 82.40406}, "K53-D190": {"K53-U011": 334.35643}, "K52-nU020": {"K52-nU030": 41.0}, "K51-U010": {"K51-U020": 80.00237426830616}, "K53-U140": {"K53-D010": 80.25172045458132}, "K51A-D010": {"K51A-D020": 56.52448477360609}, "K52A-U015": {"K52A-U020": 141.2353545265024}, "K52A-U130": {"K52A-U140": 76.816}, "K51A-D210": {"K51A-D220": 69.4326}, "K52A-U020": {"K52A-U030": 75.53146213076067}, "K54-D010": {"K54-D020": 100.58869999999999}, "K53-U070": {"K53-U080": 26.26}, "K53-U130": {"K53-U140": 13.7}, "K52A-D070": {"K52A-D080": 99.85650727060701}, "K51A-U090": {"K51A-U100": 171.2933}, "K54A-U010": {"K54A-U020": 94.46397421851869}, "K51A-U060": {"K51A-U070": 305.84000000000003}, "K51A-D190": {"K51A-D200": 145.9}, "K51A-U110": {"K51A-U120": 140.135}, "K54-U010": {"K54-U020": 140.29446299619136}, "K53-U120": {"K53-U130": 42.42}, "K51-D030": {"K51-D040": 25.904000000000003}, "K52A-U140": {"K52A-U150": 167.17350623}, "K52A-U080": {"K52A-U090": 55.70134088022437}, "K54-U050": {"K54-U060": 248.65}, "K51-U110": {"K51-U120": 79.38399999999999}, "K52-nD010": {"K52-nD020": 17.497024718000002}, "K58-U100": {"K58-U110": 116.96}, "K52A-U100": {"K52A-U110": 38.9078511}, "K52A-D140": {"K52A-D150": 70.60671425507351}, "K51A-D120": {"K51A-D140": 136.0}, "K51A-U130": {"K51A-U140": 56.870000000000005}, "K51-U100": {"K51-U110": 166.54000000000002}, "K53-U050": {"K53-U060": 106.64000000000001}, "K58-D170": {"K58-D180": 154.0}, "K58-D190": {"K58-D193": 123.30999999999999}, "K52A-D020": {"K52A-D030": 25.50565749953741}, "K52A-U050": {"K52A-U060": 44.19366111496999}, "K54A-D010": {"K54A-D020": 141.840050479181}, "K52A-U070": {"K52A-U080": 64.59169676772903}, "K51A-D070": {"K51A-D080": 76.0}, "K54-D040": {"K54-D050": 145.217}, "K58-U040": {"K58-U050": 88.0}, "K58-U120": {"K58-U130": 195.99}, "K52A-U040": {"K52A-U050": 87.26700000000001}, "K51A-U080": {"K51A-U090": 155.6189}, "K52-nU110": {"K52-nU120": 102.54}, "K51-D010": {"K51-D020": 97.60964540529481}, "K58-D040": {"K58-D050": 140.2}, "K58-D100": {"K58-D110": 199.0}, "K52A-U150": {"K52A-U160": 37.19147132593521}, "K52-nD260": {"K52-nD270": 46.35}, "K53-D090": {"K53-D100": 15.0}, "K53-D180": {"K53-D190": 74.49}, "K51-U060": {"K51-U070": 248.98000000000002}, "K51-D180": {"K51-D190": 124.0}, "K51A-D030": {"K51A-D040": 34.0}, "K53-U100": {"K53-U110": 48.95}, "K53-D060": {"K53-D070": 94.05000000000001}, "K52-nU010": {"K52-nU020": 103.54754621750003}, "K54-D050": {"K54-D060": 72.82000000000001}, "K52-nD150": {"K52-nD160": 70.51}, "K51-U090": {"K51-U100": 109.01000000000002}, "K58-D001": {"K58-D002": 54.07291494000001}, "K52A-D120": {"K52A-D130": 64.8896484922696}, "K52A-D090": {"K52A-D100": 21.005303000000005}, "K52A-U110": {"K52A-U120": 41.02524800000001}, "K54-U060": {"K54-U070": 182.8521255}, "K54A-U020": {"K54A-U030": 96.66690361277259}, "K53-D030": {"K53-D040": 50.050000000000004}, "K51-U080": {"K51-U090": 113.30000000000001}, "K51-D250": {"K51-D260": 139.6208}, "K53-D040": {"K53-D050": 79.376}, "K51A-D170": {"K51A-D180": 137.57700000000003}, "K54A-U030": {"K54A-U040": 108.75906569902004}, "K58-U160": {"K58-U170": 128.15}, "K52-nU070": {"K52-nU080": 87.27180000000001}, "K54-D030": {"K54-D040": 69.19623018}, "K51-D090": {"K51-D100": 72.82000000000001}, "K52-nD200": {"K52-nD210": 84.81}, "K52-nU230": {"K52-nU240": 44.0}, "K52-nU280": {"K52-nU290": 42.900000000000006}, "K58-U010": {"K58-U020": 32.494550000000004}, "K52-nU040": {"K52-nU050": 35.75000000000001}, "K51A-U020": {"K51A-U030": 34.1}, "K53-D110": {"K53-D120": 105.79261}, "K52A-D080": {"K52A-D090": 28.222134600000004}, "K52A-D150": {"K52A-D160": 92.82259322232603}, "K51A-D230": {"K51A-D240": 149.48010000000005}, "K51A-U220": {"K51A-U230": 81.65080000000002}, "K52-nU150": {"K52-nU160": 73.7}, "K53-U030": {"K53-U040": 170.5}, "K52A-D060": {"K52A-D070": 82.5}, "K52A-U120": {"K52A-U130": 44.099000000000004}, "K51A-U120": {"K51A-U130": 172.70000000000002}, "K58-U080": {"K58-U090": 130.02}, "K51-D120": {"K51-D130": 18.700000000000003}, "K51-D190": {"K51-D200": 97.9}, "K51-U150": {"K51-U160": 53.46}, "K51A-D040": {"K51A-D050": 44.418000000000006}, "K51-U030": {"K51-U040": 29.414000000000005}, "K53-U060": {"K53-U070": 62.96400000000002}, "K51-U200": {"K51-U210": 77.77000000000001}, "K53-D010": {"K53-D015": 83.74300000000001}, "K52-nU240": {"K52-nU250": 53.790000000000006}, "K58-U190": {"K58-U200": 136.18}, "K58-D050": {"K58-D060": 180.4}, "K58-D200": {"K58-D210": 139.70000000000002}, "K53-D100": {"K53-D110": 31.900000000000002}, "K52A-U090": {"K52A-U100": 64.56109000000001}, "K51A-D180": {"K51A-D190": 123.09}, "K51A-U070": {"K51A-U080": 187.957}, "K51-U040": {"K51-U050": 89.25400000000002}, "K52-nU090": {"K52-nU100": 84.7}, "K58-D020": {"K58-D030": 114.4}, "K51A-U160": {"K51A-U170": 82.50000000000001}, "K52-nD230": {"K52-nD240": 133.1}, "K51-U180": {"K51-U190": 101.2}, "K51-D110": {"K51-D120": 80.30000000000001}, "K52-nD190": {"K52-nD200": 114.4}, "K53-D130": {"K53-D140": 56.32000000000001}, "K52A-D160": {"K52A-D170": 135.04302551299998}, "K52-nD080": {"K52-nD090": 58.300000000000004}, "K52-nU080": {"K52-nU090": 64.9}, "K53-D120": {"K53-D130": 25.83152}, "K52-nU060": {"K52-nU070": 118.80000000000001}, "K53*-U010": {"K53*-U020": 181.8193942497031}, "K52-nD240": {"K52-nD250": 107.03000000000002}, "K53-D160": {"K53-U011": 154.40581506390126}, "K52A-D170": {"K52A-D180": 116.743902}, "K58-U030": {"K58-U040": 51.480000000000004}, "K52A-U030": {"K52A-U040": 38.82461000000001}, "K53-U080": {"K53-U090": 62.7}, "K51A-D240": {"K51A-D250": 37.95}, "K52-nU050": {"K52-nU060": 191.4}, "K51A-D160": {"K51A-D170": 122.10000000000001}, "K51-D260": {"K51-D270": 46.2}, "K58-D130": {"K58-D140": 101.2}, "K51-D100": {"K51-D110": 121.00000000000001}, "K53*-U020": {"K53*-U030": 76.44687118199997}, "K51A-U210": {"K51A-U220": 67.518}, "K51A-U050": {"K51A-U060": 272.8}, "K58-D012": {"K58-D020": 20.900000000000002}, "K58-D110": {"K58-D120": 239.91000000000003}, "K52A-D110": {"K52A-D120": 274.58339699999993}, "K58-D004": {"K58-D005": 93.50000000000001}, "K58-D009": {"K58-D011": 53.900000000000006}, "K52A-D030": {"K52A-D040": 7.700000000000001}, "K53-D150": {"K53-D160": 110.561}, "K54-U020": {"K54-U030": 80.30000000000001}, "K52-nU100": {"K52-nU110": 115.50000000000001}, "K51A-D150": {"K51A-D160": 96.80000000000001}, "K58-D080": {"K58-D090": 50.6}, "K52-nD250": {"K52-nD260": 155.10000000000002}, "K53-D015": {"K53-D020": 57.86}, "K52-nU180": {"K52-nU190": 62.7}, "K58-D160": {"K58-D170": 125.4}, "K54-U040": {"K54-U050": 123.20000000000002}, "K51-D050": {"K51-D060": 17.6}, "K51A-U100": {"K51A-U110": 221.43}, "K53-D070": {"K53-D080": 18.26}, "K52-nU190": {"K52-nU200": 96.80000000000001}, "K52-nU200": {"K52-nU210": 78.10000000000001}, "K51A-D080": {"K51A-D090": 174.9}, "K51-U070": {"K51-U080": 134.07900000000004}, "K52A-D100": {"K52A-D110": 18.700000000000003}, "K53-D140": {"K53-D150": 104.50000000000001}, "K52-nD140": {"K52-nD150": 83.60000000000001}, "K51A-U030": {"K51A-U040": 74.25000000000001}, "K51A-U150": {"K51A-U160": 124.74000000000004}, "K51A-U190": {"K51A-U200": 75.9}, "K52-nU270": {"K52-nU280": 189.20000000000002}, "K51-D240": {"K51-D250": 57.2}, "K58-D060": {"K58-D070": 212.3}, "K58-D120": {"K58-D130": 103.4}, "K51-D160": {"K51-D170": 47.300000000000004},