{"LAK": {"TSY": 183.21180779956353, "MEF": 182.25359999999998, "NAC": 204.72258, "KWF": 134.59038000000004}, "LAT": {"KWT": 99.52305}}