{"PRE": {"MOK": 100.52886462632573, "SKM": 125.84, "SSP": 138.60000000000002}}