{"SWH": {"SKW": 131.73270000000002, "TAK": 119.46000000000001}}