{"TWO": {"TAP": 183.57569205149397, "FAN": 214.61298141000003}, "TWW": {"KSR": 377.4591, "MEF": 263.34000000000003}, "TWH": {"KWH": 134.55400200000003}}