{"UNI": {"FOT": 276.49677684139533, "TAP": 350.961550122}}