{"1": {"2": 81.92132020282773, "6": 375.18081537844665}}