{"5": {"305": 83.29640012869393, "6": 127.7191221243744}}