{"AIR": {"TSY": 1437.6261682457964, "AWE": 242.6636990017314}}