{"CIO": {"SHM": 125.80400000000002, "STW": 61.05614419999999}}