{"CSW": {"LCK": 129.579003424491, "SSP": 96.71236185384203}}