{"DIS": {"SUN": 198.58233387484285}, "DIH": {"HIK": 295.5844526885202, "WTS": 62.83727781701914, "CHH": 114.38800392232247, "KAT": 71.263834022}}