{"EXC": {"HUH": 159.0385690612117, "ADM": 57.460873009893376}}