{"FOT": {"SHT": 140.3193906910783, "UNI": 183.8270707951928}, "FOH": {"NOP": 121.01192159601769, "TIH": 107.92682009906203}}