{"HEO": {"TSH": 122.62958788821429, "MOS": 103.79230478773081}}