{"HFC": {"SKW": 129.21470139475431, "CHW": 148.1692293823127}}