{"HKU": {"SYP": 130.53358836554068, "KET": 95.00824500196254}}