{"HOK": {"KOW": 182.040344470386}, "HOM": {"YMT": 118.22755712792203, "HUH": 115.22920915541526, "TKW": 106.0534673469851, "WHA": 87.71188463933531}}