{"K65-D080": {"K65-D090": 72.31909705150831}, "K66-U160": {"K66-U170": 44.48108879719206}, "K65A-D060": {"K65A-D070": 95.92159480548375}, "K68-U100": {"K68-U110": 182.57629493011146}, "K65-U010": {"K65-U020": 246.58089630232467}, "K66-D160": {"K66-D170": 131.55806598060093}, "K66-U050": {"K66-U060": 42.93016020924394}, "K65-D180": {"K65-D190": 122.81113835028923}, "K68-U080": {"K68-U090": 36.55604003447303}, "K66-U140": {"K66-U150": 41.22994160139452}, "K65-U220": {"K65-U230": 77.49135802113504}, "K66-D180": {"K66-D190": 83.78886611524675}, "K65A-D100": {"K65A-D110": 254.47528855735976}, "K65A-U060": {"K65A-U070": 49.917696466465145}, "K65A-U080": {"K65A-U090": 66.28900902869209}, "K65-U030": {"K65-U040": 75.57048891396087}, "K66-D190": {"K66-D200": 86.49134187888988}, "K65A-U020": {"K65A-U030": 216.8469160179906}, "K65-U080": {"K65-U090": 164.3847774492935}, "K65-D030": {"K65-D040": 71.54839000927436}, "K65A-D050": {"K65A-D060": 58.002036302667264}, "K68-D190": {"K68-D200": 59.96620559900001}, "K65A-U030": {"K65A-U040": 32.67164020662752}, "K66-D040": {"K66-D050": 57.24763871910621}, "K66-D050": {"K66-D060": 56.43579319720851}, "K66-D110": {"K66-D120": 45.86661509172267}, "K66-D220": {"K66-D230": 78.07063637875012}, "K68-D050": {"K68-D060": 54.977827598419275}, "K66-U040": {"K66-U050": 121.92569903028853}, "K66-D150": {"K66-D160": 85.38477462640026}, "K66-U010": {"K66-U020": 146.07966864041106}, "K68-U040": {"K68-U050": 46.9242422492225}, "K65A-U070": {"K65A-U080": 49.02985095939334}, "K65A-U090": {"K65A-U100": 65.35162022059384}, "K66-D010": {"K66-D020": 13.417610543594957}, "K66-U020": {"K66-U030": 211.6092660488902}, "K65-D120": {"K65-D130": 64.66547529055765}, "K65A-D080": {"K65A-D090": 77.57869196158227}, "K66-U120": {"K66-U130": 40.13080994449623}, "K66-U030": {"K66-U040": 171.76998579399066}, "K68-D100": {"K68-D110": 77.19175259287204}, "K66-D170": {"K66-D180": 185.74669057584146}, "K65-D170": {"K65-D180": 87.64121299548363}, "K68-D070": {"K68-D080": 201.761239611549}, "K65-U200": {"K65-U210": 65.53029793084026}, "K65A-D030": {"K65A-D040": 77.76357607016143}, "K65-U110": {"K65-U120": 113.8998497874489}, "K68-D150": {"K68-D160": 83.03193317936112}, "K65-U170": {"K65-U180": 34.151213072145396}, "K65A-U010": {"K65A-U020": 63.29840358769629}, "K66-D090": {"K66-D100": 51.538287377765286}, "K68-D180": {"K68-D190": 57.74819913701175}, "K65-D110": {"K65-D120": 124.37359233086457}, "K65-U060": {"K65-U070": 34.08299924281949}, "K66-U130": {"K66-U140": 47.92845892907048}, "K68-U130": {"K68-U140": 140.69391721789998}, "K65A-D020": {"K65A-D030": 84.96369215224009}, "K66-D060": {"K66-D070": 58.201609710745025}, "K65A-D010": {"K65A-D020": 54.101140184304356}, "K65A-U040": {"K65A-U050": 103.59588674686752}, "K65-U150": {"K65-U160": 49.094280585509864}, "K66-U070": {"K66-U080": 149.57382655840743}, "K66-U170": {"K66-U180": 24.598585074832634}, "K65A-U050": {"K65A-U060": 47.76987826631031}, "K66-D120": {"K66-D130": 56.66562390860304}, "K65A-U120": {"K65A-U130": 99.69874689107867}, "K66-D230": {"K66-D240": 90.13832309539507}, "K66-U210": {"K66-U220": 55.75029687576625}, "K65A-D040": {"K65A-D050": 63.439849506416635}, "K65-U070": {"K65-U080": 59.9552158640303}, "K65-D010": {"K65-D020": 38.3507743434069}, "K65-D090": {"K65-D100": 118.80306584826937}, "K65A-U100": {"K65A-U110": 75.5513238761079}, "K65A-U110": {"K65A-U120": 80.3609944152013}, "K66-U100": {"K66-U110": 79.177570289361}, "K65-U090": {"K65-U100": 56.23399123530892}, "K66-D070": {"K66-D080": 64.0327595205163}, "K65-D060": {"K65-D070": 89.18408774755174}, "K66-D030": {"K66-D040": 68.13830711632043}, "K65-D020": {"K65-D030": 82.88564755725601}, "K65-D100": {"K65-D110": 259.7773970732084}, "K66-U090": {"K66-U100": 42.73005833666037}, "K68-D140": {"K68-D150": 54.83084338435}, "K68-U150": {"K68-U160": 94.01916884030001}, "K65-D050": {"K65-D060": 52.41183679744116}, "K65-U050": {"K65-U060": 107.55345578211598}, "K65A-D070": {"K65A-D080": 155.15149413945923}, "K65-D070": {"K65-D080": 136.13195757580732}, "K65-U020": {"K65-U030": 121.01257853510131}, "K66-D200": {"K66-D210": 148.4076629716359}, "K65-U120": {"K65-U130": 186.03441790769412}, "K65-U130": {"K65-U140": 35.58938776585261}, "K65-D130": {"K65-D140": 107.5865956338494}, "K65-D150": {"K65-D160": 130.21678016787996}, "K66-D080": {"K66-D090": 69.01838840211796}, "K66-U190": {"K66-U200": 53.29880298226776}, "K65A-D090": {"K65A-D100": 143.62208489447366}, "K68-U160": {"K68-U170": 68.07014679547021}, "K65-U190": {"K65-U200": 48.6863609393213}, "K68-D090": {"K68-D100": 181.82225712646718}, "K68-U010": {"K68-U020": 97.26165923230658}, "K68-D040": {"K68-D050": 143.76898741753283}, "K66-U180": {"K66-U190": 46.210248773173596}, "K65-D160": {"K65-D170": 138.90205576673517}, "K68-U020": {"K68-U030": 40.41150410000001}, "K66-U110": {"K66-U120": 38.567959839055604}, "K65-U180": {"K65-U190": 68.24624710824294}, "K68-D160": {"K68-D170": 72.67505339797525}, "K68-U120": {"K68-U130": 115.19200000000001}, "K66-U150": {"K66-U160": 43.26137608976775}, "K65-D040": {"K65-D050": 62.448593515864765}, "K66-U080": {"K66-U090": 167.51608419413208}, "K68-U170": {"K68-D010": 186.59095067713153}, "K65-D140": {"K65-D150": 122.27002453760785}, "K66-U200": {"K66-U210": 48.89934611637003}, "K68-D020": {"K68-D030": 90.40265072909126}, "K65-U140": {"K65-U150": 88.62815588917682}, "K66-D130": {"K66-D140": 57.06957458618501}, "K66-D140": {"K66-D150": 93.0452082991045}, "K66-D100": {"K66-D110": 57.69151224137727}, "K65-U040": {"K65-U050": 83.23441725178094}, "K68-U050": {"K68-U060": 47.95566831000001}, "K68-D200": {"K68-U011": 78.27703640354255}, "K68-D120": {"K68-D130": 189.7154016371}, "K66-D020": {"K66-D030": 69.56985271598542}, "K68-D170": {"K68-D180": 71.5763682474}, "K68-U060": {"K68-U070": 114.31165402520003}, "K66-D210": {"K66-D220": 160.39621917991101}, "K65-U160": {"K65-U170": 48.56798996611049}, "K68-D080": {"K68-D090": 72.04399487142003}, "K65-U100": {"K65-U110": 137.47712402311032}, "K68-D130": {"K68-D140": 47.955248048131416}, "K68-D010": {"K68-D020": 48.330071655500014}, "K68-U140": {"K68-U150": 51.4596093814}, "K68-D110": {"K68-D120": 89.07869226732801}, "K68-D060": {"K68-D070": 85.99107607530001}, "K68-U090": {"K68-U100": 163.39060555236}, "K68-D030": {"K68-D040": 91.30000000000001}, "K66-U060": {"K66-U070": 130.46584010799273}, "K65-U210": {"K65-U220": 73.47162542772118}, "K68-U030": {"K68-U040": 31.078030579564093}, "K68-U070": {"K68-U080": 15.204162553710002}, "K68-U110": {"K68-U120": 229.89200000000005}}