{"K73-D140": {"K73-D150": 220.0319729356144}, "K73-U030": {"K73-U040": 96.96838009985288}, "K73-U110": {"K73-U120": 240.66098914846043}, "K74-U080": {"K74-U090": 226.14792798089542}, "K76-D010": {"K76-D020": 320.19563038344927}, "K73-U100": {"K73-U110": 285.78977826017564}, "K73-U040": {"K73-U050": 111.0152504882481, "K73-U060": 227.80306614856926}, "K75A-D040": {"K75A-D050": 64.47170545334846}, "K75P-D030": {"K75P-D040": 161.52721150289682}, "K75P-U110": {"K75P-U120": 94.1404312460065}, "K75P-U090": {"K75P-U100": 37.424649286003344}, "K74-D090": {"K74-U011": 68.59028645440333}, "K73-U060": {"K73-U070": 140.80205154818546}, "K73-U080": {"K73-U110": 441.3958144221222, "K73-U090": 286.3198915282424}, "K75A-D030": {"K75A-D040": 59.00861201472751}, "K74-U020": {"K74-U030": 141.25717856374348}, "K75P-U050": {"K75P-U060": 145.8229253392522}, "K75P-U130": {"K75P-U140": 54.76663940342966}, "K73-D090": {"K73-D100": 82.30252854948009}, "K76-U030": {"K76-U040": 166.34926021369333}, "K73-U010": {"K73-U020": 74.04393584789543}, "K74-U060": {"K74-U070": 135.37753079728844}, "K76-D030": {"K76-D040": 59.73704682297116}, "K75P-D020": {"K75P-D030": 38.38174244372856}, "K73-U050": {"K73-U060": 119.55944612154781}, "K73-U090": {"K73-U100": 123.41574384420923}, "K75P-U140": {"K75P-D010": 149.13942769500235}, "K74-D080": {"K74-D090": 173.70678756345998}, "K75P-U080": {"K75P-U090": 37.98136142871414}, "K75P-U070": {"K75P-U080": 102.66613171047784}, "K75A-D100": {"K75A-D110": 106.032817514889}, "K74-U001": {"K74-U004": 149.85798025631405}, "K76-U010": {"K76-U020": 48.15790358633632}, "K75A-D010": {"K75A-D020": 227.6388363346929}, "K74-U050": {"K74-U060": 250.83636097434447}, "K73-U070": {"K73-U080": 169.68769963574263}, "K74-U040": {"K74-U050": 169.79619526506843}, "K74-U011": {"K74-D100": 170.95880992524428}, "K75P-U040": {"K75P-U050": 112.53587302822173}, "K76-U040": {"K76-U050": 104.51332776564918}, "K73-U020": {"K73-U030": 198.56192323766533}, "K75P-U020": {"K75P-U030": 110.22759463777456}, "K75A-U010": {"K75A-U020": 42.23926791130252}, "K74-U007": {"K74-U010": 298.3870105616743}, "K76-D020": {"K76-D030": 133.52564339201692}, "K76-U020": {"K76-U030": 159.31961938535954}, "K73-D040": {"K73-D050": 72.48155276457996}, "K74-U004": {"K74-U007": 125.52068386794956}, "K75A-D110": {"K75A-U011": 232.0926800063606}, "K75P-D010": {"K75P-D020": 152.70133782772615}, "K75P-U010": {"K75P-U020": 92.59415837568181}, "K73-D080": {"K73-D090": 248.1327666939149}, "K75A-U030": {"K75A-D010": 242.5537980606245}, "K75P-D060": {"K75P-D070": 197.85159133892833}, "K73-D050": {"K73-D070": 98.15469377841939}, "K75P-D050": {"K75P-D060": 102.13273198505696}, "K74-U070": {"K74-U080": 150.88901256463475}, "K75A-D060": {"K75A-D070": 45.0032698870018}, "K73-D110": {"K73-D120": 61.977054241317134}, "K75P-U120": {"K75P-U130": 69.7934467121168}, "K75P-D040": {"K75P-D050": 178.14577730916696}, "K75A-D080": {"K75A-D090": 106.82504842306612}, "K73-D130": {"K73-D140": 128.5717656068695}, "K74-D050": {"K74-D060": 103.45659118364706}, "K75A-D070": {"K75A-D080": 64.03171135689671}, "K73-D070": {"K73-D080": 184.22525157458614}, "K75A-D020": {"K75A-D030": 28.249474970596378}, "K75P-U100": {"K75P-U110": 64.99367260295884}, "K75A-D090": {"K75A-D100": 51.99736267806496}, "K73-D020": {"K73-D030": 65.26749995776947}, "K73-D100": {"K73-D110": 196.66595063545952}, "K75P-U030": {"K75P-U040": 135.48401246623817}, "K74-U100": {"K74-D010": 112.03450699262915}, "K74-U030": {"K74-U040": 305.5434262161832}, "K75P-D070": {"K75P-D080": 94.95517745669804}, "K74-U010": {"K74-U020": 210.97483136228325}, "K73-D120": {"K73-D130": 101.23819523835559}, "K73-D030": {"K73-D040": 116.31166518140863}, "K75A-D050": {"K75A-D060": 119.96756673698003}, "K74-D100": {"K74-D110": 92.9111367132721}, "K74-U090": {"K74-U100": 194.86580525322336}, "K75P-U060": {"K75P-U070": 30.68573952319905}, "K73-D010": {"K73-D020": 71.3504009715944}, "K74-D010": {"K74-D020": 170.18062853365456}, "K74-D030": {"K74-D040": 133.55465643452922}, "K75A-U020": {"K75A-U030": 128.81172206195197}, "K75P-D080": {"K75P-U011": 161.6139195301359}, "K74-D070": {"K74-D080": 260.0222705748831}, "K74-D040": {"K74-D050": 89.36447508}, "K74-D020": {"K74-D030": 145.02339764528094}, "K74-D060": {"K74-D070": 191.79825233575355}, "K73-D150": {"K73-D160": 109.93625313175914}, "K74-D110": {"K74-U002": 171.80400868856046}, "K75S-U040": {"K75S-D010": 56.60544897414}, "K75S-U030": {"K75S-U040": 106.54930000000002}, "K75S-D020": {"K75S-D030": 172.52541569890002}, "K75S-D010": {"K75S-D020": 196.05753420000002}, "K75S-U010": {"K75S-U020": 45.99870000000001}, "K75S-D030": {"K75S-U011": 185.28225795776402}, "K76S-U010": {"K76S-U015": 112.853972}, "K75S-U020": {"K75S-U030": 128.70000000000002}, "K76S-U015": {"K76S-U020": 146.08}, "K76S-U020": {"K76S-U030": 157.3}}