{"KOT": {"MKK": 144.67468200269144, "SKM": 47.49986205297341, "TAW": 280.97563845005976, "LOF": 81.84593648881494}, "KOW": {"TSY": 496.8864091888969, "HOK": 177.7421002097681, "OLY": 131.10867971922616}, "KOB": {"CHH": 160.8513801731603, "NTK": 71.93225399409387}}