{"KSR": {"TWW": 519.4926647433908, "YUL": 213.70851137622662}}