{"KWT": {"LAT": 85.89177998074756, "NTK": 78.91659256328936}, "KWH": {"KWF": 85.62785313271205, "TWH": 167.20705232276768}, "KWF": {"LAK": 145.76550155019734, "KWH": 132.42785469474083}}