{"LCK": {"CSW": 91.4100843315186, "MEF": 130.30834151274036}}