{"LET": {"WCH": 153.7398529897915, "SOH": 109.79432051921351}}