{"MEF": {"NAC": 178.26379882000646, "LCK": 114.83603995508092, "LAK": 133.35110149122434, "TWW": 334.81859500390414}}