{"MKK": {"KOT": 131.22419925632857, "HUH": 193.16839169740237}}