{"MOK": {"PRE": 119.92260496228678, "YMT": 126.21934364878825}, "MOS": {"HEO": 120.013845767893, "WKS": 158.31715729365735}}