{"NAC": {"OLY": 97.6354961697986, "LAK": 251.56915726751276, "MEF": 160.7684673621936, "AUS": 214.3285860027544}}