{"NTK": {"KOB": 95.73257150192045, "KWT": 87.66856952894852}}