{"OCP": {"ADM": 287.63197908502514, "WCH": 132.02058137336104}}