{"PRE": {"SKM": 106.21388034874424, "MOK": 114.9131638828901, "SSP": 131.7040161751807}}