{"SIH": {"TIS": 328.35404129943925, "TUM": 154.45979989193663}}