{"SWH": {"SKW": 124.6833057094829, "TAK": 88.17419522239763}}