{"SYP": {"HKU": 86.83733197475982, "SHW": 124.35001013995718}}