{"TUM": {"SIH": 146.5485655909443}, "TUC": {"SUN": 706.8838681534369}}