{"TWO": {"TAP": 167.46504897964502, "FAN": 333.066834573734}, "TWW": {"MEF": 317.531304523934, "KSR": 546.6902660995005}, "TWH": {"KWH": 78.33522591215366, "TSW": 81.69031230377462}}