{"UNI": {"FOT": 190.95719520133093, "TAP": 336.395564595667}}