{"YUL": {"KSR": 209.4436889001573, "LOP": 106.799009662662}}