{"AUS": {"ETS": 145.8067378188201, "NAC": 201.4890364011865}}