{"CSW": {"SSP": 129.07827329847626, "LCK": 128.85818201001797}}