{"DIS": {"SUN": 198.58233387484285}, "DIH": {"HIK": 306.1229823915835, "WTS": 122.1200247884371, "KAT": 138.3066916270337, "CHH": 126.30806196164819}}