{"ETS": {"AUS": 179.3862777791764, "HUH": 181.87887064898064}}