{"HAH": {"TKO": 166.6095615438062, "POA": 123.64491575851437}}