{"HOK": {"KOW": 201.24979119556343}, "HOM": {"HUH": 132.90428744916593, "TKW": 141.36255887273896, "YMT": 168.37360520643833, "WHA": 73.70304963140367}}