{"HUH": {"EXC": 200.29593146496174, "MKK": 203.5031062006995, "ETS": 193.5507763505071, "HOM": 124.1521437002361}}