{"K18-D020": {"K18-D030": 36.78656687045546}, "K17-U030": {"K17-U040": 28.598481936266374}, "K18-U010": {"K18-U020": 234.5477836108765}, "K18-D010": {"K18-D020": 239.31307390762635}, "K17-U010": {"K17-U020": 251.58321424763807}, "K18-U020": {"K18-U030": 58.30102314146289}, "K17-U020": {"K17-U030": 121.29542134216804}, "K17-D020": {"K17-D030": 30.33598171027366}, "K17-D010": {"K17-D020": 271.15001771891787}}