{"K66-D110": {"K66-D120": 17.96228765521294}, "K65-U060": {"K65-U070": 27.13007740727543}, "K66-D210": {"K66-D220": 123.61012203038334}, "K66-D120": {"K66-D130": 56.3418162285}, "K65-U190": {"K65-U200": 30.412930410235315}, "K66-U160": {"K66-U170": 53.46759593899138}, "K65-D060": {"K65-D070": 51.55345501218001}, "K66-U040": {"K66-U050": 106.2762165001}, "K66-U170": {"K66-U180": 33.79053817811188}, "K65-U130": {"K65-U140": 80.94408907361353}, "K65-U220": {"K65-U230": 71.6174000213986}, "K68-D140": {"K68-D150": 27.61625923668937}, "K65-U140": {"K65-U150": 87.40908025377237}, "K65-U160": {"K65-U170": 52.39727299389824}, "K65-U180": {"K65-U190": 73.18775995963844}, "K65-U080": {"K65-U090": 107.13960735644517}, "K65-U100": {"K65-U110": 122.22325124361755}, "K66-D140": {"K66-D150": 60.935288799694185}, "K68-D070": {"K68-D080": 176.96329285614806}, "K66-D020": {"K66-D030": 48.554722264880006}, "K66-D170": {"K66-D180": 162.03654665}, "K65-D180": {"K65-D190": 87.59221927110443}, "K68-D180": {"K68-D190": 22.391656251019207}, "K66-D190": {"K66-D200": 66.44556036347879}, "K66-D160": {"K66-D170": 108.63439050779016}, "K65-D160": {"K65-D170": 119.40771230475828}, "K66-U190": {"K66-U200": 68.63615849085053}, "K68-D200": {"K68-U011": 55.967073488340006}, "K66-D230": {"K66-D240": 78.64090194999999}, "K65-D170": {"K65-D180": 76.88827682986413}, "K65-U120": {"K65-U130": 172.42791890206755}, "K65-D140": {"K65-D150": 92.33418568716993}, "K66-U140": {"K66-U150": 50.9203834155325}, "K65-U040": {"K65-U050": 78.34896771300994}, "K65-U210": {"K65-U220": 75.57530992341964}, "K66-D050": {"K66-D060": 20.2399866}, "K66-D030": {"K66-D040": 49.16895000000001}, "K66-U150": {"K66-U160": 54.84164983301106}, "K66-U010": {"K66-U020": 106.79784155700001}, "K65-U050": {"K65-U060": 80.21982206576428}, "K65-U200": {"K65-U210": 47.843833511204835}, "K68-U110": {"K68-U120": 172.61601000000002}, "K65-U170": {"K65-U180": 45.61873365413145}, "K65-D110": {"K65-D120": 91.408269966805}, "K68-D060": {"K68-D070": 80.30434328999999}, "K65-U110": {"K65-U120": 91.371427685763}, "K66-U070": {"K66-U080": 158.2220595073}, "K65-D120": {"K65-D130": 47.30497499120462}, "K65-D100": {"K65-D110": 157.75274046997757}, "K65-D150": {"K65-D160": 81.58235315326507}, "K66-U120": {"K66-U130": 45.5021161213143}, "K65-U030": {"K65-U040": 66.37977269145509}, "K68-D110": {"K68-D120": 82.60784042181001}, "K66-U090": {"K66-U100": 48.813568495878016}, "K68-U050": {"K68-U060": 52.36}, "K66-U060": {"K66-U070": 146.67465023889017}, "K66-D130": {"K66-D140": 31.25631045}, "K66-U080": {"K66-U090": 141.36897479443206}, "K66-U030": {"K66-U040": 154.2751383169414}, "K65-D130": {"K65-D140": 68.49598565477001}, "K66-D010": {"K66-D020": 13.666698811}, "K68-D050": {"K68-D060": 39.77294400000001}, "K65-U090": {"K65-U100": 45.83939631836763}, "K65-D020": {"K65-D030": 53.017489999999995}, "K68-U150": {"K68-U160": 64.65822000000001}, "K66-U210": {"K66-U220": 47.5488031558509}, "K66-U110": {"K66-U120": 38.55567941034984}, "K68-D080": {"K68-D090": 66.01795388138771}, "K66-U180": {"K66-U190": 62.422261414976255}, "K65-D040": {"K65-D050": 63.60625}, "K68-D160": {"K68-D170": 78.47023116027923}, "K68-D150": {"K68-D160": 54.577804424709804}, "K66-D220": {"K66-D230": 71.46494113933001}, "K66-D060": {"K66-D070": 23.3631514667314}, "K66-D070": {"K66-D080": 25.481474000000002}, "K65-U020": {"K65-U030": 95.87622232245035}, "K65-D090": {"K65-D100": 82.8666629173}, "K68-U160": {"K68-U170": 56.86242834100001}, "K66-D200": {"K66-D210": 88.96582984869637}, "K68-D190": {"K68-D200": 54.25013308068402}, "K68-U090": {"K68-U100": 112.75}, "K65-D070": {"K65-D080": 76.642340484}, "K65-U070": {"K65-U080": 51.005019215263374}, "K66-U050": {"K66-U060": 37.46689588073001}, "K68-U120": {"K68-U130": 148.06}, "K66-U130": {"K66-U140": 52.285072632010646}, "K66-D090": {"K66-D100": 32.44325123810891}, "K68-D130": {"K68-D140": 60.82535373661999}, "K66-U200": {"K66-U210": 56.887345850932014}, "K68-U170": {"K68-D010": 127.93475767150002}, "K66-U020": {"K66-U030": 166.692446}, "K65-D080": {"K65-D090": 40.01608841600001}, "K66-D080": {"K66-D090": 34.760930515951586}, "K65-U150": {"K65-U160": 49.12565840435003}, "K68-D120": {"K68-D130": 156.92873701384923}, "K65-D010": {"K65-D020": 39.05042400000001}, "K68-D030": {"K68-D040": 54.37058499999999}, "K65-U010": {"K65-U020": 224.2659802683806}, "K66-D150": {"K66-D160": 87.60761042172001}, "K66-D100": {"K66-D110": 25.216157999999997}, "K68-D100": {"K68-D110": 73.4833556386032}, "K66-U100": {"K66-U110": 66.81142364291698}, "K65-D050": {"K65-D060": 56.924903610000015}, "K65-D030": {"K65-D040": 42.35900008127099}, "K68-D010": {"K68-D020": 47.35466629000001}, "K66-D040": {"K66-D050": 24.928672537430003}, "K68-D090": {"K68-D100": 131.34913609617496}, "K66-D180": {"K66-D190": 49.586139}, "K68-U070": {"K68-U080": 41.800000000000004}, "K68-D040": {"K68-D050": 83.97688100000002}, "K68-D020": {"K68-D030": 68.4718947}, "K68-D170": {"K68-D180": 51.02587943}, "K68-U130": {"K68-U140": 148.46870000000004}, "K68-U140": {"K68-U150": 32.010000000000005}, "K68-U080": {"K68-U090": 39.6}, "K68-U060": {"K68-U070": 100.10000000000001}, "K68-U020": {"K68-U030": 33.0}, "K68-U100": {"K68-U110": 190.86}}