{"KOB": {"NTK": 132.05083690437965, "CHH": 184.97510499425024}, "KOW": {"HOK": 177.74210020415939, "TSY": 504.05124706423305, "OLY": 135.44532153801214}, "KOT": {"TAW": 332.72910727552255, "LOF": 114.9985466030475, "SKM": 128.5849810358485, "MKK": 205.32240163531642}}