{"KWF": {"KWH": 118.78418877545478, "LAK": 165.7704603373175}, "KWH": {"KWF": 127.68177256669512, "TWH": 140.86416512782628}, "KWT": {"LAT": 128.985045368379, "NTK": 120.94553610434284}}