{"LCK": {"MEF": 127.22240969934572, "CSW": 119.50689815675082}}