{"LET": {"WCH": 162.0868162069894, "SOH": 102.73243563397227}}