{"MEF": {"TWW": 317.7965455767865, "LAK": 156.942881348209, "NAC": 187.23871486805407, "LCK": 130.6370222563997}}