{"MKK": {"KOT": 124.4689002321887, "HUH": 124.43684447825663}}