{"MOK": {"PRE": 125.66779508421276, "YMT": 130.7204423264809}, "MOS": {"WKS": 160.5050762727262, "HEO": 137.15684879999998}}