{"NAC": {"AUS": 198.55322877513441, "LAK": 242.3094380497966, "MEF": 191.7308110259149, "OLY": 85.06483562524139}}