{"NOP": {"QUB": 130.8819172777276, "FOH": 125.65232677794552}}