{"NTK": {"KOB": 131.3103518761622, "KWT": 125.15234765039561}}