{"OLY": {"KOW": 131.00996983057425, "NAC": 130.44838319577187}}