{"PRE": {"MOK": 127.82971793748113, "SKM": 123.77924466684658, "SSP": 129.1828813766418}}