{"QUB": {"NOP": 124.60008407056003, "YAT": 262.90474876921775, "TAK": 128.8420975150337}}