{"SHS": {"FAN": 160.3953217670416, "LMC": 477.81857107711477, "LOW": 261.75463369810205}, "SHT": {"FOT": 175.79014263303557, "TAW": 198.26696100162124}, "SHW": {"CEN": 111.19168938720046, "SYP": 139.70966320416073}, "SHM": {"CIO": 125.27855983107933, "TSH": 234.1078850584373}}