{"SKM": {"KOT": 149.2311588421252, "PRE": 129.6204589407016}, "SKW": {"SWH": 98.78337144422912, "HFC": 152.7875455307569}}