{"STW": {"CIO": 147.18216594201846, "CKT": 133.08145989869405}}