{"SWH": {"TAK": 121.91028703642499, "SKW": 127.94096334164223}}