{"SYP": {"HKU": 97.06947957365892, "SHW": 140.33379472289076}}