{"TAP": {"TWO": 212.3081701737894, "UNI": 396.1732703227283}, "TAW": {"HIK": 154.07148181241675, "KOT": 316.305210891055, "SHT": 158.28920499443592, "CKT": 219.074626642383}, "TAK": {"SWH": 122.48598537111552, "QUB": 127.53968131327227}}