{"TIH": {"CAB": 126.40183017680594, "FOH": 95.78544087209042}, "TIK": {"YAT": 139.67051910781942, "TKO": 279.44556953924194}, "TIS": {"LOP": 178.98262458668418, "SIH": 361.2611734525458}}