{"TKO": {"TIK": 274.82940029308963, "LHP": 132.0594940398725, "HAH": 171.52599156120465}, "TKW": {"SUW": 124.60433255978293, "HOM": 132.14255866543533}}