{"TUC": {"SUN": 557.8190435229477}, "TUM": {"SIH": 146.34984723818965}}