{"TWO": {"FAN": 302.18106176038293, "TAP": 207.62282101631018}, "TWW": {"KSR": 464.7240633494589, "MEF": 305.07594453015366}, "TWH": {"KWH": 144.2620741269364, "TSW": 69.72457308050045}}