{"WAC": {"CAB": 191.12399731490473, "ADM": 131.3777248253453}}