{"WTS": {"DIH": 118.97088992529234, "LOF": 128.24475493042223}}