{"1": {"6": 59.966027548214626, "2": 50.80967383930774}}