{"5": {"6": 150.6488490935514, "305": 76.63041273519158}}