{"AIR": {"TSY": 1516.5569761259608, "AWE": 124.56196256960504}}