{"CIO": {"SHM": 118.135087694058, "STW": 155.31458304660003}}