{"CSW": {"SSP": 126.73515165637698, "LCK": 131.46618108335133}}