{"ETS": {"HUH": 167.68659129171974, "AUS": 71.11026000000001}}