{"EXC": {"HUH": 155.17789487130648, "ADM": 80.68494344824997}}