{"FOT": {"SHT": 182.40673261266073, "UNI": 225.1249210465052}, "FOH": {"TIH": 127.22797398525029, "NOP": 129.8931200145784}}