{"HAH": {"TKO": 172.87716704607666, "POA": 128.228272909399}}