{"HOM": {"TKW": 135.6090891658518, "YMT": 157.9423453152891, "HUH": 127.42073764573797, "WHA": 76.75299722450576}, "HOK": {"KOW": 197.9720261929674}}