{"JOR": {"YMT": 123.7490840152229, "TST": 124.76095515468133}}