{"K53-U060": {"K53-U070": 60.97838022930766}, "K53-U030": {"K53-U040": 169.5206001804115}, "K52-nU290": {"K52-nU300": 44.553456511169486}, "K54-D020": {"K54-D030": 185.23553680545905}, "K52-nD250": {"K52-nD260": 156.76862577246374}, "K51-D060": {"K51-D070": 34.220659999999995}, "K52-nD190": {"K52-nD200": 121.47729212274082}, "K54-U030": {"K54-U040": 101.73584389999999}, "K52-nU280": {"K52-nU290": 45.02742167415343}, "K52A-D060": {"K52A-D070": 129.34768316859828}, "K53-U010": {"K53-U020": 246.10745178263784}, "K51-U140": {"K51-U150": 47.85968102680415}, "K52-nD020": {"K52-nD030": 10.224663860004}, "K52-nU200": {"K52-nU210": 69.41975896163224}, "K53-U110": {"K53-U120": 80.71447592375833}, "K53-U140": {"K53-D010": 80.92940875892138}, "K51-U230": {"K51-U240": 73.38372248992609}, "K52A-U170": {"K52A-U180": 275.34158758713727}, "K53-U020": {"K53-U030": 127.07435696703189, "K53-D160": 505.1605849360691}, "K51-U210": {"K51-U220": 41.1608645931945}, "K52-nU080": {"K52-nU090": 64.52423036646586}, "K53-U120": {"K53-U130": 63.8708070558596}, "K53-U070": {"K53-U080": 40.561543563017416}, "K54-D060": {"K54-D070": 130.3953307098673}, "K52-nD110": {"K52-nD120": 142.0152550242857}, "K53-D110": {"K53-D120": 133.2235690244178}, "K51-U200": {"K51-U210": 81.50059043607212}, "K52-nU190": {"K52-nU200": 108.60134577911921}, "K53-D020": {"K53-D030": 94.19429992125194}, "K52-nU160": {"K52-nU170": 35.830666672642046}, "K51-D220": {"K51-D230": 232.37375977739998}, "K53-U050": {"K53-U060": 117.3462303510664}, "K52-nD280": {"K52-nD290": 79.94960208756402}, "K53-D140": {"K53-D150": 114.71484737641875}, "K52-nU260": {"K52-nU270": 57.53997911445687}, "K51-D080": {"K51-D090": 91.8163357310713}, "K52-nU220": {"K52-nU230": 82.54475503058316}, "K52-nU210": {"K52-nU220": 69.69462921019813}, "K53-D130": {"K53-D140": 66.96984312741654}, "K52-nD090": {"K52-nD100": 47.38710932126001}, "K53-D120": {"K53-D130": 51.99545918820352}, "K52-nD130": {"K52-nD140": 69.53914574127113}, "K52-nD170": {"K52-nD180": 84.79784476857203}, "K51-D170": {"K51-D180": 81.64644513166549}, "K52-nD150": {"K52-nD160": 78.08480990554118}, "K53-U080": {"K53-U090": 65.31433801676913}, "K52-nD220": {"K52-nD230": 113.06798380306438}, "K51-U130": {"K51-U140": 56.26912249627272}, "K53-U040": {"K53-U050": 119.3633127668699}, "K51-D280": {"K51-D290": 76.2058355923194}, "K53-D060": {"K53-D070": 112.62722369528544}, "K53-U100": {"K53-U110": 62.975940658816384}, "K53-U130": {"K53-U140": 47.5070583117844}, "K53-D015": {"K53-D020": 49.43316169604406}, "K52-nD270": {"K52-nD280": 73.72421420390519}, "K51-U060": {"K51-U070": 244.3522573698172}, "K54-D010": {"K54-D020": 118.88400721755215}, "K53-D040": {"K53-D050": 57.82556584040484}, "K52A-U140": {"K52A-U150": 160.35861664191674}, "K54-D040": {"K54-D050": 155.32773512301736}, "K51-D230": {"K51-D240": 71.16083672423056}, "K51-U040": {"K51-U050": 105.1147568285915}, "K53-D050": {"K53-D060": 64.18991331997425}, "K52-nD040": {"K52-nD050": 11.376419088109003}, "K51-D010": {"K51-D020": 74.62904482040001}, "K51-D030": {"K51-D040": 38.29626832250001}, "K51-U080": {"K51-U090": 148.37150975551108}, "K52-nU150": {"K52-nU160": 75.33153022555003}, "K52-nD210": {"K52-nD220": 169.90526862765552}, "K52-nU010": {"K52-nU020": 34.919115999999995}, "K52-nD050": {"K52-nD060": 30.250173267003532}, "K53-D150": {"K53-D160": 115.35951230074166}, "K52-nU300": {"K52-nU310": 39.80954870296858}, "K54-D050": {"K54-D060": 79.80453585970233}, "K51-D200": {"K51-D210": 108.18683190524268}, "K51-U220": {"K51-U230": 46.56716476028501}, "K52-nU110": {"K52-nU120": 130.06726794100896}, "K53-D090": {"K53-D100": 35.311164428693004}, "K52-nD140": {"K52-nD150": 95.33867483228913}, "K52-nD160": {"K52-nD170": 121.29017854974533}, "K52-nU230": {"K52-nU240": 62.6377583988503}, "K52-nD180": {"K52-nD190": 118.68740877596437}, "K51-D180": {"K51-D190": 122.33507906940459}, "K52-nU140": {"K52-nU150": 112.68102327941631}, "K52-nD290": {"K52-nD300": 100.03708387566384}, "K52-nU170": {"K52-nU180": 112.1192453430006}, "K51-D240": {"K51-D250": 108.61538905971092}, "K54-U020": {"K54-U030": 80.78861491000002}, "K51-D120": {"K51-D130": 37.25478797371001}, "K51-U090": {"K51-U100": 129.18949141797873}, "K51-U160": {"K51-U170": 87.3917360376334}, "K51-U050": {"K51-U060": 263.98231458077936}, "K51-D100": {"K51-D110": 121.38938449108261}, "K51-D190": {"K51-D200": 121.33239921700087}, "K52A-D010": {"K52A-D020": 277.22432317638686}, "K52-nU120": {"K52-nU140": 91.81346011939202}, "K51-D110": {"K51-D120": 44.384762769220906}, "K53-U090": {"K53-U100": 84.45848249534758}, "K51-D250": {"K51-D260": 163.36608061551058}, "K51-U120": {"K51-U130": 109.08604891970852}, "K52-nD030": {"K52-nD040": 16.198783217408}, "K51-U170": {"K51-U180": 65.13614440132008}, "K53-D030": {"K53-D040": 56.47050747223584}, "K51-D140": {"K51-D150": 54.43699551739601}, "K52-nU240": {"K52-nU250": 44.68110376701}, "K51-D270": {"K51-D280": 70.68140003160292}, "K51-U030": {"K51-U040": 52.186228404807366}, "K53-D010": {"K53-D015": 87.28135022456883}, "K51-D070": {"K51-D080": 43.86909011142106}, "K52-nU250": {"K52-nU260": 57.2185476940986}, "K51-U180": {"K51-U190": 96.46504637602017}, "K52-nU180": {"K52-nU190": 56.26897943942551}, "K51-U190": {"K51-U200": 72.04869141077234}, "K52-nU040": {"K52-nU050": 47.59763588763}, "K51-U110": {"K51-U120": 111.3764644318009}, "K54-U040": {"K54-U050": 106.996428}, "K53-D070": {"K53-D080": 43.199608397225646}, "K51-U070": {"K51-U080": 164.14062371474424}, "K51-D260": {"K51-D270": 49.41103983927465}, "K51-U010": {"K51-U020": 33.0387454554043}, "K52-nD230": {"K52-nD240": 155.98481066224684}, "K51-D130": {"K51-D140": 53.4455212640341}, "K51-D090": {"K51-D100": 79.88804775800764}, "K53-D100": {"K53-D110": 57.09911064530949}, "K52-nU090": {"K52-nU100": 84.7638494650115}, "K54-U070": {"K54-D010": 123.35802753879003}, "K54-U010": {"K54-U020": 71.77499999999999}, "K54-D030": {"K54-D040": 66.52011014656173}, "K51-D210": {"K51-D220": 106.12624459197608}, "K51-U100": {"K51-U110": 173.10702173083726}, "K52-nU100": {"K52-nU110": 119.188545439396}, "K51-D020": {"K51-D030": 49.10954622690001}, "K51-D040": {"K51-D050": 39.10573900848048}, "K52-nD260": {"K52-nD270": 50.925322867785994}, "K51-U150": {"K51-U160": 69.31862576084619}, "K54-U050": {"K54-U060": 287.32385739821206}, "K53-D080": {"K53-D090": 95.34424199836272}, "K52-nU060": {"K52-nU070": 92.16995564}, "K52-nU070": {"K52-nU080": 81.16553200127191}, "K52-nU020": {"K52-nU030": 61.257486618899996}, "K51-D150": {"K51-D160": 142.9537675758109}, "K52-nD060": {"K52-nD070": 126.8415634342256}, "K52-nU030": {"K52-nU040": 99.07592288}, "K51-D050": {"K51-D060": 41.76314341}, "K52-nD200": {"K52-nD210": 108.47533241900003}, "K52-nD120": {"K52-nD130": 34.301257915282356}, "K52-nD010": {"K52-nD020": 113.53881737000002}, "K52-nU270": {"K52-nU280": 174.8819120859382}, "K52-nD070": {"K52-nD080": 91.795788801018}, "K52-nD100": {"K52-nD110": 51.53181822250001}, "K51-U020": {"K51-U030": 85.26955628721393}, "K54A-U040": {"K54A-U050": 119.92070793533722}, "K54A-D010": {"K54A-D020": 229.6845969272053}, "K54A-U010": {"K54A-U020": 60.50744032325896}, "K54A-U030": {"K54A-U040": 101.03486130788744}, "K54A-D020": {"K54A-D030": 171.79578701324294}, "K54A-U020": {"K54A-U030": 76.13707968925286}, "K54A-D040": {"K54A-D050": 137.2382944754857}, "K52-nD240": {"K52-nD250": 135.1962068528079}, "K54A-D030": {"K54A-D040": 87.44419505355768}, "K52-nD080": {"K52-nD090": 46.634034863965375}, "K51-D160": {"K51-D170": 46.781733292538796}, "K54-U060": {"K54-U070": 187.70929288677064}, "K51-U240": {"K51-U250": 105.95536277530312}, "K52-nU050": {"K52-nU060": 198.8772520587707}, "K53-D160": {"K53-U011": 178.46652984023794}}