{"KAT": {"DIH": 134.013275817, "SUW": 67.7783124117876}}