{"KOW": {"OLY": 134.78196310088828, "HOK": 177.7421000270744, "TSY": 532.7289546327088}, "KOT": {"MKK": 186.8382735438243, "TAW": 300.2356893119159, "LOF": 126.72796547027102, "SKM": 131.43375431694443}, "KOB": {"CHH": 186.9902615104429, "NTK": 128.34022617138444}}