{"KSR": {"TWW": 683.4837031925867, "YUL": 238.30206096054167}}