{"LAK": {"NAC": 266.5931881731019, "TSY": 195.05686491053513, "MEF": 141.28098162202403, "KWF": 146.35654400093557}, "LAT": {"KWT": 130.0509421870305, "YAT": 127.93371883841795}}