{"LET": {"WCH": 166.7631782923359, "SOH": 106.50122845130599}}