{"NTK": {"KOB": 130.61809633681082, "KWT": 124.39500254399998}}