{"OCP": {"ADM": 287.63197447428735, "WCH": 132.58126300268628}}