{"OLY": {"KOW": 132.02382542208923, "NAC": 133.53242101335223}}