{"PRE": {"MOK": 123.33121183035675, "SKM": 130.14032883447334, "SSP": 124.46234230282111}}