{"QUB": {"YAT": 255.5358031491017, "NOP": 127.4716902741123, "TAK": 130.50196351945198}}