{"SHS": {"FAN": 155.1438661756398, "LOW": 261.7548038606344, "LMC": 475.70648320233875}, "SHT": {"FOT": 176.2247185117625, "TAW": 197.39688982249814}, "SHW": {"SYP": 137.7594903413483, "CEN": 120.70606262554642}, "SHM": {"CIO": 109.44703207858706, "TSH": 225.435769447852}}