{"SIH": {"TUM": 154.43224121021098, "TIS": 366.0082352996995}}