{"SKM": {"PRE": 112.63490341971433, "KOT": 140.669201065139}, "SKW": {"SWH": 121.27450317652999, "HFC": 150.41743462879336}}