{"SWH": {"SKW": 128.09901917035484, "TAK": 119.95797597512065}}