{"TAP": {"UNI": 379.99051236135017, "TWO": 182.03328233443762}, "TAW": {"KOT": 316.46247691693463, "HIK": 162.63379817640003, "SHT": 150.90692193373724, "CKT": 120.12582103888387}, "TAK": {"QUB": 130.95323588606578, "SWH": 124.52214261345846}}