{"TKW": {"HOM": 130.60458044119997, "SUW": 103.64155541340001}, "TKO": {"LHP": 131.30396462385494, "TIK": 200.65826767086065, "HAH": 182.06597318718042}}