{"TSY": {"SUN": 540.4317377412771, "AIR": 1548.507543584175, "LAK": 190.5348650774518, "KOW": 403.8581975290973}, "TSH": {"SHM": 230.75772065680832, "HEO": 122.85312709307998}, "TST": {"JOR": 107.8779107754463, "ADM": 190.46530169501057}, "TSW": {"TWH": 84.81307525079265}}