{"TWO": {"TAP": 205.8521367935178, "FAN": 321.272586967833}, "TWW": {"KSR": 568.6203537720663, "MEF": 300.97126525881197}, "TWH": {"KWH": 139.4864513485264, "TSW": 71.51191500355682}}