{"UNI": {"TAP": 383.46097167469304, "FOT": 199.9164728818521}}