{"WAC": {"ADM": 131.68387197141934, "CAB": 170.17216695355688}}