{"WCH": {"OCP": 149.25824296468664, "LET": 192.84183733099573}}