{"WTS": {"LOF": 130.14415496893056, "DIH": 107.45842390211926}}