{"YUL": {"LOP": 99.92249107206001, "KSR": 256.30031638016465}}