{"CIO": {"STW": 145.7770596464197, "SHM": 148.94951621599995}}