{"CKT": {"TAW": 136.25888303709266, "STW": 142.43494322636246}}