{"CSW": {"LCK": 131.42045459114098, "SSP": 102.60947993000002}}