{"DIH": {"HIK": 303.68921189782895, "WTS": 120.24226979657514, "KAT": 179.43159640000005, "CHH": 113.33814311300625}, "DIS": {"SUN": 198.58233387484285}}