{"FOH": {"NOP": 146.3452293540211, "TIH": 89.69188887478165}, "FOT": {"SHT": 175.35954861997635, "UNI": 190.70684792440179}}