{"HEO": {"TSH": 138.00792939167786, "MOS": 128.47612142}}