{"HFC": {"SKW": 130.40119312599478, "CHW": 1434.514169449601}}