{"HKU": {"SYP": 117.29736766312314, "KET": 93.91752251124291}}