{"HOK": {"KOW": 188.03982885370047}, "HOM": {"HUH": 136.74406109013026, "TKW": 151.67598852966393, "YMT": 161.78923804368108, "WHA": 85.30817747071686}}