{"HUH": {"EXC": 232.09361515535366, "MKK": 218.9714267311189, "ETS": 491.7401973134848, "HOM": 135.80691184400004}}