{"JOR": {"TST": 111.7823530434489, "YMT": 124.5229360436875}}