{"LAK": {"NAC": 269.7392333494407, "KWF": 140.64705502301405, "TSY": 199.09153343586146, "MEF": 134.68490618355725}, "LAT": {"YAT": 83.29086508914234, "KWT": 126.39132739057405}}