{"LCK": {"CSW": 111.97950959804689, "MEF": 128.8235451801181}}