{"LET": {"WCH": 159.45633465028695, "SOH": 101.59447802587431}}