{"LOP": {"YUL": 130.44457848119998, "TIS": 196.2709799048638}, "LOF": {"KOT": 130.77406802274723, "WTS": 112.64698915702631}, "LOW": {"SHS": 261.7548921135963}}