{"LR425": {"LR380": 130.01602950093513, "LR430": 140.34078740041576}, "LR380": {"LR425": 124.71502783285587, "LR390": 154.47975614109913}, "LR500": {"LR455": 120.0}, "LR250": {"LR240": 120.0}, "LR001": {"LR010": 120.0, "LR240": 120.0}, "LR040": {"LR030": 120.0, "LR050": 120.0}, "LR400": {"LR390": 120.0}, "LR330": {"LR340": 120.0}, "LR300": {"LR280": 120.0}, "LR120": {"LR130": 120.0}, "LR050": {"LR200": 120.0}, "LR360": {"LR350": 120.0}, "LR170": {"LR212": 120.0, "LR160": 120.0, "LR200": 120.0}, "LR230": {"LR080": 120.0}, "LR450": {"LR435": 124.91411999999991}, "LR015": {"LR020": 120.0, "LR010": 120.0}, "LR020": {"LR030": 120.0, "LR015": 120.0}, "LR265": {"LR260": 120.0, "LR920": 131.99999999999983}, "LR180": {"LR170": 120.0}, "LR010": {"LR015": 120.0, "LR001": 131.99999999999983}, "LR140": {"LR150": 120.0}, "LR280": {"LR295": 120.0}, "LR240": {"LR250": 120.0, "LR001": 131.99999999999983}, "LR075": {"LR070": 120.0}, "LR070": {"LR295": 120.0}, "LR080": {"LR230": 120.0}, "LR390": {"LR380": 147.3806801148608}, "LR130": {"LR120": 120.0}, "LR435": {"LR430": 131.99999999999983}, "LR590": {"LR600": 132.53283302307256}, "LR455": {"LR500": 131.99999999999983}, "LR340": {"LR100": 131.99999999999983}, "LR150": {"LR140": 131.99999999999983}, "LR110": {"LR100": 131.99999999999983}, "LR510": {"LR500": 131.99999999999983}, "LR445": {"LR430": 131.99999999999983}, "LR600": {"LR590": 143.49268050428537}, "LR430": {"LR425": 140.34078740041576}, "LR480": {"LR550": 131.99999999999983}, "LR448": {"LR445": 131.99999999999983}}