{"MEF": {"TWW": 319.1062645035041, "LCK": 104.32694468887362, "LAK": 147.56331010315512, "NAC": 185.92804072951384}}