{"OCP": {"ADM": 287.63195483487874, "WCH": 114.38629677538579}}