{"OLY": {"NAC": 128.59348786815838, "KOW": 134.288042329649}}