{"QUB": {"YAT": 262.8744134155162, "NOP": 118.53271145720309, "TAK": 89.17779620000002}}