{"SSP": {"CSW": 131.18030397015028, "PRE": 124.72048692199999}}