{"SWH": {"SKW": 127.30651349053251, "TAK": 94.45775042035348}}