{"SYP": {"HKU": 107.8694897193946, "SHW": 136.5870519651175}}