{"TAK": {"SWH": 106.97371812046003, "QUB": 116.44529926539012}, "TAP": {"UNI": 417.71557768159147, "TWO": 132.52463}, "TAW": {"CKT": 141.9367459913, "KOT": 336.33563912784643, "SHT": 183.49022134, "HIK": 171.7639029918636}}