{"TIK": {"YAT": 160.59484513255947, "TKO": 145.929609733799}, "TIH": {"FOH": 97.9208053600465, "CAB": 107.80923445799999}, "TIS": {"LOP": 181.25856908627648, "SIH": 335.8882113869919}}