{"TWO": {"TAP": 155.47465941548305, "FAN": 318.9206035065659}, "TWH": {"KWH": 126.34921883292402, "TSW": 89.05772389327437}, "TWW": {"KSR": 582.4343662041745, "MEF": 309.31100380381156}}