{"UNI": {"FOT": 230.5459096864035, "TAP": 419.5115907289527}}