{"WCH": {"LET": 172.6651101214192, "OCP": 119.88841425755705}}