{"WTS": {"DIH": 109.62460258232227, "LOF": 119.86815834380593}}