{"YUL": {"KSR": 249.67158401475385, "LOP": 128.84101133974775}}