{"1": {"2": 37.59394831219298, "6": 355.6974347991144}}