{"5": {"305": 73.60722907853355, "6": 137.03953681962943}}