{"AIR": {"TSY": 1635.701080925968, "AWE": 124.95631305092908}}