{"CHW": {"HFC": 98.89882155800856}, "CHH": {"DIH": 129.959671347774, "KOB": 149.6560767694038}}