{"CKT": {"STW": 127.04038086534001, "TAW": 114.49783194603253}}