{"CSW": {"LCK": 122.69174915926563, "SSP": 130.18696442655022}}