{"ETS": {"HUH": 156.7193023216386, "AUS": 183.87340751699998}}