{"EXC": {"HUH": 164.22525325640945, "ADM": 88.69138929905972}}