{"K12-D010": {"K12-D020": 190.2320927234223}, "K12-D020": {"K12-D030": 339.1591063750417}, "K17-D020": {"K17-D030": 30.101916050248587}, "K18-U020": {"K18-U030": 64.95114315309648}, "K12-D030": {"K12-D040": 15.794833930093409}, "K18-U010": {"K18-U020": 262.9268637114534}, "K18-D010": {"K18-D020": 240.51422012495468}, "K17-U020": {"K17-U030": 128.95612236595832}, "K17-U030": {"K17-U040": 32.02641148739909}, "K18-D020": {"K18-D030": 39.70507049155466}, "K17-D010": {"K17-D020": 294.7843010960798}, "K12-U020": {"K12-U030": 192.46835563300004}, "K17-U010": {"K17-U020": 302.0508490190103}}