{"K53-U050": {"K53-U060": 145.5063493117469}, "K53-U060": {"K53-U070": 63.298183782209776}, "K54-U050": {"K54-U060": 311.7228388862025}, "K53-D120": {"K53-D130": 58.349165194235226}, "K51-D020": {"K51-D030": 54.85862816589366}, "K53-D010": {"K53-D015": 96.10291377614116}, "K53-U140": {"K53-D010": 83.99789211160106}, "K52-nU080": {"K52-nU090": 68.61363380856194}, "K51-D170": {"K51-D180": 89.73668939999999}, "K53-U080": {"K53-U090": 75.31785266389824}, "K54-U010": {"K54-U020": 58.32215134630121}, "K52-nD150": {"K52-nD160": 83.32173766490776}, "K53-D100": {"K53-D110": 67.20740001906022}, "K52-nD040": {"K52-nD050": 106.7885806529287}, "K53-U040": {"K53-U050": 126.9420750850298}, "K53-U070": {"K53-U080": 49.68191811833868}, "K51-U200": {"K51-U210": 84.18191925412376}, "K53-D130": {"K53-D140": 71.81533914843153}, "K53-U010": {"K53-U020": 249.89623445524353}, "K53-D090": {"K53-D100": 39.076692733136134}, "K53-U100": {"K53-U110": 67.8957615954373}, "K51-U130": {"K51-U140": 63.427023160654485}, "K53-U090": {"K53-U100": 91.84055524634292}, "K51-U240": {"K51-U250": 114.67131833331003}, "K51-U120": {"K51-U130": 136.34701273037308}, "K52-nU170": {"K52-nU180": 119.87179389635324}, "K52-nU270": {"K52-nU280": 177.69631268288978}, "K51-U210": {"K51-U220": 55.21519935470086}, "K52-nU150": {"K52-nU160": 71.1508442368602}, "K51-U060": {"K51-U070": 276.6833178604304}, "K52-nD140": {"K52-nD150": 100.73082929679289}, "K51-D140": {"K51-D150": 69.00686989170363}, "K51-U170": {"K51-U180": 73.0916616572141}, "K52-nU140": {"K52-nU150": 129.29340036193034}, "K52-nD290": {"K52-nD300": 98.17115618209787}, "K52-nD060": {"K52-nD070": 125.90693709080304}, "K51-U040": {"K51-U050": 112.16713196798189}, "K52A-D060": {"K52A-D070": 129.34768316859828}, "K51-U160": {"K51-U170": 91.27006332328902}, "K52-nU050": {"K52-nU060": 217.58020902072067}, "K53-D070": {"K53-D080": 44.17983320402355}, "K53-D050": {"K53-D060": 75.56762810236819}, "K51-D160": {"K51-D170": 60.502019514904035}, "K51-D100": {"K51-D110": 137.860406388106}, "K51-U110": {"K51-U120": 120.9310776092083}, "K51-D150": {"K51-D160": 185.70258212925418}, "K52-nD020": {"K52-nD030": 14.466738626158257}, "K52-nD190": {"K52-nD200": 136.58638402355072}, "K53-U030": {"K53-U040": 211.76869318646587}, "K54-U020": {"K54-U030": 110.97387303786977}, "K53-U130": {"K53-U140": 54.241255538938255}, "K52-nD210": {"K52-nD220": 200.60489073607073}, "K54-D040": {"K54-D050": 175.3943179444282}, "K51-D010": {"K51-D020": 77.20236029049292}, "K53-D140": {"K53-D150": 136.2225277697208}, "K52-nU190": {"K52-nU200": 129.9348195862173}, "K52-nU060": {"K52-nU070": 115.5505590400551}, "K51-D200": {"K51-D210": 116.84806236036643}, "K53-D080": {"K53-D090": 39.50130563508428}, "K52-nU210": {"K52-nU220": 74.39995536019164}, "K53-U110": {"K53-U120": 88.1967217823491}, "K51-U030": {"K51-U040": 52.25788608849965}, "K52-nD090": {"K52-nD100": 52.73624381699999}, "K52-nD250": {"K52-nD260": 167.55768959927423}, "K52-nD230": {"K52-nD240": 157.98872327853556}, "K54-D010": {"K54-D020": 162.19322879771477}, "K51-U230": {"K51-U240": 42.38657882572515}, "K54-U060": {"K54-U070": 192.60499493881437}, "K52-nU200": {"K52-nU210": 74.6821997568127}, "K53-D060": {"K53-D070": 122.7950857789692}, "K52A-D010": {"K52A-D020": 277.22514609909916}, "K53-D020": {"K53-D030": 108.9975704370859}, "K52-nU180": {"K52-nU190": 70.15525357474016}, "K51-D050": {"K51-D060": 44.908725751360734}, "K54-U030": {"K54-U040": 103.4798907291269}, "K53-U020": {"K53-U030": 152.09713755379275, "K53-D160": 704.1373259346869}, "K53-U120": {"K53-U130": 68.68365318512033}, "K54-D060": {"K54-D070": 146.8337114187487}, "K53-D150": {"K53-D160": 132.2567357460793}, "K51-D250": {"K51-D260": 185.01946859429142}, "K51-D060": {"K51-D070": 49.16574585781872}, "K53-D030": {"K53-D040": 63.62293820348933}, "K54-D030": {"K54-D040": 66.3516913665722}, "K51-D130": {"K51-D140": 43.00061419268839}, "K51-D080": {"K51-D090": 103.45420632703353}, "K52-nD170": {"K52-nD180": 96.98007673433527}, "K54-D050": {"K54-D060": 90.09057890103259}, "K52A-U170": {"K52A-U180": 275.33766764909865}, "K54-U070": {"K54-D010": 149.95945532653278}, "K52-nU280": {"K52-nU290": 43.66849585602616}, "K51-D180": {"K51-D190": 143.3333614066315}, "K51-D210": {"K51-D220": 144.00580203500004}, "K51-U180": {"K51-U190": 103.69159070260802}, "K52-nD010": {"K52-nD020": 11.549771226716}, "K52A-U140": {"K52A-U150": 160.35918734098524}, "K52-nU220": {"K52-nU230": 77.82454825463302}, "K52-nU260": {"K52-nU270": 64.13071766709632}, "K51-U100": {"K51-U110": 187.1631380352934}, "K52-nD030": {"K52-nD040": 19.333570102754802}, "K52-nD100": {"K52-nD110": 54.683481109782974}, "K52-nU240": {"K52-nU250": 48.688718638719095}, "K52-nU040": {"K52-nU050": 54.52769465811309}, "K51-D110": {"K51-D120": 46.748337431624904}, "K52-nU230": {"K52-nU240": 66.01918963836708}, "K52-nD050": {"K52-nD060": 28.402902370313587}, "K51-U080": {"K51-U090": 140.55151501264146}, "K51-U070": {"K51-U080": 160.76209857952776}, "K51-U220": {"K51-U230": 52.138009054087114}, "K51-D220": {"K51-D230": 277.2895699006741}, "K51-U190": {"K51-U200": 83.41772197061007}, "K51-D030": {"K51-D040": 35.093429089000004}, "K52-nD070": {"K52-nD080": 97.17002352345732}, "K51-D270": {"K51-D280": 86.38739520906331}, "K51-U090": {"K51-U100": 154.93386591584002}, "K53-D015": {"K53-D020": 53.683857741305324}, "K51-D120": {"K51-D130": 39.51501899035}, "K52-nU160": {"K52-nU170": 36.75534734616889}, "K53-D110": {"K53-D120": 154.4760789272455}, "K52-nD280": {"K52-nD290": 86.29267031322081}, "K52-nD240": {"K52-nD250": 141.68065805987484}, "K52-nU020": {"K52-nU030": 68.41274136475495}, "K52-nU010": {"K52-nU020": 28.253744844239996}, "K52-nU300": {"K52-nU310": 47.796087304579736}, "K52-nD200": {"K52-nD210": 124.9289609695024}, "K51-D070": {"K51-D080": 52.16647627013001}, "K51-D040": {"K51-D050": 73.79556078558825}, "K51-D230": {"K51-D240": 79.80812494654619}, "K51-D240": {"K51-D250": 111.12036670089333}, "K51-U010": {"K51-U020": 32.82158133999245}, "K51-U050": {"K51-U060": 263.10870341893394}, "K52-nD270": {"K52-nD280": 87.59647040000002}, "K52-nD120": {"K52-nD130": 41.431331247126835}, "K51-U150": {"K51-U160": 76.14250137156168}, "K52-nU250": {"K52-nU260": 59.70619110853971}, "K54-U040": {"K54-U050": 124.62346233032201}, "K51-U140": {"K51-U150": 46.64829596476161}, "K51-D280": {"K51-D290": 82.67567736074618}, "K53-D040": {"K53-D050": 56.84544081622774}, "K52-nD130": {"K52-nD140": 82.97416221474063}, "K52-nD260": {"K52-nD270": 63.88448862153432}, "K54-D020": {"K54-D030": 234.50904486103477}, "K52-nU070": {"K52-nU080": 89.17767126384936}, "K52-nU110": {"K52-nU120": 142.50801750907584}, "K51-D260": {"K51-D270": 47.99895670014952}, "K51-D190": {"K51-D200": 132.03613359190825}, "K52-nD080": {"K52-nD090": 35.96712170487271}, "K52-nD220": {"K52-nD230": 127.83289881738867}, "K52-nU090": {"K52-nU100": 99.35153327548062}, "K52-nU120": {"K52-nU140": 109.49170907128548}, "K52-nU030": {"K52-nU040": 110.90868107307074}, "K52-nU290": {"K52-nU300": 39.66068922437656}, "K51-D090": {"K51-D100": 88.35786949514784}, "K52-nU100": {"K52-nU110": 131.34687184563876}, "K54A-D030": {"K54A-D040": 92.4661015040214}, "K54A-D040": {"K54A-D050": 150.01415023509452}, "K54A-D010": {"K54A-D020": 253.90907919042348}, "K54A-D020": {"K54A-D030": 180.17496962488}, "K51-U020": {"K51-U030": 88.88863080910043}, "K54A-U020": {"K54A-U030": 72.75782952433593}, "K52-nD110": {"K52-nD120": 157.29031541999998}, "K52-nD160": {"K52-nD170": 129.46322762865523}, "K54A-U010": {"K54A-U020": 59.097700713367274}, "K52-nD180": {"K52-nD190": 115.61749381097002}, "K54A-U030": {"K54A-U040": 96.26543125708285}, "K54A-U040": {"K54A-U050": 96.17929297808999}, "K53-D160": {"K53-U011": 183.69292650375016}}