{"K68-U090": {"K68-U100": 124.14232983894803}, "K66-U110": {"K66-U120": 41.935878024791734}, "K66-D120": {"K66-D130": 56.61154138524978}, "K66-U090": {"K66-U100": 56.20949512623988}, "K65-U120": {"K65-U130": 209.53788365107266}, "K68-D110": {"K68-D120": 80.3551274929894}, "K66-D080": {"K66-D090": 43.965745004000006}, "K65-U050": {"K65-U060": 106.28363273262394}, "K65-U070": {"K65-U080": 63.7531571961567}, "K65-U210": {"K65-U220": 84.51699941971238}, "K66-D010": {"K66-D020": 19.175557977275936}, "K68-D060": {"K68-D070": 83.10485962409732}, "K66-U020": {"K66-U030": 176.8285514758074}, "K65-D030": {"K65-D040": 49.205418617212615}, "K66-D190": {"K66-D200": 71.44040540878981}, "K65-D020": {"K65-D030": 59.13875514771822}, "K66-U100": {"K66-U110": 76.85625307602088}, "K66-D030": {"K66-D040": 67.08863311896906}, "K66-D110": {"K66-D120": 31.181587828830622}, "K66-U030": {"K66-U040": 170.22769773993758}, "K68-U060": {"K68-U070": 88.9115745364295}, "K66-D040": {"K66-D050": 26.22333700814756}, "K65-U040": {"K65-U050": 87.18656518872119}, "K66-D100": {"K66-D110": 32.623194891720765}, "K65-U010": {"K65-U020": 289.63675740349396}, "K66-U080": {"K66-U090": 155.75696363780804}, "K65-D120": {"K65-D130": 54.506938287465985}, "K65-U220": {"K65-U230": 77.46868042181019}, "K66-U070": {"K66-U080": 170.54021390934963}, "K65-D150": {"K65-D160": 86.14736836700095}, "K68-D010": {"K68-D020": 49.51319906218346}, "K65-U080": {"K65-U090": 119.36033033405165}, "K68-D100": {"K68-D110": 75.01094004123713}, "K66-D200": {"K66-D210": 104.30477009860581}, "K68-U050": {"K68-U060": 42.5898095498752}, "K68-D200": {"K68-U011": 58.75974758658604}, "K66-D160": {"K66-D170": 115.0314349444131}, "K68-D160": {"K68-D170": 82.26386990177627}, "K65-D090": {"K65-D100": 63.027327840457744}, "K66-U200": {"K66-U210": 55.29319386229639}, "K68-D090": {"K68-D100": 139.062834570266}, "K66-D180": {"K66-D190": 53.265952730100686}, "K68-D120": {"K68-D130": 159.47009904501783}, "K65-D110": {"K65-D120": 112.52098273161282}, "K65-D130": {"K65-D140": 76.73611888536738}, "K65-D080": {"K65-D090": 43.024551778196596}, "K65-U130": {"K65-U140": 26.499604162097988}, "K65-D010": {"K65-D020": 38.00380058971506}, "K68-D150": {"K68-D160": 52.108148080828855}, "K66-D210": {"K66-D220": 139.4456109877399}, "K65-D180": {"K65-D190": 96.23495145230888}, "K65-D070": {"K65-D080": 93.72353832829447}, "K68-D080": {"K68-D090": 76.21100008976639}, "K68-D030": {"K68-D040": 68.77128998233579}, "K66-U130": {"K66-U140": 48.71966439262169}, "K66-D020": {"K66-D030": 87.75008597056328}, "K68-U100": {"K68-U110": 165.7275171188574}, "K65-D160": {"K65-D170": 132.35771559498545}, "K66-D140": {"K66-D150": 73.95576628088125}, "K66-D130": {"K66-D140": 33.829660249926505}, "K66-U160": {"K66-U170": 48.48146435200622}, "K66-D150": {"K66-D160": 83.65783532176803}, "K66-D050": {"K66-D060": 22.801368252706304}, "K65-U110": {"K65-U120": 105.95297687455373}, "K65-D170": {"K65-D180": 83.99609851165381}, "K65-U060": {"K65-U070": 114.0176578483887}, "K68-D190": {"K68-D200": 51.38676094529167}, "K68-U120": {"K68-U130": 141.01215219863033}, "K68-U040": {"K68-U050": 39.83490769678789}, "K65-U020": {"K65-U030": 118.86562011851451}, "K66-U150": {"K66-U160": 53.786534376770746}, "K66-U180": {"K66-U190": 63.23096258143737}, "K68-U020": {"K68-U030": 35.342435457356984}, "K65-D050": {"K65-D060": 58.67313340401578}, "K68-D070": {"K68-D080": 188.73063894833615}, "K65-D060": {"K65-D070": 59.673539006324326}, "K68-U150": {"K68-U160": 87.44709358387115}, "K66-U170": {"K66-U180": 36.07520826563017}, "K66-U010": {"K66-U020": 115.19597826292083}, "K66-D220": {"K66-D230": 75.5394618173863}, "K68-D170": {"K68-D180": 43.08508048372}, "K65-U180": {"K65-U190": 77.28257367851786}, "K66-U210": {"K66-U220": 44.1213537046129}, "K65-U090": {"K65-U100": 54.430140912371755}, "K66-U190": {"K66-U200": 70.227693722187}, "K66-U040": {"K66-U050": 122.86731093646972}, "K65-D140": {"K65-D150": 108.16357017394509}, "K65-U150": {"K65-U160": 57.35477966160552}, "K66-D230": {"K66-D240": 89.38971030218701}, "K65-U170": {"K65-U180": 47.1512290097423}, "K68-D020": {"K68-D030": 74.8578881648252}, "K65-U200": {"K65-U210": 60.16711338295587}, "K68-U160": {"K68-U170": 74.5670114231882}, "K65-D040": {"K65-D050": 53.13963121021915}, "K66-D060": {"K66-D070": 98.92769468313841}, "K65-D100": {"K65-D110": 202.1861442359634}, "K65-U190": {"K65-U200": 38.3734004512868}, "K65-U140": {"K65-U150": 104.43440055799385}, "K66-U120": {"K66-U130": 54.37651057103339}, "K65-U100": {"K65-U110": 145.54208535809997}, "K66-D070": {"K66-D080": 36.83823530553119}, "K68-U030": {"K68-U040": 28.447901286627037}, "K68-U080": {"K68-U090": 37.6265446369}, "K66-U060": {"K66-U070": 169.72152113497046}, "K68-D180": {"K68-D190": 29.210474344741318}, "K68-U130": {"K68-U140": 143.5643694832275}, "K68-D040": {"K68-D050": 84.4843637}, "K65-U160": {"K65-U170": 60.87852533179258}, "K66-U140": {"K66-U150": 55.93757158009019}, "K68-U140": {"K68-U150": 29.33467289}, "K65-U030": {"K65-U040": 97.86575515527146}, "K68-U170": {"K68-D010": 135.56257389288163}, "K68-D050": {"K68-D060": 46.04978616201866}, "K68-D130": {"K68-D140": 62.94769530599221}, "K68-U070": {"K68-U080": 21.61486280679}, "K66-D090": {"K66-D100": 31.037106831810725}, "K68-U110": {"K68-U120": 166.76400065809997, "K68-D090": 642.9060000000001}, "K66-U050": {"K66-U060": 37.66075268301087}, "K68-D140": {"K68-D150": 24.414360683897005}, "K66-D170": {"K66-D180": 181.26058997784023}, "K68-U010": {"K68-U020": 79.49896516}}