{"KSR": {"YUL": 238.9295958767785, "TWW": 646.813628999445}}