{"KWF": {"KWH": 120.76265840701674, "LAK": 179.7179473561343}, "KWT": {"LAT": 127.92740389566845, "NTK": 122.6642907301909}, "KWH": {"TWH": 153.2838994385561, "KWF": 132.51023864551001}}