{"LCK": {"CSW": 132.31068928326474, "MEF": 128.64482070279288}}