{"LOP": {"YUL": 123.57172250337037, "TIS": 183.7867345866842}, "LOW": {"SHS": 244.05956975189278}, "LOF": {"KOT": 129.30500125980342, "WTS": 120.2921832514221}}