{"MEF": {"TWW": 329.7491941768204, "NAC": 180.41420353358532, "LAK": 148.87583359476656, "LCK": 125.98600353474414}}