{"MKK": {"KOT": 163.83331081347654, "HUH": 198.8445975553791}}