{"MOK": {"PRE": 126.95871779256132, "YMT": 129.85142732192088}, "MOS": {"HEO": 133.54100162289296, "WKS": 165.72461791324992}}