{"NAC": {"OLY": 98.4938245939023, "LAK": 242.2660491684166, "MEF": 181.66812609369643, "AUS": 196.01651464205702}}