{"NOP": {"FOH": 129.49026643275124, "QUB": 129.1950566223352}}