{"NTK": {"KWT": 112.69431310290724, "KOB": 131.56896439664436}}