{"OLY": {"KOW": 130.5021369571056, "NAC": 129.52516991113546}}