{"QUB": {"YAT": 254.6273115739491, "NOP": 125.37684213669893, "TAK": 127.35575589670448}}