{"SHS": {"FAN": 152.25788315637934, "LOW": 261.7547560497205, "LMC": 440.18286989204717}, "SHT": {"FOT": 150.92973703885966, "TAW": 187.34813802395414}, "SHW": {"SYP": 134.52610995462592, "CEN": 117.14134537504908}, "SHM": {"TSH": 206.5324692590225, "CIO": 115.20503762979301}}