{"SKW": {"HFC": 159.05370090353492, "SWH": 103.76749815454836}, "SKM": {"PRE": 129.45841908620463, "KOT": 130.53908339632312}}