{"SSP": {"CSW": 127.60431506797097, "PRE": 127.373264047781}}