{"SWH": {"TAK": 126.5781197886862, "SKW": 123.09778194453227}}