{"SYP": {"SHW": 157.37592936809807, "HKU": 88.40577151765709}}