{"TIK": {"TKO": 237.4100717576804, "YAT": 141.99569519205826}, "TIH": {"FOH": 100.97864265733777, "CAB": 130.1408875811348}, "TIS": {"LOP": 178.99353779750564, "SIH": 321.9136874407306}}