{"TKO": {"TIK": 231.55786059035034, "LHP": 131.7583661649273, "HAH": 192.18732266527422}, "TKW": {"HOM": 135.0938608134, "SUW": 130.60520835000003}}