{"TWO": {"FAN": 322.0160480324288, "TAP": 184.42581344653894}, "TWH": {"KWH": 138.48542811219346, "TSW": 75.64249914870818}, "TWW": {"KSR": 467.5735689834443, "MEF": 295.2009058106702}}