{"WAC": {"ADM": 130.5307839133727, "CAB": 174.89992432918206}}