{"WCH": {"LET": 193.21147813453499, "OCP": 145.10879403178615}}