{"WTS": {"DIH": 117.46742324257238, "LOF": 126.59445744480675}}