{"YAT": {"QUB": 264.1555659917817, "TIK": 132.6389537723334, "LAT": 176.3919368456859}}