{"YMT": {"MOK": 111.35494446852795, "JOR": 130.37856486726963, "HOM": 179.58774306759761}}