{"AIR": {"TSY": 1638.5764050830094, "AWE": 107.34244522050624}}