{"AUS": {"NAC": 195.64545961317043, "ETS": 139.53945215251693}}