{"CHH": {"KOB": 152.80211938650336, "DIH": 133.12926564113303}, "CHW": {"HFC": 115.04139205943454}}