{"CKT": {"STW": 126.91593558353027, "TAW": 110.78018487032527}}