{"CSW": {"SSP": 131.53036455767437, "LCK": 127.99883841413794}}