{"ETS": {"AUS": 185.79678542150083, "HUH": 174.61910984811828}}