{"EXC": {"HUH": 197.68730176589116, "ADM": 67.10853846586407}}