{"HFC": {"SKW": 141.34834363868612, "CHW": 148.76628625489133}}