{"K66-U020": {"K66-U030": 196.43758496630548}, "K66-U080": {"K66-U090": 159.7089403938641}, "K65-D090": {"K65-D100": 107.08050670815926}, "K68-D140": {"K68-D150": 39.187338885813894}, "K65-D170": {"K65-D180": 78.97416462619631}, "K66-D120": {"K66-D130": 59.40632831677332}, "K65-U070": {"K65-U080": 51.119134876203134}, "K66-U060": {"K66-U070": 138.59275510578397}, "K66-D110": {"K66-D120": 41.986408966640006}, "K66-U120": {"K66-U130": 42.594847684340195}, "K66-D020": {"K66-D030": 68.76591282772154}, "K68-D080": {"K68-D090": 71.42100383339348}, "K68-D190": {"K68-D200": 50.84870589641081}, "K66-U200": {"K66-U210": 40.8573232680951}, "K65-U210": {"K65-U220": 64.83377579172995}, "K65-U050": {"K65-U060": 96.5064052509849}, "K66-D210": {"K66-D220": 152.55579961365405}, "K65-D040": {"K65-D050": 60.30060874641708}, "K68-U130": {"K68-U140": 150.42604269431845}, "K65-U130": {"K65-U140": 29.98055660534819}, "K66-U070": {"K66-U080": 144.5009481124867}, "K65-U140": {"K65-U150": 87.55876673243543}, "K66-U210": {"K66-U220": 52.87281688257364}, "K65-D010": {"K65-D020": 37.44537729500764}, "K66-D230": {"K66-D240": 71.71446389130911}, "K66-D180": {"K66-D190": 58.6332154880775}, "K68-D030": {"K68-D040": 63.22609382916477}, "K66-D030": {"K66-D040": 85.21455454490805}, "K66-D090": {"K66-D100": 55.64061429409971}, "K65-D070": {"K65-D080": 106.53563891000199}, "K68-D120": {"K68-D130": 155.74812093185318}, "K65-D130": {"K65-D140": 82.1687404787555}, "K65-D060": {"K65-D070": 76.23488164965237}, "K65-U170": {"K65-U180": 28.90733124516894}, "K68-D090": {"K68-D100": 167.97808027968813}, "K66-U150": {"K66-U160": 95.08911057617978}, "K66-D050": {"K66-D060": 45.60721191409089}, "K66-D130": {"K66-D140": 44.68911644260784}, "K68-D180": {"K68-D190": 47.96182616506713}, "K65-U150": {"K65-U160": 45.80500506991209}, "K66-D080": {"K66-D090": 70.42256209629076}, "K65-D180": {"K65-D190": 109.51461000339627}, "K66-D100": {"K66-D110": 52.1519390426914}, "K65-U040": {"K65-U050": 67.48736391236824}, "K66-D150": {"K66-D160": 68.5126602185142}, "K65-D030": {"K65-D040": 61.73676759694852}, "K65-U160": {"K65-U170": 39.15589396688072}, "K65-D020": {"K65-D030": 79.00475438300424}, "K66-U130": {"K66-U140": 40.365799000010455}, "K66-D040": {"K66-D050": 48.21170365556826}, "K65-D050": {"K65-D060": 53.85767436500257}, "K68-U020": {"K68-U030": 39.01429613500225}, "K68-D060": {"K68-D070": 89.26513182773651}, "K66-U170": {"K66-U180": 25.42103092390739}, "K68-U150": {"K68-U160": 82.33574320952252}, "K65-U010": {"K65-U020": 216.30182121990538}, "K66-D200": {"K66-D210": 118.37813034279597}, "K65-D110": {"K65-D120": 112.18062967505077}, "K66-U100": {"K66-U110": 68.51072302698606}, "K65-D100": {"K65-D110": 234.36901376235136}, "K65-D120": {"K65-D130": 58.63119237244541}, "K66-U050": {"K66-U060": 47.08607587411519}, "K65-U190": {"K65-U200": 48.93277948829074}, "K66-D160": {"K66-D170": 135.39790975988376}, "K68-D150": {"K68-D160": 74.8083597391965}, "K68-U110": {"K68-U120": 205.67397555364715, "K68-D090": 386.309}, "K66-U110": {"K66-U120": 33.89047480974735}, "K68-D110": {"K68-D120": 80.48841446361688}, "K65-U110": {"K65-U120": 97.61099128612291}, "K65-D080": {"K65-D090": 59.854394189983225}, "K65-U030": {"K65-U040": 65.72398868490475}, "K65-U060": {"K65-U070": 26.649511180558807}, "K66-D140": {"K66-D150": 137.8911410678917}, "K66-D070": {"K66-D080": 52.96057968246523}, "K66-U180": {"K66-U190": 43.915207031362534}, "K65-D150": {"K65-D160": 101.04984772824612}, "K68-U160": {"K68-U170": 61.45985519261993}, "K66-D220": {"K66-D230": 65.44187692060959}, "K68-D070": {"K68-D080": 189.92778417273905}, "K68-U140": {"K68-U150": 37.73823075319309}, "K68-D160": {"K68-D170": 78.46113058998296}, "K65-D140": {"K65-D150": 102.83962406957171}, "K68-U040": {"K68-U050": 42.916700526105195}, "K68-D010": {"K68-D020": 46.16639634926461}, "K66-U160": {"K66-U170": 40.10940570850211}, "K65-U120": {"K65-U130": 163.13367754853934}, "K65-D160": {"K65-D170": 137.0424335989498}, "K66-D170": {"K66-D180": 178.2407345630985}, "K66-U010": {"K66-U020": 117.0711928096056}, "K66-U090": {"K66-U100": 47.491214913224454}, "K65-U080": {"K65-U090": 142.44085565077032}, "K66-U040": {"K66-U050": 113.52166369434858}, "K66-U030": {"K66-U040": 132.08994515158543}, "K66-U140": {"K66-U150": 35.97565827132983}, "K68-D100": {"K68-D110": 75.34782938191975}, "K68-D170": {"K68-D180": 42.71950371527306}, "K65-U200": {"K65-U210": 48.9759907743867}, "K65-U020": {"K65-U030": 97.08938034208337}, "K68-U170": {"K68-D010": 167.34259666366697}, "K65-U180": {"K65-U190": 55.673854372860376}, "K68-U070": {"K68-U080": 23.95491870770095}, "K66-D010": {"K66-D020": 15.038473262505343}, "K66-U190": {"K66-U200": 56.61456018789187}, "K66-D190": {"K66-D200": 77.4964910284497}, "K65-U090": {"K65-U100": 43.95723301805319}, "K68-D050": {"K68-D060": 51.28290896618231}, "K68-U080": {"K68-U090": 33.51896770610317}, "K68-U100": {"K68-U110": 165.34876799518798}, "K68-D130": {"K68-D140": 41.40106436339228}, "K65-U220": {"K65-U230": 73.4459167726092}, "K68-D040": {"K68-D050": 134.25423551569864}, "K65-U100": {"K65-U110": 125.48436755354479}, "K68-U120": {"K68-U130": 117.86811602202931}, "K68-U010": {"K68-U020": 92.38584928629174}, "K68-D200": {"K68-U011": 69.84564697492883}, "K68-U030": {"K68-U040": 28.29399051937317}, "K68-U050": {"K68-U060": 52.91326219585212}, "K66-D060": {"K66-D070": 52.83068169326454}, "K68-U090": {"K68-U100": 147.45480919902042}, "K68-U060": {"K68-U070": 103.50137856485878}, "K68-D020": {"K68-D030": 73.97859103332434}}