{"K75A-D040": {"K75A-D050": 56.80117187335884}, "K75A-D020": {"K75A-D030": 23.44014014012877}, "K73-U070": {"K73-U080": 146.24679676139726}, "K73-U080": {"K73-U090": 294.5794534145249, "K73-U110": 302.6522670276358}, "K76-D010": {"K76-D020": 353.00036097008643}, "K73-U060": {"K73-U070": 137.67003187047686}, "K76-D020": {"K76-D030": 127.2026695592011}, "K75A-D060": {"K75A-D070": 34.995467259309365}, "K75P-U030": {"K75P-U040": 110.07610739024862}, "K73-D030": {"K73-D040": 110.6927189810857}, "K73-D140": {"K73-D150": 193.446861538158}, "K76-U030": {"K76-U040": 281.3568421517649}, "K76-U040": {"K76-U050": 175.08856796855406}, "K73-U010": {"K73-U020": 73.550308900254}, "K73-D040": {"K73-D050": 68.7226808568989}, "K73-D080": {"K73-D090": 252.21538887972196}, "K73-U100": {"K73-U110": 252.22158932508881}, "K75P-U130": {"K75P-U140": 42.831655524352286}, "K76-U020": {"K76-U030": 178.18667112516832}, "K76-U010": {"K76-U020": 14.871819348912538}, "K75P-D030": {"K75P-D040": 116.14846952536004}, "K73-D150": {"K73-D160": 90.00568496062482}, "K75P-D040": {"K75P-D050": 162.41749227146315}, "K75A-D100": {"K75A-D110": 101.79057333591354}, "K73-D090": {"K73-D100": 78.29440844923586}, "K73-U110": {"K73-U120": 239.27085689817008}, "K75P-D080": {"K75P-U011": 136.1053366799819}, "K73-U050": {"K73-U060": 111.71256101591185}, "K73-D110": {"K73-D120": 51.56393260172382}, "K73-D100": {"K73-D110": 187.186494004732}, "K75P-D010": {"K75P-D020": 120.2565852696193}, "K76-D030": {"K76-D040": 52.987587364709306}, "K75P-D050": {"K75P-D060": 75.7463117128065}, "K75A-D090": {"K75A-D100": 43.03196031462982}, "K75P-D060": {"K75P-D070": 168.6020851112308}, "K75P-U040": {"K75P-U050": 98.2616931098331}, "K75A-U030": {"K75A-D010": 215.6269906046216}, "K75P-U050": {"K75P-U060": 126.33170654176669}, "K75A-D050": {"K75A-D060": 87.56997648777788}, "K73-U030": {"K73-U040": 81.6988423920855}, "K75P-D070": {"K75P-D080": 87.32518647135666}, "K75P-U080": {"K75P-U090": 37.13487801158898}, "K75A-U010": {"K75A-U020": 41.56562652025566}, "K75P-U120": {"K75P-U130": 61.70520239519726}, "K75P-U140": {"K75P-D010": 139.56415842899798}, "K74-D020": {"K74-D030": 145.02395221544563}, "K73-D010": {"K73-D020": 71.43545051504293}, "K75P-U010": {"K75P-U020": 97.96481585052902}, "K73-U090": {"K73-U100": 112.25342893615027}, "K73-D130": {"K73-D140": 131.62643000713913}, "K73-U040": {"K73-U050": 104.76443783322495, "K73-U060": 211.2287912454015}, "K75P-U110": {"K75P-U120": 87.32488016416957}, "K75P-U100": {"K75P-U110": 63.25051594314074}, "K73-D020": {"K73-D030": 57.00930085286878}, "K75P-U090": {"K75P-U100": 33.34699770506036}, "K75A-D070": {"K75A-D080": 47.55422521749209}, "K75A-D010": {"K75A-D020": 175.72314958047264}, "K75A-D030": {"K75A-D040": 47.53755433927644}, "K73-D120": {"K73-D130": 100.63646376235718}, "K75P-U070": {"K75P-U080": 98.91320259039696}, "K75A-U020": {"K75A-U030": 120.63055506789422}, "K73-U020": {"K73-U030": 180.64153860105236}, "K75P-U060": {"K75P-U070": 25.397186826932263}, "K75P-U020": {"K75P-U030": 109.78985953894578}, "K75A-D110": {"K75A-U011": 165.9206906135782}, "K73-D070": {"K73-D080": 153.1964245075269}, "K73-D050": {"K73-D070": 94.0015764453365}, "K75P-D020": {"K75P-D030": 35.54007978690961}, "K75A-D080": {"K75A-D090": 75.45033929246173}}