{"KOW": {"TSY": 515.4418803699657, "HOK": 177.74210021784924, "OLY": 132.78821007000687}, "KOT": {"MKK": 159.5277869701678, "SKM": 131.49654028251848, "TAW": 293.4916511422979, "LOF": 127.81953153363729}, "KOB": {"CHH": 179.7714932392556, "NTK": 128.585913614782}}