{"KSR": {"TWW": 712.0185384940785, "YUL": 227.47436192668178}}