{"KWF": {"KWH": 131.4589676220566, "LAK": 160.9855542149918}, "KWH": {"KWF": 130.51142147334627, "TWH": 141.96873854373388}, "KWT": {"NTK": 126.02187905188308, "LAT": 130.50611602246678}}