{"LAT": {"KWT": 130.4265844252601, "YAT": 132.8556517835611}, "LAK": {"KWF": 137.76331935163935, "NAC": 256.21457766968183, "MEF": 131.84327674437586, "TSY": 194.08838694685141}}