{"LCK": {"MEF": 126.72065886794087, "CSW": 131.9108147968754}}