{"LET": {"WCH": 153.23750814265864, "SOH": 100.71905540741}}