{"LOP": {"TIS": 183.22026553804844, "YUL": 121.64972986720025}, "LOW": {"SHS": 218.46957833572165}, "LOF": {"WTS": 130.36387274408077, "KOT": 133.08371772096604}}