{"MEF": {"LCK": 125.9458356247704, "LAK": 138.78147636993828, "TWW": 339.1019905727529, "NAC": 175.17406913589406}}