{"MKK": {"KOT": 167.7337700202787, "HUH": 197.7492955549029}}