{"NAC": {"AUS": 206.03476909605052, "LAK": 256.31953533158287, "MEF": 189.27442850901483, "OLY": 96.64146542934697}}