{"NOP": {"FOH": 132.82087543647276, "QUB": 131.58599562453486}}