{"NTK": {"KOB": 130.64623796954078, "KWT": 106.52679626562508}}