{"OCP": {"WCH": 130.89171407419798, "ADM": 287.63195505331953}}