{"OLY": {"KOW": 133.12449221042672, "NAC": 131.79428277425558}}