{"PRE": {"MOK": 129.76167144072122, "SKM": 124.11100815500185, "SSP": 129.83914506258157}}