{"QUB": {"YAT": 264.6961034955678, "NOP": 127.17922661182544, "TAK": 129.92938760023088}}