{"SHS": {"FAN": 148.6844041388975, "LMC": 462.140469784364, "LOW": 261.7548826463982}, "SHT": {"TAW": 176.02455338806, "FOT": 165.08940702988153}, "SHM": {"TSH": 219.15156659810583, "CIO": 103.26694612833641}, "SHW": {"CEN": 113.89742598126267, "SYP": 145.05265696900608}}