{"SKM": {"PRE": 126.53158005212285, "KOT": 137.87280213189212}, "SKW": {"HFC": 147.07852930462587, "SWH": 103.71925417259999}}