{"SSP": {"CSW": 128.38285714474063, "PRE": 130.50090583287798}}