{"SWH": {"SKW": 130.23942568546448, "TAK": 127.423190025357}}