{"SYP": {"SHW": 139.7706919277964, "HKU": 113.74116800479665}}