{"TAW": {"SHT": 129.6987988270871, "HIK": 159.71532870640596, "KOT": 307.77476019172326, "CKT": 283.3314293952636}, "TAK": {"QUB": 127.37950854822256, "SWH": 126.83220152415304}, "TAP": {"TWO": 183.1705956765859, "UNI": 393.50189991880126}}