{"TIK": {"YAT": 136.29243605012832, "TKO": 313.5167432179006}, "TIS": {"SIH": 366.1874117697296, "LOP": 192.7257671203056}, "TIH": {"FOH": 100.8815484854425, "CAB": 130.306813213891}}