{"TSY": {"SUN": 523.162702839924, "KOW": 460.94475187264095, "AIR": 1481.5452971615505, "LAK": 195.16904501762232}, "TST": {"JOR": 102.81823130145581, "ADM": 191.05075798486513}, "TSH": {"HEO": 126.60096460204932, "SHM": 206.243944561136}, "TSW": {"TWH": 67.09160136139471}}