{"TUC": {"SUN": 834.8902358897619}, "TUM": {"SIH": 150.09239098427622}}