{"WCH": {"LET": 161.15639705302777, "OCP": 115.30142627614195}}