{"YAT": {"TIK": 127.08822802840976, "QUB": 265.85717167958205, "LAT": 173.7071433204787}}