{"YMT": {"HOM": 185.18444271501673, "MOK": 112.7219255840653, "JOR": 131.8810625999715}}