{"YUL": {"KSR": 242.0422222939582, "LOP": 121.6890399883981}}