{"AIR": {"TSY": 1715.9811141656435, "AWE": 106.51761234458229}}