{"AUS": {"NAC": 180.9651115449167, "ETS": 176.64727257665567}}