{"CIO": {"STW": 148.0657865001459, "SHM": 147.61405679371393}}