{"CKT": {"TAW": 137.60353214505767, "STW": 141.81885521301}}