{"FOH": {"NOP": 132.31794702760394, "TIH": 105.15121620539999}, "FOT": {"UNI": 177.900057080326, "SHT": 177.98709841203728}}