{"HEO": {"MOS": 124.94457548965337, "TSH": 138.30586126629413}}