{"HUH": {"EXC": 228.5861009735407, "HOM": 135.53256990363076, "ETS": 468.7873366856529, "MKK": 206.45889581521124}}