{"JOR": {"YMT": 125.02794605860888, "TST": 108.39343008391855}}