{"K76-U030": {"K76-U040": 163.10085409823813}, "K74-D020": {"K74-D030": 145.02401383435281}, "K76-D010": {"K76-D020": 170.41630763930016}, "K73-U080": {"K73-U110": 151.5009471253489}}