{"KWT": {"LAT": 110.257666881758, "NTK": 116.9823442434011}, "KWH": {"KWF": 113.00689849620997, "TWH": 150.82382129355022}, "KWF": {"KWH": 116.18748934899727, "LAK": 114.23141747547027}}