{"MEF": {"TWW": 307.76910678110505, "LCK": 122.90986239512469, "NAC": 187.21367396936483, "LAK": 143.2051720047143}}