{"MKK": {"KOT": 161.9617710591495, "HUH": 309.6623591674483}}