{"NAC": {"OLY": 120.552386240446, "LAK": 261.59282864577386, "AUS": 207.50912483539202, "MEF": 196.42592640563709}}