{"NTK": {"KWT": 90.29750698967376, "KOB": 122.42507963891822}}