{"SIH": {"TUM": 154.45607712268205, "TIS": 326.4137169466632}}