{"SKW": {"HFC": 183.53844643923594, "SWH": 107.90951082890437}, "SKM": {"KOT": 130.42787738626436, "PRE": 123.18106174145494}}