{"SUN": {"TSY": 548.0123016840353, "DIS": 198.58233387484285, "TUC": 823.8869921126067}, "SUW": {"KAT": 119.33597275493905, "TKW": 152.2661833611847}}