{"SWH": {"TAK": 98.87985315698806, "SKW": 132.0638533132019}}