{"TAW": {"KOT": 335.1614528328417, "CKT": 178.3461255652646, "SHT": 206.85845067144618, "HIK": 171.7639029918636}, "TAP": {"UNI": 416.9606475494843, "TWO": 144.9045097240293}, "TAK": {"SWH": 96.17217582424219, "QUB": 119.16031557087953}}