{"TIK": {"TKO": 370.67989962691115, "YAT": 160.69365591376808}, "TIH": {"FOH": 95.16450123950042, "CAB": 114.69926081629892}, "TIS": {"SIH": 310.19059772300926, "LOP": 195.7563980417377}}