{"TKO": {"LHP": 130.70388509936694, "TIK": 323.7882895046411, "HAH": 250.60535445577366}, "TKW": {"SUW": 130.11999407498234, "HOM": 137.452466295955}}