{"TSY": {"SUN": 455.4090603142087, "AIR": 1583.9104099905528, "KOW": 443.7970074960531, "LAK": 191.37486509920885}, "TST": {"JOR": 120.13958230155181, "ADM": 201.5650347941205}, "TSW": {"TWH": 99.38298281492777}, "TSH": {"SHM": 241.04844539164907, "HEO": 126.50881964768243}}