{"TUC": {"SUN": 510.88464420514583}, "TUM": {"SIH": 162.781080002204}}