{"WAC": {"CAB": 125.42186627229997, "ADM": 123.50248452618328}}