{"WCH": {"LET": 177.03666345627212, "OCP": 128.24526005299248}}