{"5": {"305": 80.20502061115647, "6": 112.38868900070008}}