{"CHH": {"DIH": 130.52373267056868, "KOB": 104.31485278554987}, "CHW": {"HFC": 112.15573180677704}}