{"CKT": {"TAW": 123.0341687074194, "STW": 127.16700900000001}}