{"DIS": {"SUN": 198.58233387484285}, "DIH": {"KAT": 133.12528837792834, "HIK": 311.3817913492399, "WTS": 117.6439030932346, "CHH": 99.66865388136054}}