{"ETS": {"AUS": 143.0716004273154, "HUH": 110.58547219985162}}