{"FOT": {"UNI": 181.1378966439632, "SHT": 165.14601663522404}, "FOH": {"TIH": 122.749306096429, "NOP": 82.50554099153315}}