{"HAH": {"TKO": 158.15424702493456, "POA": 114.31968806787442}}