{"HEO": {"MOS": 115.09359958711232, "TSH": 157.55177984660003}}