{"HFC": {"SKW": 137.87649475205444, "CHW": 128.6018019913203}}