{"HUH": {"EXC": 179.35053907987833, "HOM": 107.40513080469422, "MKK": 221.33563278501362, "ETS": 163.04192523042985}}