{"JOR": {"YMT": 124.12798876588552, "TST": 105.69689027137201}}