{"K68-D140": {"K68-D150": 50.41619319903826}, "K66-U050": {"K66-U060": 48.19828600683671}, "K66-U130": {"K66-U140": 52.67309353427247}, "K65-U160": {"K65-U170": 58.67141439347997}, "K68-D060": {"K68-D070": 96.16830972361696}, "K65-D170": {"K65-D180": 104.98344841818334}, "K66-D230": {"K66-D240": 87.83953208726072}, "K65-U080": {"K65-U090": 148.12126914958486}, "K65-D060": {"K65-D070": 123.21857409600162}, "K65-U220": {"K65-U230": 85.65483360719426}, "K68-D170": {"K68-D180": 47.38641358335731}, "K65-U100": {"K65-U110": 159.03282799679968}, "K65-U120": {"K65-U130": 181.3082663326103}, "K65-U040": {"K65-U050": 90.26232604521348}, "K65-D180": {"K65-D190": 120.73630839986545}, "K65-U140": {"K65-U150": 104.98030707127967}, "K66-U120": {"K66-U130": 51.99451075602592}, "K66-D220": {"K66-D230": 93.49416657169749}, "K68-D200": {"K68-U011": 75.98575419085348}, "K66-D200": {"K66-D210": 139.30180575381635}, "K68-D080": {"K68-D090": 86.04706625317276}, "K66-D210": {"K66-D220": 163.88725389378664}, "K65-D110": {"K65-D120": 114.96210993016692}, "K65-D120": {"K65-D130": 75.46199803554636}, "K68-U030": {"K68-U040": 24.400263701499995}, "K65-U170": {"K65-U180": 46.784486458301515}, "K65-D010": {"K65-D020": 46.054922350292586}, "K66-D160": {"K66-D170": 159.10671545281164}, "K65-D030": {"K65-D040": 82.6126184632167}, "K65-U150": {"K65-U160": 52.80144938033459}, "K68-D040": {"K68-D050": 98.30449855866873}, "K66-D080": {"K66-D090": 73.08400626909324}, "K66-D190": {"K66-D200": 84.60490185406388}, "K65-U090": {"K65-U100": 55.8713561735802}, "K68-U100": {"K68-U110": 174.7237148590371}, "K66-U100": {"K66-U110": 82.05798439996875}, "K68-U080": {"K68-U090": 48.263646621649855}, "K65-U200": {"K65-U210": 92.5488008585377}, "K65-U060": {"K65-U070": 29.281109146185514}, "K66-D090": {"K66-D100": 53.44352515509805}, "K66-U030": {"K66-U040": 155.57638459827288}, "K65-D090": {"K65-D100": 118.97099845779454}, "K66-D180": {"K66-D190": 82.36656850970235}, "K68-D150": {"K68-D160": 88.22575046143358}, "K68-U060": {"K68-U070": 96.11741346715947}, "K65-U020": {"K65-U030": 134.39177202134957}, "K65-D100": {"K65-D110": 225.17673564744436}, "K66-U080": {"K66-U090": 177.71765768476948}, "K65-U210": {"K65-U220": 78.91979274272339}, "K66-U180": {"K66-U190": 62.81953786698152}, "K68-U160": {"K68-U170": 63.87328352222245}, "K68-U140": {"K68-U150": 42.71838961973795}, "K66-D020": {"K66-D030": 68.20111184600621}, "K68-D100": {"K68-D110": 83.09651442540397}, "K65-D160": {"K65-D170": 145.63280506602652}, "K66-U140": {"K66-U150": 43.9883295260568}, "K68-D020": {"K68-D030": 87.30891352227836}, "K65-D050": {"K65-D060": 93.56847290169937}, "K68-D180": {"K68-D190": 32.42618424972951}, "K66-D170": {"K66-D180": 204.26981107569907}, "K68-U130": {"K68-U140": 162.02051679000004}, "K66-U110": {"K66-U120": 40.29958008571227}, "K66-U150": {"K66-U160": 56.82332765917401}, "K66-D100": {"K66-D110": 60.45249282890031}, "K66-U070": {"K66-U080": 191.10287553955175}, "K65-U010": {"K65-U020": 264.6122451966304}, "K65-U130": {"K65-U140": 31.651058335276907}, "K66-D010": {"K66-D020": 14.466171764740968}, "K65-U030": {"K65-U040": 110.73768448950322}, "K65-D040": {"K65-D050": 75.6691371338618}, "K66-D150": {"K66-D160": 106.480341686}, "K66-D050": {"K66-D060": 59.3151572166427}, "K68-U110": {"K68-U120": 206.33573570559133}, "K65-D070": {"K65-D080": 162.2123954562081}, "K66-U020": {"K66-U030": 214.4116824855611}, "K65-D150": {"K65-D160": 106.84586830896708}, "K66-U090": {"K66-U100": 48.16827387098674}, "K68-U120": {"K68-U130": 141.24285394114392}, "K65-U110": {"K65-U120": 108.09922874199648}, "K66-D070": {"K66-D080": 54.69625396008411}, "K68-U170": {"K68-D010": 153.84856133418003}, "K65-D140": {"K65-D150": 103.31081200034468}, "K66-U040": {"K66-U050": 136.85803608967728}, "K65-D080": {"K65-D090": 69.97796301278328}, "K65-U050": {"K65-U060": 107.0958891710944}, "K66-D140": {"K66-D150": 111.5176462000965}, "K68-U050": {"K68-U060": 49.975650126037216}, "K66-U060": {"K66-U070": 156.46926035824214}, "K66-D040": {"K66-D050": 52.58026727677857}, "K65-D130": {"K65-D140": 104.99030794254853}, "K66-D130": {"K66-D140": 44.114729959971}, "K66-D110": {"K66-D120": 53.70726195574639}, "K65-U180": {"K65-U190": 77.037181327222}, "K66-U010": {"K66-U020": 138.81652930717206}, "K68-D110": {"K68-D120": 87.06565803580509}, "K66-U160": {"K66-U170": 47.161432707719555}, "K68-U020": {"K68-U030": 38.263195851999996}, "K66-U170": {"K66-U180": 36.04101594518434}, "K68-D010": {"K68-D020": 47.43730165009688}, "K65-U070": {"K65-U080": 58.545748426466915}, "K68-D190": {"K68-D200": 56.091230791593375}, "K66-U200": {"K66-U210": 59.376878259351564}, "K65-U190": {"K65-U200": 83.13413648700146}, "K66-U190": {"K66-U200": 68.77834115520467}, "K66-D120": {"K66-D130": 72.83441870161502}, "K68-D090": {"K68-D100": 141.16473132514005}, "K68-D120": {"K68-D130": 181.5205207273861}, "K66-D060": {"K66-D070": 57.68574289321124}, "K65-D020": {"K65-D030": 83.31842769324408}, "K68-U010": {"K68-U020": 100.77240392941319}, "K66-U210": {"K66-U220": 48.014686277497006}, "K66-D030": {"K66-D040": 84.25387181823675}, "K68-U070": {"K68-U080": 17.069380778507103}, "K68-D030": {"K68-D040": 101.08252000000002}, "K68-D070": {"K68-D080": 196.40175111333707}, "K68-D050": {"K68-D060": 62.67670896764247}, "K68-D130": {"K68-D140": 58.06126298199198}, "K68-D160": {"K68-D170": 76.88937811952852}, "K68-U150": {"K68-U160": 83.57000130489999}, "K68-U040": {"K68-U050": 65.00456461840001}, "K68-U090": {"K68-U100": 181.46031275}}