{"KWF": {"KWH": 104.16170442620205, "LAK": 171.80741047070077}, "KWH": {"TWH": 122.67143955259132, "KWF": 125.62385871905035}, "KWT": {"LAT": 84.26671375707028, "NTK": 118.03492364514489}}