{"LAT": {"YAT": 55.962885946114056, "KWT": 132.22473938750935}, "LAK": {"NAC": 257.4731175744931, "MEF": 134.68655011699576, "TSY": 190.09977851739018, "KWF": 100.88867807389192}}