{"LCK": {"MEF": 90.28702138547683, "CSW": 130.31208559966728}}