{"LOF": {"WTS": 96.61705887212074, "KOT": 130.51476957038793}, "LOP": {"YUL": 135.1054591800001, "TIS": 176.07655532302581}, "LOW": {"SHS": 232.17967923653018}}