{"MEF": {"TWW": 341.18292619542825, "NAC": 183.1423015473755, "LCK": 127.70057262668702, "LAK": 137.04781126634924}}