{"MOK": {"YMT": 121.17406442193506, "PRE": 118.48996891080849}, "MOS": {"WKS": 170.12989388218455, "HEO": 142.00449941376286}}