{"NAC": {"MEF": 180.931340064535, "OLY": 86.81794996516086, "LAK": 237.40003676993769, "AUS": 204.56888591729927}}