{"OCP": {"ADM": 287.63200555433866, "WCH": 131.9458367763594}}