{"OLY": {"KOW": 129.81508578487887, "NAC": 131.79520681023686}}