{"PRE": {"MOK": 130.58896611756222, "SSP": 130.90071807600117, "SKM": 118.38604038937467}}