{"SHS": {"LMC": 442.3519804582876, "FAN": 154.4009015533517, "LOW": 261.75460050080704}, "SHM": {"TSH": 204.66460976273078, "CIO": 108.82657870934001}, "SHT": {"FOT": 143.68110552697044, "TAW": 180.37114677688527}, "SHW": {"CEN": 109.8277806164861, "SYP": 131.7460121106323}}