{"SKM": {"KOT": 99.15807229203098, "PRE": 116.72111958266855}, "SKW": {"SWH": 119.1219613485071, "HFC": 70.55980146758839}}