{"SUN": {"DIS": 198.58233387484285, "TSY": 517.6180260598132, "TUC": 823.8867416349561}, "SUW": {"TKW": 52.18818, "KAT": 116.20698450613204}}