{"SWH": {"TAK": 127.47115698952601, "SKW": 99.49686867144582}}