{"SYP": {"SHW": 119.88223234208219, "HKU": 91.01754891096687}}