{"TAK": {"QUB": 123.35377836201886, "SWH": 86.95602063649366}, "TAW": {"KOT": 317.65008946938525, "HIK": 146.987553501954, "CKT": 138.2254253434197, "SHT": 121.8314798532718}, "TAP": {"UNI": 372.594770360387, "TWO": 164.34421543583085}}