{"TIS": {"LOP": 179.27538508448438, "SIH": 367.8416479880934}, "TIK": {"TKO": 212.7433234732311, "YAT": 137.37295769339738}, "TIH": {"FOH": 80.6934857019063, "CAB": 116.5813036434387}}