{"TSY": {"KOW": 430.2674940286639, "AIR": 1458.3516732846908, "SUN": 589.6681349386492, "LAK": 195.65778858977205}, "TST": {"ADM": 170.65945008940452, "JOR": 95.42455112354095}, "TSW": {"TWH": 68.98796693330284}, "TSH": {"SHM": 207.66688282583635, "HEO": 94.37391529224001}}