{"TUC": {"SUN": 830.8859033180722}, "TUM": {"SIH": 152.27985846293362}}