{"TWO": {"FAN": 350.65816441663844, "TAP": 149.73768284944768}, "TWH": {"KWH": 151.34748933429117, "TSW": 93.72773790451005}, "TWW": {"KSR": 571.8963298025368, "MEF": 302.88389017024076}}