{"WAC": {"ADM": 124.31911408856226, "CAB": 146.09316153521354}}