{"YMT": {"MOK": 103.94343983912681, "HOM": 165.03101146032319, "JOR": 122.70858648110998}}