{"5": {"305": 81.30924422322705, "6": 112.03317838858331}}