{"AIR": {"TSY": 1558.7926244937637, "AWE": 123.00819547285047}}