{"AUS": {"ETS": 155.701194, "NAC": 212.95788600275438}}