{"CKT": {"TAW": 117.77459757400001, "STW": 131.46557948205003}}