{"DIS": {"SUN": 198.58233387484285}, "DIH": {"CHH": 112.18209288052662, "HIK": 313.1999711760136, "KAT": 173.26334342000004, "WTS": 108.13528837830714}}