{"ETS": {"HUH": 163.44990930195766, "AUS": 188.95955600092435}}