{"FOT": {"SHT": 177.13357691230408, "UNI": 179.38810881086982}, "FOH": {"TIH": 122.6437673312873, "NOP": 127.74684700232338}}