{"HAH": {"TKO": 151.1120598933518, "POA": 131.33525074005166}}