{"HEO": {"TSH": 133.5245352274, "MOS": 117.5679179946499}}