{"HIK": {"TAW": 145.24352706929, "DIH": 318.44967207409087}}