{"HKU": {"SYP": 127.30338399682464, "KET": 93.63214618345766}}