{"HOK": {"KOW": 191.2996354398262}, "HOM": {"TKW": 128.4027945450477, "HUH": 131.38594181727984, "YMT": 129.53543486680465, "WHA": 81.3484402945065}}