{"K53-U090": {"K53-U100": 123.51203685166593}, "K52-nU200": {"K52-nU210": 80.42620569098433}, "K52A-D030": {"K52A-D040": 24.60087359443}, "K53-U030": {"K53-U040": 216.18629405957375}, "K51A-U200": {"K51A-U210": 64.17224028649176}, "K54-U050": {"K54-U060": 351.226543638896}, "K54-D030": {"K54-D040": 79.76952563777309}, "K51A-D170": {"K51A-D180": 157.60028000457254}, "K52-nU150": {"K52-nU160": 102.4742911852807}, "K53-D100": {"K53-D110": 85.25719566486605}, "K53-U120": {"K53-U130": 69.32287076997841}, "K52A-U080": {"K52A-U090": 70.794165005341}, "K51-U120": {"K51-U130": 154.6482396031897}, "K53-D030": {"K53-D040": 72.69819452443714}, "K52-nD180": {"K52-nD190": 139.8726257162969}, "K53-U040": {"K53-U050": 130.5827949638958}, "K51A-U180": {"K51A-U190": 94.22655034031894}, "K53-U060": {"K53-U070": 72.04005197910499}, "K52-nD140": {"K52-nD150": 109.74666943343657}, "K52-nD100": {"K52-nD110": 75.01195622481832}, "K51A-D200": {"K51A-D210": 274.3897671525436}, "K51-D260": {"K51-D270": 55.92690832288264}, "K51-D030": {"K51-D040": 38.69004067674776}, "K53-U050": {"K53-U060": 156.02525904577752}, "K53-U080": {"K53-U090": 82.47401701479468}, "K52A-D010": {"K52A-D020": 277.22432317638686}, "K51-D130": {"K51-D140": 53.371959160052526}, "K52A-U020": {"K52A-U030": 89.13502134017224}, "K54-U040": {"K54-U050": 150.8013626426321}, "K52A-U170": {"K52A-U180": 332.5606724430281}, "K53-U010": {"K53-U020": 264.86395575123186, "K53-D180": 605.4888814971158}, "K54-U060": {"K54-U070": 205.2206946571937}, "K52-nU100": {"K52-nU110": 164.02937517392394}, "K52A-U010": {"K52A-U015": 272.7961203094055}, "K51A-D100": {"K51A-D110": 56.356452489896924}, "K51A-U100": {"K51A-U110": 210.919883041613}, "K51-D150": {"K51-D160": 187.39472334383387}, "K51A-D120": {"K51A-D140": 140.40923910535884}, "K51-U170": {"K51-U180": 82.66604689831576}, "K52-nD080": {"K52-nD090": 71.24030467418541}, "K51A-U220": {"K51A-U230": 81.81198084480711}, "K51A-U130": {"K51A-U140": 74.03370213848959}, "K51A-U030": {"K51A-U040": 79.21684180169565}, "K51-D140": {"K51-D150": 87.59019462162777}, "K52-nU240": {"K52-nU250": 63.920852397471606}, "K51-D050": {"K51-D060": 60.2591002193023}, "K53-D160": {"K53-D170": 921.5164957877826, "K53-U011": 186.41805313190952}, "K54-D060": {"K54-D070": 143.46590530611064}, "K52A-D130": {"K52A-D140": 87.42951305940875}, "K53-U110": {"K53-U120": 92.3224733862492}, "K53-U020": {"K53-U030": 149.75768580349234, "K53-D160": 961.9502380164658}, "K52A-U090": {"K52A-U100": 98.10691605639983}, "K54-D010": {"K54-D020": 129.81685548148258}, "K51A-D060": {"K51A-D070": 83.2437989541249}, "K52-nU070": {"K52-nU080": 109.21034169958753}, "K52A-U110": {"K52A-U120": 52.83280465806382}, "K52-nD090": {"K52-nD100": 57.64328299805989}, "K52-nD020": {"K52-nD030": 27.188163030333563}, "K51-U090": {"K51-U100": 158.55831402476278}, "K58-D030": {"K58-D040": 96.91000000000001}, "K51-U050": {"K51-U060": 273.7864103033479}, "K52A-D040": {"K52A-D050": 15.357249526140134}, "K52A-U130": {"K52A-U140": 63.550160623966576}, "K52A-D020": {"K52A-D030": 26.307812170222746}, "K53-D010": {"K53-D015": 99.66115825665415}, "K52-nD160": {"K52-nD170": 145.45180144070176}, "K51A-U090": {"K51A-U100": 158.4729386041944}, "K51A-D150": {"K51A-D160": 122.90877534469868}, "K52-nU230": {"K52-nU240": 85.86164708925608}, "K52-nU260": {"K52-nU270": 65.22020248030171}, "K51-D270": {"K51-D280": 100.62169171080942}, "K52-nU270": {"K52-nU280": 173.50235041630177}, "K51-D020": {"K51-D030": 63.265693922739636}, "K51-D190": {"K51-D200": 174.07129327764}, "K51-U080": {"K51-U090": 149.35237607455772}, "K53-U070": {"K53-U080": 54.545984791547006}, "K51A-U150": {"K51A-U160": 113.39837647869982}, "K51-U030": {"K51-U040": 77.42855888972511}, "K53-D180": {"K53-D190": 77.07966611937664}, "K51A-U230": {"K51A-U240": 42.07572421649975}, "K51A-U210": {"K51A-U220": 72.38160327906323}, "K52A-D080": {"K52A-D090": 66.28641954962343}, "K52-nD030": {"K52-nD040": 38.51701288272617}, "K52-nD260": {"K52-nD270": 62.58819190562194}, "K52-nU050": {"K52-nU060": 239.13275763285765}, "K51A-D220": {"K51A-D230": 135.7876212370211}, "K52A-U050": {"K52A-U060": 60.87715791995654}, "K51-D100": {"K51-D110": 164.34181120625288}, "K52-nU220": {"K52-nU230": 96.5619889229}, "K52A-D170": {"K52A-D180": 114.7780339897015}, "K51-D060": {"K51-D070": 57.608176548600014}, "K51A-D020": {"K51A-D030": 103.2375086469279}, "K53-U100": {"K53-U110": 69.13386920042377}, "K54-U030": {"K54-U040": 123.63516517375766}, "K51-U100": {"K51-U110": 208.9169325911079}, "K52A-D060": {"K52A-D070": 133.77997998172276}, "K51A-U120": {"K51A-U130": 156.62997109181987}, "K54-U020": {"K54-U030": 150.26092230660524}, "K52-nD070": {"K52-nD080": 116.66419172022384}, "K51A-D180": {"K51A-D190": 126.7785075836759}, "K51-U020": {"K51-U030": 103.69296379622895}, "K52A-U150": {"K52A-U160": 37.51224718813999}, "K53-U130": {"K53-U140": 57.344016004727074}, "K53-D190": {"K53-U011": 394.0618386441255}, "K52A-D120": {"K52A-D130": 43.69253906792379}, "K52A-D180": {"K52A-D190": 114.22551457083641}, "K51-D200": {"K51-D210": 112.80843095097677}, "K51-D240": {"K51-D250": 129.88694584576893}, "K51A-U070": {"K51A-U080": 214.5525889893591}, "K51A-U160": {"K51A-U170": 78.35187060618853}, "K54-D050": {"K54-D060": 93.73081764195678}, "K52-nD040": {"K52-nD050": 30.378703488808817}, "K52-nD110": {"K52-nD120": 180.186375743088}, "K52A-U060": {"K52A-U070": 146.070040106658}, "K51A-U010": {"K51A-U020": 51.52405315575355}, "K53-D170": {"K53-D180": 323.555962262}, "K51-U160": {"K51-U170": 110.78717931717567}, "K53-D015": {"K53-D020": 50.275798809813466}, "K52-nU080": {"K52-nU090": 80.95791509005659}, "K52-nU060": {"K52-nU070": 186.0044197272336}, "K54-D020": {"K54-D030": 209.23448408003514}, "K51-U010": {"K51-U020": 31.670376047999998}, "K52A-D050": {"K52A-D060": 32.50064625019398}, "K51A-D160": {"K51A-D170": 162.92319598705166}, "K51-D090": {"K51-D100": 96.16232542059329}, "K51-U040": {"K51-U050": 124.11868357532553}, "K52-nU300": {"K52-nU310": 39.932849726689895}, "K53-D080": {"K53-D090": 51.20946689156208}, "K52-nU110": {"K52-nU120": 160.35928804775182}, "K53-D150": {"K53-D160": 164.11391077310842}, "K51A-D030": {"K51A-D040": 39.06049025149597}, "K53-D090": {"K53-D100": 51.655240534235034}, "K51-U150": {"K51-U160": 82.98301446296338}, "K52-nD290": {"K52-nD300": 102.1180766655789}, "K53-D070": {"K53-D080": 46.97862255837224}, "K52-nD120": {"K52-nD130": 39.92856473245543}, "K52-nD050": {"K52-nD060": 34.279058030785336}, "K51A-D190": {"K51A-D200": 168.85736549986626}, "K52-nU040": {"K52-nU050": 80.2053576005}, "K53-D120": {"K53-D130": 63.01624160898891}, "K51-U070": {"K51-U080": 173.82987069911664}, "K52A-U140": {"K52A-U150": 162.42361894394534}, "K51A-U040": {"K51A-U050": 120.18714451704618}, "K51-U230": {"K51-U240": 52.37848000807314}, "K53-D110": {"K53-D120": 163.04255602528667}, "K51-D010": {"K51-D020": 86.37197573167752}, "K51A-D210": {"K51A-D220": 82.10767474541964}, "K53-D130": {"K53-D140": 104.18709895859213}, "K51A-D040": {"K51A-D050": 89.28321690000001}, "K51-U200": {"K51-U210": 83.87422049963575}, "K51A-U170": {"K51A-U180": 74.33779039821762}, "K52A-D160": {"K52A-D170": 144.25350475062163}, "K52-nU250": {"K52-nU260": 60.436914098352}, "K52A-D150": {"K52A-D160": 89.66030817028529}, "K51A-D070": {"K51A-D080": 88.87721177817998}, "K51A-D250": {"K51A-D260": 90.58497062469542}, "K51-D070": {"K51-D080": 58.885223956593826}, "K52A-D070": {"K52A-D080": 105.70548153653199}, "K52-nU170": {"K52-nU180": 133.92500631977393}, "K52-nU120": {"K52-nU140": 120.96351977620652}, "K52-nD060": {"K52-nD070": 130.52721428172276}, "K53-D050": {"K53-D060": 86.65143825802708}, "K52-nU020": {"K52-nU030": 101.32741763341298}, "K52-nD240": {"K52-nD250": 149.43633735452718}, "K51A-U110": {"K51A-U120": 137.73011746808393}, "K51A-D080": {"K51A-D090": 162.53345238914557}, "K51-U190": {"K51-U200": 77.67020897467185}, "K51-U180": {"K51-U190": 108.31665229295247}, "K51-U210": {"K51-U220": 53.72480264555539}, "K51A-D230": {"K51A-D240": 149.9771425449989},