{"K73-U070": {"K73-U080": 150.23172924665437}, "K75A-D070": {"K75A-D080": 43.395054157542404}, "K75A-U030": {"K75A-D010": 221.4417887244277}, "K76-D030": {"K76-D040": 58.119398589667846}, "K73-U110": {"K73-U120": 229.29321516939777}, "K73-U030": {"K73-U040": 83.2683236479738}, "K73-U060": {"K73-U070": 129.8142031335572}, "K75A-D110": {"K75A-U011": 161.60050109247737}, "K73-U040": {"K73-U050": 117.17808235146876, "K73-U060": 222.15741458403073}, "K73-U100": {"K73-U110": 244.96812042092165}, "K73-U090": {"K73-U100": 110.99914592400917}, "K73-U080": {"K73-U090": 285.86968275280617, "K73-U110": 174.43724597110463}, "K76-U030": {"K76-U040": 253.5534839809618}, "K76-D010": {"K76-D020": 328.04666689991683}, "K75P-D020": {"K75P-D030": 35.83465716927431}, "K74-U050": {"K74-U060": 212.5595492973117}, "K75P-U130": {"K75P-U140": 36.82961571525334}, "K74-D050": {"K74-D060": 87.51962495763367}, "K74-D030": {"K74-D040": 148.32102427006117}, "K73-U020": {"K73-U030": 175.97878085182325}, "K75P-D010": {"K75P-D020": 139.55703860698318}, "K74-U080": {"K74-U090": 224.46104944312242}, "K73-D150": {"K73-D160": 98.30726907571164}, "K75A-D080": {"K75A-D090": 114.78140461811293}, "K73-D140": {"K73-D150": 165.8492472859273}, "K75A-D020": {"K75A-D030": 23.39214999243091}, "K75P-U140": {"K75P-D010": 134.75175149397435}, "K74-D040": {"K74-D050": 90.89773333466124}, "K73-D070": {"K73-D080": 169.64551640456574}, "K73-U010": {"K73-U020": 69.37603789016657}, "K75P-U070": {"K75P-U080": 109.16385705943313}, "K75P-U030": {"K75P-U040": 125.04763508849537}, "K76-D020": {"K76-D030": 130.94042136252224}, "K75A-D060": {"K75A-D070": 33.51646627419097}, "K74-D090": {"K74-U011": 87.25108971450702}, "K75P-U080": {"K75P-U090": 41.67799055945337}, "K73-D120": {"K73-D130": 105.59497303188672}, "K75P-D060": {"K75P-D070": 179.56767040492278}, "K75P-U010": {"K75P-U020": 95.32413303302356}, "K75P-D040": {"K75P-D050": 166.4869525424211}, "K74-D080": {"K74-D090": 162.79731273523603}, "K76-U020": {"K76-U030": 155.69538968266394}, "K74-U004": {"K74-U007": 87.20519113225086}, "K75P-D080": {"K75P-U011": 144.40776222859728}, "K74-U020": {"K74-U030": 136.2144254996692}, "K75P-D050": {"K75P-D060": 85.72947449358976}, "K75A-U020": {"K75A-U030": 126.32474932707404}, "K76-U040": {"K76-U050": 175.9646168893356}, "K75A-D100": {"K75A-D110": 97.41985456616274}, "K76-U010": {"K76-U020": 45.93868940368769}, "K75P-U060": {"K75P-U070": 29.986754220465876}, "K74-D060": {"K74-D070": 165.71512061138998}, "K75A-D090": {"K75A-D100": 53.661681919790794}, "K74-U007": {"K74-U010": 232.34731493764676}, "K75P-U120": {"K75P-U130": 66.8448266350492}, "K73-U050": {"K73-U060": 107.6329697340735}, "K73-D040": {"K73-D050": 84.98780365671662}, "K75P-U090": {"K75P-U100": 36.686577928175964}, "K73-D110": {"K73-D120": 79.85443213380509}, "K74-U100": {"K74-D010": 136.56973515993857}, "K74-U010": {"K74-U020": 163.60252623918504}, "K75P-U050": {"K75P-U060": 146.49747103864746}, "K75P-D030": {"K75P-D040": 116.53585595537956}, "K75A-U010": {"K75A-U020": 44.71530457867119}, "K75A-D050": {"K75A-D060": 70.16475781608207}, "K74-D010": {"K74-D020": 159.26882594341382}, "K75P-D070": {"K75P-D080": 90.19719264330277}, "K74-U030": {"K74-U040": 297.67030967911893}, "K74-U001": {"K74-U004": 165.03490954634717}, "K75A-D040": {"K75A-D050": 54.26289085129959}, "K74-U090": {"K74-U100": 227.2203229619554}, "K74-D020": {"K74-D030": 150.28610040501366}, "K73-D100": {"K73-D110": 186.55449522205726}, "K73-D030": {"K73-D040": 137.8744483346878}, "K73-D090": {"K73-D100": 81.38079234959575}, "K74-U011": {"K74-D100": 162.34350747204002}, "K75P-U040": {"K75P-U050": 100.39516849349194}, "K74-D100": {"K74-D110": 77.35971091499954}, "K75A-D010": {"K75A-D020": 235.37074747947696}, "K74-U060": {"K74-U070": 141.75350582551755}, "K73-D080": {"K73-D090": 253.6407123962178}, "K75P-U100": {"K75P-U110": 61.95143734059136}, "K75P-U110": {"K75P-U120": 88.7594132975511}, "K73-D020": {"K73-D030": 110.15403125296439}, "K73-D130": {"K73-D140": 145.97822495905513}, "K73-D010": {"K73-D020": 83.61000282992384}, "K74-U040": {"K74-U050": 168.43863739847495}, "K75A-D030": {"K75A-D040": 47.972607873693576}, "K75P-U020": {"K75P-U030": 112.26386654179059}, "K74-U070": {"K74-U080": 171.57821878221006}, "K73-D050": {"K73-D070": 101.17413153212613}, "K74-D070": {"K74-D080": 256.28956027137554}, "K74-D110": {"K74-U002": 173.09776110000004}}