{"KAT": {"SUW": 121.00000000000003, "DIH": 153.38032455634786}}