{"LAK": {"MEF": 127.3626749583506, "TSY": 190.70216334415417, "NAC": 266.1739062755626, "KWF": 154.73695464099623}, "LAT": {"KWT": 134.6636846955914, "YAT": 127.5097042301298}}