{"LET": {"WCH": 156.649115957391, "SOH": 106.61750612173321}}