{"LOF": {"KOT": 130.287805128501, "WTS": 121.15944170607659}, "LOP": {"TIS": 187.20426045393023, "YUL": 129.26270673529308}, "LOW": {"SHS": 234.85393536190728}}