{"MEF": {"LAK": 138.66767587995128, "TWW": 342.42558838647176, "LCK": 131.01098595900618, "NAC": 184.3461491358941}}