{"MKK": {"HUH": 196.6827380804122, "KOT": 142.12853343795402}}