{"MOK": {"YMT": 125.67727242192436, "PRE": 128.44837955678238}, "MOS": {"HEO": 130.2274436747203, "WKS": 163.781612577471}}