{"NAC": {"AUS": 197.37614683268924, "LAK": 255.79604204880053, "OLY": 94.63614731206988, "MEF": 182.87874120007422}}