{"OCP": {"ADM": 287.6319707395897, "WCH": 131.64400092401138}}