{"OLY": {"KOW": 132.79958115273692, "NAC": 128.94087948184787}}