{"PRE": {"SKM": 125.50426663387432, "MOK": 124.96047354390934, "SSP": 130.33427648570893}}