{"SHS": {"LMC": 454.09986860714605, "LOW": 261.7547560497205, "FAN": 138.94340032083937}, "SHT": {"FOT": 127.35004885297988, "TAW": 140.97771083975016}, "SHW": {"CEN": 128.77837523056434, "SYP": 168.45312854724003}, "SHM": {"TSH": 216.2910422020438, "CIO": 106.7799002764391}}