{"SIH": {"TIS": 359.49030595580973, "TUM": 154.44793678310293}}