{"STW": {"CIO": 137.9336066166405, "CKT": 125.95036493843288}}