{"SUN": {"DIS": 198.58233387484285, "TSY": 529.5969557000394, "TUC": 823.8865672714044}, "SUW": {"TKW": 147.65691827975758, "KAT": 118.29591743060159}}