{"SWH": {"TAK": 124.46312761744241, "SKW": 119.90214284308774}}