{"SYP": {"SHW": 147.16821933962018, "HKU": 111.93161596485963}}