{"TAW": {"KOT": 272.64715365080656, "HIK": 145.650846, "CKT": 216.27163496178204, "SHT": 127.60933430049052}, "TAP": {"TWO": 158.08806931173268, "UNI": 343.6028366299553}, "TAK": {"QUB": 132.83068340999236, "SWH": 127.81661127390598}}