{"TIK": {"YAT": 136.1106563738148, "TKO": 171.6667691181179}, "TIH": {"FOH": 112.27146455330288, "CAB": 122.89881382409519}, "TIS": {"SIH": 358.33294508880954, "LOP": 179.20827479153064}}