{"TKO": {"LHP": 132.0912135937718, "TIK": 189.57360371907768, "HAH": 191.53117472611854}, "TKW": {"SUW": 128.87443450665552, "HOM": 138.86802821220004}}