{"TUM": {"SIH": 142.1561730844248}, "TUC": {"SUN": 854.3055652232506}}