{"WCH": {"OCP": 125.52959190131025, "LET": 183.44563299143414}}