{"WTS": {"LOF": 128.453461410327, "DIH": 125.51509472325628}}