{"YAT": {"TIK": 137.26989479879182, "LAT": 148.1963484108615, "QUB": 256.3412988524304}}