{"YMT": {"MOK": 116.43453538744598, "HOM": 139.66414875674613, "JOR": 130.48363643254882}}