{"YUL": {"KSR": 233.31309649684871, "LOP": 135.69956489999998}}