{"5": {"6": 107.78257707076475, "305": 81.54747751386601}}