{"CHW": {"HFC": 58.54241158238883}, "CHH": {"DIH": 106.62625340995812, "KOB": 73.01458495179136}}