{"CIO": {"STW": 109.90260172456564, "SHM": 82.45059}}