{"CKT": {"STW": 123.06883510687355, "TAW": 115.698198}}