{"CSW": {"SSP": 74.23185774518133, "LCK": 104.40945113795587}}