{"DIS": {"SUN": 198.58233387484285}, "DIH": {"CHH": 84.29060021136442, "WTS": 97.91397914712145, "KAT": 134.54651756217768, "HIK": 296.31932208668184}}