{"ETS": {"AUS": 104.41544806948268, "HUH": 35.83140000000001}}