{"FOT": {"SHT": 151.2605554163007, "UNI": 167.30816950155887}, "FOH": {"TIH": 113.02284098294376, "NOP": 83.38794462680625}}