{"HAH": {"TKO": 139.2697294018369, "POA": 119.72132740243369}}