{"HIK": {"TAW": 101.4955675165266, "DIH": 284.06245586554735}}