{"JOR": {"TST": 86.97482756326306, "YMT": 117.35134173167182}}