{"K17-D020": {"K17-D030": 70.09793433259121}, "K12-U010": {"K12-U020": 278.2310593132507}, "K14-D010": {"K14-D020": 282.6378796624781}, "K17-U030": {"K17-U040": 57.88155301176293}, "K18-D020": {"K18-D030": 89.62219095836478}, "K12-U020": {"K12-U030": 201.35366987726803}, "K17-U020": {"K17-U030": 152.67942012280326}, "K18-U020": {"K18-U030": 101.84744184515134}, "K18-U010": {"K18-U020": 209.05576051360518}, "K17-U010": {"K17-U020": 289.85437389132045}, "K12-D030": {"K12-D040": 32.27039424961035}, "K14-D020": {"K14-D030": 216.3146694951925}, "K12-D010": {"K12-D020": 158.432883058279}, "K18-D010": {"K18-D020": 241.82406274888686}, "K17-D010": {"K17-D020": 334.6848149645243}, "K12-D020": {"K12-D030": 357.29259251568675}}