{"K66-D080": {"K66-D090": 77.95247506645875}, "K65A-D080": {"K65A-D090": 65.41137090000002}, "K66-U100": {"K66-U110": 96.74064193367303}, "K65-D150": {"K65-D160": 119.46034104274095}, "K65A-D090": {"K65A-D100": 131.04300000000003}, "K68-U130": {"K68-U140": 156.4375492486409}, "K65-U010": {"K65-U020": 256.8657062729652}, "K68-U030": {"K68-U040": 19.391386106200002}, "K65-D110": {"K65-D120": 125.1268973967743}, "K66-D140": {"K66-D150": 119.7031471782306}, "K66-U180": {"K66-U190": 61.34535733885683}, "K66-D230": {"K66-D240": 94.22613751098955}, "K66-D110": {"K66-D120": 52.556017559862994}, "K68-D190": {"K68-D200": 51.442446490121384}, "K65-D100": {"K65-D110": 236.29306850584675}, "K66-D090": {"K66-D100": 51.010656285055404}, "K65-U120": {"K65-U130": 193.43633562119462}, "K66-U040": {"K66-U050": 132.09552978526108}, "K66-D070": {"K66-D080": 60.09882826460357}, "K66-D030": {"K66-D040": 88.44054530604238}, "K65-U070": {"K65-U080": 60.655714297592155}, "K66-U080": {"K66-U090": 175.5797031421692}, "K68-D050": {"K68-D060": 59.933222068955274}, "K66-D210": {"K66-D220": 170.9829830723148}, "K66-D200": {"K66-D210": 139.01148647744003}, "K65-D090": {"K65-D100": 113.74338310844423}, "K65-U030": {"K65-U040": 95.17852147944998}, "K66-U110": {"K66-U120": 38.93882149890827}, "K65A-U100": {"K65A-U110": 112.289022241}, "K68-U020": {"K68-U030": 35.19399908179329}, "K65-U180": {"K65-U190": 78.61736436645529}, "K65-D050": {"K65-D060": 59.15139594905592}, "K68-U110": {"K68-U120": 200.1432766077823, "K68-D090": 240.9}, "K66-U030": {"K66-U040": 183.3742673380061}, "K68-D080": {"K68-D090": 86.79717607473}, "K66-U190": {"K66-U200": 70.19432360778674}, "K65-D120": {"K65-D130": 76.2534439484323}, "K65-D140": {"K65-D150": 120.30935442621485}, "K65-U210": {"K65-U220": 82.21652066459701}, "K65-D040": {"K65-D050": 73.10291453403822}, "K65-D160": {"K65-D170": 142.29630208521198}, "K65-U190": {"K65-U200": 74.61404748235816}, "K66-D190": {"K66-D200": 86.3266105625766}, "K68-D150": {"K68-D160": 85.84453946250845}, "K68-D200": {"K68-U011": 80.76407004931099}, "K66-D060": {"K66-D070": 56.51495456103466}, "K65-U100": {"K65-U110": 163.77820506901836}, "K66-U130": {"K66-U140": 53.76524354734986}, "K68-U080": {"K68-U090": 43.69920187461425}, "K68-U090": {"K68-U100": 172.4677948408224}, "K65-U140": {"K65-U150": 105.63179508590197}, "K65A-U090": {"K65A-U100": 83.578}, "K66-D150": {"K66-D160": 102.16694766041078}, "K66-D120": {"K66-D130": 69.70626083357207}, "K65-D030": {"K65-D040": 86.79570138618514}, "K68-D020": {"K68-D030": 91.86471688687986}, "K68-D170": {"K68-D180": 65.29372963960401}, "K66-D220": {"K66-D230": 83.16542415850361}, "K66-D040": {"K66-D050": 120.62787466756053}, "K66-D050": {"K66-D060": 55.34040928490225}, "K65-U130": {"K65-U140": 43.60746163809968}, "K66-U140": {"K66-U150": 50.38082291869183}, "K68-D010": {"K68-D020": 44.83602141059022}, "K65-D130": {"K65-D140": 140.4716701643289}, "K65-U110": {"K65-U120": 114.95349167766942}, "K65-U020": {"K65-U030": 123.1554880542121}, "K66-U120": {"K66-U130": 53.546286257982636}, "K66-U090": {"K66-U100": 57.047796450986006}, "K65-D060": {"K65-D070": 104.66512323328854}, "K65-U080": {"K65-U090": 181.89621325264403}, "K65-D170": {"K65-D180": 102.93522392903935}, "K68-D140": {"K68-D150": 41.17297030000001}, "K66-U070": {"K66-U080": 190.9444737852744}, "K66-U200": {"K66-U210": 57.36785273751961}, "K65-D080": {"K65-D090": 71.20225594471809}, "K66-U060": {"K66-U070": 164.59054711144853}, "K68-D090": {"K68-D100": 190.14491790000002}, "K65A-U110": {"K65A-U120": 66.82568649699999}, "K68-U120": {"K68-U130": 177.18613769999996}, "K66-D180": {"K66-D190": 87.4478837485307}, "K68-D040": {"K68-D050": 120.77386733200001}, "K65-D070": {"K65-D080": 156.04856277655708}, "K66-U170": {"K66-U180": 34.45190368727195}, "K68-D070": {"K68-D080": 219.8503332045394}, "K66-D020": {"K66-D030": 55.32742019889027}, "K68-D060": {"K68-D070": 101.53912435967001}, "K66-D130": {"K66-D140": 52.59414670494182}, "K65-U050": {"K65-U060": 102.78208042926397}, "K68-U010": {"K68-U020": 101.00209902809773}, "K65-U060": {"K65-U070": 40.6676203101906}, "K66-U160": {"K66-U170": 40.403895232247635}, "K65-D180": {"K65-D190": 127.52361019129305}, "K68-D130": {"K68-D140": 55.589495238573875}, "K65-U040": {"K65-U050": 83.66147029916525}, "K66-U050": {"K66-U060": 41.41671249955519}, "K68-D100": {"K68-D110": 86.4208789154251}, "K66-U020": {"K66-U030": 231.0702449522882}, "K68-D180": {"K68-D190": 41.70471426801301}, "K65-U090": {"K65-U100": 52.35120358267418}, "K66-D100": {"K66-D110": 58.36868889016476}, "K65A-D100": {"K65A-D110": 273.85753550000004}, "K65-U150": {"K65-U160": 52.399229667880434}, "K68-U100": {"K68-U110": 180.19842923310003}, "K65-U200": {"K65-U210": 136.78589553779827}, "K66-D160": {"K66-D170": 145.2447779063057}, "K68-U070": {"K68-U080": 23.5192982799}, "K68-U160": {"K68-U170": 69.89403844598783}, "K68-U040": {"K68-U050": 46.113881905525304}, "K68-U140": {"K68-U150": 47.921460629396755}, "K68-D110": {"K68-D120": 94.00633550309063}, "K66-U150": {"K66-U160": 53.430831375942354}, "K65A-U060": {"K65A-U070": 64.46000000000001}, "K68-U170": {"K68-D010": 169.5628}, "K65A-U070": {"K65A-U080": 63.31300000000001}, "K65A-U120": {"K65A-U130": 96.13902668207803}, "K65-U220": {"K65-U230": 85.00858514992701}, "K65-U170": {"K65-U180": 51.306140249786814}, "K66-D010": {"K66-D020": 15.582721318579999}, "K68-D160": {"K68-D170": 83.1091032054133}, "K68-U060": {"K68-U070": 93.20927466690401}, "K66-D170": {"K66-D180": 182.37455621543006}, "K65-D010": {"K65-D020": 50.96017869115442}, "K68-U050": {"K68-U060": 41.52139064987891}, "K65-U160": {"K65-U170": 58.48087950933554}, "K65-D020": {"K65-D030": 80.97026252758891}, "K65A-U080": {"K65A-U090": 59.860989000000004}, "K68-U150": {"K68-U160": 87.54862692496805}, "K68-D120": {"K68-D130": 185.5169479144273}, "K66-U210": {"K66-U220": 53.29834470356038}, "K68-D030": {"K68-D040": 95.734794074}, "K66-U010": {"K66-U020": 139.6805104085115}, "K65A-U040": {"K65A-U050": 106.37}, "K65A-D050": {"K65A-D060": 57.2}, "K65A-D040": {"K65A-D050": 82.5}, "K65A-U050": {"K65A-U060": 51.75500000000001}, "K65A-D070": {"K65A-D080": 164.24100000000004}, "K65A-D060": {"K65A-D070": 75.86}, "K65A-U030": {"K65A-U040": 25.3}}