{"K75P-D050": {"K75P-D060": 91.16070437900402}, "K73-U050": {"K73-U060": 119.15759321984974}, "K75P-D040": {"K75P-D050": 173.9505889145326}, "K74-D110": {"K74-U002": 161.34986350953247}, "K75P-D010": {"K75P-D020": 139.95446223109013}, "K76-U010": {"K76-U020": 60.84833078907165}, "K75A-D040": {"K75A-D050": 59.75693508217812}, "K73-D080": {"K73-D090": 251.70614327871135}, "K75A-D030": {"K75A-D040": 123.21592062867725}, "K73-D150": {"K73-D160": 45.07429108493674}, "K75P-U040": {"K75P-U050": 118.97918481385288}, "K73-U110": {"K73-U120": 226.11722815998732}, "K75P-D070": {"K75P-D080": 91.19372652549194}, "K76-U040": {"K76-U050": 201.59188396391295}, "K73-U040": {"K73-U050": 111.56212143574234, "K73-U060": 227.24869979532596}, "K75A-D080": {"K75A-D090": 144.0732360656428}, "K75A-D050": {"K75A-D060": 81.34743046250077}, "K75P-D080": {"K75P-U011": 150.65199300616987}, "K75P-U010": {"K75P-U020": 96.3593924462466}, "K75P-U080": {"K75P-U090": 44.20802001529684}, "K73-U080": {"K73-U090": 297.04697366070036, "K73-U110": 377.31844583854615}, "K73-U100": {"K73-U110": 284.34479877929755}, "K76-U020": {"K76-U030": 172.10110179596663}, "K74-U007": {"K74-U010": 242.44866691580006}, "K73-U010": {"K73-U020": 70.99686708889548}, "K76-U030": {"K76-U040": 298.61848314690616}, "K73-U020": {"K73-U030": 174.28595440583499}, "K73-D070": {"K73-D080": 192.11901516352427}, "K75P-U090": {"K75P-U100": 40.83090265612308}, "K76-D030": {"K76-D040": 55.25994863836106}, "K73-U030": {"K73-U040": 101.22258821565073}, "K73-D040": {"K73-D050": 85.34983720826945}, "K75P-U120": {"K75P-U130": 67.21862743648643}, "K73-D110": {"K73-D120": 60.670009877275376}, "K73-D130": {"K73-D140": 137.5633002825604}, "K75A-U010": {"K75A-U020": 44.652859865025015}, "K74-U060": {"K74-U070": 153.09474289999997}, "K76-D010": {"K76-D020": 302.83210251205173}, "K73-U060": {"K73-U070": 146.31851067317683}, "K74-U004": {"K74-U007": 94.82425817550264}, "K75P-D020": {"K75P-D030": 37.649474095738206}, "K74-U090": {"K74-U100": 223.3578905441143}, "K73-D100": {"K73-D110": 194.09264630847903}, "K75A-D110": {"K75A-U011": 188.2378019462002}, "K73-D090": {"K73-D100": 83.83753496140397}, "K75P-U110": {"K75P-U120": 88.42078797513338}, "K74-D020": {"K74-D030": 152.01113383712092}, "K74-U020": {"K74-U030": 127.52437639334967}, "K75A-D100": {"K75A-D110": 108.28418941076424}, "K73-D050": {"K73-D070": 104.1286465203136}, "K75P-U100": {"K75P-U110": 67.7025990303347}, "K75P-D030": {"K75P-D040": 112.3438826214904}, "K73-U090": {"K73-U100": 118.1089885947791}, "K74-U001": {"K74-U004": 162.6103250933092}, "K73-U070": {"K73-U080": 161.02604797195397}, "K75P-U060": {"K75P-U070": 43.476269202818926}, "K75A-D090": {"K75A-D100": 60.63120655577556}, "K76-D020": {"K76-D030": 135.25760665442525}, "K74-D030": {"K74-D040": 137.26376437319306}, "K74-U010": {"K74-U020": 163.43477234439015}, "K74-D080": {"K74-D090": 168.29813375672498}, "K75P-D060": {"K75P-D070": 185.6983277214227}, "K74-D050": {"K74-D060": 93.132976768}, "K75A-D060": {"K75A-D070": 42.4638809183383}, "K74-D090": {"K74-U011": 73.69970212901272}, "K74-U040": {"K74-U050": 210.70105466629337}, "K74-U070": {"K74-U080": 164.22319898183906}, "K75P-U130": {"K75P-U140": 45.64506960487495}, "K75A-D020": {"K75A-D030": 27.082163165216855}, "K74-D060": {"K74-D070": 164.4624420385955}, "K75P-U070": {"K75P-U080": 114.51744954864037}, "K75P-U140": {"K75P-D010": 160.73091300351734}, "K75A-U030": {"K75A-D010": 247.10814075435056}, "K74-U050": {"K74-U060": 236.18331475614633}, "K75A-U020": {"K75A-U030": 139.27268925881737}, "K73-D020": {"K73-D030": 77.82018708889386}, "K75A-D070": {"K75A-D080": 51.28605543484639}, "K73-D140": {"K73-D150": 206.42662017574736}, "K73-D030": {"K73-D040": 132.1967748498008}, "K73-D010": {"K73-D020": 72.47075749753596}, "K74-D070": {"K74-D080": 257.73598536505995}, "K73-D120": {"K73-D130": 107.14752441569206}, "K74-U030": {"K74-U040": 282.29296820708316}, "K75A-D010": {"K75A-D020": 237.6939582716057}, "K75P-U030": {"K75P-U040": 122.30623937741655}, "K74-U011": {"K74-D100": 170.8856728904041}, "K74-D100": {"K74-D110": 84.67581053910415}, "K74-D040": {"K74-D050": 84.353207290881}, "K74-D010": {"K74-D020": 143.06625494067723}, "K75P-U020": {"K75P-U030": 109.70953619749427}, "K74-U080": {"K74-U090": 220.58944989373998}, "K75P-U050": {"K75P-U060": 162.6176888647951}, "K74-U100": {"K74-D010": 126.89695864100001}, "K75S-U040": {"K75S-D010": 51.7}, "K76S-U015": {"K76S-U020": 129.75600000000003}}