{"KAT": {"DIH": 73.06832179950001, "SUW": 122.42111495999998}}