{"KOT": {"TAW": 302.73115028386957, "MKK": 126.22912142237328, "SKM": 108.81516584099226, "LOF": 74.77094654703487}, "KOW": {"OLY": 129.01599670638234, "HOK": 177.7421002097681, "TSY": 532.06278577286}, "KOB": {"CHH": 151.7165586984325, "NTK": 89.97418728930909}}