{"KWH": {"TWH": 85.1239931683681, "KWF": 111.01841391509683}, "KWT": {"NTK": 93.57573700075389, "LAT": 98.03192496677129}, "KWF": {"KWH": 70.66544756202701, "LAK": 111.26122278156006}}