{"LET": {"WCH": 153.95003909666661, "SOH": 100.86121721415097}}