{"LOF": {"KOT": 94.1587087586279, "WTS": 88.96303134116059}, "LOP": {"TIS": 176.53117258113983, "YUL": 124.5737887625183}, "LOW": {"SHS": 194.452048997145}}