{"MEF": {"LAK": 119.17937793633666, "NAC": 138.51056486220412, "LCK": 112.99396083941929, "TWW": 324.92154549876693}}