{"MOK": {"PRE": 119.51468774790843, "YMT": 109.57615010492552}, "MOS": {"HEO": 86.92001904892868, "WKS": 166.59906644816203}}