{"NTK": {"KOB": 95.1334087741601, "KWT": 36.141113181809615}}