{"OCP": {"WCH": 130.86282358153068, "ADM": 287.63196327937806}}