{"OLY": {"KOW": 134.10410669436644, "NAC": 125.1774414067858}}