{"PRE": {"MOK": 126.40026023466848, "SSP": 70.42787439874789, "SKM": 84.22987848016504}}