{"QUB": {"TAK": 91.25457997932014, "YAT": 249.0175545624, "NOP": 120.39609838847127}}