{"SHS": {"FAN": 117.73196719816254, "LMC": 445.5309590289048, "LOW": 261.7548641234705}, "SHT": {"TAW": 186.43199967959328, "FOT": 145.8953020481841}, "SHW": {"CEN": 101.24831970892778, "SYP": 59.09541920221754}, "SHM": {"TSH": 223.83800685837946, "CIO": 107.74487258205}}