{"SIH": {"TIS": 356.45816962171847, "TUM": 154.45019077378134}}