{"SKM": {"PRE": 86.93523273334876, "KOT": 91.68434882936258}, "SKW": {"HFC": 85.5988445228343, "SWH": 43.799745072}}