{"STW": {"CKT": 99.20969002134001, "CIO": 90.2772811196572}}