{"SUN": {"DIS": 198.58233387484285, "TUC": 823.8868445948898, "TSY": 496.3571973912678}, "SUW": {"KAT": 120.71399999999998, "TKW": 123.64312943896}}