{"TIH": {"FOH": 53.992753560761415, "CAB": 76.98753513649902}, "TIS": {"LOP": 177.3482457265891, "SIH": 370.8574232358555}, "TIK": {"TKO": 175.74896057752483, "YAT": 129.024178462562}}