{"TKO": {"TIK": 171.24980611613182, "LHP": 132.16990231994345, "HAH": 109.97646055283863}, "TKW": {"SUW": 126.25225891350001, "HOM": 126.00852000000005}}