{"TSY": {"SUN": 674.6421318773648, "AIR": 1455.0408071094923, "LAK": 192.415376703816, "KOW": 454.0943918908418}, "TSH": {"SHM": 204.1819622649561, "HEO": 92.67140405121685}, "TST": {"ADM": 154.42518965152476, "JOR": 77.46289850421367}, "TSW": {"TWH": 63.95639777454162}}