{"UNI": {"TAP": 364.4467793359334, "FOT": 190.8089772671041}}