{"WAC": {"CAB": 112.82665300656728, "ADM": 88.2679238311268}}