{"WTS": {"LOF": 103.33958161987428, "DIH": 100.936329381168}}