{"YUL": {"KSR": 255.73198575135424, "LOP": 120.373685231209}}