{"1": {"6": 308.5472440463856, "2": 163.82270508471836}}