{"AIR": {"TSY": 1548.6678180013641, "AWE": 133.25283407616706}}