{"AUS": {"ETS": 70.99036185063173, "NAC": 198.19692172259462}}