{"CHH": {"DIH": 106.63016685647654, "KOB": 89.77335436919668}, "CHW": {"HFC": 83.24207645800658}}