{"CSW": {"SSP": 80.44250009591077, "LCK": 92.62176029517558}}