{"FOT": {"UNI": 182.2349570022997, "SHT": 126.15615598656402}, "FOH": {"TIH": 93.02940470100198, "NOP": 117.54650713571114}}