{"HEO": {"MOS": 72.47346594640571, "TSH": 111.82887255397478}}