{"HFC": {"SKW": 136.7316379078485, "CHW": 138.96650039432933}}