{"HIK": {"TAW": 66.1519482908692, "DIH": 291.7533642950526}}