{"HOK": {"KOW": 209.55828295840348}, "HOM": {"TKW": 84.63502464979199, "HUH": 71.20295700341998, "YMT": 121.70181233882806, "WHA": 80.24269957429632}}