{"HUH": {"EXC": 187.60746852560288, "MKK": 169.35499388047486, "ETS": 99.09015836709497, "HOM": 56.72325081807135}}