{"JOR": {"TST": 91.58532569315847, "YMT": 99.02981477593525}}