{"K14-D020": {"K14-D030": 223.15447405641197}, "K17-U030": {"K17-U040": 76.75278923415702}, "K12-D030": {"K12-D040": 16.127622537179526}, "K12-D020": {"K12-D030": 413.8765067358734}, "K14-D010": {"K14-D020": 296.688933307716}, "K12-U020": {"K12-U030": 214.23132299970365}, "K18-U020": {"K18-U030": 60.49268578530611}, "K17-D010": {"K17-D020": 286.6615914141015}, "K12-U010": {"K12-U020": 242.50791119848495}, "K17-U020": {"K17-U030": 151.78817405584084}, "K17-D020": {"K17-D030": 70.8227565145884}, "K18-D010": {"K18-D020": 262.2893518879031}, "K17-U010": {"K17-U020": 250.9265907376752}, "K12-D010": {"K12-D020": 164.6576876480248}, "K18-D020": {"K18-D030": 102.48739428338328}, "K18-U010": {"K18-U020": 217.50177112289742}}