{"K51A-D140": {"K51A-D150": 83.25382021953497}, "K58-D070": {"K58-D080": 105.26285}, "K51-U040": {"K51-U050": 136.7641808230525}, "K58-U040": {"K58-U050": 127.8583141}, "K52-nU160": {"K52-nU170": 112.54330677516393}, "K51A-U020": {"K51A-U030": 153.58220997294333}, "K54-D030": {"K54-D040": 68.61049207319527}, "K51-U140": {"K51-U150": 48.685101035369186}, "K51A-D010": {"K51A-D020": 53.512254656617735}, "K58-D020": {"K58-D030": 131.7525}, "K58-U160": {"K58-U170": 131.77122090000003}, "K52-nU210": {"K52-nU220": 81.48100225261582}, "K51-U020": {"K51-U030": 166.82569470942454}, "K51A-U090": {"K51A-U100": 146.9484468140608}, "K53-U090": {"K53-U100": 137.6924050512015}, "K58-D160": {"K58-D170": 232.43}, "K52-nD070": {"K52-nD080": 114.2426071381935}, "K52A-U120": {"K52A-U130": 78.69403013730565}, "K53-D010": {"K53-D015": 103.74767769037109}, "K51-D230": {"K51-D240": 89.04910855490566}, "K51-U210": {"K51-U220": 53.33018473354539}, "K53-D050": {"K53-D060": 87.12876079113187}, "K53-U060": {"K53-U070": 72.81241048091245}, "K54-D040": {"K54-D050": 165.51498617329574}, "K51A-U140": {"K51A-U150": 52.44288345397907}, "K52-nD220": {"K52-nD230": 135.07030578976918}, "K52A-D090": {"K52A-D100": 50.8284629524367}, "K54-U060": {"K54-U070": 237.0594205809795}, "K58-D140": {"K58-D150": 27.436199999999996}, "K53-U020": {"K53-U030": 143.24655319066247, "K53-D160": 834.3316665233245}, "K52A-D020": {"K52A-D030": 27.988300693787004}, "K51A-D210": {"K51A-D220": 88.77204945240723}, "K51A-D120": {"K51A-D140": 157.76760708208798}, "K51A-D260": {"K51A-D270": 59.44017157006162}, "K52A-U140": {"K52A-U150": 165.36164631294932}, "K58-D030": {"K58-D040": 32.23801240000001}, "K58-D200": {"K58-D210": 68.41169080899999}, "K51A-U010": {"K51A-U020": 55.91694297116544}, "K53-U010": {"K53-U020": 256.0393618356014, "K53-D180": 1941.502365566113}, "K53-U030": {"K53-U040": 211.41065505256583}, "K51A-D150": {"K51A-D160": 106.50811065340267}, "K53-D020": {"K53-D030": 113.17930584268137}, "K54-D060": {"K54-D070": 146.04737976851663}, "K51-D040": {"K51-D050": 58.38754405634201}, "K52-nU270": {"K52-nU280": 170.42382381941826}, "K52A-D160": {"K52A-D170": 153.6912660829612}, "K51A-D180": {"K51A-D190": 128.5727254467479}, "K58-D180": {"K58-D190": 289.3024200000001}, "K58-D010": {"K58-D020": 19.11468581}, "K51-U110": {"K51-U120": 129.905382617901}, "K51-U060": {"K51-U070": 327.8495409040001}, "K58-D050": {"K58-D060": 194.33700000000005}, "K51A-U160": {"K51A-U170": 80.46880568182871}, "K52-nU260": {"K52-nU270": 108.87305238300624}, "K53-U110": {"K53-U120": 89.9354736400848}, "K53-U040": {"K53-U050": 121.51479699334334}, "K52A-D120": {"K52A-D130": 39.740431901390004}, "K51-U220": {"K51-U230": 69.29053953266086}, "K52A-D110": {"K52A-D120": 195.94575607120254}, "K53-U100": {"K53-U110": 76.57004172754874}, "K52-nD120": {"K52-nD130": 39.58855013761982}, "K52-nU180": {"K52-nU190": 78.105503841618}, "K53-U070": {"K53-U080": 43.78985763893438}, "K52A-U130": {"K52A-U140": 61.02708529293161}, "K53-D100": {"K53-D110": 85.00389103506075}, "K52-nD020": {"K52-nD030": 35.7690568418998}, "K51-D110": {"K51-D120": 49.2069860794759}, "K52-nD130": {"K52-nD140": 92.00918812790302}, "K54-U020": {"K54-U030": 141.10747503870857}, "K51A-D040": {"K51A-D050": 112.52859053850625}, "K53-D120": {"K53-D130": 70.94413870539503}, "K58-U070": {"K58-U080": 126.48357150000001}, "K51A-U220": {"K51A-U230": 87.99243073966947}, "K52A-U080": {"K52A-U090": 76.41349628219557}, "K52-nU230": {"K52-nU240": 107.64073914957005}, "K52-nD280": {"K52-nD290": 94.03082649548114}, "K58-D110": {"K58-D120": 171.01491000000001}, "K53-U140": {"K53-D010": 81.9964292950082}, "K51-D160": {"K51-D170": 82.25536616597552}, "K53-D140": {"K53-D150": 179.2696825063002}, "K53-U080": {"K53-U090": 74.78394749843376}, "K51A-D190": {"K51A-D200": 162.83225538724395}, "K52-nD240": {"K52-nD250": 175.13328687795337}, "K53-D015": {"K53-D020": 50.41660837041577}, "K53-D030": {"K53-D040": 75.14714681351624}, "K53-D090": {"K53-D100": 52.37008462118507}, "K51-D180": {"K51-D190": 176.3666722073903}, "K58-U026": {"K58-U030": 126.37460000000003}, "K58-U020": {"K58-U023": 164.42573399999998}, "K52-nD270": {"K52-nD280": 107.9122869906366}, "K53-D180": {"K53-D190": 94.03892195172247}, "K51A-U150": {"K51A-U160": 116.21397211667254}, "K52-nU040": {"K52-nU050": 81.99864470918695}, "K52-nU250": {"K52-nU260": 106.51195423136328}, "K58-U080": {"K58-U090": 87.23203610000003}, "K53-U130": {"K53-U140": 67.41868018138567}, "K51-U170": {"K51-U180": 79.95712182434734}, "K52-nD060": {"K52-nD070": 129.29401492691733}, "K58-D100": {"K58-D110": 180.081}, "K52-nU190": {"K52-nU200": 138.7991481286622}, "K52-nU050": {"K52-nU060": 301.1906574982726}, "K52A-U030": {"K52A-U040": 41.70699243597716}, "K53-U050": {"K53-U060": 144.2471859704659}, "K52-nD140": {"K52-nD150": 120.66038600184493}, "K54-U030": {"K54-U040": 131.36685583920683}, "K51A-D090": {"K51A-D100": 50.46998361972358}, "K51-D250": {"K51-D260": 133.2979165131096}, "K53-D080": {"K53-D090": 56.95019830058069}, "K58-D080": {"K58-D090": 109.69808454000001}, "K53-D110": {"K53-D120": 167.86419939546855}, "K51-D090": {"K51-D100": 91.88852480764962}, "K51A-U120": {"K51A-U130": 150.68469138339844}, "K51-U100": {"K51-U110": 211.47960198825845}, "K52-nD160": {"K52-nD170": 176.16186360196085}, "K51-D240": {"K51-D250": 148.51793970879805}, "K51A-U030": {"K51A-U040": 60.81082512938925}, "K52-nD290": {"K52-nD300": 103.23713958102496}, "K54-U040": {"K54-U050": 146.8436273835069}, "K51A-D240": {"K51A-D250": 71.64868434054378}, "K54-U010": {"K54-U020": 91.32258071666118}, "K51-D220": {"K51-D230": 299.5651500853957}, "K51A-U240": {"K51A-U250": 62.78798082992821}, "K51A-D170": {"K51A-D180": 170.66898396330697}, "K52-nU020": {"K52-nU030": 109.28439484080886}, "K52-nD150": {"K52-nD160": 126.59707284862502}, "K58-U170": {"K58-U180": 203.14448000000002}, "K58-U180": {"K58-U190": 125.19275560000001}, "K51-U130": {"K51-U140": 76.84871561220669}, "K52-nU290": {"K52-nU300": 24.873212489190184}, "K51A-U190": {"K51A-U200": 59.66534560340476}, "K51-U080": {"K51-U090": 176.29134351998093}, "K52-nD200": {"K52-nD210": 128.35226133088855}, "K52A-U010": {"K52A-U015": 307.4364675074264}, "K52A-U170": {"K52A-U180": 275.33766764909865}, "K51A-U110": {"K51A-U120": 116.69609782067941}, "K51A-U230": {"K51A-U240": 40.14492893478025}, "K53-U120": {"K53-U130": 65.7635623025852}, "K51A-U060": {"K51A-U070": 341.73969490866506}, "K51-D030": {"K51-D040": 40.67195048281544}, "K53-D060": {"K53-D070": 164.4129570122422}, "K52A-U150": {"K52A-U160": 37.762146607390065}, "K52A-U040": {"K52A-U050": 135.78645593987704}, "K51A-U100": {"K51A-U110": 220.86368342320844}, "K51-U050": {"K51-U060": 307.4903363718096}, "K52A-U015": {"K52A-U020": 143.65520965484703}, "K51A-U210": {"K51A-U220": 79.04325260468562}, "K51A-U180": {"K51A-U190": 94.07362997222613}, "K52-nU010": {"K52-nU020": 124.7406560869003}, "K51-D260": {"K51-D270": 74.99061217082945}, "K52-nD260": {"K52-nD270": 63.81267832098598}, "K58-D196": {"K58-D200": 126.61017050000001}, "K54-U070": {"K54-D010": 147.5185812545986}, "K51-D170": {"K51-D180": 111.44744488734497}, "K58-U050": {"K58-U060": 71.06}, "K52A-U100": {"K52A-U110": 83.03903681541901}, "K58-U110": {"K58-U120": 205.81132000000002}, "K51A-D110": {"K51A-D120": 55.9488994131832}, "K58-U090": {"K58-U100": 232.65000000000003}, "K52-nD090": {"K52-nD100": 46.26026504246882}, "K52-nD110": {"K52-nD120": 159.99979660932064}, "K58-U060": {"K58-U070": 200.26930000000002}, "K52A-D030": {"K52A-D040": 21.728820878032444}, "K52A-U060": {"K52A-U070": 149.38776168537555}, "K51A-D160": {"K51A-D170": 202.50719394055872}, "K52A-D010": {"K52A-D020": 320.3826546805868}, "K52A-D150": {"K52A-D160": 106.99505419155601}, "K58-U023": {"K58-U026": 62.37899470000001}, "K52A-D060": {"K52A-D070": 131.68741492691734}, "K52-nD230": {"K52-nD240": 173.4742779374069}, "K58-D150": {"K58-D160": 76.714}, "K52A-U070": {"K52A-U080": 83.72149343436436}, "K52-nD170": {"K52-nD180": 116.72870221730962},