{"K65A-D090": {"K65A-D100": 128.24987262402902}, "K65A-D070": {"K65A-D080": 151.32986789004318}, "K66-D050": {"K66-D060": 58.97325768518721}, "K65-U180": {"K65-U190": 70.95404479024678}, "K65-D060": {"K65-D070": 100.61948035411723}, "K68-U160": {"K68-U170": 80.1211646110759}, "K65A-U080": {"K65A-U090": 77.56678852365681}, "K66-U200": {"K66-U210": 52.89340874210512}, "K65A-D010": {"K65A-D020": 58.83408017564043}, "K65A-D030": {"K65A-D040": 83.39427216022213}, "K65A-D080": {"K65A-D090": 74.17505268186385}, "K65A-D040": {"K65A-D050": 64.45621075386535}, "K65-U170": {"K65-U180": 100.99214252604597}, "K65-U150": {"K65-U160": 54.11146613195713}, "K65-D140": {"K65-D150": 115.6691212944695}, "K65A-U020": {"K65A-U030": 207.29943805868302}, "K65-U060": {"K65-U070": 41.726169445965056}, "K65-D110": {"K65-D120": 123.7667258086959}, "K65-D120": {"K65-D130": 68.61890853486021}, "K66-U050": {"K66-U060": 56.676719677496706}, "K68-D170": {"K68-D180": 66.35946686004682}, "K65-U140": {"K65-U150": 97.09284081046158}, "K66-D090": {"K66-D100": 58.55056163281406}, "K66-U170": {"K66-U180": 31.627578219002906}, "K68-D090": {"K68-D100": 189.1579013064011}, "K65-U210": {"K65-U220": 74.49090604736895}, "K65A-U050": {"K65A-U060": 49.769431944840164}, "K68-D130": {"K68-D140": 56.75103441590001}, "K65A-U060": {"K65A-U070": 52.27453566152123}, "K66-D140": {"K66-D150": 104.71093073170111}, "K68-D100": {"K68-D110": 86.93391397751444}, "K65A-D050": {"K65A-D060": 56.8550524396606}, "K66-D060": {"K66-D070": 64.3652509881034}, "K65-U220": {"K65-U230": 87.24759916372794}, "K65-D150": {"K65-D160": 132.52746462955946}, "K66-D150": {"K66-D160": 100.14815719812204}, "K68-U100": {"K68-U110": 200.62996849644074}, "K66-U020": {"K66-U030": 223.58155658637875}, "K66-U120": {"K66-U130": 49.92423822865528}, "K65-D130": {"K65-D140": 138.05829984352988}, "K65-U120": {"K65-U130": 209.96023449558447}, "K65-U080": {"K65-U090": 204.94490479839814}, "K66-U130": {"K66-U140": 51.59963479137805}, "K66-D210": {"K66-D220": 175.80975840106834}, "K66-U160": {"K66-U170": 48.625499927073236}, "K66-U210": {"K66-U220": 59.82103358182566}, "K66-D030": {"K66-D040": 86.1878950261884}, "K65-D100": {"K65-D110": 258.3138051920024}, "K66-D200": {"K66-D210": 140.60364947193506}, "K65-U160": {"K65-U170": 53.752379797577646}, "K65-D020": {"K65-D030": 81.02764723076592}, "K65-U110": {"K65-U120": 120.5123390457416}, "K68-D030": {"K68-D040": 120.3413852667295}, "K65-D180": {"K65-D190": 128.47969637855724}, "K65A-D020": {"K65A-D030": 85.31958996430608}, "K66-U080": {"K66-U090": 194.10653013696776}, "K65A-U090": {"K65A-U100": 70.38343675021954}, "K65A-U070": {"K65A-U080": 50.56252157957123}, "K66-D070": {"K66-D080": 57.49287440316764}, "K65-D080": {"K65-D090": 71.4825510349821}, "K65-U050": {"K65-U060": 123.08572046972495}, "K65-D010": {"K65-D020": 47.36333492052428}, "K65-U130": {"K65-U140": 58.035884946497404}, "K66-D190": {"K66-D200": 89.75640757966589}, "K68-D160": {"K68-D170": 87.54527432920364}, "K65A-D060": {"K65A-D070": 109.15906494095289}, "K68-D120": {"K68-D130": 203.95179994412564}, "K66-U140": {"K66-U150": 48.600069243243794}, "K68-D020": {"K68-D030": 107.91278969999999}, "K65A-D100": {"K65A-D110": 292.14768602996963}, "K66-U180": {"K66-U190": 142.680930295054}, "K65-D160": {"K65-D170": 148.19803812026814}, "K68-D110": {"K68-D120": 99.74571423581777}, "K68-U090": {"K68-U100": 177.55732352437778}, "K66-D160": {"K66-D170": 147.29894258464833}, "K65-U030": {"K65-U040": 92.29503798414798}, "K68-D040": {"K68-D050": 161.57398785976005}, "K68-D150": {"K68-D160": 80.56344343336252}, "K65-U070": {"K65-U080": 76.05686371759548}, "K68-U050": {"K68-U060": 79.32175869989788}, "K68-U120": {"K68-U130": 205.96984595452915}, "K65-D050": {"K65-D060": 102.09353901547067}, "K65A-U040": {"K65A-U050": 104.50850389504724}, "K66-D080": {"K66-D090": 74.65863226758407}, "K66-U030": {"K66-U040": 211.98708324265095}, "K66-D100": {"K66-D110": 56.252243506977585}, "K66-D180": {"K66-D190": 96.5185822137934}, "K65A-U100": {"K65A-U110": 74.70366609660645}, "K66-U100": {"K66-U110": 87.39501424316171}, "K65-D040": {"K65-D050": 61.0433640914689}, "K65-D090": {"K65-D100": 125.62420386491269}, "K68-D070": {"K68-D080": 197.5094928586293}, "K68-D080": {"K68-D090": 87.77804054735626}, "K68-U030": {"K68-U040": 29.918115465}, "K65-D170": {"K65-D180": 99.66235655451007}, "K66-D110": {"K66-D120": 52.03327888668552}, "K68-U170": {"K68-D010": 238.96330427129564}, "K68-D010": {"K68-D020": 44.34280807197231}, "K66-D220": {"K66-D230": 84.56755642319168}, "K65-D070": {"K65-D080": 140.0549931896331}, "K68-U040": {"K68-U050": 48.680262086109835}, "K66-U010": {"K66-U020": 151.53313350180733}, "K65-D030": {"K65-D040": 80.4686321325529}, "K66-D130": {"K66-D140": 73.3962225125}, "K66-U070": {"K66-U080": 165.4914182910922}, "K65-U200": {"K65-U210": 79.27980100000002}, "K65-U040": {"K65-U050": 85.76635723797803}, "K66-D020": {"K66-D030": 72.64399724265851}, "K68-D060": {"K68-D070": 101.3157225635}, "K66-D040": {"K66-D050": 52.09397074197769}, "K66-U190": {"K66-U200": 67.50287763604649}, "K68-U070": {"K68-U080": 23.87203167822}, "K68-U110": {"K68-U120": 235.600266, "K68-D090": 170.6144}, "K68-U130": {"K68-U140": 156.7426744604257}, "K68-U140": {"K68-U150": 67.05942853593953}, "K65-U190": {"K65-U200": 63.659846470174124}, "K65A-U030": {"K65A-U040": 45.64217228112187}, "K68-D050": {"K68-D060": 90.70484877950614}, "K66-U110": {"K66-U120": 39.303443488712325}, "K68-U010": {"K68-U020": 95.718504232087}, "K66-U090": {"K66-U100": 55.99310749634585}, "K66-D230": {"K66-D240": 102.7548173122528}, "K65A-U110": {"K65A-U120": 86.36574276700856}, "K65-U090": {"K65-U100": 54.25495687956588}, "K68-U080": {"K68-U090": 37.020132347278455}, "K68-D140": {"K68-D150": 59.23044935688}, "K68-D190": {"K68-D200": 60.81237114803747}, "K65A-U010": {"K65A-U020": 96.2242909984784}, "K68-U060": {"K68-U070": 126.64200895154582}, "K68-D200": {"K68-U011": 82.20543831742123}, "K68-D180": {"K68-D190": 49.58459939444374}, "K66-D120": {"K66-D130": 68.43390425026323}, "K65A-U120": {"K65A-U130": 100.80081744618931}, "K65-U100": {"K65-U110": 163.33634339736494}, "K65-U010": {"K65-U020": 244.318993333334}, "K66-U040": {"K66-U050": 127.21118864955879}, "K68-U020": {"K68-U030": 45.13299836487954}, "K66-U060": {"K66-U070": 168.3608097017363}, "K66-U150": {"K66-U160": 50.887413972804374}, "K66-D010": {"K66-D020": 14.201243001568738}, "K65-U020": {"K65-U030": 136.00872679133207}, "K68-U150": {"K68-U160": 95.55490362000002}, "K66-D170": {"K66-D180": 187.141891056764}}