{"K76-D010": {"K76-D020": 286.46133080052243}, "K75P-U110": {"K75P-U120": 97.71196561154281}, "K73-D080": {"K73-D090": 256.54038325971544}, "K75P-U080": {"K75P-U090": 43.51466941785889}, "K73-U040": {"K73-U060": 232.84199643739066, "K73-U050": 122.74096916364802}, "K75P-U120": {"K75P-U130": 73.6678274497527}, "K73-U110": {"K73-U120": 243.7011489382416}, "K74-U011": {"K74-D100": 182.26056225069203}, "K73-U100": {"K73-U110": 249.71030238798795}, "K76-D030": {"K76-D040": 63.40615537293517}, "K75A-U010": {"K75A-U020": 48.68391407597067}, "K73-D030": {"K73-D040": 132.53646925950176}, "K73-D140": {"K73-D150": 231.01739013759348}, "K75A-D010": {"K75A-D020": 239.86210408663177}, "K73-D010": {"K73-D020": 76.44637931097769}, "K75P-U090": {"K75P-U100": 40.47890304483501}, "K75P-U060": {"K75P-U070": 44.12000323117555}, "K74-D060": {"K74-D070": 208.1850845792188}, "K75P-D070": {"K75P-D080": 96.99261213692891}, "K73-U080": {"K73-U090": 311.22759561701906, "K73-U110": 399.74029675405507}, "K75P-U100": {"K75P-U110": 70.7098228727404}, "K73-U070": {"K73-U080": 170.47418855989037}, "K75P-U040": {"K75P-U050": 115.84945480033142}, "K76-D020": {"K76-D030": 137.39421386711606}, "K75P-D040": {"K75P-D050": 187.74062790112856}, "K76-U030": {"K76-U040": 223.20265347523582}, "K75A-D060": {"K75A-D070": 47.93318984219779}, "K75A-U020": {"K75A-U030": 143.39659347923865}, "K73-U010": {"K73-U020": 71.51447505168642}, "K73-U090": {"K73-U100": 142.0109342061687}, "K75A-D080": {"K75A-D090": 117.25502658684135}, "K75P-D060": {"K75P-D070": 201.64484945062603}, "K73-U030": {"K73-U040": 100.7020140713284}, "K73-U060": {"K73-U070": 158.84722368385258}, "K75P-D020": {"K75P-D030": 70.62021708845737}, "K76-U040": {"K76-U050": 92.6179591675861}, "K73-D050": {"K73-D070": 109.2684631053589}, "K75P-D030": {"K75P-D040": 137.89759276554963}, "K75P-D050": {"K75P-D060": 101.07396017205376}, "K75P-U070": {"K75P-U080": 116.06083767137724}, "K73-D120": {"K73-D130": 100.12446240669459}, "K75P-U030": {"K75P-U040": 137.4510450694326}, "K74-U040": {"K74-U050": 187.37483297556668}, "K74-U030": {"K74-U040": 312.4914768024196}, "K73-U050": {"K73-U060": 125.37295661954195}, "K75P-D080": {"K75P-U011": 167.18632640959714}, "K76-U010": {"K76-U020": 39.52834408502316}, "K75P-U140": {"K75P-D010": 167.20157329361118}, "K74-D030": {"K74-D040": 146.06526694563837}, "K74-U020": {"K74-U030": 141.82035979580027}, "K73-D020": {"K73-D030": 70.00624234764973}, "K75P-D010": {"K75P-D020": 154.24782574969308}, "K75A-D020": {"K75A-D030": 37.445602488614114}, "K74-U080": {"K74-U090": 246.57865653160607}, "K75P-U010": {"K75P-U020": 96.92052295694029}, "K73-U020": {"K73-U030": 205.64034538958657}, "K73-D090": {"K73-D100": 85.59423326760313}, "K75A-D070": {"K75A-D080": 64.55143876295205}, "K75P-U020": {"K75P-U030": 106.23835985680066}, "K74-U070": {"K74-U080": 161.64024859057554}, "K73-D130": {"K73-D140": 129.53079364107722}, "K75A-D030": {"K75A-D040": 52.670952244801}, "K74-U060": {"K74-U070": 135.78260616559123}, "K75A-D050": {"K75A-D060": 99.56355523664169}, "K73-D150": {"K73-D160": 61.43290570938285}, "K75A-D100": {"K75A-D110": 116.91668901378573}, "K75A-U030": {"K75A-D010": 257.8123894011485}, "K74-D040": {"K74-D050": 93.78122702828061}, "K76-U020": {"K76-U030": 156.64709750137226}, "K75A-D110": {"K75A-U011": 245.48229634307808}, "K75A-D040": {"K75A-D050": 64.03806266182328}, "K74-D020": {"K74-D030": 150.95038353520684}, "K75A-D090": {"K75A-D100": 55.35863956933849}, "K75P-U130": {"K75P-U140": 57.27464608493998}, "K74-U007": {"K74-U010": 285.30602589345324}, "K73-D040": {"K73-D050": 83.87592884973272}, "K74-U050": {"K74-U060": 324.34781476086954}, "K73-D110": {"K73-D120": 74.01792099261716}, "K74-U090": {"K74-U100": 220.3547735130143}, "K74-U100": {"K74-D010": 119.12965613036863}, "K74-D110": {"K74-U002": 193.73827703372865}, "K74-U010": {"K74-U020": 196.37268656513993}, "K73-D100": {"K73-D110": 206.8207186074224}, "K74-U001": {"K74-U004": 149.34931099521128}, "K74-D080": {"K74-D090": 169.92087612102802}, "K74-D070": {"K74-D080": 243.7086917786318}, "K74-D050": {"K74-D060": 104.76367639922717}, "K75P-U050": {"K75P-U060": 166.93167753281656}, "K74-D100": {"K74-D110": 97.49273729992146}, "K74-U004": {"K74-U007": 111.60906774725069}, "K74-D090": {"K74-U011": 85.12404438372558}, "K73-D070": {"K73-D080": 225.19350171378488}, "K74-D010": {"K74-D020": 162.67830655929794}, "K75S-U040": {"K75S-D010": 67.38687999999999}, "K75S-D010": {"K75S-D020": 190.97021790000002}, "K75S-D030": {"K75S-U011": 255.97625899999997}, "K75S-U030": {"K75S-U040": 131.54900000000004}, "K75S-U020": {"K75S-U030": 142.23000000000002}, "K75S-D020": {"K75S-D030": 193.98242405630003}, "K75S-U010": {"K75S-U020": 42.790000000000006}, "K76S-U015": {"K76S-U020": 164.12418000000002}, "K76S-U020": {"K76S-U030": 152.9}}