{"KOT": {"MKK": 146.5467326130093, "TAW": 278.9080964837048, "SKM": 57.470657223078014, "LOF": 71.11043942649651}, "KOW": {"HOK": 177.74210021472229, "TSY": 547.2541820737055, "OLY": 128.93868397998716}, "KOB": {"NTK": 73.79623833983719, "CHH": 133.06465635056458}}