{"KSR": {"TWW": 594.4355318537093, "YUL": 229.56083747803868}}