{"LCK": {"CSW": 65.84386867637303, "MEF": 103.40871855186083}}