{"LOF": {"KOT": 59.97171450015692, "WTS": 86.8234710186097}, "LOP": {"YUL": 64.90135798580464, "TIS": 174.70739038723724}, "LOW": {"SHS": 225.34698369527604}}