{"MKK": {"HUH": 188.38072862640746, "KOT": 137.69348434294994}}