{"MOK": {"PRE": 113.43220244252007, "YMT": 112.75409208290509}, "MOS": {"HEO": 95.34903955884504, "WKS": 174.20933299646276}}