{"NTK": {"KOB": 95.58428532180879, "KWT": 70.05360234539684}}