{"OCP": {"WCH": 129.63179545855172, "ADM": 287.6319557438212}}