{"OLY": {"KOW": 132.16011230837188, "NAC": 126.89642178164188}}