{"SHS": {"LMC": 437.10654317652904, "LOW": 261.75484809068723, "FAN": 129.8384747833981}, "SHT": {"FOT": 153.7509938530232, "TAW": 208.5697545748988}, "SHM": {"TSH": 200.95612769624955, "CIO": 110.3588491726}, "SHW": {"SYP": 62.805152613814336, "CEN": 71.85220764681706}}