{"SKM": {"PRE": 77.20071838768067, "KOT": 90.94232439816864}, "SKW": {"SWH": 50.213642107803956, "HFC": 99.4143472673487}}