{"STW": {"CIO": 88.42690833680001, "CKT": 74.01969723861642}}