{"SYP": {"HKU": 104.17109902132242, "SHW": 89.96673596586373}}