{"TAW": {"HIK": 80.92170340130545, "KOT": 346.4766837970277, "SHT": 121.571101875975, "CKT": 132.21714}, "TAP": {"UNI": 371.18095150951746, "TWO": 143.87261123352465}, "TAK": {"QUB": 102.52550851845054, "SWH": 111.55161787058987}}