{"TIK": {"YAT": 107.48025877677321, "TKO": 205.33692277805017}, "TIH": {"CAB": 73.93988177636768, "FOH": 73.39576293806138}, "TIS": {"LOP": 186.77508507450108, "SIH": 345.083117393592}}