{"TKO": {"LHP": 131.50963700288708, "TIK": 178.5800838633358, "HAH": 149.54460890646055}, "TKW": {"HOM": 99.37663171856859, "SUW": 79.98395122774723}}