{"TWH": {"KWH": 90.0623734359999, "TSW": 68.76593046498033}, "TWW": {"KSR": 712.0194361505689, "MEF": 299.8530191145099}, "TWO": {"TAP": 175.10260037689673, "FAN": 330.46728910798436}}