{"UNI": {"TAP": 361.904672112301, "FOT": 195.4205533299345}}