{"WAC": {"CAB": 122.31956501304708, "ADM": 99.91895076708265}}