{"YMT": {"HOM": 121.5719039064143, "JOR": 96.68591768934508, "MOK": 110.29756336920866}}