{"5": {"305": 79.78037737976973, "6": 152.10330281767384}}