{"AUS": {"NAC": 215.71458600275437, "ETS": 127.04751809970003}}