{"CHH": {"DIH": 128.31905873975833, "KOB": 109.42026830781}, "CHW": {"HFC": 113.05345986075676}}