{"CIO": {"STW": 128.14612340999997, "SHM": 122.67382462347}}