{"DIS": {"SUN": 198.58233387484285}, "DIH": {"CHH": 118.95700120803913, "WTS": 125.76653053984683, "HIK": 298.48752430454533, "KAT": 139.3037209397641}}