{"HAH": {"TKO": 140.92538551304443, "POA": 127.37818444414866}}