{"HEO": {"TSH": 130.30887750234947, "MOS": 110.62182296214272}}