{"HFC": {"SKW": 160.10071703683792, "CHW": 120.62215917711926}}