{"HIK": {"DIH": 303.51513392919986, "TAW": 114.31939475499004}}