{"HKU": {"SYP": 129.0402130007576, "KET": 98.36504587717347}}