{"K75A-D090": {"K75A-D100": 41.16326015646759}, "K73-D130": {"K73-D140": 147.15068806307195}, "K76-D010": {"K76-D020": 329.40109976602815}, "K73-D120": {"K73-D130": 107.49952807041072}, "K73-D020": {"K73-D030": 88.37301206320831}, "K73-U050": {"K73-U060": 91.6851259359529}, "K76-U030": {"K76-U040": 283.02672446909065}, "K75P-U130": {"K75P-U140": 38.418721871042024}, "K75A-U010": {"K75A-U020": 47.88140598668644}, "K73-U090": {"K73-U100": 90.75703475027673}, "K73-U080": {"K73-U110": 306.1967232233711, "K73-U090": 272.52198161937724}, "K75P-U100": {"K75P-U110": 62.32121091240098}, "K73-U070": {"K73-U080": 151.73399056745495}, "K76-D030": {"K76-D040": 82.37188259123096}, "K75P-D080": {"K75P-U011": 140.56404665384431}, "K75A-D110": {"K75A-U011": 159.02975215771338}, "K76-U010": {"K76-U020": 25.317146040144653}, "K73-U110": {"K73-U120": 235.38511217425648}, "K75A-D020": {"K75A-D030": 26.815270263589362}, "K76-U020": {"K76-U030": 159.06695599260468}, "K75P-D040": {"K75P-D050": 171.7087994538577}, "K75A-U020": {"K75A-U030": 155.44107411705738}, "K73-U010": {"K73-U020": 67.19287241892945}, "K75P-D060": {"K75P-D070": 190.57081292357356}, "K73-U020": {"K73-U030": 193.20767464091242}, "K73-U030": {"K73-U040": 87.97899462219036}, "K73-D040": {"K73-D050": 78.38445203135782}, "K75P-U080": {"K75P-U090": 44.59279363935517}, "K73-U060": {"K73-U070": 132.68031300539877}, "K75P-U060": {"K75P-U070": 26.441232187469847}, "K73-U040": {"K73-U050": 107.75257225167665, "K73-U060": 200.51603013295588}, "K75A-U030": {"K75A-D010": 245.4529569400062}, "K75P-U110": {"K75P-U120": 87.8998012812588}, "K75A-D080": {"K75A-D090": 76.46040838703517}, "K75P-U090": {"K75P-U100": 42.627572892057096}, "K76-U040": {"K76-U050": 172.37250600395043}, "K73-D050": {"K73-D070": 105.38076530831313}, "K73-D080": {"K73-D090": 271.0763841997024}, "K75A-D050": {"K75A-D060": 67.77161894463424}, "K75P-U120": {"K75P-U130": 62.84752128156124}, "K74-D020": {"K74-D030": 145.02582180577355}, "K73-D110": {"K73-D120": 94.49431391472713}, "K75P-D020": {"K75P-D030": 35.01970389579696}, "K73-U100": {"K73-U110": 248.4681760789575}, "K73-D100": {"K73-D110": 201.64006225735963}, "K75P-D050": {"K75P-D060": 78.91541841073486}, "K75P-D070": {"K75P-D080": 89.71275724890072}, "K73-D070": {"K73-D080": 176.6341751759186}, "K73-D030": {"K73-D040": 119.45849236496238}, "K75A-D010": {"K75A-D020": 209.28861430220758}, "K75A-D030": {"K75A-D040": 50.2422452459885}, "K75P-U140": {"K75P-D010": 151.1205456746772}, "K75P-D030": {"K75P-D040": 108.69859736663753}, "K73-D150": {"K73-D160": 51.92495271227417}, "K75A-D040": {"K75A-D050": 55.337780775251744}, "K75P-U020": {"K75P-U030": 96.06768321809572}, "K76-D020": {"K76-D030": 137.60030958851294}, "K75P-U030": {"K75P-U040": 124.87743108540926}, "K75P-U070": {"K75P-U080": 122.64544117063971}, "K73-D010": {"K73-D020": 77.8597944075593}, "K75A-D100": {"K75A-D110": 93.6032700750081}, "K75A-D060": {"K75A-D070": 37.99667707492471}, "K75P-D010": {"K75P-D020": 136.70674788355436}, "K75P-U010": {"K75P-U020": 96.5764722896472}, "K75A-D070": {"K75A-D080": 39.89693056060027}, "K75P-U040": {"K75P-U050": 100.96159046528201}, "K73-D140": {"K73-D150": 212.7236746207399}, "K73-D090": {"K73-D100": 77.34495980421134}, "K75P-U050": {"K75P-U060": 183.05995776623783}, "K75S-D020": {"K75S-D030": 173.87700000000004}, "K75S-D030": {"K75S-U011": 156.20000000000002}, "K76S-D020": {"K76S-D030": 154.82538830000004}}