{"KOW": {"TSY": 515.6464938272121, "HOK": 177.74210009268404, "OLY": 131.21188247579104}, "KOT": {"MKK": 157.2361615070318, "TAW": 287.31622136957634, "SKM": 124.31988918145858, "LOF": 112.09360034551199}, "KOB": {"CHH": 154.11820980415382, "NTK": 128.4781511429664}}