{"KSR": {"YUL": 236.9884599776623, "TWW": 645.5246638416099}}