{"KWH": {"KWF": 131.30873304469918, "TWH": 92.28808872717175}, "KWF": {"KWH": 116.64907135524841, "LAK": 179.79873514255308}, "KWT": {"LAT": 121.03679633586066, "NTK": 130.20057679388998}}