{"LET": {"WCH": 167.308305819081, "SOH": 107.279788446693}}