{"LOW": {"SHS": 237.48845218527794}, "LOP": {"TIS": 163.2913219628113, "YUL": 100.30898894639999}, "LOF": {"KOT": 131.03276306659458, "WTS": 122.26545473218398}}