{"MEF": {"LCK": 130.19877309081238, "NAC": 185.1933905263842, "LAK": 135.3722840950565, "TWW": 319.77583950351374}}