{"MKK": {"HUH": 195.49750525502907, "KOT": 148.38321085249166}}