{"NAC": {"MEF": 191.24355904781004, "OLY": 96.73700071565672, "LAK": 253.93437681810832, "AUS": 211.94989108348673}}