{"OLY": {"KOW": 132.73317346031018, "NAC": 129.3714360402618}}