{"SHT": {"FOT": 125.57157662086217, "TAW": 197.57119618539872}, "SHS": {"LMC": 466.029776275125, "LOW": 261.7547364470498, "FAN": 116.47525650536177}, "SHM": {"TSH": 212.06077655930548, "CIO": 105.61737805338396}, "SHW": {"CEN": 120.18622476666519, "SYP": 118.6790801087157}}