{"SIH": {"TUM": 154.45201650623085, "TIS": 360.36931072328196}}