{"SSP": {"CSW": 127.23586284412083, "PRE": 123.85008293048898}}