{"SYP": {"HKU": 113.97674881554083, "SHW": 136.99841886360247}}