{"TAW": {"KOT": 279.3256049543199, "SHT": 119.56734217114688, "CKT": 117.59100613640685, "HIK": 135.63619987936997}, "TAP": {"TWO": 185.57323855894714, "UNI": 353.64196416628477}, "TAK": {"SWH": 119.96845351278174, "QUB": 129.91421486656236}}