{"TST": {"JOR": 104.39328235181242, "ADM": 191.61364508046407}, "TSY": {"LAK": 197.45898055098323, "AIR": 1445.5581678210976, "SUN": 719.7362529550725, "KOW": 458.69208921820893}, "TSH": {"HEO": 125.95023133429262, "SHM": 209.8658973347357}, "TSW": {"TWH": 68.83512070869816}}