{"TUC": {"SUN": 866.8928067403574}, "TUM": {"SIH": 142.84484530803093}}