{"TWO": {"FAN": 324.7260572019275, "TAP": 191.4035032959452}, "TWW": {"MEF": 313.3900745196208, "KSR": 627.1136289994449}, "TWH": {"KWH": 145.48986412979116, "TSW": 70.13537517624096}}