{"UNI": {"TAP": 359.430302653666, "FOT": 186.60008695744318}}