{"WCH": {"LET": 179.169020962416, "OCP": 139.9134587480017}}