{"WTS": {"LOF": 128.33253200399997, "DIH": 121.91104584973694}}