{"YAT": {"TIK": 142.91959669469094, "QUB": 245.23243174898033, "LAT": 179.85341528166038}}