{"YUL": {"KSR": 240.99399970167474, "LOP": 127.20641999999998}}