{"1": {"6": 58.12375146594684, "2": 253.19746614371462}}