{"5": {"305": 80.59324386865146, "6": 125.73556228766452}}