{"AUS": {"NAC": 201.5549238757853, "ETS": 179.48200000000003}}