{"CHH": {"DIH": 136.02478946264375, "KOB": 133.73123196136683}, "CHW": {"HFC": 171.48018094962}}