{"CSW": {"SSP": 106.50228036381986, "LCK": 127.33763243258265}}