{"DIS": {"SUN": 198.58233387484285}, "DIH": {"HIK": 311.0392434129819, "KAT": 179.32399600000002, "WTS": 122.10833102775318, "CHH": 120.79107478602668}}