{"EXC": {"HUH": 191.31212381199015, "ADM": 62.39350972098773}}