{"HEO": {"MOS": 125.04587032237268, "TSH": 137.7037414965977}}