{"HFC": {"SKW": 132.38136223364398, "CHW": 151.39381360671695}}