{"HOK": {"KOW": 183.73005993180092}, "HOM": {"TKW": 152.86599999999999, "YMT": 158.74590656579468, "WHA": 88.04881995198606, "HUH": 170.62215500000005}}