{"HUH": {"HOM": 135.49604000000005, "MKK": 247.02041156457796, "EXC": 229.92037870870936, "ETS": 458.52325260499964}}