{"JOR": {"YMT": 123.09592871388989, "TST": 112.64404985689791}}