{"K65-D010": {"K65-D020": 37.998151761594904}, "K65-D070": {"K65-D080": 120.730527071712}, "K66-D120": {"K66-D130": 58.244468827798414}, "K65-D160": {"K65-D170": 135.3212960346585}, "K65-U140": {"K65-U150": 93.9185430436792}, "K66-U190": {"K66-U200": 43.990726430030314}, "K68-D010": {"K68-D020": 50.07564302370002}, "K66-D190": {"K66-D200": 77.44219914046413}, "K68-U020": {"K68-U030": 35.15266911757631}, "K66-D130": {"K66-D140": 40.99110949095591}, "K68-D050": {"K68-D060": 45.60053900000001}, "K66-D020": {"K66-D030": 67.04771368890965}, "K65-D040": {"K65-D050": 62.22411647175634}, "K65-D020": {"K65-D030": 86.43023948555859}, "K65-U050": {"K65-U060": 99.35296521059283}, "K68-U060": {"K68-U070": 84.50801832925399}, "K66-D170": {"K66-D180": 153.4007395646824}, "K65-U020": {"K65-U030": 103.44079875399125}, "K66-D060": {"K66-D070": 54.333365144694014}, "K66-U080": {"K66-U090": 175.18366160613715}, "K68-U120": {"K68-U130": 128.0711907232942}, "K66-U030": {"K66-U040": 125.94147124807523}, "K66-U180": {"K66-U190": 47.30219560000002}, "K68-U150": {"K68-U160": 72.50772797}, "K65-D060": {"K65-D070": 75.49561584476348}, "K65-U220": {"K65-U230": 72.38638}, "K65-U110": {"K65-U120": 109.99134829522961}, "K68-U170": {"K68-D010": 172.28321}, "K65-U150": {"K65-U160": 47.46882291145498}, "K66-U090": {"K66-U100": 43.459231828516366}, "K68-U050": {"K68-U060": 51.38944884142768}, "K65-D150": {"K65-D160": 107.00565684624321}, "K65-U030": {"K65-U040": 74.91548308222022}, "K66-D180": {"K66-D190": 80.354304283}, "K66-D050": {"K66-D060": 55.42890816199838}, "K66-U050": {"K66-U060": 38.00527344287813}, "K66-D100": {"K66-D110": 53.77963642733516}, "K66-D040": {"K66-D050": 55.38751075963503}, "K66-D080": {"K66-D090": 70.87465591769418}, "K65-U200": {"K65-U210": 62.990947260458185}, "K66-D110": {"K66-D120": 48.19736657621661}, "K66-U200": {"K66-U210": 44.777248889999996}, "K68-U110": {"K68-U120": 183.3973319}, "K66-U150": {"K66-U160": 29.684737667343246}, "K65-D050": {"K65-D060": 53.83520934540684}, "K65-D110": {"K65-D120": 118.70264486342197}, "K66-U060": {"K66-U070": 130.24497952984362}, "K66-D160": {"K66-D170": 118.29011201663528}, "K66-U040": {"K66-U050": 112.46475328985721}, "K65-U060": {"K65-U070": 29.32797986506383}, "K66-D230": {"K66-D240": 96.24505000000002}, "K65-D140": {"K65-D150": 116.44376601407012}, "K65-D120": {"K65-D130": 59.49040040099999}, "K66-U110": {"K66-U120": 18.715175524358493}, "K66-D140": {"K66-D150": 92.9392706464755}, "K65-D170": {"K65-D180": 80.93951623333331}, "K65-D180": {"K65-D190": 99.71273292133}, "K66-D010": {"K66-D020": 14.7029972376349}, "K65-U170": {"K65-U180": 29.699882674879994}, "K66-D090": {"K66-D100": 54.03710162044541}, "K66-D070": {"K66-D080": 53.92423187273416}, "K68-U090": {"K68-U100": 140.710936986983}, "K68-U010": {"K68-U020": 92.15802290189411}, "K66-D150": {"K66-D160": 84.79390127999999}, "K68-D180": {"K68-D190": 48.400000000000006}, "K68-D070": {"K68-D080": 210.52477}, "K65-D030": {"K65-D040": 75.87368353510283}, "K65-U130": {"K65-U140": 28.463796693857994}, "K65-D100": {"K65-D110": 233.62444895256402}, "K66-U140": {"K66-U150": 29.974167079999994}, "K68-U030": {"K68-U040": 28.63815697837}, "K65-U090": {"K65-U100": 47.05283780663033}, "K68-U100": {"K68-U110": 145.49487166206143}, "K65-D090": {"K65-D100": 106.98134993806976}, "K65-U210": {"K65-U220": 67.48972252109999}, "K66-U010": {"K66-U020": 120.69331023919854}, "K66-U210": {"K66-U220": 49.186663988000014}, "K65-U040": {"K65-U050": 71.02989145220154}, "K66-D220": {"K66-D230": 70.793196179691}, "K65-U190": {"K65-U200": 49.49408427834001}, "K65-D130": {"K65-D140": 78.87722868898402}, "K68-U080": {"K68-U090": 40.898096448000004}, "K65-U160": {"K65-U170": 39.54197622650001}, "K65-D080": {"K65-D090": 70.86281345564032}, "K66-U160": {"K66-U170": 43.556988}, "K66-U130": {"K66-U140": 43.31747399815}, "K65-U100": {"K65-U110": 129.67007909999998}, "K68-U130": {"K68-U140": 135.90111722}, "K66-U100": {"K66-U110": 80.29330870000001}, "K65-U080": {"K65-U090": 119.99820097078452}, "K68-D090": {"K68-D100": 138.71}, "K66-U020": {"K66-U030": 189.56829233027855}, "K65-U010": {"K65-U020": 248.365466969}, "K65-U070": {"K65-U080": 57.08621434144435}, "K68-U070": {"K68-U080": 25.7716200474}, "K68-U160": {"K68-U170": 67.30843130000001}, "K65-U120": {"K65-U130": 168.73011232000005}, "K65-U180": {"K65-U190": 55.11758999999999}, "K66-D210": {"K66-D220": 144.35311188519995}, "K66-U070": {"K66-U080": 148.55626055348003}, "K66-U120": {"K66-U130": 38.144344012}, "K66-D200": {"K66-D210": 111.976721186}, "K66-D030": {"K66-D040": 82.72315415917426}, "K68-D020": {"K68-D030": 71.4700459}, "K68-U140": {"K68-U150": 36.81136}, "K68-D030": {"K68-D040": 69.86705700000002}, "K68-D040": {"K68-D050": 81.4}, "K68-D110": {"K68-D120": 87.5267}, "K68-D080": {"K68-D090": 66.16302000000002}, "K66-U170": {"K66-U180": 17.2501094}, "K68-U040": {"K68-U050": 41.590907900000005}, "K68-D140": {"K68-D150": 45.1}, "K68-D150": {"K68-D160": 103.4}, "K68-D060": {"K68-D070": 104.45600000000002}, "K68-D170": {"K68-D180": 48.620000000000005}, "K68-D120": {"K68-D130": 173.03000000000003}}