{"KAT": {"DIH": 155.06400564215429, "SUW": 132.12881}}