{"KOW": {"OLY": 132.65902538129092, "HOK": 177.74210021619038, "TSY": 489.78386485756346}, "KOT": {"TAW": 283.3979830682475, "MKK": 172.84493554454804, "SKM": 140.45763611389194, "LOF": 106.753745091875}, "KOB": {"CHH": 166.42508134937452}}