{"LAK": {"TSY": 201.32544284502384, "NAC": 271.43011221704376, "MEF": 139.1132751052962, "KWF": 140.95043238146107}, "LAT": {"YAT": 91.74251777165236, "KWT": 123.99525383748619}}