{"LOF": {"KOT": 129.57021662070002, "WTS": 113.09548381840114}, "LOW": {"SHS": 235.63045822416294}, "LOP": {"TIS": 180.18201899572824, "YUL": 129.77584480068361}}