{"MEF": {"LAK": 140.84809608279335, "LCK": 108.60142640529709, "NAC": 179.92144348432677, "TWW": 327.9849409488904}}