{"NAC": {"LAK": 255.48903692536746, "OLY": 174.9736924944571, "AUS": 215.19494241673215, "MEF": 196.88302676737734}}