{"OCP": {"WCH": 113.98174050956388, "ADM": 287.63195931471574}}