{"OLY": {"KOW": 133.12071704809142, "NAC": 131.6104184688273}}