{"PRE": {"SSP": 146.8724087295031, "SKM": 107.06271314664005, "MOK": 106.20830191294597}}