{"QUB": {"YAT": 268.09495383086835, "NOP": 120.46511437124397, "TAK": 100.42688333244625}}