{"SHW": {"CEN": 109.6980013009027, "SYP": 118.1954213157941}, "SHS": {"FAN": 149.18465140103768, "LMC": 767.7874722378695, "LOW": 261.7548565289942}, "SHM": {"CIO": 125.89041514213167, "TSH": 225.2571925030668}, "SHT": {"TAW": 188.31479802366317, "FOT": 294.29860149897235}}