{"SIH": {"TUM": 154.45279484480142, "TIS": 352.0151036177268}}