{"SKW": {"HFC": 195.09548978001362, "SWH": 103.91998616307362}, "SKM": {"PRE": 108.08494755796178, "KOT": 116.36303714969324}}