{"SSP": {"CSW": 132.15551429414512, "PRE": 128.94451529487856}}