{"SUN": {"DIS": 198.58233387484285, "TSY": 548.3914308265951, "TUC": 823.8868728027337}, "SUW": {"KAT": 121.62218139689992, "TKW": 152.254774}}