{"TIH": {"FOH": 95.0595060248091, "CAB": 120.60757918943064}, "TIK": {"TKO": 158.37016700224717, "YAT": 154.20186744330084}, "TIS": {"LOP": 181.56568394434674, "SIH": 334.818377652068}}