{"TKO": {"LHP": 131.10902729460418, "TIK": 140.0997169742456, "HAH": 131.80886662551995}, "TKW": {"HOM": 138.6, "SUW": 129.86636280000002}}