{"TSY": {"AIR": 1563.6052231436408, "LAK": 194.50730004839232, "SUN": 555.2278737104316, "KOW": 494.1070997166936}, "TST": {"JOR": 126.55618274598028, "ADM": 195.25946245427934}, "TSH": {"HEO": 125.0373081056027, "SHM": 228.8401780852446}, "TSW": {"TWH": 104.2527906523781}}