{"YMT": {"JOR": 133.3775070653356, "HOM": 168.72940816471623, "MOK": 119.60479183660411}}