{"5": {"305": 85.68569242257945, "6": 117.81783203532305}}