{"AIR": {"TSY": 1518.2660875388178, "AWE": 116.23605681273924}}