{"CHW": {"HFC": 85.42371430917184}, "CHH": {"KOB": 79.29172305787925, "DIH": 53.21947590983784}}