{"CSW": {"LCK": 92.74214768066633, "SSP": 73.77717278424682}}