{"DIS": {"SUN": 198.58233387484285}, "DIH": {"WTS": 100.66218416935165, "CHH": 87.27305832872446, "HIK": 300.6959714494948, "KAT": 109.22815710380625}}