{"ETS": {"AUS": 95.84585432823364, "HUH": 73.7854922537933}}