{"EXC": {"HUH": 159.66175748769058, "ADM": 56.75092042889175}}