{"HAH": {"TKO": 135.40700339437515, "POA": 125.68007695198405}}