{"HFC": {"SKW": 86.57433332649924, "CHW": 139.9072588059934}}