{"HIK": {"TAW": 152.13149532, "DIH": 325.393805838282}}