{"JOR": {"TST": 92.39196604415847, "YMT": 78.10361141905983}}