{"K65A-U090": {"K65A-U100": 78.47117371623264}, "K65-D170": {"K65-D180": 97.30221071059906}, "K66-D230": {"K66-D240": 97.14170343636873}, "K65A-D080": {"K65A-D090": 70.50043300128227}, "K66-D040": {"K66-D050": 53.34576829523157}, "K66-D130": {"K66-D140": 58.82907992949943}, "K66-U210": {"K66-U220": 60.80146167885486}, "K65-U110": {"K65-U120": 121.25859372690616}, "K66-D160": {"K66-D170": 142.35357900523073}, "K65A-D030": {"K65A-D040": 84.46411888253041}, "K65-D060": {"K65-D070": 97.38590406602296}, "K65A-U040": {"K65A-U050": 109.89861264733591}, "K65A-D060": {"K65A-D070": 107.89164492709847}, "K66-D110": {"K66-D120": 81.96599607207231}, "K65-D010": {"K65-D020": 44.449992662223494}, "K65-U170": {"K65-U180": 52.787415305603}, "K65-D100": {"K65-D110": 264.5245374154374}, "K65A-D020": {"K65A-D030": 86.75875520908257}, "K65-U030": {"K65-U040": 93.09000767264124}, "K66-U140": {"K66-U150": 49.36752010640641}, "K65A-D070": {"K65A-D080": 150.13646699884595}, "K65-U100": {"K65-U110": 160.776936224486}, "K66-D180": {"K66-D190": 96.14023308557101}, "K65A-D100": {"K65A-D110": 274.85759967028116}, "K65-D030": {"K65-D040": 82.15002668124072}, "K65-D110": {"K65-D120": 126.77722074714913}, "K65A-D050": {"K65A-D060": 54.56115615068253}, "K65-U210": {"K65-U220": 80.04735330936164}, "K65A-U080": {"K65A-U090": 76.52043957637355}, "K65-U150": {"K65-U160": 48.43288976005271}, "K66-U050": {"K66-U060": 56.0540594792893}, "K65-U060": {"K65-U070": 38.63987716286732}, "K66-D080": {"K66-D090": 80.9660464750068}, "K66-D120": {"K66-D130": 68.68158271139119}, "K65-U130": {"K65-U140": 53.90657115089077}, "K65-D020": {"K65-D030": 86.89256934452946}, "K66-D190": {"K66-D200": 93.24802675875353}, "K66-U100": {"K66-U110": 85.7279445366474}, "K66-U060": {"K66-U070": 174.19558011204543}, "K65A-U110": {"K65A-U120": 87.0777838064242}, "K66-D150": {"K66-D160": 92.03910592130511}, "K65A-U070": {"K65A-U080": 53.20160954637644}, "K65A-U060": {"K65A-U070": 51.15036438920113}, "K65-U160": {"K65-U170": 54.412311036791415}, "K65A-D040": {"K65A-D050": 67.98930309912922}, "K65-U190": {"K65-U200": 67.80033720747461}, "K65A-U100": {"K65A-U110": 93.02953080970238}, "K66-U180": {"K66-U190": 51.31048666527786}, "K66-U190": {"K66-U200": 65.25507435389491}, "K65-U220": {"K65-U230": 91.19741140655012}, "K66-D090": {"K66-D100": 57.96928977588037}, "K65-U070": {"K65-U080": 69.15788389312438}, "K65A-U030": {"K65A-U040": 42.557341968349355}, "K65-U050": {"K65-U060": 121.64258382170605}, "K65A-U050": {"K65A-U060": 49.50295564049176}, "K66-U160": {"K66-U170": 45.03920181208599}, "K66-D100": {"K66-D110": 52.27421829139679}, "K66-U080": {"K66-U090": 182.58265284835085}, "K65-D180": {"K65-D190": 145.47312358445805}, "K66-U200": {"K66-U210": 51.71731431947133}, "K66-U130": {"K66-U140": 50.976050683327465}, "K66-U110": {"K66-U120": 30.95929021788448}, "K66-U040": {"K66-U050": 115.58572891575007}, "K65-D140": {"K65-D150": 128.4680257005803}, "K68-U060": {"K68-U070": 117.72423366677401}, "K68-D190": {"K68-D200": 62.36312088194976}, "K65-U080": {"K65-U090": 202.69818236497798}, "K65-U010": {"K65-U020": 255.50498737193402}, "K68-D070": {"K68-D080": 198.16559786062}, "K65A-U120": {"K65A-U130": 94.00457601844779}, "K65-D070": {"K65-D080": 137.43969988821473}, "K65A-U010": {"K65A-U020": 68.25240417137543}, "K65-D080": {"K65-D090": 73.56645491256789}, "K68-U050": {"K68-U060": 48.33300686280001}, "K68-U020": {"K68-U030": 36.117651477283445}, "K66-U090": {"K66-U100": 60.81463241924846}, "K68-D090": {"K68-D100": 189.29729028332355}, "K65A-D090": {"K65A-D100": 135.34769558518846}, "K66-U010": {"K66-U020": 143.35222121968891}, "K66-D070": {"K66-D080": 63.50173354309387}, "K66-U170": {"K66-U180": 32.441734500053684}, "K68-U010": {"K68-U020": 95.31078683808}, "K65-D050": {"K65-D060": 56.73297417889806}, "K65-D040": {"K65-D050": 72.93327362005826}, "K65-D090": {"K65-D100": 125.9464996506143}, "K68-U040": {"K68-U050": 51.07223665875096}, "K68-D150": {"K68-D160": 87.6324269568515}, "K66-D210": {"K66-D220": 179.970595777496}, "K65-U140": {"K65-U150": 110.46751606700494}, "K66-U020": {"K66-U030": 231.6398627926463}, "K66-D030": {"K66-D040": 85.5100394260244}, "K65-U020": {"K65-U030": 122.01205914003133}, "K68-U160": {"K68-U170": 78.97010143027}, "K65-U040": {"K65-U050": 78.52253227418353}, "K65-D120": {"K65-D130": 72.0256464127123}, "K68-U110": {"K68-U120": 237.22669241568002, "K68-D090": 178.354}, "K66-U030": {"K66-U040": 227.01072759173135}, "K65A-D010": {"K65A-D020": 57.619087340906084}, "K68-U120": {"K68-U130": 213.25232335721998}, "K65-D160": {"K65-D170": 157.67805549106316}, "K65-U200": {"K65-U210": 90.4742575073127}, "K68-D110": {"K68-D120": 107.31702607678339}, "K68-D200": {"K68-U011": 85.18977796239137}, "K68-U080": {"K68-U090": 38.00285266009264}, "K68-U130": {"K68-U140": 161.23200654168005}, "K68-D010": {"K68-D020": 50.87319417081521}, "K68-D050": {"K68-D060": 87.18735565229237}, "K66-D020": {"K66-D030": 74.0696741544165}, "K68-D100": {"K68-D110": 93.21862154045564}, "K65-D130": {"K65-D140": 146.172947126893}, "K66-U070": {"K66-U080": 164.24421124291874}, "K68-D170": {"K68-D180": 52.317027648229995}, "K65A-U020": {"K65A-U030": 213.63808751646988}, "K68-U170": {"K68-D010": 215.47106240129196}, "K68-U150": {"K68-U160": 99.77726853349999}, "K66-D010": {"K66-D020": 28.14285662436569}, "K66-D200": {"K66-D210": 158.48171872444382}, "K68-D080": {"K68-D090": 85.84029410000001}, "K65-U180": {"K65-U190": 78.05129663359062}, "K68-D160": {"K68-D170": 88.65204710495311}, "K65-U090": {"K65-U100": 52.426225301133385}, "K68-U090": {"K68-U100": 179.85387717098894}, "K68-D040": {"K68-D050": 145.244976601944}, "K68-U070": {"K68-U080": 25.44448597259285}, "K68-U030": {"K68-U040": 28.61513126480698}, "K66-U120": {"K66-U130": 53.80595875402209}, "K66-D060": {"K66-D070": 58.450310151016424}, "K66-U150": {"K66-U160": 52.65768308581107}, "K68-D030": {"K68-D040": 141.3852462}, "K66-D220": {"K66-D230": 83.66968617356694}, "K66-D050": {"K66-D060": 51.89643011843525}, "K65-U120": {"K65-U130": 193.3681508091354}, "K65-D150": {"K65-D160": 138.2946913507419}, "K66-D140": {"K66-D150": 107.67266669338512}, "K68-D020": {"K68-D030": 125.19885239000003}, "K66-D170": {"K66-D180": 191.86117363902122}, "K68-U100": {"K68-U110": 217.04640501806404}, "K68-D140": {"K68-D150": 60.973113028}, "K68-U140": {"K68-U150": 54.404284123290005}, "K68-D130": {"K68-D140": 51.2295606211036}, "K68-D120": {"K68-D130": 219.82195093158467}, "K68-D060": {"K68-D070": 108.698139575}, "K68-D180": {"K68-D190": 53.14264999999999}}