{"K76-D020": {"K76-D030": 139.14523904156803}, "K74-U050": {"K74-U060": 272.3529026350001}, "K75P-U140": {"K75P-D010": 162.77858458072575}, "K74-U080": {"K74-U090": 250.8862637204198}, "K73-U090": {"K73-U100": 140.20428959055974}, "K75A-D050": {"K75A-D060": 95.12934466269071}, "K75P-U120": {"K75P-U130": 70.34027434707501}, "K76-D030": {"K76-D040": 62.2040500299771}, "K73-D100": {"K73-D110": 185.4806377052293}, "K76-U030": {"K76-U040": 166.9448057428156}, "K73-U110": {"K73-U120": 234.5251970902203}, "K73-U080": {"K73-U110": 317.39763723868157, "K73-U090": 303.13848513566484}, "K75P-U040": {"K75P-U050": 114.33711997795471}, "K73-D040": {"K73-D050": 86.17921461972416}, "K75P-U060": {"K75P-U070": 42.26741772853585}, "K74-U100": {"K74-D010": 125.63552931131608}, "K76-U040": {"K76-U050": 116.34452542743368}, "K74-U070": {"K74-U080": 157.11413935359153}, "K75P-U100": {"K75P-U110": 71.95853804288768}, "K75P-U050": {"K75P-U060": 177.03391566948062}, "K74-U007": {"K74-U010": 266.2145383535973}, "K73-D110": {"K73-D120": 62.17192526339187}, "K75P-U020": {"K75P-U030": 115.52471203235484}, "K73-U030": {"K73-U040": 107.30822285571269}, "K73-D120": {"K73-D130": 106.69536359469457}, "K75A-D010": {"K75A-D020": 230.61687943876555}, "K74-U004": {"K74-U007": 106.9591260274268}, "K75P-U030": {"K75P-U040": 129.14466907971595}, "K73-D050": {"K73-D070": 106.80972416695117}, "K75P-D070": {"K75P-D080": 103.83257617235172}, "K73-U010": {"K73-U020": 70.4327441367957}, "K76-U020": {"K76-U030": 168.93213038305993}, "K73-D150": {"K73-D160": 44.00487476018541}, "K73-U060": {"K73-U070": 153.81177887239406}, "K73-U100": {"K73-U110": 287.84370160521166}, "K74-U001": {"K74-U004": 151.55355964893542}, "K73-U070": {"K73-U080": 182.57297859905424}, "K76-D010": {"K76-D020": 308.4064881529605}, "K73-D030": {"K73-D040": 137.78953347163952}, "K75P-D020": {"K75P-D030": 39.6846806502277}, "K73-D070": {"K73-D080": 194.04945563870177}, "K74-D070": {"K74-D080": 244.52919794945916}, "K73-D080": {"K73-D090": 253.54405142920936}, "K74-U040": {"K74-U050": 191.40669856195672}, "K75P-U110": {"K75P-U120": 89.20407530172244}, "K75A-D080": {"K75A-D090": 121.47397949473775}, "K74-U020": {"K74-U030": 162.55606930209336}, "K73-D130": {"K73-D140": 156.01213439764857}, "K75A-D100": {"K75A-D110": 117.98815019562728}, "K75A-D070": {"K75A-D080": 63.4682145340196}, "K76-U010": {"K76-U020": 147.7950359978066}, "K75P-U130": {"K75P-U140": 48.7862799771455}, "K75P-D040": {"K75P-D050": 188.2172813888735}, "K75P-D010": {"K75P-D020": 140.68182730952645}, "K74-D100": {"K74-D110": 91.46585005835179}, "K74-D050": {"K74-D060": 113.40082174465536}, "K73-U040": {"K73-U050": 125.36661532827873, "K73-U060": 248.34894480682925}, "K74-D090": {"K74-U011": 78.181669755417}, "K75A-D110": {"K75A-U011": 229.76704293066638}, "K73-U020": {"K73-U030": 214.58442062463482}, "K73-U050": {"K73-U060": 124.4508560408176}, "K75A-U030": {"K75A-D010": 255.70476434476888}, "K74-U010": {"K74-U020": 206.3800735765059}, "K74-D040": {"K74-D050": 86.00098570540317}, "K74-U011": {"K74-D100": 175.31207884649112}, "K75A-D090": {"K75A-D100": 59.867048871350484}, "K75A-D040": {"K75A-D050": 60.75048706097207}, "K73-D090": {"K73-D100": 94.01030573560152}, "K75P-U010": {"K75P-U020": 98.32338837157573}, "K75P-U080": {"K75P-U090": 65.91461847941783}, "K73-D010": {"K73-D020": 74.55451400380129}, "K75A-U010": {"K75A-U020": 49.41538226925793}, "K74-U060": {"K74-U070": 142.97675656880006}, "K75A-D020": {"K75A-D030": 36.12555044634195}, "K73-D020": {"K73-D030": 72.9180812389581}, "K75P-D050": {"K75P-D060": 113.22218052678735}, "K75P-D030": {"K75P-D040": 154.72784038259155}, "K74-D030": {"K74-D040": 146.3645076077292}, "K75P-U070": {"K75P-U080": 116.69188347182498}, "K75A-D060": {"K75A-D070": 47.96395456586001}, "K75P-D060": {"K75P-D070": 208.17405938781354}, "K74-U030": {"K74-U040": 306.53313159324324}, "K75A-U020": {"K75A-U030": 147.6528782976806}, "K74-D020": {"K74-D030": 155.17805688340982}, "K75P-U090": {"K75P-U100": 38.453960666088314}, "K74-D080": {"K74-D090": 186.7855138665556}, "K73-D140": {"K73-D150": 222.5914971978626}, "K74-D060": {"K74-D070": 208.73171082192636}, "K75A-D030": {"K75A-D040": 52.93365280044659}, "K74-U090": {"K74-U100": 250.64478860043155}, "K74-D110": {"K74-U002": 171.50170368843015}, "K74-D010": {"K74-D020": 169.92206179294618}, "K75P-D080": {"K75P-U011": 170.46881730784725}, "K75S-D020": {"K75S-D030": 175.18384290000003}, "K75S-U010": {"K75S-U020": 46.299}, "K75S-D030": {"K75S-U011": 198.3542363}, "K75S-D010": {"K75S-D020": 198.95601242000004}, "K75S-U030": {"K75S-U040": 111.12860000000003}, "K76S-U015": {"K76S-U020": 127.74288999999999}, "K76S-U020": {"K76S-U030": 134.75}, "K76S-U010": {"K76S-U015": 109.60793800000002}, "K75S-U040": {"K75S-D010": 60.293497}, "K75S-U020": {"K75S-U030": 141.989672}}