{"KSR": {"YUL": 237.74234880121088, "TWW": 501.8238423438147}}