{"KWH": {"TWH": 80.30296186177148, "KWF": 66.46573120000001}, "KWF": {"LAK": 94.03037092280263, "KWH": 105.90076791299275}, "KWT": {"LAT": 99.98752068308988, "NTK": 92.8557528400141}}