{"LAK": {"NAC": 200.70351422791754, "TSY": 195.25632542929173, "MEF": 127.0605729606377, "KWF": 69.63795382519254}, "LAT": {"YAT": 64.4458086262491, "KWT": 84.52587878241216}}