{"LCK": {"CSW": 86.77030673826692, "MEF": 94.90374518999558}}