{"LET": {"WCH": 163.3124996470579, "SOH": 106.95897839999914}}