{"LOF": {"KOT": 69.18525075045972, "WTS": 77.86479125588059}, "LOP": {"TIS": 168.48275874899284, "YUL": 81.8191094325}, "LOW": {"SHS": 229.07336281714453}}