{"MEF": {"TWW": 339.95819922801195, "LAK": 111.34631017650761, "LCK": 62.029464490844816, "NAC": 180.50261788188487}}