{"MOK": {"YMT": 114.60995496979874, "PRE": 108.88119517369005}, "MOS": {"HEO": 92.20581222314999, "WKS": 169.3069447184872}}