{"NTK": {"KOB": 74.77793749842625, "KWT": 38.36790969360707}}