{"OLY": {"KOW": 128.51526629982703, "NAC": 123.92470735518641}}