{"PRE": {"MOK": 84.83763176625703, "SKM": 90.9358446080158, "SSP": 92.73394816179349}}