{"SHW": {"SYP": 80.7600104060113, "CEN": 96.30276814003976}, "SHT": {"FOT": 148.93573276083373, "TAW": 160.22523054048378}, "SHS": {"LOW": 261.7548038606344, "LMC": 482.6094441107939, "FAN": 114.76425813803425}, "SHM": {"TSH": 201.7008198135083, "CIO": 80.91309971154301}}