{"SIH": {"TIS": 341.89675631818125, "TUM": 154.45979989193663}}