{"SKW": {"HFC": 69.79168483343923, "SWH": 82.21040969126}, "SKM": {"PRE": 67.13290194364934, "KOT": 74.96921732817088}}