{"SSP": {"PRE": 66.88439891830473, "CSW": 101.62618119427033}}