{"SUN": {"DIS": 198.58233387484285, "TUC": 823.8869624901475, "TSY": 462.63685631692124}, "SUW": {"KAT": 95.92633812593041, "TKW": 47.675288}}