{"TAW": {"SHT": 125.59579683761622, "KOT": 299.84965800274, "HIK": 46.77552, "CKT": 47.69757059999999}, "TAP": {"UNI": 415.3200955236927, "TWO": 172.55278759788445}, "TAK": {"QUB": 56.016373507820006, "SWH": 78.16786884490122}}