{"TKO": {"LHP": 131.70881006038283, "TIK": 212.2348985702327, "HAH": 120.17043598726404}, "TKW": {"SUW": 91.16750479722073, "HOM": 76.24216713475397}}