{"WAC": {"ADM": 91.53510118818258, "CAB": 141.60715569960607}}