{"WCH": {"OCP": 127.15039646486835, "LET": 164.33490886020826}}