{"WTS": {"LOF": 84.44474687182363, "DIH": 74.3216536796676}}