{"YMT": {"HOM": 109.31640559253137, "JOR": 88.4093709874671, "MOK": 110.93429639585129}}