{"1": {"6": 193.39015999252743, "2": 37.29136494811652}}