{"AUS": {"ETS": 138.80992075296, "NAC": 209.02491177762425}}