{"CIO": {"STW": 130.35921085951125, "SHM": 102.75952691175317}}