{"CKT": {"STW": 148.95598457453997, "TAW": 101.45411366566796}}