{"CSW": {"LCK": 127.43245071346914, "SSP": 130.90322112321064}}