{"EXC": {"HUH": 183.263286097434, "ADM": 82.0750842328514}}