{"FOT": {"SHT": 157.20629183314472, "UNI": 182.2140073256785}, "FOH": {"NOP": 124.93045644428942, "TIH": 111.70230751095214}}