{"HAH": {"TKO": 151.38329250819967, "POA": 119.8442406274489}}