{"HFC": {"SKW": 141.2086893929104, "CHW": 117.34024610298536}}