{"HIK": {"TAW": 135.104139, "DIH": 321.7737212740908}}