{"HUH": {"MKK": 173.52738429745574, "HOM": 126.28844939853616, "EXC": 192.41955722373638, "ETS": 91.63310460000001}}