{"JOR": {"TST": 124.20034110061815, "YMT": 131.29624782641847}}