{"K17-U020": {"K17-U030": 147.82825135426074}, "K12-D030": {"K12-D040": 92.75427648541644}, "K17-D020": {"K17-D030": 31.824803946051823}, "K17-U010": {"K17-U020": 309.2284313258835}, "K18-D010": {"K18-D020": 218.26370442528545}, "K18-U020": {"K18-U030": 69.83522029930569}, "K12-U010": {"K12-U020": 250.5328874063714}, "K18-D020": {"K18-D030": 39.37268343934651}, "K18-U010": {"K18-U020": 264.2365532665075}, "K12-D010": {"K12-D020": 184.23017783979964}, "K17-U030": {"K17-U040": 28.11006481177781}, "K12-D020": {"K12-D030": 312.7034558347202}, "K17-D010": {"K17-D020": 292.47950733841003}, "K12-U020": {"K12-U030": 218.29420250888575}}