{"K66-D070": {"K66-D080": 41.44420097745745}, "K66-U040": {"K66-U050": 143.07781061960628}, "K68-U080": {"K68-U090": 44.62073132757743}, "K66-U170": {"K66-U180": 35.828516269410834}, "K66-U210": {"K66-U220": 51.000144764171026}, "K66-D020": {"K66-D030": 56.80714020856889}, "K66-U060": {"K66-U070": 166.87532428601304}, "K66-U150": {"K66-U160": 59.7058407459313}, "K65-D130": {"K65-D140": 90.89738257453935}, "K66-U120": {"K66-U130": 61.199380776161284}, "K66-D100": {"K66-D110": 38.65681489333142}, "K65-U060": {"K65-U070": 38.0107092763114}, "K68-D150": {"K68-D160": 57.504794724959616}, "K65-U010": {"K65-U020": 297.4964879528387}, "K66-U190": {"K66-U200": 71.82414645837072}, "K66-U080": {"K66-U090": 173.38513009559924}, "K68-D190": {"K68-D200": 49.8130572363103}, "K68-D040": {"K68-D050": 95.59324957907288}, "K65-D040": {"K65-D050": 68.63390630751564}, "K66-U030": {"K66-U040": 181.3808164928717}, "K65-D110": {"K65-D120": 126.9153134356153}, "K66-D180": {"K66-D190": 64.20250333902734}, "K66-D230": {"K66-D240": 91.58094748283987}, "K66-U110": {"K66-U120": 46.695707314831566}, "K66-U090": {"K66-U100": 62.36510097055996}, "K65-U160": {"K65-U170": 58.33361089178906}, "K66-U180": {"K66-U190": 68.3384921337883}, "K66-D210": {"K66-D220": 132.1841421382711}, "K65-U150": {"K65-U160": 54.3942869462182}, "K66-U130": {"K66-U140": 58.621589275683746}, "K66-D130": {"K66-D140": 29.693873930519096}, "K65-D020": {"K65-D030": 70.39485465197859}, "K66-D110": {"K66-D120": 27.896018685431226}, "K66-U100": {"K66-U110": 78.5569883841066}, "K65-D150": {"K65-D160": 95.35147894014521}, "K65-U080": {"K65-U090": 140.4083988212611}, "K68-U020": {"K68-U030": 40.42302288626008}, "K65-U090": {"K65-U100": 57.56491949703339}, "K65-U170": {"K65-U180": 55.925378850240705}, "K68-U100": {"K68-U110": 190.76184346057008}, "K65-U190": {"K65-U200": 45.11984162496295}, "K68-D010": {"K68-D020": 53.518673507105404}, "K65-U130": {"K65-U140": 32.99803745305339}, "K66-D030": {"K66-D040": 68.01465912266286}, "K68-D070": {"K68-D080": 195.66529196282647}, "K68-D050": {"K68-D060": 51.740145625793616}, "K65-U050": {"K65-U060": 109.87000910036836}, "K65-D100": {"K65-D110": 217.71342998267156}, "K68-D060": {"K68-D070": 102.74401326267748}, "K65-D140": {"K65-D150": 111.2203596759814}, "K68-U140": {"K68-U150": 36.6515319}, "K65-D090": {"K65-D100": 90.7301934889817}, "K68-D030": {"K68-D040": 84.0306181}, "K66-U070": {"K66-U080": 220.65909149129916}, "K65-U120": {"K65-U130": 211.70842527104236}, "K66-D010": {"K66-D020": 66.72853664418207}, "K68-D080": {"K68-D090": 86.37908283743256}, "K66-U200": {"K66-U210": 63.82469228758737}, "K65-U200": {"K65-U210": 62.764448102322696}, "K68-D100": {"K68-D110": 95.03756977489499}, "K66-D080": {"K66-D090": 44.785432229782835}, "K66-D060": {"K66-D070": 34.91337199466304}, "K65-U100": {"K65-U110": 153.90169657460032}, "K65-U020": {"K65-U030": 131.05971632677893}, "K66-D140": {"K66-D150": 90.30737736385018}, "K65-D120": {"K65-D130": 63.84061504124175}, "K65-U040": {"K65-U050": 83.94632726970804}, "K65-D050": {"K65-D060": 69.33737890158433}, "K66-D220": {"K66-D230": 70.50018640799009}, "K66-U140": {"K66-U150": 51.7877373172099}, "K65-D060": {"K65-D070": 77.12839765565191}, "K68-D140": {"K68-D150": 31.82922771356988}, "K65-U180": {"K65-U190": 77.96538797587223}, "K65-D180": {"K65-D190": 98.20369090460329}, "K68-U010": {"K68-U020": 106.78417290990896}, "K66-D190": {"K66-D200": 79.14660967578614}, "K66-D150": {"K66-D160": 87.31120971715389}, "K65-D010": {"K65-D020": 44.468191712811745}, "K65-U210": {"K65-U220": 86.74676109616962}, "K68-U170": {"K68-D010": 142.66283087370005}, "K66-U160": {"K66-U170": 56.752668496380274}, "K66-U010": {"K66-U020": 131.0548432183015}, "K65A-U120": {"K65A-U130": 81.4}, "K68-D180": {"K68-D190": 29.821228448050004}, "K65-U070": {"K65-U080": 70.47687812363002}, "K65-U030": {"K65-U040": 122.97053143292983}, "K68-D120": {"K68-D130": 166.28141594771546}, "K66-D050": {"K66-D060": 31.866364838130107}, "K65-U140": {"K65-U150": 103.61421200958446}, "K68-U150": {"K68-U160": 76.27010314660501}, "K68-D090": {"K68-D100": 139.52517976837004}, "K68-D170": {"K68-D180": 35.538752472475146}, "K65-D070": {"K65-D080": 97.99878357432617}, "K65-D030": {"K65-D040": 60.18840270377488}, "K65-U220": {"K65-U230": 80.1008442297045}, "K65-D080": {"K65-D090": 53.073852089196535}, "K66-D170": {"K66-D180": 193.02768910042064}, "K66-U050": {"K66-U060": 43.02219979819834}, "K68-U130": {"K68-U140": 172.69265194400006}, "K66-D040": {"K66-D050": 29.752412978478496}, "K68-U060": {"K68-U070": 74.502927711091}, "K68-D020": {"K68-D030": 82.18887197400002}, "K65-U110": {"K65-U120": 112.43854792885172}, "K68-U160": {"K68-U170": 81.5562134072}, "K68-U040": {"K68-U050": 54.55738566536297}, "K66-D160": {"K66-D170": 134.05408953627128}, "K66-U020": {"K66-U030": 179.70659336241698}, "K65-D160": {"K65-D170": 137.70803591940276}, "K65A-U090": {"K65A-U100": 57.2}, "K65A-U100": {"K65A-U110": 60.03800000000001}, "K65A-U110": {"K65A-U120": 83.93}, "K66-D120": {"K66-D130": 56.51560800545449}, "K65-D170": {"K65-D180": 87.60725405013969}, "K68-D130": {"K68-D140": 51.24603317302001}, "K66-D200": {"K66-D210": 119.98679698798101}, "K68-U070": {"K68-U080": 34.658014970612}, "K66-D090": {"K66-D100": 31.554931401736372}, "K68-U090": {"K68-U100": 124.44620285626998}, "K68-D200": {"K68-U011": 65.39256878}, "K68-U030": {"K68-U040": 22.8070386332}, "K68-D160": {"K68-D170": 82.35955494358329}, "K68-D110": {"K68-D120": 94.00186804004124}, "K68-U110": {"K68-U120": 182.59761787300005, "K68-D090": 765.6}, "K65A-U080": {"K65A-U090": 64.738}, "K68-U120": {"K68-U130": 156.12868223721802}, "K68-U050": {"K68-U060": 40.996772262}}