{"KAT": {"SUW": 119.1527013479172, "DIH": 70.1076062}}