{"KOW": {"TSY": 525.3705073669024, "HOK": 177.7421001693615, "OLY": 135.0059858700019}, "KOT": {"TAW": 291.4259898853696, "MKK": 152.99193091438883, "LOF": 127.69215302308953, "SKM": 130.17354152382364}, "KOB": {"CHH": 170.23425468994, "NTK": 57.828278372}}