{"LAT": {"KWT": 133.095902180549, "YAT": 119.60822601123002}, "LAK": {"MEF": 137.54803921836873, "KWF": 141.14932944687652, "TSY": 195.35873854096408, "NAC": 265.04518748471514}}