{"LCK": {"CSW": 118.2224310025938, "MEF": 127.6678230209673}}