{"MEF": {"TWW": 307.5171754763645, "LAK": 133.05969099533345, "NAC": 184.8061801306158, "LCK": 134.68597994986888}}