{"MKK": {"KOT": 128.77366439255655, "HUH": 194.3456560547856}}