{"MOK": {"PRE": 118.7877463831846, "YMT": 126.13008891719623}, "MOS": {"HEO": 135.99567074119997, "WKS": 158.7167949802801}}