{"NOP": {"QUB": 122.91807784242977, "FOH": 129.51785335668}}