{"NTK": {"KWT": 97.55576069883259, "KOB": 124.53336587011536}}