{"OCP": {"ADM": 287.63196526414947, "WCH": 130.6929400389666}}