{"PRE": {"MOK": 125.80019907313041, "SKM": 112.4344827430643, "SSP": 107.47171565808158}}