{"SHW": {"SYP": 126.7045512914639, "CEN": 99.81265302869869}, "SHT": {"TAW": 167.19021793692153, "FOT": 140.240134844502}, "SHS": {"FAN": 125.3858684576406, "LMC": 466.0995224835774, "LOW": 261.7545636149237}, "SHM": {"CIO": 107.77341989687731, "TSH": 220.0667754105206}}