{"SKM": {"KOT": 136.8959143827048, "PRE": 126.1973563738657}, "SKW": {"HFC": 64.4601972504746, "SWH": 103.50338590020002}}