{"SSP": {"PRE": 128.96720579519203, "CSW": 125.51591443811591}}