{"SYP": {"HKU": 112.06117636483373, "SHW": 150.5436555481389}}