{"TAW": {"CKT": 162.00966279999997, "KOT": 292.0058564078383, "HIK": 149.93146445540825, "SHT": 126.83414565317887}, "TAP": {"TWO": 180.85185113617234, "UNI": 347.7158777925381}, "TAK": {"SWH": 112.88040879649459, "QUB": 128.66085972595232}}