{"TIH": {"CAB": 131.86003201208928, "FOH": 104.81748751067998}, "TIK": {"YAT": 124.03522905928055, "TKO": 202.80533575096794}, "TIS": {"SIH": 284.0454069586054, "LOP": 173.76750892443724}}