{"TKO": {"LHP": 132.31242861389023, "TIK": 190.348315238144, "HAH": 166.76606729426072}, "TKW": {"SUW": 89.849294224998, "HOM": 135.62270916048197}}