{"TUM": {"SIH": 143.196658971949}, "TUC": {"SUN": 894.3102711234218}}