{"WCH": {"OCP": 124.51577057292396, "LET": 179.04964059825528}}