{"YAT": {"TIK": 135.75404323668846, "QUB": 229.44320703062982, "LAT": 174.8501662813689}}