{"1": {"6": 273.49144001596324, "2": 319.6598407134585}}