{"AIR": {"TSY": 1551.0114561263065, "AWE": 121.6826483813655}}