{"CHW": {"HFC": 86.3925886643}, "CHH": {"KOB": 166.98734227648987, "DIH": 120.95621929158582}}