{"CIO": {"STW": 129.59631814533154, "SHM": 126.55134900647067}}