{"DIS": {"SUN": 198.58233387484285}, "DIH": {"KAT": 145.038861799827, "HIK": 312.8617830104969, "WTS": 126.8327703821863, "CHH": 133.84838602309986}}