{"ETS": {"HUH": 176.05863760078603, "AUS": 204.557452}}