{"EXC": {"HUH": 185.08041671638915, "ADM": 69.25753390884213}}