{"HAH": {"TKO": 173.18981910993176, "POA": 118.66387272148631}}