{"HIK": {"DIH": 327.2097339837058, "TAW": 147.421938325189}}