{"HKU": {"SYP": 128.19508020432602, "KET": 98.20420130539999}}