{"JOR": {"YMT": 120.51232197810785, "TST": 95.3903690130787}}