{"K18-U020": {"K18-U030": 62.32265753991908}, "K17-U030": {"K17-U040": 43.23406643756587}, "K18-D010": {"K18-D020": 223.13309383830318}, "K18-D020": {"K18-D030": 65.39672816192916}, "K12-D010": {"K12-D020": 149.39060530317641}, "K12-U020": {"K12-U030": 217.8321023295473}, "K17-U020": {"K17-U030": 151.84992262661007}, "K12-D020": {"K12-D030": 350.33356797122894}, "K18-U010": {"K18-U020": 221.90031878356677}, "K12-D030": {"K12-D040": 16.44596074303795}, "K17-D020": {"K17-D030": 46.220334909956776}, "K17-U010": {"K17-U020": 244.0552909295006}, "K12-U010": {"K12-U020": 229.37745612555196}, "K17-D010": {"K17-D020": 285.04300585243953}}