{"K51A-D160": {"K51A-D170": 168.17817511956935}, "K53-D015": {"K53-D020": 49.66807432407808}, "K52-nU180": {"K52-nU190": 77.46490893430527}, "K53-U030": {"K53-U040": 217.15161917487973}, "K51A-D190": {"K51A-D200": 176.47170587422778}, "K51A-D090": {"K51A-D100": 55.03868076425844}, "K52-nD150": {"K52-nD160": 91.93952443477032}, "K51A-U040": {"K51A-U050": 114.25688196653066}, "K52-nD080": {"K52-nD090": 63.39892429213696}, "K51-U130": {"K51-U140": 73.6993183138513}, "K51A-D110": {"K51A-D120": 52.3355587849278}, "K51-U020": {"K51-U030": 102.04834400969166}, "K52-nD130": {"K52-nD140": 81.52959249614804}, "K51A-U130": {"K51A-U140": 71.8196498217527}, "K53-U020": {"K53-U030": 146.68938232799957, "K53-D160": 787.964872215232}, "K51A-D080": {"K51A-D090": 171.46020827438105}, "K51A-D010": {"K51A-D020": 51.77387946130851}, "K51-D050": {"K51-D060": 60.451754722218446}, "K52-nD200": {"K52-nD210": 130.90838243440095}, "K51-U080": {"K51-U090": 178.38670696486892}, "K51-D100": {"K51-D110": 159.47271654710872}, "K52-nD140": {"K52-nD150": 111.31678731806012}, "K53-U090": {"K53-U100": 126.29922057757787}, "K51-D210": {"K51-D220": 193.30638360000006}, "K52A-U040": {"K52A-U050": 135.94908204730845}, "K52A-D050": {"K52A-D060": 29.229893122890815}, "K54-D060": {"K54-D070": 149.03833823207816}, "K53-U110": {"K53-U120": 94.11397777234707}, "K52A-U020": {"K52A-U030": 90.41246137175912}, "K52A-D040": {"K52A-D050": 13.708143125525805}, "K52-nU150": {"K52-nU160": 97.20477021394025}, "K52-nD040": {"K52-nD050": 33.450059154024544}, "K52A-D070": {"K52A-D080": 104.81501142095424}, "K53-D180": {"K53-D190": 75.34531271354197}, "K52-nD260": {"K52-nD270": 63.554127236088846}, "K52A-D020": {"K52A-D030": 31.23659571782273}, "K53-D150": {"K53-D160": 158.92689110528545}, "K52A-D010": {"K52A-D020": 277.2252894455018}, "K52A-D060": {"K52A-D070": 131.68946102990813}, "K53-D030": {"K53-D040": 70.46159772520593}, "K52-nD250": {"K52-nD260": 195.37237959045302}, "K52A-U150": {"K52A-U160": 33.60381784168413}, "K52A-U080": {"K52A-U090": 71.5784878347389}, "K53-D090": {"K53-D100": 47.810681535346575}, "K54-D040": {"K54-D050": 173.2953849090452}, "K51A-D210": {"K51A-D220": 80.63231750170115}, "K53-U140": {"K53-D010": 85.00618304065387}, "K52A-D110": {"K52A-D120": 149.00875820564383}, "K53-U010": {"K53-U020": 260.0044731385616, "K53-D180": 699.3012947016163}, "K51-U200": {"K51-U210": 81.47374133449907}, "K53-D040": {"K53-D050": 69.32931888349924}, "K54-D050": {"K54-D060": 93.9431324690504}, "K54-D010": {"K54-D020": 140.11279061726952}, "K51A-U110": {"K51A-U120": 139.66043345370508}, "K53-U070": {"K53-U080": 53.59314637370683}, "K51A-U150": {"K51A-U160": 113.86019567636045}, "K58-U050": {"K58-U060": 33.0}, "K51A-U100": {"K51A-U110": 226.14579212891894}, "K51A-D200": {"K51A-D210": 277.58536857327914}, "K52-nU280": {"K52-nU290": 43.6126641258067}, "K51A-U070": {"K51A-U080": 201.2223368825226}, "K52A-D080": {"K52A-D090": 70.75819708969115}, "K51A-D230": {"K51A-D240": 144.35914166291005}, "K51-D270": {"K51-D280": 94.80360813945475}, "K51A-U120": {"K51A-U130": 147.9660193116245}, "K53-U100": {"K53-U110": 75.26148864136162}, "K54-U020": {"K54-U030": 155.69263637120304}, "K52A-U130": {"K52A-U140": 60.21063198940131}, "K53-U040": {"K53-U050": 133.01700479196614}, "K51A-U230": {"K51A-U240": 41.80303614063787}, "K51-U210": {"K51-U220": 54.46744458042}, "K54-D030": {"K54-D040": 68.43901973244367}, "K53-D020": {"K53-D030": 100.18952102335604}, "K51-D060": {"K51-D070": 52.804627269998}, "K54-U010": {"K54-U020": 60.78880704402543}, "K51-U240": {"K51-U250": 114.48529745438343}, "K52-nD280": {"K52-nD290": 89.61717660188552}, "K52-nD060": {"K52-nD070": 129.84062336656464}, "K51A-D150": {"K51A-D160": 116.82131405928502}, "K52-nU030": {"K52-nU040": 136.83496805706426}, "K52-nU260": {"K52-nU270": 63.39498684160012}, "K51-D080": {"K51-D090": 109.07765481411309}, "K51A-U010": {"K51A-U020": 47.17797903073824}, "K52-nD210": {"K52-nD220": 216.19912056879951}, "K52-nU040": {"K52-nU050": 76.69734658064638}, "K53-U120": {"K53-U130": 71.55925409924882}, "K51-U150": {"K51-U160": 85.6952443680065}, "K51A-D040": {"K51A-D050": 90.63009915661488}, "K52-nD170": {"K52-nD180": 112.96089967007966}, "K53-D070": {"K53-D080": 50.15390685373983}, "K54-D020": {"K54-D030": 206.10365481242184}, "K51A-D020": {"K51A-D030": 93.83003923989064}, "K52A-U050": {"K52A-U060": 60.170012603398824}, "K52A-D120": {"K52A-D130": 38.9936486318327}, "K51-D150": {"K51-D160": 180.74037548020502}, "K54-U060": {"K54-U070": 213.6526114703266}, "K51-U230": {"K51-U240": 85.21838362007209}, "K53-D110": {"K53-D120": 168.44943951962495}, "K51A-D050": {"K51A-D060": 77.04778459363652}, "K51-D240": {"K51-D250": 120.40085917983795}, "K52A-D160": {"K52A-D170": 144.91108169370628}, "K51-D120": {"K51-D130": 50.42362016283633}, "K52A-D150": {"K52A-D160": 97.48287026522723}, "K53-D080": {"K53-D090": 67.40084651602074}, "K51-D190": {"K51-D200": 165.91659529140657}, "K51-D230": {"K51-D240": 81.54764943403408}, "K51-U040": {"K51-U050": 125.37267058569435}, "K53-U060": {"K53-U070": 71.22095888055772}, "K52-nU250": {"K52-nU260": 67.64344100419872}, "K51-D070": {"K51-D080": 59.60875557042674}, "K52-nD270": {"K52-nD280": 98.40090593224598}, "K54-U030": {"K54-U040": 122.84024693007385}, "K53-U050": {"K53-U060": 151.4820466507653}, "K52-nU100": {"K52-nU110": 155.83289968209002}, "K53-D130": {"K53-D140": 119.09434315461306}, "K53-D010": {"K53-D015": 103.44821995218679}, "K58-U160": {"K58-U170": 152.9}, "K52-nU200": {"K52-nU210": 81.882566395861}, "K52-nU080": {"K52-nU090": 83.89277573159998}, "K52-nU060": {"K52-nU070": 178.84336881513406}, "K51A-U170": {"K51A-U180": 76.37471940190602}, "K51-D020": {"K51-D030": 62.87921935072906}, "K51-U030": {"K51-U040": 75.1297685910576}, "K51-D010": {"K51-D020": 87.25032967597922}, "K51-U090": {"K51-U100": 147.03327701998566}, "K51-D200": {"K51-D210": 121.60108922004056}, "K52A-U160": {"K52A-U170": 29.517538720356185}, "K58-U200": {"K58-U210": 77.0}, "K58-D030": {"K58-D040": 82.5}, "K54-U040": {"K54-U050": 155.6135356481972}, "K51A-U240": {"K51A-U250": 70.79584157547396}, "K51-D130": {"K51-D140": 52.26397171725777}, "K51A-U200": {"K51A-U210": 59.36371710033914}, "K52A-U090": {"K52A-U100": 84.20656269213168}, "K52A-U015": {"K52A-U020": 142.65641058828078}, "K51-U190": {"K51-U200": 77.802985849433}, "K51-U180": {"K51-U190": 103.30386458587745}, "K53-U080": {"K53-U090": 85.79086029584815}, "K52A-D170": {"K52A-D180": 110.02507116273463}, "K53-D050": {"K53-D060": 88.62009614815074}, "K51-U220": {"K51-U230": 68.58995561924975}, "K54-U050": {"K54-U060": 356.54377438043883}, "K51-D110": {"K51-D120": 60.45670415421999}, "K52-nU300": {"K52-nU310": 44.797528535738785}, "K52A-D090": {"K52A-D100": 52.36208355630505}, "K51A-D070": {"K51A-D080": 87.03462634217553}, "K51-U120": {"K51-U130": 160.80420671029194}, "K51A-U020": {"K51A-U030": 97.00254803913819}, "K51-D140": {"K51-D150": 86.67207976374}, "K51A-U090": {"K51A-U100": 147.9186182976668}, "K51A-U180": {"K51A-U190": 91.8046248050945}, "K51-U110": {"K51-U120": 125.41026385233337}, "K51A-U220": {"K51A-U230": 80.21528240231083}, "K52-nU160": {"K52-nU170": 54.5368973365339}, "K51-D180": {"K51-D190": 170.84254832143273}, "K52A-D030": {"K52A-D040": 23.129608181999608}, "K52-nD190": {"K52-nD200": 159.08234211085394}, "K51A-U190": {"K51A-U200": 74.07843186851571}, "K52-nD230": {"K52-nD240": 157.8961984793425}, "K52A-D130": {"K52A-D140": 95.4589380994701}, "K51A-U060": {"K51A-U070": 300.91914965213965}, "K52A-D100": {"K52A-D110": 65.68401956783643}, "K51-D260": {"K51-D270": 54.05677152242553}, "K53-D170": {"K53-D180": 321.2253298}, "K52-nU070": {"K52-nU080": 107.65716290321491}, "K51A-D260": {"K51A-D270": 66.52345258877764}, "K53-U130": {"K53-U140": 55.308178689009786}, "K51A-U210": {"K51A-U220": 75.56906977952892}, "K51A-D100": {"K51A-D110": 56.61292088522744}, "K51-U050": {"K51-U060": 285.2387740059}, "K52A-U170": {"K52A-U180": 299.29870996034714}, "K52-nD070": {"K52-nD080": 118.42666030637034},