{"K68-D050": {"K68-D060": 60.73316447312891}, "K65-D100": {"K65-D110": 221.04174080089783}, "K66-D130": {"K66-D140": 43.926907361948274}, "K65-U080": {"K65-U090": 160.5453073492053}, "K65-U190": {"K65-U200": 61.59664140038743}, "K65-U030": {"K65-U040": 104.80712993037147}, "K66-U170": {"K66-U180": 31.593466209424726}, "K65-U180": {"K65-U190": 77.37262711470399}, "K65-D180": {"K65-D190": 127.37807893305244}, "K68-D040": {"K68-D050": 96.74436493577434}, "K65-U040": {"K65-U050": 93.99426864207042}, "K66-U080": {"K66-U090": 176.27838072153708}, "K66-D200": {"K66-D210": 128.34161887545514}, "K68-D140": {"K68-D150": 52.0782998592}, "K66-D100": {"K66-D110": 51.86178551956385}, "K66-U050": {"K66-U060": 47.38040168624694}, "K68-D020": {"K68-D030": 85.76844777691402}, "K66-U010": {"K66-U020": 143.16998262111298}, "K66-D210": {"K66-D220": 152.45933731129674}, "K66-U140": {"K66-U150": 47.07647309695413}, "K65-D040": {"K65-D050": 73.50105481724219}, "K68-U140": {"K68-U150": 37.43637637156}, "K65-D170": {"K65-D180": 106.19963082321006}, "K68-U110": {"K68-U120": 200.39385134449998, "K68-D090": 707.3990000000001}, "K66-D160": {"K66-D170": 159.04310890310538}, "K68-D130": {"K68-D140": 62.74594210159459}, "K68-U160": {"K68-U170": 69.14961872041701}, "K66-U040": {"K66-U050": 123.93320858574862}, "K66-D010": {"K66-D020": 42.5460161959716}, "K65-D060": {"K65-D070": 87.25733856571213}, "K66-D020": {"K66-D030": 69.79728265972088}, "K65-U010": {"K65-U020": 298.4743651849498}, "K66-D140": {"K66-D150": 93.85942771441796}, "K65-D090": {"K65-D100": 113.0426605057108}, "K66-U180": {"K66-U190": 65.16278889488481}, "K68-U080": {"K68-U090": 45.99970455208644}, "K65-D120": {"K65-D130": 67.8834103408315}, "K65-D010": {"K65-D020": 43.77914768409819}, "K66-D170": {"K66-D180": 224.93532694488778}, "K68-D120": {"K68-D130": 187.4940241129707}, "K66-U100": {"K66-U110": 78.4238844186849}, "K65-U140": {"K65-U150": 107.38826410853865}, "K66-U130": {"K66-U140": 52.79690768371878}, "K65-D070": {"K65-D080": 125.79992012248253}, "K66-U030": {"K66-U040": 144.0543717317082}, "K66-U210": {"K66-U220": 48.248831195584444}, "K65-U150": {"K65-U160": 51.48069408412058}, "K65-U060": {"K65-U070": 35.37476015196775}, "K66-D090": {"K66-D100": 48.920470890266316}, "K68-U070": {"K68-U080": 33.804053638463806}, "K68-U010": {"K68-U020": 94.94672314973633}, "K66-D060": {"K66-D070": 49.8183244232121}, "K65-D050": {"K65-D060": 66.5794916785652}, "K66-U160": {"K66-U170": 45.941101268637944}, "K65-D130": {"K65-D140": 103.58765900842302}, "K68-D010": {"K68-D020": 43.83921881703634}, "K68-D180": {"K68-D190": 32.973861144835936}, "K66-D050": {"K66-D060": 48.47234085702252}, "K65-D080": {"K65-D090": 63.23600588432729}, "K65-D160": {"K65-D170": 154.0996340669116}, "K68-U150": {"K68-U160": 83.05651167011}, "K65A-D090": {"K65A-D100": 107.80000000000001}, "K65A-U110": {"K65A-U120": 66.0}, "K66-U200": {"K66-U210": 52.7721577392865}, "K65A-D030": {"K65A-D040": 46.2}, "K66-D150": {"K66-D160": 100.60631560019185}, "K65-U200": {"K65-U210": 74.94324672856132}, "K65A-D050": {"K65A-D060": 29.810000000000002}, "K65A-D060": {"K65A-D070": 61.38000000000002}, "K65A-D070": {"K65A-D080": 80.30000000000001}, "K65A-U060": {"K65A-U070": 55.00000000000001}, "K65A-D100": {"K65A-D110": 233.20000000000002}, "K68-D150": {"K68-D160": 77.0579004582235}, "K68-D080": {"K68-D090": 88.44941432433227}, "K68-U030": {"K68-U040": 29.9617323927291}, "K65A-U080": {"K65A-U090": 70.4}, "K65A-U120": {"K65A-U130": 53.900000000000006}, "K65-U120": {"K65-U130": 178.23768153386703}, "K65-D020": {"K65-D030": 79.86065372988745}, "K68-D160": {"K68-D170": 77.45527714375395}, "K65A-U050": {"K65A-U060": 46.2}, "K65A-D080": {"K65A-D090": 49.50000000000001}, "K65-U160": {"K65-U170": 60.3707425533896}, "K65-U090": {"K65-U100": 58.71269696084363}, "K65-D140": {"K65-D150": 103.17393805537533}, "K68-U020": {"K68-U030": 48.35852881651196}, "K66-D120": {"K66-D130": 75.61781879586594}, "K65-D030": {"K65-D040": 68.40776859129815}, "K66-U070": {"K66-U080": 211.7034357385412}, "K68-U100": {"K68-U110": 180.77237913057}, "K68-U040": {"K68-U050": 46.2875568565521}, "K68-U090": {"K68-U100": 156.9118723074711}, "K66-D030": {"K66-D040": 80.8284090190036}, "K65-U070": {"K65-U080": 71.76322983123285}, "K65-D150": {"K65-D160": 101.50584379651852}, "K65-U210": {"K65-U220": 84.32138711234022}, "K68-D090": {"K68-D100": 168.4260685580458}, "K66-U020": {"K66-U030": 213.83512130370005}, "K68-D100": {"K68-D110": 94.79118056017242}, "K65-U110": {"K65-U120": 112.78670370341577}, "K65-U020": {"K65-U030": 146.95946697957308}, "K65-U100": {"K65-U110": 164.55528518802393}, "K65-U050": {"K65-U060": 112.21245250817996}, "K66-D080": {"K66-D090": 61.82209839715837}, "K66-U110": {"K66-U120": 33.72209996163523}, "K66-D040": {"K66-D050": 46.657946808932124}, "K68-D060": {"K68-D070": 95.55489140908071}, "K66-U150": {"K66-U160": 57.402895862296496}, "K65-D110": {"K65-D120": 124.85760977856867}, "K68-U050": {"K68-U060": 57.7354587711}, "K66-D190": {"K66-D200": 82.98298253312343}, "K66-U090": {"K66-U100": 50.226710460750326}, "K68-D200": {"K68-U011": 72.16396626535446}, "K66-U060": {"K66-U070": 171.96466539686094}, "K68-D030": {"K68-D040": 93.77572341000001}, "K66-U120": {"K66-U130": 47.9826169780812}, "K68-D110": {"K68-D120": 85.05457498331572}, "K65-U220": {"K65-U230": 86.41730798150257}, "K65-U170": {"K65-U180": 54.71852635822493}, "K68-D190": {"K68-D200": 64.62452699999999}, "K66-U190": {"K66-U200": 69.74166348309609}, "K68-U060": {"K68-U070": 81.48045947705137}, "K65-U130": {"K65-U140": 34.071591980513844}, "K66-D110": {"K66-D120": 45.248535644465775}, "K68-U170": {"K68-D010": 164.9978041}, "K66-D220": {"K66-D230": 96.77707528862338}, "K68-D170": {"K68-D180": 61.111292895400005}, "K66-D070": {"K66-D080": 53.20443317763905}, "K66-D230": {"K66-D240": 91.69465198580151}, "K68-U120": {"K68-U130": 135.51705815793767}, "K68-D070": {"K68-D080": 203.7532042018109}, "K66-D180": {"K66-D190": 75.74519539607088}, "K68-U130": {"K68-U140": 158.0695671021138}}