{"KAT": {"SUW": 101.90105729377575, "DIH": 132.83883985747474}}