{"LCK": {"MEF": 130.10024926534172, "CSW": 132.65641702370945}}