{"LOF": {"KOT": 130.99796078588017, "WTS": 122.72607341700646}, "LOP": {"TIS": 176.8830652766587, "YUL": 131.92313413617802}, "LOW": {"SHS": 231.31968591728432}}