{"MOK": {"PRE": 120.11462085273293, "YMT": 125.49761241913617}, "MOS": {"HEO": 136.9023254239164, "WKS": 164.8862248848899}}