{"NAC": {"LAK": 259.61262394475557, "OLY": 99.19671472602202, "AUS": 209.37074255974008, "MEF": 184.1920580366661}}