{"NOP": {"QUB": 126.02541164958294, "FOH": 128.1904004209053}}