{"NTK": {"KWT": 74.83500920568287, "KOB": 119.58497454292369}}