{"PRE": {"MOK": 119.9772824053174, "SSP": 126.8853140559733, "SKM": 130.7429651335232}}