{"SIH": {"TIS": 366.2035596927736, "TUM": 154.45979989193663}}