{"SKM": {"PRE": 126.92393292949598, "KOT": 77.70394733720002}, "SKW": {"SWH": 127.54097455989636, "HFC": 149.22851858988733}}