{"STW": {"CIO": 142.2443697340897, "CKT": 122.8855633917}}