{"SWH": {"SKW": 110.99487753043734, "TAK": 126.62286057866386}}