{"SYP": {"SHW": 139.1397290773906, "HKU": 98.43463011765975}}