{"TAW": {"KOT": 297.28550091484703, "SHT": 130.56779631897123, "CKT": 203.56952330000001, "HIK": 147.8532312526929}, "TAP": {"UNI": 379.23306588735903, "TWO": 156.32745401787048}, "TAK": {"QUB": 131.21800656169404, "SWH": 130.988377645704}}