{"TIK": {"YAT": 133.32153060291375, "TKO": 232.24256510795664}, "TIH": {"CAB": 128.65726661012073, "FOH": 101.08282939229639}, "TIS": {"LOP": 178.26396532302584, "SIH": 375.3954983092984}}