{"TST": {"JOR": 85.65159586440078, "ADM": 178.44468508046413}, "TSY": {"KOW": 573.9029884383095, "SUN": 721.0093777390322, "AIR": 1491.5181746159478, "LAK": 192.533442769891}, "TSW": {"TWH": 92.99478085973242}, "TSH": {"HEO": 126.36881492425194, "SHM": 216.67922890187728}}