{"TUM": {"SIH": 145.889305971949}, "TUC": {"SUN": 831.9461495974567}}