{"UNI": {"FOT": 195.9544368981593, "TAP": 402.9694673269467}}