{"WAC": {"CAB": 179.9404551212718, "ADM": 130.54284484750445}}