{"YAT": {"TIK": 140.52130669414532, "QUB": 249.8038817175787, "LAT": 185.94675342711542}}