{"YMT": {"JOR": 132.27476826497167, "MOK": 98.05160761530222, "HOM": 149.71141194486512}}