{"AIR": {"TSY": 1714.4984702148158, "AWE": 140.07056692566795}}