{"AUS": {"NAC": 186.3430778452375, "ETS": 166.99861808199998}}