{"CHW": {"HFC": 176.9171949596913}, "CHH": {"KOB": 128.3375312801276, "DIH": 134.76510176734666}}