{"CIO": {"STW": 147.7755682389262, "SHM": 148.66316993031108}}