{"DIH": {"WTS": 119.3748446539923, "HIK": 306.9628092536659, "KAT": 177.0852570901171, "CHH": 114.35110061411918}, "DIS": {"SUN": 198.58233387484285}}