{"EXC": {"HUH": 170.26743006678208, "ADM": 74.79531258508081}}