{"FOT": {"UNI": 206.59448341381494, "SHT": 179.34560789040944}, "FOH": {"NOP": 147.03360192008603, "TIH": 89.60140415112664}}