{"HFC": {"SKW": 130.70755827573865, "CHW": 111.87745976382605}}