{"HKU": {"SYP": 115.4461548064836, "KET": 102.94831237339672}}