{"HOM": {"TKW": 152.80940259843453, "YMT": 161.53483951720992, "WHA": 79.14136535804238, "HUH": 135.27178381073003}, "HOK": {"KOW": 180.2543610959338}}