{"K74-D020": {"K74-D030": 145.02482908781022}, "K76-D010": {"K76-D020": 170.41630783193511}, "K73-U080": {"K73-U110": 151.50089492056665}, "K76-U030": {"K76-U040": 163.1008529240266}}