{"KAT": {"SUW": 129.03072865227804, "DIH": 154.66754361126607}}