{"KOT": {"MKK": 207.56060504047545, "TAW": 265.0195058090351, "SKM": 142.25790506422592, "LOF": 99.85138226146833}, "KOW": {"TSY": 422.6038445241908, "HOK": 177.7421002097681, "OLY": 139.69551493147955}, "KOB": {"CHH": 154.06865617878265}}