{"LAK": {"KWF": 140.8114021003477, "NAC": 255.27923130268096, "TSY": 198.49928702145525, "MEF": 147.96385290035855}, "LAT": {"YAT": 83.11895516521435, "KWT": 125.48076211623996}}