{"LCK": {"CSW": 111.07745310948287, "MEF": 127.22973913245289}}