{"LET": {"WCH": 159.48882139434738, "SOH": 104.02426207213898}}