{"NAC": {"OLY": 123.71866465245645, "AUS": 207.52817371848846, "LAK": 261.65885628419164, "MEF": 197.8402467696149}}