{"NTK": {"KOB": 127.92260393640856, "KWT": 122.02482033571155}}