{"OCP": {"WCH": 114.38161802460145, "ADM": 287.6319584603367}}