{"SHT": {"TAW": 176.89417430223034, "FOT": 296.98778046779466}, "SHW": {"SYP": 118.71601932806955, "CEN": 106.45752286756874}, "SHS": {"LMC": 800.3304449895983, "LOW": 261.7547560497205, "FAN": 160.23413445896608}, "SHM": {"TSH": 245.97921526447044, "CIO": 133.99653838326412}}