{"SIH": {"TUM": 154.45349534951495, "TIS": 327.70990154566323}}