{"SKM": {"PRE": 100.29891796238091, "KOT": 114.56399398981883}, "SKW": {"SWH": 108.33220700413501, "HFC": 202.11098020782111}}