{"SSP": {"CSW": 132.18854830275433, "PRE": 128.36539547583124}}