{"SWH": {"TAK": 94.63614837173215, "SKW": 127.87653788248811}}