{"SYP": {"HKU": 108.5996647092192, "SHW": 135.09707573125712}}