{"TAW": {"CKT": 142.2248878276577, "SHT": 271.1323448826089, "KOT": 336.05075899994614, "HIK": 169.84998909658603}, "TAK": {"QUB": 116.50221425651247, "SWH": 106.2740469723775}, "TAP": {"UNI": 417.4237829884281, "TWO": 115.45927385323994}}