{"TWO": {"FAN": 316.87529082070716, "TAP": 156.10486479952738}, "TWH": {"KWH": 125.96114836685229, "TSW": 78.76669903344222}, "TWW": {"KSR": 356.2076572042969, "MEF": 311.7803612914103}}