{"UNI": {"FOT": 230.84369767508392, "TAP": 416.1788731446157}}