{"WTS": {"DIH": 109.12002785711839, "LOF": 119.44591655477379}}