{"YAT": {"QUB": 252.8736676331842, "TIK": 141.42227814464871, "LAT": 153.64779378862403}}