{"YMT": {"HOM": 165.2380281899856, "MOK": 122.6658199873664, "JOR": 132.2796934724789}}