{"CHH": {"KOB": 158.67594578199476, "DIH": 129.98281526429022}, "CHW": {"HFC": 102.0029515266539}}