{"CKT": {"STW": 120.02440281400001, "TAW": 118.15220811434278}}