{"CSW": {"LCK": 127.23381259904595, "SSP": 131.02440808399803}}