{"DIS": {"SUN": 198.58233387484285}, "DIH": {"CHH": 128.0993521218644, "WTS": 129.02701884094628, "HIK": 303.7741814494949, "KAT": 171.14240697}}