{"EXC": {"HUH": 165.63640613267196, "ADM": 80.81195469435286}}