{"HFC": {"SKW": 162.24945148757797, "CHW": 150.48490372691245}}