{"HOM": {"YMT": 179.92878461987917, "TKW": 134.7031734020797, "HUH": 107.95136216217, "WHA": 72.42525192380366}, "HOK": {"KOW": 174.69636641108912}}