{"K18-U020": {"K18-U030": 64.37840575721764}, "K18-U010": {"K18-U020": 238.66373478565683}, "K18-D010": {"K18-D020": 230.33062284446456}, "K17-U010": {"K17-U020": 250.81388759662386}, "K18-D020": {"K18-D030": 55.83874480188289}, "K17-D020": {"K17-D030": 30.181941469628526}, "K12-U020": {"K12-U030": 198.47707036266996}, "K17-U030": {"K17-U040": 34.36541484908888}, "K17-D010": {"K17-D020": 293.597081662464}, "K12-D030": {"K12-D040": 14.44036677825397}, "K17-U020": {"K17-U030": 128.8847545917792}, "K12-D020": {"K12-D030": 307.64452192442906}, "K12-D010": {"K12-D020": 182.61832600000002}}