{"K68-U030": {"K68-U040": 30.04768794936071}, "K68-D120": {"K68-D130": 157.4185912190014}, "K65-D100": {"K65-D110": 183.09152481680684}, "K66-U170": {"K66-U180": 35.77224936194309}, "K65-U220": {"K65-U230": 72.07001993689975}, "K66-D030": {"K66-D040": 68.28262819654098}, "K65-D090": {"K65-D100": 66.88380614739202}, "K65-U080": {"K65-U090": 113.3713063512849}, "K68-D150": {"K68-D160": 40.72175251062998}, "K65-U160": {"K65-U170": 55.85477915494711}, "K68-D080": {"K68-D090": 73.51477204979932}, "K66-U130": {"K66-U140": 57.5080940181165}, "K65-U210": {"K65-U220": 80.23428166931448}, "K66-U010": {"K66-U020": 112.32383662034697}, "K68-D020": {"K68-D030": 72.27824696999502}, "K68-U130": {"K68-U140": 146.30374217113132}, "K65-D040": {"K65-D050": 59.21459707939039}, "K66-D130": {"K66-D140": 27.140435981525474}, "K65-D020": {"K65-D030": 58.27159217303349}, "K66-D020": {"K66-D030": 62.168483785559076}, "K65-U130": {"K65-U140": 75.83341284066063}, "K68-D160": {"K68-D170": 81.49665350160787}, "K65-D030": {"K65-D040": 51.94773551651984}, "K66-D200": {"K66-D210": 107.17474346823937}, "K65-D180": {"K65-D190": 92.79619239417231}, "K65-D170": {"K65-D180": 76.40589211841055}, "K65-U140": {"K65-U150": 99.31552497586321}, "K65-D060": {"K65-D070": 55.71801487316439}, "K66-D230": {"K66-D240": 82.3611116305824}, "K68-D040": {"K68-D050": 82.71219009317548}, "K66-U020": {"K66-U030": 184.13245088907885}, "K66-U050": {"K66-U060": 39.54694113047116}, "K65-U060": {"K65-U070": 38.91329389290523}, "K65-U070": {"K65-U080": 60.26540067547141}, "K65-D010": {"K65-D020": 36.45203171399661}, "K68-U060": {"K68-U070": 71.78410624521402}, "K66-D040": {"K66-D050": 25.43796201626233}, "K66-U160": {"K66-U170": 48.424347030935564}, "K66-U180": {"K66-U190": 68.66647913881624}, "K66-U190": {"K66-U200": 68.47509235575824}, "K68-U100": {"K68-U110": 198.064429323926}, "K66-D050": {"K66-D060": 20.302497270000003}, "K68-U120": {"K68-U130": 132.27354807591388}, "K65-D160": {"K65-D170": 127.97211372545067}, "K66-D080": {"K66-D090": 40.664283660205925}, "K65-D070": {"K65-D080": 92.59102938457069}, "K66-D100": {"K66-D110": 29.99676011777668}, "K65-U090": {"K65-U100": 50.59443237703458}, "K66-D210": {"K66-D220": 136.51656229236693}, "K66-D140": {"K66-D150": 69.87317465440421}, "K65-U200": {"K65-U210": 53.279455802811206}, "K66-D090": {"K66-D100": 27.43474248817629}, "K65-U190": {"K65-U200": 30.5625777903565}, "K66-U030": {"K66-U040": 167.6563919357346}, "K68-D110": {"K68-D120": 88.19048250548236}, "K65-D130": {"K65-D140": 77.40257660608518}, "K66-U070": {"K66-U080": 154.39496950883068}, "K65-D080": {"K65-D090": 44.422391834369364}, "K68-U050": {"K68-U060": 51.24136994955002}, "K65-D110": {"K65-D120": 102.24003533382079}, "K66-D060": {"K66-D070": 27.791608932052686}, "K68-U080": {"K68-U090": 42.24428528853248}, "K68-U070": {"K68-U080": 34.39006917607}, "K66-U140": {"K66-U150": 54.06778988825097}, "K66-D220": {"K66-D230": 72.48810717610417}, "K65-U150": {"K65-U160": 54.04306637250598}, "K66-U080": {"K66-U090": 150.1262341792678}, "K65-U040": {"K65-U050": 89.0931238356053}, "K66-D180": {"K66-D190": 52.64804296105969}, "K66-D120": {"K66-D130": 58.81227398942966}, "K66-U090": {"K66-U100": 44.96372814164248}, "K65-D140": {"K65-D150": 96.8655276775905}, "K65-D120": {"K65-D130": 55.709539598739774}, "K68-U140": {"K68-U150": 34.61999350033}, "K68-U170": {"K68-D010": 142.02819731964746}, "K66-D170": {"K66-D180": 171.5688300317859}, "K66-U110": {"K66-U120": 96.1695976616737}, "K66-U120": {"K66-U130": 51.81057478237}, "K65-U110": {"K65-U120": 96.50371039679644}, "K68-D130": {"K68-D140": 55.46529226414246}, "K65-U170": {"K65-U180": 53.63397194757702}, "K65-U180": {"K65-U190": 76.22937964898563}, "K66-D160": {"K66-D170": 111.8946821982064}, "K65-D150": {"K65-D160": 89.64184005614416}, "K65-D050": {"K65-D060": 58.72753382762213}, "K66-D070": {"K66-D080": 34.066967813000495}, "K68-U110": {"K68-U120": 184.76652417950106, "K68-D090": 380.7424500000001}, "K68-D190": {"K68-D200": 39.442576797}, "K66-U210": {"K66-U220": 45.56346595597984}, "K66-D010": {"K66-D020": 18.12567032215312}, "K65-U100": {"K65-U110": 132.50638411065398}, "K68-U090": {"K68-U100": 115.01152234868304}, "K68-D060": {"K68-D070": 82.36217523511998}, "K66-U150": {"K66-U160": 57.77424349253014}, "K68-D140": {"K68-D150": 26.419804237899996}, "K66-U200": {"K66-U210": 60.299437056018476}, "K65-U020": {"K65-U030": 112.33751640293835}, "K68-D200": {"K68-U011": 61.467514135759984}, "K66-D110": {"K66-D120": 75.64562498376395}, "K68-D090": {"K68-D100": 142.95534564530308}, "K65-U050": {"K65-U060": 106.90089256579593}, "K68-D010": {"K68-D020": 45.49493671391563}, "K66-D150": {"K66-D160": 86.22945401655956}, "K66-U100": {"K66-U110": 72.0721868595166}, "K66-D190": {"K66-D200": 66.66435065838886}, "K68-U150": {"K68-U160": 80.33595576200003}, "K66-U060": {"K66-U070": 169.20773161195368}, "K65-U030": {"K65-U040": 84.17352414663112}, "K68-D100": {"K68-D110": 81.59214149254112}, "K68-U040": {"K68-U050": 53.361219188831136}, "K68-U010": {"K68-U020": 99.16538156}, "K66-U040": {"K66-U050": 108.79183453208029}, "K68-D030": {"K68-D040": 58.38979418296003}, "K68-D180": {"K68-D190": 26.168725227102442}, "K65-U120": {"K65-U130": 191.91351798750387}, "K65-U010": {"K65-U020": 245.24416878491007}, "K68-D170": {"K68-D180": 43.92022646064681}, "K68-D050": {"K68-D060": 51.821761618528}, "K68-D070": {"K68-D080": 182.13311463632323}, "K68-U020": {"K68-U030": 34.583575645399996}, "K68-U160": {"K68-U170": 78.9154986}}