{"KOW": {"HOK": 177.74210012660552, "OLY": 131.2800713965108, "TSY": 520.4472562818546}, "KOT": {"MKK": 144.5280974323877, "TAW": 284.94252668727177, "LOF": 123.70212517953023, "SKM": 129.91881115418366}, "KOB": {"CHH": 193.05868542111563, "NTK": 131.86297063904757}}