{"KSR": {"TWW": 632.9181599290638, "YUL": 245.7300339779607}}