{"LET": {"WCH": 168.50661832661592, "SOH": 104.79008547721119}}