{"MKK": {"KOT": 146.19367150551298, "HUH": 195.6585233025964}}