{"MOK": {"PRE": 129.20407336292638, "YMT": 132.76234252418288}, "MOS": {"HEO": 133.65642177470005, "WKS": 146.34628793195273}}