{"NAC": {"OLY": 94.29051168770992, "LAK": 248.88682847350324, "AUS": 207.23067383497673, "MEF": 173.5668048876169}}