{"NOP": {"FOH": 124.0343935775979, "QUB": 126.46787011149168}}