{"SIH": {"TIS": 366.3280098618437, "TUM": 154.45979989193663}}