{"TAP": {"UNI": 374.06850524175695, "TWO": 179.58799928276773}, "TAW": {"SHT": 109.75380131887755, "KOT": 305.1815514474958, "HIK": 159.37092659400003, "CKT": 225.2851071637403}, "TAK": {"QUB": 130.49715888864006, "SWH": 119.79531452241422}}