{"TIK": {"TKO": 225.3404459948017, "YAT": 150.38505751685116}, "TIH": {"CAB": 129.97837291615238, "FOH": 102.02896222179274}, "TIS": {"SIH": 389.402847097668, "LOP": 179.0057473123776}}