{"WTS": {"LOF": 124.99775724553247, "DIH": 129.74792396015746}}