{"YAT": {"LAT": 177.15835295284887, "TIK": 142.61800350933697, "QUB": 259.6629869050374}}