{"YUL": {"LOP": 104.97417315066, "KSR": 245.04567590388905}}