{"1": {"2": 63.387578272598375, "6": 66.75653843482016}}