{"5": {"6": 106.30026532814342, "305": 83.89315410692856}}