{"AIR": {"TSY": 1553.7620088944714, "AWE": 226.6690971954328}}