{"CHH": {"KOB": 160.17713459760478, "DIH": 138.66578002022277}, "CHW": {"HFC": 81.17338505999999}}