{"CIO": {"SHM": 130.91209055085008, "STW": 130.25552587430906}}