{"DIS": {"SUN": 198.58233387484285}, "DIH": {"KAT": 151.87826, "HIK": 320.13536099607336, "WTS": 131.93215909374527, "CHH": 128.4488143923912}}