{"HAH": {"TKO": 156.50097253248342, "POA": 122.2271287111295}}