{"HFC": {"SKW": 168.8971153337642, "CHW": 116.3322025955986}}