{"HIK": {"DIH": 310.4998675520613, "TAW": 152.003814133194}}