{"HKU": {"SYP": 131.65572170546804, "KET": 96.30475395360722}}