{"HOK": {"KOW": 194.0707658651429}, "HOM": {"HUH": 135.101088703401, "TKW": 125.37374333740044, "YMT": 171.30678478044268, "WHA": 79.56734819705515}}