{"HUH": {"EXC": 190.45409888984486, "HOM": 126.33452700000002, "MKK": 181.41485677871896, "ETS": 191.70086696097704}}