{"JOR": {"YMT": 129.19353201968312, "TST": 113.51871629881927}}