{"K18-U010": {"K18-U020": 188.83937033103803}, "K17-U020": {"K17-U030": 150.80455377359903}, "K12-D030": {"K12-D040": 40.65336880966714}, "K12-U020": {"K12-U030": 222.69832133841092}, "K17-U030": {"K17-U040": 28.729437795803126}, "K12-U010": {"K12-U020": 260.03723932475634}, "K18-U020": {"K18-U030": 136.90843861404232}, "K12-D020": {"K12-D030": 362.08675993263444}, "K18-D010": {"K18-D020": 229.46424853859884}, "K12-D010": {"K12-D020": 166.91666367252512}, "K18-D020": {"K18-D030": 48.932805311461465}, "K17-D010": {"K17-D020": 301.94002921893417}, "K17-D020": {"K17-D030": 39.171636286085416}, "K17-U010": {"K17-U020": 255.72791363377263}}