{"K51A-U020": {"K51A-U030": 102.42943410769142}, "K52A-U090": {"K52A-U100": 89.80629656938834}, "K53-U140": {"K53-D010": 80.42738264735908}, "K52-nU140": {"K52-nU150": 168.36501018458236}, "K51-D040": {"K51-D050": 52.63628968622786}, "K51-D160": {"K51-D170": 93.57036907373762}, "K51-U070": {"K51-U080": 235.61185109000002}, "K51A-U210": {"K51A-U220": 72.4882100674574}, "K52-nD140": {"K52-nD150": 114.99553038885927}, "K52-nD100": {"K52-nD110": 65.45064065875493}, "K51-D050": {"K51-D060": 57.10197507154113}, "K51A-U180": {"K51A-U190": 90.38980965276644}, "K53-D060": {"K53-D070": 161.82115112632806}, "K53-D190": {"K53-U011": 405.6454456656621}, "K51A-U170": {"K51A-U180": 82.16350782831097}, "K51-U050": {"K51-U060": 268.2023998798003}, "K51-U080": {"K51-U090": 159.9377051914944}, "K53-U060": {"K53-U070": 70.19005589406558}, "K54-U070": {"K54-D010": 141.97588391760047}, "K53-D030": {"K53-D040": 73.55134505462486}, "K52-nU110": {"K52-nU120": 159.72518460202593}, "K53-U080": {"K53-U090": 126.12425671856204}, "K51A-U090": {"K51A-U100": 155.10337586065089}, "K51A-U240": {"K51A-U250": 72.17717397175755}, "K52A-D090": {"K52A-D100": 51.271157160301826}, "K51A-U220": {"K51A-U230": 80.42030084799084}, "K51-D010": {"K51-D020": 92.3306433431429}, "K53-U110": {"K53-U120": 91.18707678857913}, "K53-U070": {"K53-U080": 47.246055540511925}, "K52-nD030": {"K52-nD040": 36.21689057461646}, "K53-U040": {"K53-U050": 131.5531123457931}, "K51A-D230": {"K51A-D240": 155.5107664822188}, "K52-nU190": {"K52-nU200": 125.48326764209696}, "K51-U100": {"K51-U110": 218.30493798862318}, "K52-nU300": {"K52-nU310": 44.21391592328773}, "K52-nU170": {"K52-nU180": 128.72972488919402}, "K52A-U070": {"K52A-U080": 80.62286364686311}, "K53-U090": {"K53-U100": 115.28809091120362}, "K52A-U060": {"K52A-U070": 154.05687242233776}, "K51-D240": {"K51-D250": 139.14259605862003}, "K52A-U140": {"K52A-U150": 164.02286385695123}, "K52A-U120": {"K52A-U130": 65.18506420749561}, "K52-nD280": {"K52-nD290": 91.46954145458469}, "K52-nD220": {"K52-nD230": 142.77253624708126}, "K51-U190": {"K51-U200": 75.27973677980745}, "K54-U030": {"K54-U040": 126.21544937253529}, "K53-D110": {"K53-D120": 185.50929869358964}, "K53-U120": {"K53-U130": 64.59315225822658}, "K52A-U040": {"K52A-U050": 139.48693016359616}, "K51A-U230": {"K51A-U240": 38.341252442547315}, "K53-D070": {"K53-D080": 46.084807992960805}, "K52-nD050": {"K52-nD060": 38.64050026091695}, "K52-nD120": {"K52-nD130": 43.61410899311768}, "K51-D280": {"K51-D290": 66.21353336520788}, "K51-U220": {"K51-U230": 72.13364857929264}, "K52-nD250": {"K52-nD260": 184.310121811117}, "K52-nU120": {"K52-nU140": 117.12170198097306}, "K51A-U160": {"K51A-U170": 84.19234124331736}, "K52-nU090": {"K52-nU100": 116.49818632348806}, "K52-nD240": {"K52-nD250": 146.94162197170004}, "K53-D040": {"K53-D050": 76.00178477259601}, "K52A-D070": {"K52A-D080": 103.42878697209672}, "K52-nD170": {"K52-nD180": 109.88425354012801}, "K52A-D100": {"K52A-D110": 59.7982982233667}, "K52-nU260": {"K52-nU270": 57.002771938900004}, "K52-nU060": {"K52-nU070": 186.7907526841174}, "K52A-D040": {"K52A-D050": 18.699111043911206}, "K51-U040": {"K51-U050": 121.56744624148371}, "K54-D050": {"K54-D060": 92.19960402011554}, "K52-nU230": {"K52-nU240": 90.65893210114284}, "K52-nD130": {"K52-nD140": 86.44869416882291}, "K51-D130": {"K51-D140": 54.34305522319278}, "K52-nD060": {"K52-nD070": 129.97361492691732}, "K52-nU210": {"K52-nU220": 78.12580773486039}, "K54-U060": {"K54-U070": 200.75394081697402}, "K52-nD190": {"K52-nD200": 142.74435251450342}, "K52A-D110": {"K52A-D120": 144.1645528622891}, "K51-D260": {"K51-D270": 56.57349073287084}, "K53-D140": {"K53-D150": 166.82411222531204}, "K52A-D130": {"K52A-D140": 83.48914560037697}, "K52-nU030": {"K52-nU040": 133.08179126183398}, "K51-D140": {"K51-D150": 83.63204562437134}, "K51A-U060": {"K51A-U070": 281.52619974859624}, "K52A-D010": {"K52A-D020": 369.65600249448096}, "K51-U060": {"K51-U070": 285.705898616659}, "K52A-D020": {"K52A-D030": 30.612440127100104}, "K51-D200": {"K51-D210": 129.23258638658754}, "K53-D160": {"K53-D170": 202.73081637629792, "K53-U011": 201.19159105357568}, "K53-U100": {"K53-U110": 70.1642351657317}, "K51A-U040": {"K51A-U050": 122.19939549623591}, "K52-nU220": {"K52-nU230": 98.65102914686359}, "K53-U010": {"K53-U020": 265.32625188175183, "K53-D180": 524.4388931953913}, "K51-D090": {"K51-D100": 94.22336899747408}, "K51-D270": {"K51-D280": 97.15807640859934}, "K53-U130": {"K53-U140": 58.020493940104885}, "K51A-D070": {"K51A-D080": 96.57350919263214}, "K51A-D010": {"K51A-D020": 50.294839655399365}, "K53-D130": {"K53-D140": 93.31732025630711}, "K53-D170": {"K53-D180": 324.30062984}, "K51A-U110": {"K51A-U120": 138.92640994905634}, "K53-U050": {"K53-U060": 145.89198100873134}, "K51-U210": {"K51-U220": 52.59664621793083}, "K52A-D150": {"K52A-D160": 92.13737312523494}, "K54-U020": {"K54-U030": 161.77791988165984}, "K54-D020": {"K54-D030": 204.22568409751054}, "K52-nD210": {"K52-nD220": 208.9211520133308}, "K52A-U160": {"K52A-U170": 24.01816537411412}, "K52A-D170": {"K52A-D180": 129.56037611501785}, "K51A-D210": {"K51A-D220": 79.36854511125765}, "K52A-U110": {"K52A-U120": 56.90204916299457}, "K53-D150": {"K53-D160": 163.39051175228866}, "K51-U030": {"K51-U040": 74.35484122472135}, "K51-U010": {"K51-U020": 30.41954548600001}, "K52A-D050": {"K52A-D060": 32.076489557855496}, "K54-D060": {"K54-D070": 148.46071361561565}, "K53-D010": {"K53-D015": 103.81507859047142}, "K53-U020": {"K53-U030": 153.984665747074, "K53-D160": 759.2125579832889}, "K51A-U100": {"K51A-U110": 219.75124668076919}, "K51-U020": {"K51-U030": 101.18038311129595}, "K51A-D200": {"K51A-D210": 265.50265984831054}, "K53-D100": {"K53-D110": 73.84809907725062}, "K52A-U010": {"K52A-U015": 236.13505174362726}, "K51A-D040": {"K51A-D050": 93.24120206214904}, "K51A-D030": {"K51A-D040": 38.60057243483754}, "K51A-D020": {"K51A-D030": 99.55695257628966}, "K54-D030": {"K54-D040": 75.73434300556434}, "K53-D180": {"K53-D190": 77.07514319030162}, "K52A-U130": {"K52A-U140": 56.245367189203705}, "K52A-U080": {"K52A-U090": 68.8606319233921}, "K51A-U150": {"K51A-U160": 117.27023600213515}, "K51-U130": {"K51-U140": 77.41532841823248}, "K51A-U010": {"K51A-U020": 44.43429580445595}, "K51-D230": {"K51-D240": 81.27091936379048}, "K53-U030": {"K53-U040": 209.40824370754063}, "K52-nD010": {"K52-nD020": 17.734457465867997}, "K52-nD160": {"K52-nD170": 149.0638255300436}, "K51-U090": {"K51-U100": 138.9236678999893}, "K53-D015": {"K53-D020": 48.417288064365}, "K51-U230": {"K51-U240": 48.0603083125079}, "K52-nU040": {"K52-nU050": 77.40008089557762}, "K51-D190": {"K51-D200": 169.76822927318426}, "K52A-U015": {"K52A-U020": 128.27463534940676}, "K51-D070": {"K51-D080": 63.20916395275249}, "K51A-D120": {"K51A-D140": 147.19473434621597}, "K51A-U070": {"K51A-U080": 232.2122740350971}, "K52-nD110": {"K52-nD120": 141.33683386011984}, "K52A-D140": {"K52A-D150": 106.20291693227401}, "K54-D010": {"K54-D020": 130.7191231797206}, "K51-D180": {"K51-D190": 176.70931762592235}, "K51A-D240": {"K51A-D250": 57.709246175043425}, "K52-nD070": {"K52-nD080": 115.15925915611938}, "K51-D170": {"K51-D180": 99.7286876028}, "K52A-U020": {"K52A-U030": 89.15302927044327}, "K51-D210": {"K51-D220": 184.5107466929262}, "K53-D050": {"K53-D060": 90.07404990379027}, "K52-nU100": {"K52-nU110": 163.04334920321156}, "K51A-U190": {"K51A-U200": 69.35407747898472}, "K52-nU010": {"K52-nU020": 41.607700958538}, "K52-nD020": {"K52-nD030": 35.067879080683255}, "K52A-D160": {"K52A-D170": 134.83926563655967}, "K51A-D100": {"K51A-D110": 48.218713932951324}, "K51A-D170": {"K51A-D180": 156.88589028666723}, "K52A-D060": {"K52A-D070": 131.95637068172272}, "K54-U010": {"K54-U020": 63.22983194070885}, "K51-U120": {"K51-U130": 153.61436683967221}, "K51A-D140": {"K51A-D150": 74.06573514534702}, "K52-nU180": {"K52-nU190": 70.28579475999796}, "K54-D040": {"K54-D050": 164.86296888343327}, "K52A-U150": {"K52A-U160": 37.89736493768921}, "K51-U110": {"K51-U120": 141.84501826362828},