{"K65-U040": {"K65-U050": 90.9469357620083}, "K68-D130": {"K68-D140": 63.50732159832997}, "K65-D120": {"K65-D130": 71.20092448624327}, "K66-D030": {"K66-D040": 81.71511779170184}, "K66-U210": {"K66-U220": 52.721739398349634}, "K66-U090": {"K66-U100": 47.63012349963678}, "K66-U160": {"K66-U170": 45.650558104463904}, "K66-U200": {"K66-U210": 50.77945313494912}, "K68-D010": {"K68-D020": 74.45110646530242}, "K65-U050": {"K65-U060": 106.08225642765956}, "K65-U080": {"K65-U090": 156.01294818646002}, "K68-D070": {"K68-D080": 213.18877456271997}, "K65-U200": {"K65-U210": 70.04817949536215}, "K66-U170": {"K66-U180": 33.56870212893874}, "K66-U070": {"K66-U080": 220.65513499933164}, "K65-D090": {"K65-D100": 104.98364401611457}, "K66-D040": {"K66-D050": 42.75967934522115}, "K66-U120": {"K66-U130": 56.335278429584015}, "K68-D060": {"K68-D070": 94.36440037545}, "K66-D020": {"K66-D030": 70.9995476115937}, "K66-D200": {"K66-D210": 122.95258411648324}, "K65-D150": {"K65-D160": 100.82068110153153}, "K66-D110": {"K66-D120": 48.5865008079402}, "K68-D030": {"K68-D040": 102.02910814200001}, "K66-U180": {"K66-U190": 65.98136428297235}, "K66-D090": {"K66-D100": 51.33462281862969}, "K68-D160": {"K68-D170": 80.43270497962183}, "K65-U070": {"K65-U080": 67.52148634395078}, "K65-D060": {"K65-D070": 88.26858472005948}, "K66-D070": {"K66-D080": 52.10593715316094}, "K68-D140": {"K68-D150": 57.53782479309999}, "K66-D220": {"K66-D230": 85.61825374214573}, "K65-D050": {"K65-D060": 64.68521523423134}, "K68-D200": {"K68-U011": 74.79272407464083}, "K65-D110": {"K65-D120": 121.5107066262436}, "K65-D010": {"K65-D020": 48.41325000970001}, "K66-D150": {"K66-D160": 98.46432745670663}, "K68-D050": {"K68-D060": 69.76607231}, "K65-U100": {"K65-U110": 155.77003604168925}, "K66-D230": {"K66-D240": 91.16297102464992}, "K66-U190": {"K66-U200": 69.938674713}, "K65-D160": {"K65-D170": 150.0628434702619}, "K66-U040": {"K66-U050": 131.26294457836403}, "K66-U060": {"K66-U070": 180.953546470127}, "K68-U080": {"K68-U090": 50.81508416304682}, "K65-D170": {"K65-D180": 102.0165794328979}, "K65-D140": {"K65-D150": 104.52327674054914}, "K65-D100": {"K65-D110": 208.0189346044267}, "K66-U010": {"K66-U020": 139.9821195172636}, "K65-U180": {"K65-U190": 82.95711018154908}, "K68-D020": {"K68-D030": 78.02962922707897}, "K66-U080": {"K66-U090": 175.77729440969867}, "K65-D130": {"K65-D140": 94.83646927491628}, "K66-D100": {"K66-D110": 50.62526450601996}, "K68-D170": {"K68-D180": 58.05574345430828}, "K65-U060": {"K65-U070": 32.802201184426025}, "K65-U030": {"K65-U040": 112.23087626497747}, "K68-U020": {"K68-U030": 44.3415667603}, "K66-D210": {"K66-D220": 154.7620287377525}, "K66-U020": {"K66-U030": 186.719880763537}, "K65-U190": {"K65-U200": 37.180553936}, "K65-D070": {"K65-D080": 122.42017381300943}, "K65-U220": {"K65-U230": 94.69065189705907}, "K66-U050": {"K66-U060": 45.232020751114426}, "K65-U210": {"K65-U220": 77.80719630322797}, "K68-D110": {"K68-D120": 94.6388027785917}, "K66-D010": {"K66-D020": 13.821600422493855}, "K65-D180": {"K65-D190": 116.78190701998642}, "K66-D120": {"K66-D130": 74.2109960882008}, "K65-U130": {"K65-U140": 64.88319378893253}, "K65-U160": {"K65-U170": 54.22944947721967}, "K65-D040": {"K65-D050": 74.29465240561441}, "K68-U170": {"K68-D010": 147.56748546409784}, "K68-U150": {"K68-U160": 76.23559795251857}, "K65-U020": {"K65-U030": 149.08780334721658}, "K68-U160": {"K68-U170": 64.24260478843485}, "K68-U110": {"K68-U120": 192.81024664030002, "K68-D090": 746.46}, "K68-D100": {"K68-D110": 87.97694835971873}, "K68-D080": {"K68-D090": 104.71983770472613}, "K66-D050": {"K66-D060": 52.64867250336251}, "K68-U130": {"K68-U140": 156.85920176731787}, "K66-U140": {"K66-U150": 45.82485942069783}, "K65-U110": {"K65-U120": 116.9883483992038}, "K68-U060": {"K68-U070": 72.15567055246001}, "K66-D060": {"K66-D070": 48.666338126587796}, "K65-D080": {"K65-D090": 63.13852078132673}, "K65-D030": {"K65-D040": 67.29106485674163}, "K66-U110": {"K66-U120": 46.99147890112114}, "K68-U090": {"K68-U100": 145.584103543997}, "K66-U130": {"K66-U140": 54.29627401892655}, "K66-U100": {"K66-U110": 73.56746068731401}, "K66-D190": {"K66-D200": 83.16322684185747}, "K68-U070": {"K68-U080": 38.76867723140017}, "K66-D160": {"K66-D170": 142.4653707486084}, "K66-D130": {"K66-D140": 40.701885945943005}, "K68-D150": {"K68-D160": 78.61796937442759}, "K68-U120": {"K68-U130": 163.69934099000005}, "K68-U040": {"K68-U050": 48.7481020263761}, "K65-D020": {"K65-D030": 80.84630146386064}, "K66-U030": {"K66-U040": 162.30421272952165}, "K65-U010": {"K65-U020": 312.0095181870421}, "K68-U030": {"K68-U040": 29.548290014324824}, "K66-D170": {"K66-D180": 213.65129503526606}, "K68-D090": {"K68-D100": 158.5551263174204}, "K68-D180": {"K68-D190": 37.90960867501453}, "K65-U140": {"K65-U150": 103.22495398449833}, "K66-D180": {"K66-D190": 85.12961367706657}, "K65-U120": {"K65-U130": 153.39173690405772}, "K68-U100": {"K68-U110": 184.90075048323692}, "K68-U010": {"K68-U020": 93.94111245473002}, "K68-U050": {"K68-U060": 56.327644658347104}, "K66-D080": {"K66-D090": 67.35984495214339}, "K65-U150": {"K65-U160": 60.67586980468218}, "K65-U090": {"K65-U100": 56.369734333292286}, "K66-D140": {"K66-D150": 90.87416157648809}, "K66-U150": {"K66-U160": 60.82143972566589}, "K65-U170": {"K65-U180": 57.685728959359224}, "K68-D190": {"K68-D200": 56.82407330945584}, "K68-U140": {"K68-U150": 44.8566494156}, "K68-D120": {"K68-D130": 203.33161747241166}, "K68-D040": {"K68-D050": 92.11890128521195}, "K65A-D100": {"K65A-D110": 150.0}, "K65A-D040": {"K65A-D050": 61.0}}