{"KAT": {"DIH": 135.522429825124, "SUW": 90.96422006163257}}