{"KOT": {"MKK": 145.3252422868913, "LOF": 129.09146099999998, "TAW": 262.3033068271363, "SKM": 130.29526374621003}, "KOW": {"OLY": 126.6472263714677, "HOK": 177.74210015133423, "TSY": 516.9272940626709}, "KOB": {"CHH": 182.2967985557473, "NTK": 120.26094599846067}}