{"KSR": {"YUL": 236.56310831350015, "TWW": 644.663628999445}}