{"KWH": {"KWF": 123.43457873466426, "TWH": 158.52183423653122}, "KWT": {"NTK": 125.71576730285112, "LAT": 124.69857452867464}, "KWF": {"LAK": 184.7078991089226, "KWH": 131.6367436254594}}