{"LAK": {"TSY": 197.9325999895554, "KWF": 119.88627091386002, "NAC": 284.75880520692954, "MEF": 140.28304096044155}, "LAT": {"KWT": 130.3551898575948, "YAT": 126.57227616791165}}