{"LCK": {"CSW": 129.33857406295863, "MEF": 129.55563932407742}}