{"MEF": {"LCK": 134.48199926671762, "TWW": 330.98170277850363, "NAC": 180.45045883179415, "LAK": 142.2228643737074}}