{"MKK": {"HUH": 198.65649500285795, "KOT": 128.74678737595553}}