{"MOS": {"HEO": 136.692304752746, "WKS": 165.43549985663955}, "MOK": {"PRE": 119.61016458422807, "YMT": 126.46541814818045}}