{"OCP": {"ADM": 287.6319580961014, "WCH": 131.89275013445058}}