{"QUB": {"YAT": 261.50205378957224, "NOP": 119.63809618180866, "TAK": 130.16128731632278}}