{"SIH": {"TIS": 378.1054506345764, "TUM": 154.44793678310293}}