{"SKW": {"HFC": 148.8785970578797, "SWH": 113.425228407}, "SKM": {"KOT": 157.3463049531, "PRE": 118.17979001733333}}