{"SUN": {"DIS": 198.58233387484285, "TUC": 823.8868848281829, "TSY": 387.34074225741074}, "SUW": {"TKW": 144.15083338766414, "KAT": 129.03460358030287}}