{"SYP": {"HKU": 99.22325491159853, "SHW": 152.26639064905615}}