{"TIK": {"YAT": 135.44904664477042, "TKO": 231.05181289206638}, "TIS": {"SIH": 355.6295148894079, "LOP": 178.50538508448437}, "TIH": {"CAB": 135.8551619910366, "FOH": 114.3337247726}}