{"TKO": {"TIK": 229.59097777772718, "HAH": 192.6598225508379, "LHP": 132.24661850137676}, "TKW": {"SUW": 129.49994728686232, "HOM": 130.0971554400097}}