{"TUC": {"SUN": 830.2556324232233}, "TUM": {"SIH": 149.6830445143707}}