{"UNI": {"FOT": 189.0495363178405, "TAP": 372.0150512546574}}