{"YUL": {"KSR": 244.20855349735152, "LOP": 129.93787586292004}}