{"AIR": {"TSY": 1505.9878908175758, "AWE": 119.96364408491532}}