{"AUS": {"NAC": 206.56250046765618, "ETS": 145.87989953999997}}