{"CHW": {"HFC": 91.91742474494217}, "CHH": {"DIH": 87.46965720304891, "KOB": 115.17743023844648}}