{"CKT": {"TAW": 114.96003857835338, "STW": 125.582224785589}}