{"CSW": {"LCK": 123.93012868037377, "SSP": 126.5958335517}}