{"DIH": {"HIK": 304.9922385311942, "KAT": 164.86621547940473, "CHH": 113.24000109560953, "WTS": 121.7043205235356}, "DIS": {"SUN": 198.58233387484285}}