{"FOH": {"TIH": 118.92886627151884, "NOP": 126.92423690815068}, "FOT": {"SHT": 172.13709377100508, "UNI": 180.9652862299704}}