{"HAH": {"TKO": 149.81596595061893, "POA": 124.31465492333055}}