{"HFC": {"SKW": 157.44522674270962, "CHW": 122.73927940011211}}