{"HKU": {"SYP": 133.31011342494, "KET": 93.47352037307556}}