{"HOK": {"KOW": 180.16260409860578}, "HOM": {"YMT": 125.30861055491278, "TKW": 133.2243449707447, "HUH": 145.684073134313, "WHA": 79.11068485711382}}