{"HUH": {"ETS": 162.497836286471, "EXC": 184.38910677104064, "MKK": 201.06467067492173, "HOM": 133.14631773158038}}