{"JOR": {"YMT": 111.54369475110374, "TST": 121.01499082087864}}