{"K51A-U240": {"K51A-U250": 70.52964798360799}, "K51-D190": {"K51-D200": 162.82623520607308}, "K52A-U100": {"K52A-U110": 66.38931279533298}, "K53-D150": {"K53-D160": 160.56849345672416}, "K51A-D240": {"K51A-D250": 61.92616136938001}, "K51-U150": {"K51-U160": 91.15984093454065}, "K53-U020": {"K53-U030": 179.92390440423725, "K53-D160": 1026.9168569275116}, "K52-nU090": {"K52-nU100": 124.28896108727547}, "K58-D090": {"K58-D100": 129.28652}, "K53-U080": {"K53-U090": 85.40758814613204}, "K52-nU270": {"K52-nU280": 166.81416712922416}, "K53-D100": {"K53-D110": 76.41486724966123}, "K58-U070": {"K58-U080": 139.78559782000005}, "K51-U110": {"K51-U120": 147.85445783532379}, "K52-nD050": {"K52-nD060": 37.9341993431704}, "K52-nU150": {"K52-nU160": 95.28919487119288}, "K51A-U080": {"K51A-U090": 190.73764018791223}, "K52A-U015": {"K52A-U020": 142.7625227186883}, "K51-U020": {"K51-U030": 112.0804516920684}, "K51-U200": {"K51-U210": 92.09095222038448}, "K58-U023": {"K58-U026": 67.873114947}, "K52A-U080": {"K52A-U090": 68.99162848178905}, "K53-U130": {"K53-U140": 51.25751711467235}, "K53-D050": {"K53-D060": 96.78463613206597}, "K51A-U170": {"K51A-U180": 75.92251855755951}, "K51A-D170": {"K51A-D180": 156.926112687029}, "K51A-D040": {"K51A-D050": 106.10186835515583}, "K53-U030": {"K53-U040": 230.36183535409918}, "K53-U050": {"K53-U060": 153.23237597200327}, "K51-D260": {"K51-D270": 56.71851079794468}, "K52-nU250": {"K52-nU260": 65.40640793159511}, "K53-D170": {"K53-D180": 326.47359800000004}, "K53-U110": {"K53-U120": 94.64455558285975}, "K52-nD210": {"K52-nD220": 244.91450403842478}, "K52-nU020": {"K52-nU030": 102.02392441265052}, "K53-D110": {"K53-D120": 193.9057754260138}, "K54-U010": {"K54-U020": 76.66540838703915}, "K58-D070": {"K58-D080": 116.1556}, "K52-nU300": {"K52-nU310": 44.16310263467351}, "K52-nU190": {"K52-nU200": 143.54137470213337}, "K58-U050": {"K58-U060": 52.8143}, "K51A-U020": {"K51A-U030": 113.17034424111868}, "K51-U070": {"K51-U080": 239.79193691497275}, "K58-D030": {"K58-D040": 69.34723399999999}, "K58-D130": {"K58-D140": 119.34976383000003}, "K54-D020": {"K54-D030": 220.72970661555163}, "K52-nD100": {"K52-nD110": 67.79141091338514}, "K51A-D050": {"K51A-D060": 80.25378129522929}, "K52A-U020": {"K52A-U030": 91.56238826894419}, "K53-D090": {"K53-D100": 48.81676519855734}, "K52-nU170": {"K52-nU180": 130.99541395797254}, "K51A-D060": {"K51A-D070": 85.41260567673109}, "K54-D030": {"K54-D040": 81.21297169577701}, "K51A-D010": {"K51A-D020": 52.09289320836642}, "K52A-D100": {"K52A-D110": 61.21223530581982}, "K52-nD040": {"K52-nD050": 28.64067613315923}, "K53-U120": {"K53-U130": 72.07764499480393}, "K52A-D160": {"K52A-D170": 148.39470582789107}, "K52-nU230": {"K52-nU240": 77.50942706900693}, "K52A-U050": {"K52A-U060": 54.17859960211938}, "K52A-U150": {"K52A-U160": 40.21008340883124}, "K53-D030": {"K53-D040": 80.05708651204694}, "K52-nU030": {"K52-nU040": 141.781217480579}, "K52-nU210": {"K52-nU220": 73.43482086655608}, "K51A-U140": {"K51A-U150": 57.78551550791519}, "K52A-U030": {"K52A-U040": 44.687451685697354}, "K53-U010": {"K53-U020": 261.87710272355764, "K53-D180": 1673.0180167452877}, "K58-U200": {"K58-U210": 82.72352000000002}, "K53-D040": {"K53-D050": 82.89432573576775}, "K51A-U230": {"K51A-U240": 40.3732589679834}, "K58-U020": {"K58-U023": 94.170032}, "K54-U020": {"K54-U030": 151.02891533656978}, "K53-U070": {"K53-U080": 58.588464827955306}, "K52-nD060": {"K52-nD070": 130.66831492691733}, "K51-U100": {"K51-U110": 225.65477360762216}, "K51-U120": {"K51-U130": 156.36543154777854}, "K52-nD110": {"K52-nD120": 159.79145958499387}, "K53-D010": {"K53-D015": 105.28626418233705}, "K53-U140": {"K53-D010": 86.77106039835537}, "K51A-U050": {"K51A-U060": 276.3852025192947}, "K51-D140": {"K51-D150": 87.97804485404201}, "K54-D060": {"K54-D070": 153.5198563590207}, "K54-D050": {"K54-D060": 100.03634425158556}, "K51A-U110": {"K51A-U120": 145.63612300818448}, "K52-nD170": {"K52-nD180": 106.9910075640616}, "K52-nU120": {"K52-nU140": 132.88460680858032}, "K53-D015": {"K53-D020": 52.390378693731805}, "K54-U070": {"K54-D010": 196.22739354194087}, "K51A-D080": {"K51A-D090": 166.91498464808902}, "K53-D060": {"K53-D070": 165.31188736260918}, "K53-D140": {"K53-D150": 172.03348421519058}, "K52A-D020": {"K52A-D030": 27.744623829883114}, "K58-D020": {"K58-D030": 103.80700000000002}, "K58-D150": {"K58-D160": 63.038800000000016}, "K58-U120": {"K58-U130": 129.72619000000003}, "K52A-D150": {"K52A-D160": 94.7932476624048}, "K53-U090": {"K53-U100": 120.86100624053572}, "K52A-D040": {"K52A-D050": 16.324538134656745}, "K52A-D060": {"K52A-D070": 139.33681524816868}, "K51-D050": {"K51-D060": 52.15406982921145}, "K58-U180": {"K58-U190": 76.802}, "K51-D070": {"K51-D080": 63.21718105048025}, "K52-nU200": {"K52-nU210": 78.91500864469705}, "K52A-D130": {"K52A-D140": 78.9615118819986}, "K58-U026": {"K58-U030": 118.30275600000002}, "K51A-D180": {"K51A-D190": 130.59825983998604}, "K51-D060": {"K51-D070": 59.505186086017076}, "K51-D180": {"K51-D190": 184.84366247998227}, "K51-U190": {"K51-U200": 78.57288077605214}, "K51A-D210": {"K51A-D220": 81.51406629851601}, "K58-U170": {"K58-U180": 172.59}, "K52-nU160": {"K52-nU170": 39.363310823673956}, "K54-U060": {"K54-U070": 229.92006551178275}, "K51-U040": {"K51-U050": 120.10317626423762}, "K52A-D090": {"K52A-D100": 59.37453907354851}, "K52-nD020": {"K52-nD030": 19.396367116457494}, "K58-U060": {"K58-U070": 139.19510000000002}, "K58-D193": {"K58-D196": 62.370000000000005}, "K52-nU140": {"K52-nU150": 216.7828001269507}, "K58-U010": {"K58-U020": 1241.5270999999998}, "K52A-D030": {"K52A-D040": 22.128952807791634}, "K51A-U190": {"K51A-U200": 76.7920506420043}, "K53-D070": {"K53-D080": 45.25080967044723}, "K52-nU060": {"K52-nU070": 188.54853215272}, "K58-D100": {"K58-D110": 143.9895612716}, "K52-nD240": {"K52-nD250": 160.0037860265266}, "K58-D040": {"K58-D050": 109.9428}, "K51-D030": {"K51-D040": 43.14814921322487}, "K53-U100": {"K53-U110": 74.05845938690807}, "K58-U150": {"K58-U160": 226.64048000000003}, "K53-U060": {"K53-U070": 64.53174307669136}, "K58-D140": {"K58-D150": 30.250000000000007}, "K51A-D120": {"K51A-D140": 146.43811619202702}, "K52-nD010": {"K52-nD020": 18.051065338400356}, "K51A-D200": {"K51A-D210": 278.3778309033533}, "K51-D080": {"K51-D090": 112.53200398876079}, "K51-U130": {"K51-U140": 75.11997815245648}, "K52-nD190": {"K52-nD200": 174.74772053056435}, "K52A-U110": {"K52A-U120": 53.328006791550045}, "K51A-U160": {"K51A-U170": 85.42944210670191}, "K51A-U180": {"K51A-U190": 99.07096063464937}, "K54-D040": {"K54-D050": 165.08069777923626}, "K52A-D180": {"K52A-D190": 114.5018724366815}, "K52A-U070": {"K52A-U080": 77.1882117544753}, "K51-U160": {"K51-U170": 120.97710482323343}, "K52A-U170": {"K52A-U180": 353.9451864016686}, "K51A-U150": {"K51A-U160": 116.968839191483}, "K52-nD180": {"K52-nD190": 138.1367235990263}, "K51-D210": {"K51-D220": 224.6607106737991}, "K52-nU040": {"K52-nU050": 81.83695223661786}, "K58-U030": {"K58-U040": 311.30000000000007}, "K52A-U160": {"K52A-U170": 31.389125283724564}, "K51A-U070": {"K51A-U080": 232.20192042354907}, "K52A-U140": {"K52A-U150": 170.12435611127307}, "K51A-U120": {"K51A-U130": 162.31733326066302}, "K58-U160": {"K58-U170": 121.22}, "K52-nD120": {"K52-nD130": 167.96746487836236}, "K52A-U090": {"K52A-U100": 90.04006139919296}, "K51-D020": {"K51-D030": 63.14224377685379}, "K51A-D230": {"K51A-D240": 137.21871742528865}, "K52A-U040": {"K52A-U050": 128.16453993718716}, "K53-U040": {"K53-U050": 138.82860453087102}, "K53-D130": {"K53-D140": 110.66829813132418}, "K52A-D010": {"K52A-D020": 334.63707039540856}, "K53-D180": {"K53-D190": 87.50319599886011}, "K51A-D110": {"K51A-D120": 52.507897332748215}, "K58-D196": {"K58-D200": 66.26873}, "K53-D080": {"K53-D090": 46.249054835448796}, "K51-U170": {"K51-U180": 82.64467351734001}, "K53-D160": {"K53-D170": 597.7063201623403, "K53-U011": 195.83734729806295}, "K51A-U090": {"K51A-U100": 161.53382245049676}, "K52-nU180": {"K52-nU190": 72.38373354586},