{"K66-U130": {"K66-U140": 59.982613912187844}, "K66-U090": {"K66-U100": 51.77101107297595}, "K65-D120": {"K65-D130": 70.08418268349138}, "K66-D070": {"K66-D080": 50.27830613325837}, "K65-U140": {"K65-U150": 96.2603317465066}, "K66-D210": {"K66-D220": 145.19975397378823}, "K65A-D050": {"K65A-D060": 53.8483493486947}, "K68-D180": {"K68-D190": 32.38602985075916}, "K66-U080": {"K66-U090": 180.58687206751574}, "K68-D170": {"K68-D180": 43.62167731432275}, "K65-D090": {"K65-D100": 114.13575153987271}, "K66-D090": {"K66-D100": 41.26893590041358}, "K68-U040": {"K68-U050": 51.86745616442768}, "K65-U040": {"K65-U050": 95.45338178417884}, "K65-D110": {"K65-D120": 118.19329912670204}, "K65A-U060": {"K65A-U070": 53.26625656481764}, "K66-D230": {"K66-D240": 92.109353227885}, "K68-U080": {"K68-U090": 44.05030818}, "K65-U190": {"K65-U200": 47.71922397858321}, "K68-D110": {"K68-D120": 89.79212303701613}, "K65-U050": {"K65-U060": 108.85305872900531}, "K66-U110": {"K66-U120": 35.80631473408674}, "K65A-U030": {"K65A-U040": 29.445120553352943}, "K65-D030": {"K65-D040": 63.0036836902472}, "K66-D130": {"K66-D140": 40.59739152759899}, "K65A-D030": {"K65A-D040": 58.75540745496157}, "K68-U090": {"K68-U100": 154.775600193632}, "K65-D070": {"K65-D080": 119.87293213107573}, "K65-D100": {"K65-D110": 211.93236853904506}, "K65-U090": {"K65-U100": 56.738273002958216}, "K65-D150": {"K65-D160": 96.6398607936963}, "K65A-D100": {"K65A-D110": 234.15028749001962}, "K65-D160": {"K65-D170": 163.5387846450158}, "K65A-D070": {"K65A-D080": 111.93507884617982}, "K68-U010": {"K68-U020": 94.47344470601753}, "K65-D130": {"K65-D140": 108.73439581708388}, "K65A-U040": {"K65A-U050": 87.49738014930404}, "K66-U180": {"K66-U190": 62.44920030495704}, "K65A-D080": {"K65A-D090": 88.36298193427601}, "K68-U020": {"K68-U030": 50.46112592932171}, "K66-D060": {"K66-D070": 42.91937821969049}, "K65-U180": {"K65-U190": 76.85562871985}, "K65A-D090": {"K65A-D100": 103.54749679851246}, "K68-U110": {"K68-U120": 207.42920678275067, "K68-D090": 233.09}, "K65A-U100": {"K65A-U110": 48.89628593075609}, "K65A-D060": {"K65A-D070": 79.83769152224747}, "K66-D110": {"K66-D120": 45.83996617856684}, "K68-U140": {"K68-U150": 123.84051461036643}, "K68-D150": {"K68-D160": 63.97177687824914}, "K65-D060": {"K65-D070": 84.50524579118033}, "K66-D160": {"K66-D170": 164.02923050298097}, "K65A-U070": {"K65A-U080": 46.3615745319727}, "K66-U040": {"K66-U050": 138.65871401916607}, "K66-D050": {"K66-D060": 43.581971591613055}, "K65-U030": {"K65-U040": 111.29344437005375}, "K65A-U110": {"K65A-U120": 82.0752810833112}, "K65A-D040": {"K65A-D050": 60.93944220086682}, "K65A-U090": {"K65A-U100": 42.25107652892122}, "K65A-U050": {"K65A-U060": 49.927082611769784}, "K66-D040": {"K66-D050": 41.67009685697156}, "K65A-U010": {"K65A-U020": 53.94396302765841}, "K68-D100": {"K68-D110": 83.71919218097248}, "K68-D030": {"K68-D040": 113.8568903}, "K65-D180": {"K65-D190": 134.9220503135795}, "K68-D060": {"K68-D070": 98.74512709831956}, "K68-U060": {"K68-U070": 90.32694979198929}, "K68-U030": {"K68-U040": 34.0201810294906}, "K65A-U080": {"K65A-U090": 65.89003070070041}, "K68-D040": {"K68-D050": 123.23514708999998}, "K66-D080": {"K66-D090": 62.04645537819797}, "K65A-U020": {"K65A-U030": 177.69823046063956}, "K66-U170": {"K66-U180": 34.26218399967423}, "K65A-D020": {"K65A-D030": 69.08161787195561}, "K65-D140": {"K65-D150": 115.00315166426608}, "K66-D190": {"K66-D200": 89.25767509681027}, "K66-U060": {"K66-U070": 241.18042841077286}, "K68-D010": {"K68-D020": 55.92147358936561}, "K68-D070": {"K68-D080": 229.05076433600075}, "K65-D010": {"K65-D020": 39.459294490508206}, "K66-D030": {"K66-D040": 84.14251877680071}, "K65-U200": {"K65-U210": 62.29485979380523}, "K66-U140": {"K66-U150": 45.973963051257314}, "K66-U030": {"K66-U040": 187.02309732233616}, "K66-D200": {"K66-D210": 131.30244751281924}, "K65A-D010": {"K65A-D020": 139.33610000939754}, "K68-U130": {"K68-U140": 177.08614652917498}, "K65A-U120": {"K65A-U130": 83.50334086283632}, "K65-U020": {"K65-U030": 159.69117864475814}, "K66-U190": {"K66-U200": 70.4753275206767}, "K66-D180": {"K66-D190": 80.04082124651929}, "K68-D050": {"K68-D060": 67.23852237382812}, "K65-U100": {"K65-U110": 171.0949313836383}, "K68-D190": {"K68-D200": 62.40097629054495}, "K66-D220": {"K66-D230": 84.26556896166575}, "K66-D100": {"K66-D110": 50.703186783062066}, "K65-U150": {"K65-U160": 57.099684335996244}, "K66-U150": {"K66-U160": 55.56215361955814}, "K65-U130": {"K65-U140": 28.44111397722829}, "K66-U100": {"K66-U110": 71.1118204182208}, "K65-U210": {"K65-U220": 80.27730124762702}, "K68-D080": {"K68-D090": 126.64822878000003}, "K66-U020": {"K66-U030": 194.94337396543716}, "K65-U220": {"K65-U230": 79.4025266227417}, "K68-D140": {"K68-D150": 33.52343967846975}, "K65-U170": {"K65-U180": 58.86333323153726}, "K68-U100": {"K68-U110": 187.05593435451001}, "K65-U080": {"K65-U090": 171.11080524445478}, "K65-D020": {"K65-D030": 79.37288640908903}, "K66-D170": {"K66-D180": 250.37216644520453}, "K66-U010": {"K66-U020": 131.98328524575106}, "K66-U070": {"K66-U080": 231.01775546451418}, "K66-D120": {"K66-D130": 68.4824211746585}, "K65-D080": {"K65-D090": 61.93429406528524}, "K65-D050": {"K65-D060": 112.86097545181892}, "K68-D090": {"K68-D100": 139.9256573902}, "K65-U110": {"K65-U120": 111.45002785674612}, "K66-U210": {"K66-U220": 55.38952518265707}, "K66-U050": {"K66-U060": 44.6941514697409}, "K68-U150": {"K68-U160": 87.63209445743391}, "K68-D120": {"K68-D130": 176.83654752126404}, "K66-D010": {"K66-D020": 16.679362992319124}, "K66-U120": {"K66-U130": 52.188836568808696}, "K66-D150": {"K66-D160": 107.03004079689654}, "K65-D040": {"K65-D050": 71.67433842829166}, "K68-U170": {"K68-D010": 160.7815283}, "K65-U070": {"K65-U080": 69.77342705487642}, "K65-U060": {"K65-U070": 41.13735329919167}, "K66-U160": {"K66-U170": 91.99638029213006}, "K66-U200": {"K66-U210": 63.62139690665164}, "K65-U160": {"K65-U170": 55.20193653644335}, "K65-U120": {"K65-U130": 166.16971998161003}, "K68-U050": {"K68-U060": 51.993032919339}, "K68-D200": {"K68-U011": 67.77075566946607}, "K68-D020": {"K68-D030": 88.54167348633531}, "K66-D020": {"K66-D030": 74.51624363754995}, "K68-D160": {"K68-D170": 76.42196569023152}, "K68-U160": {"K68-U170": 70.63632061800003}, "K68-U070": {"K68-U080": 39.8191152342}, "K65-U010": {"K65-U020": 365.17747}, "K68-D130": {"K68-D140": 67.2919915789}, "K66-D140": {"K66-D150": 111.42805487538763}, "K65-D170": {"K65-D180": 102.95533983806357}, "K68-U120": {"K68-U130": 173.0933}, "K66A-D110": {"K66A-D120": 41.03}, "K66A-D200": {"K66A-D210": 72.49}, "K66A-D090": {"K66A-D100": 55.00000000000001}, "K66A-D170": {"K66A-D180": 82.94000000000001}, "K66A-D080": {"K66A-D090": 52.800000000000004}, "K66A-D130": {"K66A-D140": 54.67}, "K66A-D040": {"K66A-D050": 39.49}, "K66A-D120": {"K66A-D130": 45.672000000000004}, "K66A-D150": {"K66A-D160": 116.05000000000003}, "K66A-D160": {"K66A-D170": 239.8}, "K66A-D210": {"K66A-D220": 161.70000000000002}, "K66A-D030": {"K66A-D040": 78.10000000000001}, "K66A-D070": {"K66A-D080": 49.50000000000001}, "K66A-D140": {"K66A-D150": 110.00000000000001}, "K66A-D230": {"K66A-D240": 90.86000000000001}}