{"KAT": {"DIH": 110.574251381522, "SUW": 125.56096051370601}}