{"KSR": {"YUL": 235.3451966542451, "TWW": 704.0675350338371}}