{"LAK": {"TSY": 192.32982822332866, "KWF": 101.32284929125751, "NAC": 266.4124463847153, "MEF": 138.15747162202405}, "LAT": {"YAT": 110.993503888333, "KWT": 107.2402153021761}}