{"LCK": {"MEF": 133.5097967083056, "CSW": 129.92303836690934}}