{"MEF": {"LAK": 121.24820575812507, "NAC": 186.8552735461265, "TWW": 336.23031722085227, "LCK": 94.09664689027565}}