{"MKK": {"HUH": 196.82299875246096, "KOT": 177.38149401215796}}