{"NOP": {"QUB": 131.14382002895758, "FOH": 126.40548750488003}}