{"OLY": {"NAC": 128.00040172943372, "KOW": 131.366182108852}}