{"PRE": {"SSP": 123.73856134068296, "SKM": 109.97408706808156, "MOK": 113.90926787357202}}