{"SHS": {"FAN": 145.2367650818765, "LOW": 261.75478957028747, "LMC": 473.22766441673866}, "SHT": {"TAW": 162.04722624666906, "FOT": 144.46564089637027}, "SHW": {"CEN": 112.6449062433068, "SYP": 104.79657127358446}, "SHM": {"TSH": 221.18188310126206, "CIO": 115.69655403037282}}