{"SIH": {"TUM": 154.45979989193663, "TIS": 359.4281536305317}}