{"SKM": {"PRE": 91.32483814742994, "KOT": 102.32690222962428}, "SKW": {"SWH": 108.34879935, "HFC": 149.7505155850411}}