{"SYP": {"SHW": 160.65546495024935, "HKU": 113.46512505254869}}