{"TAK": {"SWH": 119.2124136851526, "QUB": 125.68326260651838}, "TAW": {"HIK": 169.08457819489826, "KOT": 301.47818107107275, "SHT": 127.25132676002389, "CKT": 148.67692624438402}, "TAP": {"UNI": 374.4503866344914, "TWO": 158.38638188081407}}