{"TIK": {"TKO": 212.8092884263232, "YAT": 126.52667685410827}, "TIH": {"FOH": 109.38811857182289, "CAB": 121.93561553079842}, "TIS": {"SIH": 350.3653064407307, "LOP": 180.94205532302584}}