{"TKO": {"LHP": 131.54464854261292, "TIK": 202.25795712561478, "HAH": 193.4111960945931}, "TKW": {"HOM": 129.97399548895999, "SUW": 129.2960076310175}}