{"TUM": {"SIH": 154.8631167458605}, "TUC": {"SUN": 853.1182068160797}}