{"TWH": {"KWH": 77.33367169295438, "TSW": 77.39958562480118}, "TWO": {"FAN": 313.59125368591936, "TAP": 158.2342628374162}, "TWW": {"KSR": 676.4187238887225, "MEF": 299.2435911342669}}