{"YAT": {"TIK": 131.31036322522863, "LAT": 148.70558140778317, "QUB": 254.621356275608}}