{"YMT": {"JOR": 121.95149512469895, "MOK": 117.51307071967422, "HOM": 213.21163703954107}}