{"1": {"6": 305.7239409404885, "2": 117.9323005004425}}