{"5": {"305": 78.04748114151603, "6": 124.49978638295809}}