{"AUS": {"NAC": 215.45223753565583, "ETS": 135.01592851740003}}