{"CIO": {"STW": 151.10630954229956, "SHM": 137.93166660781046}}