{"CSW": {"SSP": 124.20880791799625, "LCK": 122.37085020808452}}