{"FOT": {"SHT": 145.447134844502, "UNI": 178.47053472353414}, "FOH": {"TIH": 129.0616402756101, "NOP": 126.41935650079635}}