{"HAH": {"TKO": 138.0985546398936, "POA": 123.56206190518276}}