{"HFC": {"SKW": 147.25531270776204, "CHW": 1311.3342853339275}}