{"HIK": {"TAW": 176.62383473966005, "DIH": 317.85601586554736}}