{"HOK": {"KOW": 182.62050013532516}, "HOM": {"YMT": 163.86860170838796, "HUH": 139.68575135309135, "TKW": 135.0474501219492, "WHA": 85.97090650703998}}