{"HUH": {"EXC": 193.43531834743632, "MKK": 178.1441244039661, "ETS": 172.3712766534, "HOM": 124.07616145040674}}