{"JOR": {"YMT": 129.55850218467526, "TST": 124.99511530130253}}