{"K74-D020": {"K74-D030": 153.58917959716584}, "K73-D080": {"K73-D090": 256.0404765793342}, "K75P-D060": {"K75P-D070": 180.388916843185}, "K76-D030": {"K76-D040": 40.99033837544473}, "K74-U050": {"K74-U060": 232.1766692990837}, "K73-U110": {"K73-U120": 249.2118030381595}, "K74-U030": {"K74-U040": 289.0455916676981}, "K73-D110": {"K73-D120": 52.52489395034977}, "K76-U030": {"K76-U040": 269.5651779121474}, "K75A-U030": {"K75A-D010": 230.16544177489294}, "K73-U050": {"K73-U060": 115.77253940810837}, "K76-D020": {"K76-D030": 111.68726239752966}, "K75P-U120": {"K75P-U130": 106.91913880501029}, "K73-U060": {"K73-U070": 125.1053284445688}, "K73-U080": {"K73-U110": 314.56066681038254, "K73-U090": 281.20713805192736}, "K74-D060": {"K74-D070": 149.04002533710567}, "K74-D050": {"K74-D060": 87.33204555945694}, "K75A-D010": {"K75A-D020": 208.47416062940565}, "K75P-D020": {"K75P-D030": 59.56117001828526}, "K75P-U130": {"K75P-U140": 39.0021260577569}, "K75A-D070": {"K75A-D080": 51.71770558693377}, "K73-D090": {"K73-D100": 86.29705476513922}, "K76-D010": {"K76-D020": 338.859587019938}, "K75A-D080": {"K75A-D090": 93.71517693665257}, "K73-U040": {"K73-U060": 209.32491358074245, "K73-U050": 104.15649563378922}, "K75P-U060": {"K75P-U070": 25.778373337981616}, "K75P-U090": {"K75P-U100": 33.967639477909735}, "K74-U040": {"K74-U050": 149.48791292526212}, "K76-U020": {"K76-U030": 148.65589438957818}, "K75P-D010": {"K75P-D020": 126.24810189609181}, "K75A-D090": {"K75A-D100": 54.34198149294705}, "K75A-D060": {"K75A-D070": 46.897206876284166}, "K74-D100": {"K74-D110": 83.3113895525839}, "K74-U100": {"K74-D010": 109.53590253053524}, "K75P-U010": {"K75P-U020": 84.49578756321867}, "K75P-U070": {"K75P-U080": 101.26857920936563}, "K73-U020": {"K73-U030": 167.30158166670753}, "K75A-D040": {"K75A-D050": 60.45172456055857}, "K74-U060": {"K74-U070": 153.60460648839938}, "K75P-U110": {"K75P-U120": 100.14092389357745}, "K75A-D110": {"K75A-U011": 230.56394365107099}, "K73-D130": {"K73-D140": 138.09325045499222}, "K74-U007": {"K74-U010": 256.3642245490418}, "K75P-U080": {"K75P-U090": 40.78218190568843}, "K75A-U020": {"K75A-U030": 126.66893649513199}, "K73-D140": {"K73-D150": 205.72443407469814}, "K75P-U020": {"K75P-U030": 109.97804252793333}, "K73-U070": {"K73-U080": 153.96104224490392}, "K73-D010": {"K73-D020": 69.4964705806854}, "K74-U020": {"K74-U030": 123.60553355772939}, "K75P-U050": {"K75P-U060": 127.50969599139515}, "K75A-D030": {"K75A-D040": 57.904457037131394}, "K73-U090": {"K73-U100": 119.26546073558143}, "K74-D030": {"K74-D040": 113.43156887850134}, "K75P-D050": {"K75P-D060": 93.14299943861525}, "K73-D150": {"K73-D160": 41.56267395843131}, "K75P-U100": {"K75P-U110": 67.06733135959124}, "K73-D120": {"K73-D130": 101.43037999158378}, "K76-U010": {"K76-U020": 108.34479635250673}, "K75A-D100": {"K75A-D110": 99.26726117419412}, "K74-U004": {"K74-U007": 99.86365271471104}, "K73-D070": {"K73-D080": 170.33710881995657}, "K75P-D040": {"K75P-D050": 172.65923590764217}, "K74-U090": {"K74-U100": 177.7089527495614}, "K73-U100": {"K73-U110": 247.0419986393972}, "K74-U011": {"K74-D100": 161.2920624728523}, "K74-U080": {"K74-U090": 190.866305841091}, "K75P-D070": {"K75P-D080": 84.1145946274626}, "K75P-U040": {"K75P-U050": 99.60838373958988}, "K75P-U030": {"K75P-U040": 118.41137378265425}, "K73-D030": {"K73-D040": 109.88162638611695}, "K73-D100": {"K73-D110": 196.40486499428008}, "K75A-D020": {"K75A-D030": 102.6327877823114}, "K75A-D050": {"K75A-D060": 95.47376543601229}, "K76-U040": {"K76-U050": 156.18899995214105}, "K74-U070": {"K74-U080": 151.52846985036152}, "K73-U010": {"K73-U020": 70.97350335499101}, "K73-U030": {"K73-U040": 99.22424446292477}, "K74-D070": {"K74-D080": 268.908233794558}, "K75P-D030": {"K75P-D040": 122.12678959472217}, "K74-D080": {"K74-D090": 167.86578529614548}, "K75P-D080": {"K75P-U011": 135.62535644650396}, "K74-U010": {"K74-U020": 170.5749941318624}, "K74-D090": {"K74-U011": 68.6111704517425}, "K75A-U010": {"K75A-U020": 44.52995688460009}, "K74-U001": {"K74-U004": 126.37264298763894}, "K73-D020": {"K73-D030": 62.84024416799993}, "K74-D040": {"K74-D050": 69.36267596608367}, "K74-D010": {"K74-D020": 144.93051693983983}, "K74-D110": {"K74-U002": 165.7063050180965}, "K73-D050": {"K73-D070": 92.75132755280748}, "K73-D040": {"K73-D050": 72.74823154181058}, "K75P-U140": {"K75P-D010": 139.3210228969607}, "K75S-U030": {"K75S-U040": 127.50100000000002}, "K75S-D010": {"K75S-D020": 211.2875644}, "K75S-U010": {"K75S-U020": 51.754999999999995}, "K75S-D020": {"K75S-D030": 207.08270000000002}, "K73-U045": {"K73-U060": 210.20999999999998}, "K75S-U020": {"K75S-U030": 127.76500000000001}, "K75S-D030": {"K75S-U011": 226.60000000000002}, "K75S-U040": {"K75S-D010": 59.07000000000001}, "K76S-U015": {"K76S-U020": 178.86}}