{"KAT": {"SUW": 131.59162907976537, "DIH": 153.96530265632887}}