{"KWH": {"TWH": 147.6838953587916, "KWF": 132.48926359418002}, "KWF": {"LAK": 178.34433380361844, "KWH": 114.5457518739814}, "KWT": {"LAT": 128.9109632314702, "NTK": 129.7320649231551}}