{"LOP": {"TIS": 190.0534819167876, "YUL": 114.56698590475715}, "LOW": {"SHS": 230.3039174370656}, "LOF": {"WTS": 127.23570744198037, "KOT": 136.93752781468828}}