{"MEF": {"TWW": 332.11756197275065, "NAC": 180.75229882000644, "LAK": 132.67921032615644, "LCK": 134.5469116352965}}