{"MKK": {"KOT": 141.86983148802295, "HUH": 188.2765438748979}}