{"NTK": {"KWT": 99.69628744114972, "KOB": 132.24329732434188}}