{"PRE": {"SSP": 137.26053492269767, "MOK": 127.41763534028478, "SKM": 120.91759868737294}}