{"QUB": {"YAT": 263.56317864426944, "NOP": 119.41188306485977, "TAK": 124.81595488105947}}