{"SIH": {"TIS": 374.445972286502, "TUM": 154.45979989193663}}