{"SSP": {"PRE": 129.11608708388272, "CSW": 112.72328198498735}}