{"STW": {"CKT": 131.87470657, "CIO": 167.12203807236898}}