{"SYP": {"SHW": 155.71425834148835, "HKU": 104.59389728687965}}