{"TIK": {"YAT": 134.13105905476667, "TKO": 266.27975863134014}, "TIS": {"SIH": 341.55564045186264, "LOP": 179.93011259612337}, "TIH": {"CAB": 126.37648862525384, "FOH": 112.4663191350292}}