{"TUC": {"SUN": 784.3653124983546}, "TUM": {"SIH": 139.26950560805318}}