{"UNI": {"TAP": 394.83903899889094, "FOT": 189.38535219469767}}