{"WCH": {"LET": 185.7009418603875, "OCP": 118.52795357884997}}