{"YMT": {"MOK": 106.69682527789487, "HOM": 168.13465515778108, "JOR": 128.65706097787944}}