{"5": {"305": 83.78743233726631, "6": 109.04193309641923}}