{"AUS": {"NAC": 216.25511432179778, "ETS": 106.1021129884}}