{"CHW": {"HFC": 88.04101148699496}, "CHH": {"DIH": 80.0053117266585, "KOB": 83.7881780905654}}