{"CSW": {"LCK": 99.79871976410165, "SSP": 87.12471184799458}}