{"DIH": {"HIK": 296.3679561520613, "CHH": 88.32967563747941, "WTS": 84.39357747679546, "KAT": 102.55551850198}, "DIS": {"SUN": 198.58233387484285}}