{"HIK": {"DIH": 314.1777526885202, "TAW": 46.09439999999999}}