{"HKU": {"SYP": 109.55936057077204, "KET": 97.11311787405116}}