{"JOR": {"YMT": 91.81036799130842, "TST": 74.74376122501343}}