{"K17-D020": {"K17-D030": 84.0715578330581}, "K18-U010": {"K18-U020": 217.6228462979544}, "K18-D020": {"K18-D030": 108.04546890898878}, "K12-D030": {"K12-D040": 28.406324941654123}, "K14-D010": {"K14-D020": 309.000435797489}, "K12-U020": {"K12-U030": 212.17625577297758}, "K17-U020": {"K17-U030": 144.0418044722109}, "K18-U020": {"K18-U030": 69.05021733922158}, "K14-D020": {"K14-D030": 44.95808819994671}, "K17-D010": {"K17-D020": 326.8652482603814}, "K12-U010": {"K12-U020": 267.18225324309833}, "K18-D010": {"K18-D020": 268.877070769996}, "K17-U030": {"K17-U040": 86.36519317239319}, "K17-U010": {"K17-U020": 261.64319995353765}, "K12-D010": {"K12-D020": 168.9906046899112}, "K12-D020": {"K12-D030": 396.8009486754081}}