{"K68-U070": {"K68-U080": 23.73525113303515}, "K65-D120": {"K65-D130": 70.32965166600619}, "K66-U050": {"K66-U060": 55.087248819794624}, "K65-D040": {"K65-D050": 70.96012496451698}, "K66-D130": {"K66-D140": 73.1640230818801}, "K65-U130": {"K65-U140": 48.91661500995275}, "K65A-D070": {"K65A-D080": 145.98383905202942}, "K65A-D020": {"K65A-D030": 87.96048141950753}, "K68-D180": {"K68-D190": 49.44458204469778}, "K66-D190": {"K66-D200": 94.10022504942398}, "K66-D090": {"K66-D100": 58.06693804522821}, "K65A-U050": {"K65A-U060": 48.025032193782195}, "K65A-D050": {"K65A-D060": 57.396333598542455}, "K66-U070": {"K66-U080": 165.5834459956023}, "K65-U060": {"K65-U070": 41.1715851028602}, "K66-D180": {"K66-D190": 100.36480816904832}, "K65-U150": {"K65-U160": 52.41810855883364}, "K66-D140": {"K66-D150": 119.85961253981137}, "K68-D140": {"K68-D150": 61.876079232660004}, "K65-D030": {"K65-D040": 78.4374106309623}, "K66-U120": {"K66-U130": 48.300160161250986}, "K66-U170": {"K66-U180": 34.056177766493285}, "K66-U210": {"K66-U220": 58.00606005243675}, "K65A-U030": {"K65A-U040": 47.99036283543312}, "K66-D230": {"K66-D240": 99.55191274180125}, "K66-D050": {"K66-D060": 58.62147899849397}, "K66-D040": {"K66-D050": 56.69404987146813}, "K65A-D030": {"K65A-D040": 79.83151218260868}, "K65-D140": {"K65-D150": 120.18712351922402}, "K65A-U120": {"K65A-U130": 103.41674426852896}, "K65-D090": {"K65-D100": 116.92979921111939}, "K66-D070": {"K66-D080": 61.59476052553475}, "K65A-D080": {"K65A-D090": 77.28380520740049}, "K65-U110": {"K65-U120": 113.96352468836128}, "K65A-U010": {"K65A-U020": 68.6327629579828}, "K65A-D010": {"K65A-D020": 62.71716464870186}, "K68-U130": {"K68-U140": 148.21427820398665}, "K65-D150": {"K65-D160": 124.26357874266625}, "K66-U130": {"K66-U140": 52.667961616939955}, "K66-U040": {"K66-U050": 126.82320154487635}, "K66-D120": {"K66-D130": 61.19611317496343}, "K65A-D090": {"K65A-D100": 129.0283641023124}, "K65A-U060": {"K65A-U070": 49.48230392225949}, "K65-D170": {"K65-D180": 100.29395353677177}, "K66-D110": {"K66-D120": 49.14062971942245}, "K66-U150": {"K66-U160": 48.99957451796161}, "K65-D020": {"K65-D030": 82.89110276532683}, "K66-U100": {"K66-U110": 95.74417414052657}, "K65A-U110": {"K65A-U120": 83.45972526302316}, "K68-D160": {"K68-D170": 82.02380764097572}, "K66-D020": {"K66-D030": 68.43458818064694}, "K65A-U070": {"K65A-U080": 53.52014498107773}, "K65A-U040": {"K65A-U050": 110.86955257010985}, "K68-D090": {"K68-D100": 205.84666978173624}, "K66-D160": {"K66-D170": 137.66577878328008}, "K68-U050": {"K68-U060": 41.73191021079241}, "K65A-D040": {"K65A-D050": 66.88677879478257}, "K68-D200": {"K68-U011": 80.31184420254989}, "K68-D010": {"K68-D020": 41.65158670356923}, "K66-U090": {"K66-U100": 55.90864585697493}, "K65-D100": {"K65-D110": 247.0260702927065}, "K65-U050": {"K65-U060": 114.7997567474672}, "K66-U140": {"K66-U150": 52.03943097666254}, "K65-U040": {"K65-U050": 81.05042856190866}, "K65-U080": {"K65-U090": 214.4903831056031}, "K65-D080": {"K65-D090": 73.26003372061311}, "K68-D190": {"K68-D200": 62.65957647996201}, "K66-U030": {"K66-U040": 207.1038077031895}, "K66-D060": {"K66-D070": 52.230236577706606}, "K65-D110": {"K65-D120": 130.49080280217822}, "K66-U180": {"K66-U190": 57.402068487108046}, "K68-D070": {"K68-D080": 208.40533674607906}, "K66-U080": {"K66-U090": 175.807555727108}, "K66-U110": {"K66-U120": 37.591273722053145}, "K65-D070": {"K65-D080": 133.95800993956715}, "K65-U100": {"K65-U110": 167.91240989680043}, "K66-D200": {"K66-D210": 137.2694233650896}, "K65-U190": {"K65-U200": 65.09430423157804}, "K66-U060": {"K66-U070": 166.3718297536119}, "K65-U140": {"K65-U150": 108.40616457659655}, "K68-D130": {"K68-D140": 52.74073638072012}, "K66-D210": {"K66-D220": 174.90954955718138}, "K68-U100": {"K68-U110": 210.00415539813397}, "K65-U030": {"K65-U040": 93.82814991077387}, "K65-U160": {"K65-U170": 51.15785208346167}, "K65-U200": {"K65-U210": 83.29154885861179}, "K66-U160": {"K66-U170": 44.72813796295357}, "K65-D010": {"K65-D020": 63.71232719521278}, "K65-U210": {"K65-U220": 81.89950268681163}, "K66-D220": {"K66-D230": 83.92790703729504}, "K66-D010": {"K66-D020": 14.301631072559465}, "K65-U070": {"K65-U080": 68.76289398643937}, "K66-D100": {"K66-D110": 54.38217607864126}, "K66-U020": {"K66-U030": 231.0695941091758}, "K68-U110": {"K68-U120": 231.77021974299993, "K68-D090": 151.7076}, "K65A-U100": {"K65A-U110": 95.97799726245145}, "K65A-U090": {"K65A-U100": 76.7063271563221}, "K68-U140": {"K68-U150": 62.228652051372}, "K65-U090": {"K65-U100": 50.72252787148606}, "K68-U010": {"K68-U020": 93.28150511873949}, "K65-U180": {"K65-U190": 78.93390214170229}, "K65A-U080": {"K65A-U090": 73.79959989906926}, "K66-U200": {"K66-U210": 51.08088956597502}, "K66-D150": {"K66-D160": 125.534532777205}, "K68-U030": {"K68-U040": 34.567498825650276}, "K65-U120": {"K65-U130": 211.78877242175741}, "K68-U170": {"K68-D010": 215.4336907668895}, "K68-D170": {"K68-D180": 75.75938610665311}, "K66-D080": {"K66-D090": 80.82778945474405}, "K65-D060": {"K65-D070": 100.04985631729411}, "K68-D120": {"K68-D130": 227.23906743319813}, "K65A-D060": {"K65A-D070": 106.24075240907034}, "K65-D160": {"K65-D170": 152.43370954309057}, "K68-D020": {"K68-D030": 155.28218100000007}, "K65-D130": {"K65-D140": 155.41211845217427}, "K68-D050": {"K68-D060": 100.33976602791002}, "K68-D030": {"K68-D040": 170.49047366669998}, "K68-D110": {"K68-D120": 107.41712511285873}, "K68-D100": {"K68-D110": 97.70128234217381}, "K65-U220": {"K65-U230": 89.83876469253597}, "K65-U170": {"K65-U180": 54.83779728815157}, "K68-U080": {"K68-U090": 39.12033614732236}, "K66-D170": {"K66-D180": 211.04643155018016}, "K65A-U020": {"K65A-U030": 200.62198048901172}, "K66-U190": {"K66-U200": 66.28906871152915}, "K68-U040": {"K68-U050": 49.244641239464954}, "K65-U010": {"K65-U020": 249.35383149172966}, "K65-D180": {"K65-D190": 135.69368532499306}, "K65-D050": {"K65-D060": 56.664680681306415}, "K68-U020": {"K68-U030": 36.73853319879582}, "K68-U150": {"K68-U160": 82.42584089545821}, "K68-U090": {"K68-U100": 181.83167719179}, "K65A-D100": {"K65A-D110": 261.6552032646362}, "K65-U020": {"K65-U030": 127.11662083096721}, "K68-D060": {"K68-D070": 109.02104472879398}, "K66-U010": {"K66-U020": 161.7701748043526}, "K68-D150": {"K68-D160": 90.135658837643}, "K68-U120": {"K68-U130": 193.073918}, "K66-D030": {"K66-D040": 86.94772019727819}, "K68-U160": {"K68-U170": 80.96684374532}, "K68-U060": {"K68-U070": 129.52485061399997}, "K68-D040": {"K68-D050": 140.34147554999998}, "K68-D080": {"K68-D090": 85.56834895}}