{"K73-U080": {"K73-U110": 387.8146739593189, "K73-U090": 312.68219158722843}, "K76-D030": {"K76-D040": 66.30171744179113}, "K75A-D010": {"K75A-D020": 241.48083873861273}, "K75A-D110": {"K75A-U011": 233.55002878729493}, "K73-D040": {"K73-D050": 83.0533085682617}, "K73-U010": {"K73-U020": 68.58731307349842}, "K75P-D070": {"K75P-D080": 94.50207184541526}, "K76-D010": {"K76-D020": 327.0092409838736}, "K73-U040": {"K73-U050": 125.35145779811378, "K73-U060": 248.44913169745695}, "K73-U060": {"K73-U070": 151.68158953650988}, "K75A-U010": {"K75A-U020": 47.40939435335399}, "K75P-U120": {"K75P-U130": 72.80547981701207}, "K75A-D030": {"K75A-D040": 53.18698250398741}, "K75A-D020": {"K75A-D030": 40.00037908355732}, "K74-U070": {"K74-U080": 157.52365906309137}, "K76-D020": {"K76-D030": 137.93678731895818}, "K76-U040": {"K76-U050": 132.53775957275215}, "K75P-U100": {"K75P-U110": 66.96192601870635}, "K74-U004": {"K74-U007": 109.22634509590719}, "K73-U050": {"K73-U060": 125.62838463747076}, "K73-D130": {"K73-D140": 144.75725529764912}, "K75P-U130": {"K75P-U140": 49.56556897268159}, "K74-D060": {"K74-D070": 184.82430154565776}, "K74-U011": {"K74-D100": 175.22004748751488}, "K76-U030": {"K76-U040": 172.6335852222808}, "K75P-D050": {"K75P-D060": 106.923935468531}, "K74-U060": {"K74-U070": 140.09178390316566}, "K73-D110": {"K73-D120": 64.84485749937863}, "K74-D040": {"K74-D050": 92.37474705260365}, "K73-U070": {"K73-U080": 184.0160066127208}, "K76-U020": {"K76-U030": 172.2913635158755}, "K75P-D020": {"K75P-D030": 42.483947131744586}, "K75P-D060": {"K75P-D070": 193.68134013862522}, "K75P-U030": {"K75P-U040": 131.30420316098258}, "K75P-U090": {"K75P-U100": 43.62323785966608}, "K74-D100": {"K74-D110": 95.16824961751074}, "K75A-D050": {"K75A-D060": 93.06776758320818}, "K75P-U080": {"K75P-U090": 43.910019894552164}, "K74-U090": {"K74-U100": 249.57647442320302}, "K73-U110": {"K73-U120": 244.44180798740575}, "K75A-D070": {"K75A-D080": 62.45104300208935}, "K73-D020": {"K73-D030": 72.06966088388455}, "K75P-D010": {"K75P-D020": 160.1553099973571}, "K75P-D080": {"K75P-U011": 162.0506734903642}, "K75A-D040": {"K75A-D050": 60.590895358394825}, "K75P-U010": {"K75P-U020": 97.87987420102199}, "K75A-D100": {"K75A-D110": 112.69064663065512}, "K75A-D090": {"K75A-D100": 59.27318808431248}, "K75P-U020": {"K75P-U030": 114.38410091837109}, "K73-U090": {"K73-U100": 142.35559825884783}, "K75P-U070": {"K75P-U080": 114.01561118754894}, "K73-D090": {"K73-D100": 88.17610160056135}, "K73-U030": {"K73-U040": 106.56700591430183}, "K73-D050": {"K73-D070": 118.30153686003557}, "K73-D070": {"K73-D080": 217.48336179734287}, "K74-U080": {"K74-U090": 247.4193539733645}, "K73-D140": {"K73-D150": 220.46650208882733}, "K75P-U140": {"K75P-D010": 164.71928243596432}, "K75A-U030": {"K75A-D010": 259.4112873898056}, "K73-D030": {"K73-D040": 135.58014463335874}, "K75P-U060": {"K75P-U070": 43.26146623140888}, "K75P-D030": {"K75P-D040": 156.80441125308147}, "K75A-U020": {"K75A-U030": 139.29196337031016}, "K74-U010": {"K74-U020": 191.95765482875004}, "K75P-U110": {"K75P-U120": 92.50532005778788}, "K73-D100": {"K73-D110": 201.72032293891576}, "K73-U100": {"K73-U110": 262.96983396243616}, "K74-U100": {"K74-D010": 123.20868953027043}, "K75A-D080": {"K75A-D090": 121.26155302348937}, "K75P-U050": {"K75P-U060": 163.11747677707856}, "K74-D110": {"K74-U002": 184.57577309565343}, "K74-D020": {"K74-D030": 152.44110040501366}, "K73-D080": {"K73-D090": 249.03154431483418}, "K75P-U040": {"K75P-U050": 116.27923942481861}, "K75P-D040": {"K75P-D050": 177.41777496812102}, "K76-U010": {"K76-U020": 63.8025387587967}, "K74-D070": {"K74-D080": 253.73113591153165}, "K73-U020": {"K73-U030": 213.94623075319336}, "K75A-D060": {"K75A-D070": 47.45995602037046}, "K74-U001": {"K74-U004": 145.75550104588524}, "K73-D010": {"K73-D020": 69.79868558540726}, "K73-D150": {"K73-D160": 55.101328919592014}, "K74-D010": {"K74-D020": 171.53335130047782}, "K74-D030": {"K74-D040": 147.14870023771354}, "K74-D080": {"K74-D090": 186.24637856750442}, "K74-U040": {"K74-U050": 198.76390794909548}, "K74-D090": {"K74-U011": 80.86461663075151}, "K74-D050": {"K74-D060": 117.24625046649919}, "K73-D120": {"K73-D130": 107.2248977108422}, "K74-U020": {"K74-U030": 147.03255082718496}, "K74-U007": {"K74-U010": 304.1775085363796}, "K74-U050": {"K74-U060": 352.87249039999995}, "K74-U030": {"K74-U040": 303.26521791010003}, "K75S-D010": {"K75S-D020": 171.32825864000003}, "K75S-D020": {"K75S-D030": 186.630532}, "K75S-U011": {"K75S-U020": 862.7740000000001}, "K75S-U040": {"K75S-D010": 60.28540807740003}, "K75S-D030": {"K75S-U011": 212.34950000000003}, "K75S-U020": {"K75S-U030": 144.29505200000003}, "K75S-U030": {"K75S-U040": 133.52460000000002}, "K75S-U010": {"K75S-U020": 59.400000000000006}, "K76S-U015": {"K76S-U020": 149.60000000000002}, "K76S-U010": {"K76S-U015": 113.08}, "K76S-U020": {"K76S-U030": 130.9}}