{"KOW": {"TSY": 522.3315744593629, "HOK": 177.7421002169706, "OLY": 129.4124508502351}, "KOT": {"TAW": 290.8526120761576, "MKK": 164.91224302821064, "SKM": 60.771601057857126, "LOF": 74.60769153769527}, "KOB": {"CHH": 133.9844317372652, "NTK": 96.53688972441878}}