{"KSR": {"YUL": 210.17478396054167, "TWW": 646.8151433327166}}