{"KWH": {"TWH": 103.74738644689725, "KWF": 89.42876593707439}, "KWT": {"NTK": 74.8699137996268, "LAT": 88.34317417622734}, "KWF": {"LAK": 147.88108812302204, "KWH": 97.45915034987036}}