{"LET": {"WCH": 163.9895451254426, "SOH": 104.86549881012027}}