{"LOP": {"YUL": 83.86568926014961, "TIS": 170.72001899572825}, "LOW": {"SHS": 219.9238370961008}, "LOF": {"WTS": 71.83280336624489, "KOT": 102.1606858249999}}