{"MKK": {"HUH": 180.4362867365387, "KOT": 149.77004601279583}}