{"MOK": {"YMT": 99.13248419579321, "PRE": 120.17860300114708}, "MOS": {"HEO": 105.70707688089483, "WKS": 162.466702317421}}