{"NOP": {"QUB": 127.48967248159548, "FOH": 78.78673650794639}}