{"OCP": {"WCH": 132.07456571696213, "ADM": 287.63195981435257}}