{"SIH": {"TIS": 323.54738212193564, "TUM": 154.44793678310293}}