{"SKM": {"PRE": 96.01830709751378, "KOT": 43.874452151930214}, "SKW": {"HFC": 61.09448165841504, "SWH": 48.77966051877719}}