{"SSP": {"CSW": 97.8071894432876, "PRE": 74.74615353693402}}