{"STW": {"CKT": 116.95982045999999, "CIO": 121.09072273602513}}