{"SUN": {"TUC": 823.8869511270772, "DIS": 198.58233387484285, "TSY": 550.3667597054496}, "SUW": {"KAT": 91.89880140000002, "TKW": 81.17990740473718}}