{"SWH": {"TAK": 96.65280252942019, "SKW": 93.12512299459722}}