{"SYP": {"HKU": 87.00439445011037, "SHW": 80.68290345736838}}