{"TAP": {"TWO": 192.99199513775324, "UNI": 353.0333532055969}, "TAW": {"KOT": 320.44388793177404, "CKT": 127.13194117752259, "SHT": 123.19471396502247, "HIK": 97.48809349416851}, "TAK": {"QUB": 95.28210762289416, "SWH": 89.12865170269632}}