{"TIK": {"TKO": 207.2796167086727, "YAT": 112.62595301983451}, "TIS": {"SIH": 345.0910683003826, "LOP": 166.6707518281625}, "TIH": {"CAB": 75.16970985919991, "FOH": 77.29975609948707}}