{"TUM": {"SIH": 144.45220082790678}, "TUC": {"SUN": 841.5720563951639}}