{"TWO": {"FAN": 342.127033723161, "TAP": 141.3420094042416}, "TWW": {"KSR": 595.3668514998503, "MEF": 296.7291500560274}, "TWH": {"KWH": 84.20255025001276, "TSW": 101.54317556672896}}