{"WAC": {"ADM": 39.20600522207499, "CAB": 136.19287000202084}}