{"WCH": {"OCP": 128.10877991781254, "LET": 174.80673778736758}}