{"YMT": {"HOM": 111.77266625542515, "JOR": 90.72940412302748, "MOK": 121.19014710510052}}