{"1": {"2": 62.340341692382346, "6": 69.0744548247096}}