{"5": {"6": 105.90205839235057, "305": 84.90586681365782}}