{"AUS": {"NAC": 209.5168477650058, "ETS": 157.87888457167145}}