{"CHW": {"HFC": 102.85484930645421}, "CHH": {"DIH": 127.28711257469676, "KOB": 110.84467918249001}}