{"CKT": {"TAW": 102.6575053955286, "STW": 131.169359127246}}