{"FOT": {"SHT": 164.82086260578222, "UNI": 184.86543083384313}, "FOH": {"TIH": 126.7175132502, "NOP": 128.40010750847586}}