{"HEO": {"TSH": 132.772472989145, "MOS": 133.69361068837}}