{"HFC": {"SKW": 148.94875791506277, "CHW": 125.5945918242262}}