{"HIK": {"DIH": 319.339014896466, "TAW": 146.28172777343792}}