{"HKU": {"SYP": 123.89585180045853, "KET": 93.59394228476613}}