{"HUH": {"MKK": 195.6479258140989, "EXC": 200.9311570949981, "ETS": 196.0038004357554, "HOM": 128.44085271532984}}