{"K12-U020": {"K12-U030": 210.62328252312614}, "K12-D030": {"K12-D040": 55.3749138505507}, "K18-D020": {"K18-D030": 51.64851578877136}, "K17-U030": {"K17-U040": 30.013548271051594}, "K12-D010": {"K12-D020": 155.30439260619602}, "K17-D020": {"K17-D030": 69.52078940810058}, "K18-U020": {"K18-U030": 76.271059649424}, "K17-D010": {"K17-D020": 302.7613890051333}, "K18-D010": {"K18-D020": 244.34164305779592}, "K18-U010": {"K18-U020": 212.90333014456573}, "K17-U020": {"K17-U030": 143.4470599330828}, "K12-U010": {"K12-U020": 242.3581839879584}, "K12-D020": {"K12-D030": 372.4146427738475}, "K17-U010": {"K17-U020": 247.57770941325347}}