{"K51-U200": {"K51-U210": 88.83044388882043}, "K54-U020": {"K54-U030": 154.5603241684037}, "K52-nD100": {"K52-nD110": 66.45635608823379}, "K53-D070": {"K53-D080": 50.374707056302995}, "K51-U020": {"K51-U030": 115.92679735637807}, "K51-D230": {"K51-D240": 79.4184814833039}, "K52A-U040": {"K52A-U050": 130.95345509327936}, "K51A-U220": {"K51A-U230": 82.91729878410385}, "K52A-U160": {"K52A-U170": 27.867237836385506}, "K51-D120": {"K51-D130": 51.55858280688}, "K53-U030": {"K53-U040": 210.97827350241096}, "K51A-U060": {"K51A-U070": 287.79852724673117}, "K52-nU280": {"K52-nU290": 45.582270346243355}, "K51-D140": {"K51-D150": 88.9206266242646}, "K52-nD110": {"K52-nD120": 154.3544219495447}, "K53-U120": {"K53-U130": 68.4159550458477}, "K53-U140": {"K53-D010": 83.64153068414284}, "K52A-D140": {"K52A-D150": 112.02740150790007}, "K52-nU110": {"K52-nU120": 156.1776852446845}, "K54-D050": {"K54-D060": 96.1993787341629}, "K52-nD090": {"K52-nD100": 55.63232179683048}, "K52A-U020": {"K52A-U030": 89.49955030566768}, "K51-U070": {"K51-U080": 183.32189443673792}, "K53-D150": {"K53-D160": 169.26946835679126}, "K51-D050": {"K51-D060": 60.72031357832001}, "K51-U130": {"K51-U140": 80.11517325991272}, "K52-nD210": {"K52-nD220": 218.34495567667196}, "K52-nU080": {"K52-nU090": 88.36299608847057}, "K51-D130": {"K51-D140": 59.81741872436014}, "K51A-U090": {"K51A-U100": 142.2908752058188}, "K52-nU150": {"K52-nU160": 95.1086174560275}, "K53-U020": {"K53-U030": 140.70773376654333, "K53-D160": 850.5045181144262}, "K51-D070": {"K51-D080": 61.602187322858015}, "K54-U040": {"K54-U050": 157.7505063879386}, "K52-nD050": {"K52-nD060": 39.66819139427231}, "K53-D030": {"K53-D040": 75.70215856299129}, "K51A-U180": {"K51A-U190": 96.49681132154952}, "K52-nD220": {"K52-nD230": 140.697226051819}, "K51-U210": {"K51-U220": 52.740725582366885}, "K52-nU180": {"K52-nU190": 71.29267198088675}, "K53-D110": {"K53-D120": 174.21553510991438}, "K53-U010": {"K53-U020": 281.04077623539104, "K53-D180": 974.9532265860514}, "K51A-U040": {"K51A-U050": 117.52995051670817}, "K52A-D060": {"K52A-D070": 134.65545847719542}, "K52-nU140": {"K52-nU150": 169.93963215661103}, "K51A-D150": {"K51A-D160": 111.58304834695562}, "K51A-U160": {"K51A-U170": 75.45313437146656}, "K51-D040": {"K51-D050": 50.850904271358274}, "K52A-D010": {"K52A-D020": 313.7718295404478}, "K52-nD190": {"K52-nD200": 165.084906458891}, "K52A-D030": {"K52A-D040": 20.63633353621572}, "K52A-D130": {"K52A-D140": 83.88923673031603}, "K51-U170": {"K51-U180": 78.7968330066006}, "K54-D010": {"K54-D020": 124.53332829626211}, "K51A-U030": {"K51A-U040": 75.5533985913972}, "K51A-D230": {"K51A-D240": 150.45136154608474}, "K51A-U200": {"K51A-U210": 55.4745448932469}, "K53-U060": {"K53-U070": 68.9621163540579}, "K52A-U150": {"K52A-U160": 35.290766283070255}, "K53-D100": {"K53-D110": 83.07764835526714}, "K53-D015": {"K53-D020": 49.2478700825874}, "K52-nD010": {"K52-nD020": 18.145998369920097}, "K51-U140": {"K51-U150": 52.32034379726989}, "K51-U030": {"K51-U040": 79.60523256751097}, "K51-D100": {"K51-D110": 158.494489113126}, "K53-U090": {"K53-U100": 122.58512821320528}, "K52-nU300": {"K52-nU310": 40.717435026573774}, "K52A-U090": {"K52A-U100": 94.71878227900001}, "K52-nU290": {"K52-nU300": 31.962081790625994}, "K52-nU200": {"K52-nU210": 75.00646163982718}, "K51A-D010": {"K51A-D020": 51.525647977110545}, "K51-U160": {"K51-U170": 113.21517681316625}, "K52-nU250": {"K52-nU260": 65.10818566665917}, "K51A-U050": {"K51A-U060": 266.5124338402051}, "K52-nD120": {"K52-nD130": 38.52903714869203}, "K51-D080": {"K51-D090": 107.98659889766043}, "K54-D020": {"K54-D030": 203.69891909575517}, "K51-D150": {"K51-D160": 168.06119332279044}, "K52-nD030": {"K52-nD040": 35.979176111603415}, "K52-nD080": {"K52-nD090": 68.68002559910295}, "K53-D120": {"K53-D130": 75.37249772847315}, "K52-nU090": {"K52-nU100": 124.79798799149759}, "K52-nD130": {"K52-nD140": 91.21186501356455}, "K51-D020": {"K51-D030": 63.238987750279406}, "K51A-U240": {"K51A-U250": 69.6645214276515}, "K52A-D050": {"K52A-D060": 31.97206619000413}, "K52A-D080": {"K52A-D090": 63.677771027625795}, "K51A-D080": {"K51A-D090": 162.71296998837892}, "K52-nU240": {"K52-nU250": 65.08475534426091}, "K53-D040": {"K53-D050": 80.45550900637996}, "K52A-U110": {"K52A-U120": 61.509035376449674}, "K53-D130": {"K53-D140": 97.19126135618919}, "K53-D060": {"K53-D070": 160.60357600571666}, "K52-nD290": {"K52-nD300": 101.63091015426622}, "K54-U070": {"K54-D010": 147.02566795743292}, "K54-D040": {"K54-D050": 169.86179344304523}, "K51A-D070": {"K51A-D080": 94.60569118135462}, "K53-U050": {"K53-U060": 144.08464655971105}, "K51-D220": {"K51-D230": 272.05307591944097}, "K53-U070": {"K53-U080": 52.846811461849825}, "K52-nU260": {"K52-nU270": 57.89035968045799}, "K52A-U050": {"K52A-U060": 59.66915834231166}, "K51A-U230": {"K51A-U240": 37.62095872837271}, "K52A-U080": {"K52A-U090": 72.91020467020923}, "K51-U090": {"K51-U100": 146.81426397065997}, "K51A-D220": {"K51A-D230": 128.72110630042081}, "K52-nU040": {"K52-nU050": 77.04674467109939}, "K51A-U010": {"K51A-U020": 42.89545603688839}, "K52-nD200": {"K52-nD210": 134.28149125897502}, "K52A-U120": {"K52A-U130": 70.40992763192195}, "K52A-U030": {"K52A-U040": 47.49078220631388}, "K52A-D150": {"K52A-D160": 93.27529495150064}, "K52-nU210": {"K52-nU220": 76.38364362069743}, "K51-D110": {"K51-D120": 59.39201057791686}, "K53-U130": {"K53-U140": 55.9225578166387}, "K51-U240": {"K51-U250": 115.3061579595987}, "K54-U060": {"K54-U070": 203.38869611679425}, "K51-D280": {"K51-D290": 73.14344221445882}, "K52A-D040": {"K52A-D050": 14.10536713732715}, "K51A-D260": {"K51A-D270": 69.88667985800623}, "K52A-D120": {"K52A-D130": 41.15612203045005}, "K51A-D170": {"K51A-D180": 159.8039920767993}, "K52-nU120": {"K52-nU140": 112.62601002589747}, "K51-D270": {"K51-D280": 99.782798504134}, "K53-U100": {"K53-U110": 69.38293488353696}, "K53-D010": {"K53-D015": 107.49541325885534}, "K51-U120": {"K51-U130": 137.44574094259974}, "K51A-U210": {"K51A-U220": 71.83825114492048}, "K52A-U140": {"K52A-U150": 165.02311925266696}, "K52A-D180": {"K52A-D190": 99.7860999}, "K53-D140": {"K53-D150": 169.51575734374168}, "K52A-D020": {"K52A-D030": 29.586995216421855}, "K51-D060": {"K51-D070": 60.706190283294745}, "K51-U190": {"K51-U200": 78.47473959229953}, "K51A-D030": {"K51A-D040": 40.67522075132792}, "K53-U040": {"K53-U050": 135.1851782953481}, "K51A-D240": {"K51A-D250": 58.18581752032041}, "K53-U080": {"K53-U090": 78.4025696563691}, "K52-nU030": {"K52-nU040": 141.09124560696}, "K54-U030": {"K54-U040": 123.57782490210941}, "K51A-U130": {"K51A-U140": 72.57154924682207}, "K52A-D090": {"K52A-D100": 53.48727252069839}, "K51-U220": {"K51-U230": 68.42471889413353}, "K51-U010": {"K51-U020": 36.66865859333406}, "K53-D090": {"K53-D100": 52.72277872848379}, "K51-D210": {"K51-D220": 179.3047716065385}, "K52-nU170": {"K52-nU180": 138.88834349607234}, "K53-D050": {"K53-D060": 88.81475578353914}, "K51A-D180": {"K51A-D190": 126.35314162628724}, "K51-D170": {"K51-D180": 98.90789906311643}, "K52-nD280": {"K52-nD290": 98.44372924313711}, "K53-U110": {"K53-U120": 92.66327428725587}, "K51A-D050": {"K51A-D060": 69.06022625482949}, "K52-nD020": {"K52-nD030": 32.39992527068001}, "K51-D200": {"K51-D210": 126.61441136927697}, "K52-nD260": {"K52-nD270": 61.50260022951001}, "K51A-D140": {"K51A-D150": 76.36381833299205}, "K51A-U100": {"K51A-U110": 207.82139606545002}, "K52-nD170": {"K52-nD180": 112.1793403898057}, "K51A-U150": {"K51A-U160": 114.95709613357567}, "K51-D190": {"K51-D200": 163.0503319051043}, "K52-nU220": {"K52-nU230": 103.62151060587489}, "K54-D060": {"K54-D070": 146.34825083089464}, "K53-D020": {"K53-D030": 104.34289029430538}, "K52-nU010": {"K52-nU020": 45.425830686000005}, "K51A-U070": {"K51A-U080": 220.8345294224088}, "K51A-D200": {"K51A-D210": 274.60778263917615}, "K51A-D090": {"K51A-D100": 56.475021219275085}, "K51-D030": {"K51-D040": 37.4521503179866}, "K51-U040": {"K51-U050": 125.43549528783481}, "K52-nD240": {"K52-nD250": 155.4272452706277},