{"K65-U040": {"K65-U050": 98.3524961890587}, "K66-U110": {"K66-U120": 41.52285072976544}, "K66-U080": {"K66-U090": 171.19449023593972}, "K65-U140": {"K65-U150": 105.60239495867218}, "K66-U200": {"K66-U210": 52.91779418019917}, "K66-D110": {"K66-D120": 43.61881228453228}, "K65-D030": {"K65-D040": 64.33057247847188}, "K66-D140": {"K66-D150": 98.53558045513748}, "K68-D010": {"K68-D020": 47.02385311417947}, "K65-U130": {"K65-U140": 26.044137644632077}, "K68-U060": {"K68-U070": 88.83905920233516}, "K65-D010": {"K65-D020": 45.11858319501877}, "K68-D200": {"K68-U011": 69.66881800976194}, "K66-U040": {"K66-U050": 131.16192490733988}, "K68-U080": {"K68-U090": 51.47491750742637}, "K65-U090": {"K65-U100": 57.52834937368429}, "K66-U120": {"K66-U130": 50.961881263385145}, "K66-U150": {"K66-U160": 57.21088489659549}, "K66-U160": {"K66-U170": 46.800685734364386}, "K68-U110": {"K68-U120": 197.28757166312852}, "K65-D110": {"K65-D120": 123.13738595292527}, "K65-D090": {"K65-D100": 111.44820498348045}, "K65-D160": {"K65-D170": 146.7807706266239}, "K66-D050": {"K66-D060": 45.113892183352775}, "K65-D170": {"K65-D180": 102.38243524529685}, "K66-U170": {"K66-U180": 35.575571497311174}, "K65-D130": {"K65-D140": 98.26290824260796}, "K65-D180": {"K65-D190": 125.763962797051}, "K65-D060": {"K65-D070": 89.24994587824419}, "K66-U090": {"K66-U100": 49.75988428160106}, "K66-U030": {"K66-U040": 162.526624704026}, "K65-U120": {"K65-U130": 174.73467425191825}, "K68-D110": {"K68-D120": 82.49086568009241}, "K66-D070": {"K66-D080": 51.23221284624278}, "K65-D040": {"K65-D050": 70.28127400755585}, "K66-D160": {"K66-D170": 165.9926061233538}, "K68-U070": {"K68-U080": 34.1401203}, "K66-D230": {"K66-D240": 89.33767962557697}, "K65-U150": {"K65-U160": 53.223853877379455}, "K66-D190": {"K66-D200": 90.00225900174358}, "K68-D060": {"K68-D070": 92.25564180014221}, "K65-U170": {"K65-U180": 42.30282527790125}, "K68-D050": {"K68-D060": 61.64703071826453}, "K65-D070": {"K65-D080": 125.31247590278947}, "K65-U030": {"K65-U040": 109.36726413892612}, "K66-D090": {"K66-D100": 47.51212282050878}, "K68-U090": {"K68-U100": 144.3109770543699}, "K68-U050": {"K68-U060": 59.05219850068001}, "K68-D120": {"K68-D130": 203.39441306409498}, "K66-D150": {"K66-D160": 101.46346191641702}, "K68-U150": {"K68-U160": 77.95758874795}, "K68-U170": {"K68-D010": 144.88326058360002}, "K65-D080": {"K65-D090": 63.59023077836097}, "K68-U120": {"K68-U130": 159.14949710000002}, "K68-D040": {"K68-D050": 107.04329393050303}, "K65-D100": {"K65-D110": 207.7146146286772}, "K66-U180": {"K66-U190": 66.60441960541735}, "K65-U110": {"K65-U120": 112.53305715477613}, "K66-D030": {"K66-D040": 79.79504663728648}, "K68-D130": {"K68-D140": 63.72207914965586}, "K65-D150": {"K65-D160": 100.50871505102396}, "K65-U010": {"K65-U020": 343.02691950890755}, "K66-D180": {"K66-D190": 85.62924794153382}, "K65-D120": {"K65-D130": 78.29250231367064}, "K68-D190": {"K68-D200": 59.11617173397623}, "K65-U210": {"K65-U220": 76.32313795311407}, "K66-D170": {"K66-D180": 214.16311902075435}, "K65-D050": {"K65-D060": 59.85977578930973}, "K66-U130": {"K66-U140": 54.50856769752396}, "K65-U100": {"K65-U110": 154.3574427610501}, "K66-U070": {"K66-U080": 167.51273237000007}, "K68-U010": {"K68-U020": 98.83086487820445}, "K66-D080": {"K66-D090": 61.53474971933959}, "K66-U210": {"K66-U220": 49.35347165762729}, "K65-U200": {"K65-U210": 72.73607202038855}, "K66-D010": {"K66-D020": 14.626934242559788}, "K66-U050": {"K66-U060": 50.942426120858734}, "K68-U160": {"K68-U170": 64.44236042200001}, "K65-U020": {"K65-U030": 160.87317701290004}, "K66-U010": {"K66-U020": 149.01626608910345}, "K68-D160": {"K68-D170": 82.06002428729899}, "K68-U020": {"K68-U030": 84.63134566984357}, "K68-U040": {"K68-U050": 50.69100613160764}, "K65-U070": {"K65-U080": 64.69674062715241}, "K65-U160": {"K65-U170": 54.572934528724296}, "K65-U060": {"K65-U070": 33.88957605691944}, "K66-D130": {"K66-D140": 37.47584483942168}, "K65-U180": {"K65-U190": 79.08351425262283}, "K68-U130": {"K68-U140": 168.77941807021563}, "K66-D060": {"K66-D070": 45.85238703105201}, "K66-U140": {"K66-U150": 65.1388916988675}, "K68-D080": {"K68-D090": 88.98492152000001}, "K65-U050": {"K65-U060": 115.27310410767033}, "K66-U100": {"K66-U110": 76.6697488412756}, "K66-U020": {"K66-U030": 193.72207143624155}, "K68-U030": {"K68-U040": 34.388293643000004}, "K66-D210": {"K66-D220": 157.43583270308918}, "K68-D100": {"K68-D110": 89.241210261}, "K65-U190": {"K65-U200": 66.83357357595634}, "K66-D040": {"K66-D050": 45.508342710212574}, "K68-D090": {"K68-D100": 168.7580383322771}, "K68-D070": {"K68-D080": 216.79925402250478}, "K65A-U090": {"K65A-U100": 60.50000000000001}, "K65A-U050": {"K65A-U060": 70.4}, "K65A-U100": {"K65A-U110": 77.99000000000001}, "K65-D020": {"K65-D030": 81.22468899221505}, "K65A-U080": {"K65A-U090": 82.61}, "K66-D020": {"K66-D030": 66.81166365552765}, "K68-D150": {"K68-D160": 77.79376792000001}, "K66-U190": {"K66-U200": 67.93479572768358}, "K65-U220": {"K65-U230": 94.25102929677796}, "K68-D030": {"K68-D040": 97.53398865164999}, "K66-U060": {"K66-U070": 178.3574282731758}, "K66-D220": {"K66-D230": 88.60994298165562}, "K66-D100": {"K66-D110": 53.42216765480347}, "K66-D200": {"K66-D210": 129.1072406347168}, "K68-D020": {"K68-D030": 76.42505402300095}, "K66-D120": {"K66-D130": 67.43121337060502}, "K68-U140": {"K68-U150": 45.026675479640005}, "K68-D180": {"K68-D190": 38.57561767630176}, "K65-D140": {"K65-D150": 108.54157710726618}, "K68-U100": {"K68-U110": 227.20369628735898}, "K65-U080": {"K65-U090": 170.06392499791292}, "K68-D170": {"K68-D180": 63.85993428309}, "K68-D140": {"K68-D150": 48.871117848223996}}