{"KAT": {"DIH": 137.37700372116606, "SUW": 122.44259144508428}}