{"KSR": {"TWW": 642.4475865553737, "YUL": 248.7511255280446}}