{"KWH": {"TWH": 159.06929868248636, "KWF": 126.98630521438577}, "KWF": {"KWH": 119.36705201319225, "LAK": 162.23158535934567}, "KWT": {"NTK": 127.0822416378924, "LAT": 124.72784515718533}}