{"LCK": {"CSW": 132.973369692603, "MEF": 132.87568177653}}