{"LOP": {"YUL": 131.07492221890323, "TIS": 182.2153839443468}, "LOF": {"WTS": 129.5395293124819, "KOT": 119.89502145260255}, "LOW": {"SHS": 212.06967053399413}}