{"MKK": {"HUH": 194.12654261503252, "KOT": 146.1426621811694}}