{"MOK": {"PRE": 128.87918353385243, "YMT": 125.94500544598634}, "MOS": {"HEO": 134.8945741783037, "WKS": 165.54263358008444}}