{"NAC": {"OLY": 96.10055627254661, "MEF": 183.03179460180678, "LAK": 257.3261199196194, "AUS": 202.8222854858881}}