{"NOP": {"QUB": 123.39924890604365, "FOH": 128.86791646635572}}