{"QUB": {"YAT": 262.7036267516414, "NOP": 128.92993394940407, "TAK": 128.98257479412027}}