{"SIH": {"TUM": 154.44912309398632, "TIS": 352.1459484783685}}