{"SKW": {"SWH": 89.39849584386404, "HFC": 159.39638553393877}, "SKM": {"KOT": 134.43113218107288, "PRE": 124.54127224776717}}