{"SSP": {"CSW": 125.4382091192113, "PRE": 130.00776196430786}}