{"SUN": {"DIS": 198.58233387484285, "TSY": 496.9593083212793, "TUC": 823.8865199618688}, "SUW": {"KAT": 129.9159944156466, "TKW": 136.8114}}