{"TIK": {"YAT": 147.19487171568517, "TKO": 187.79483509170507}, "TIH": {"FOH": 106.19328093573293, "CAB": 131.40285894560355}, "TIS": {"SIH": 355.9553461072913, "LOP": 183.891841181651}}