{"TSY": {"SUN": 701.8220183851329, "KOW": 546.9794409248389, "LAK": 192.7642600266247, "AIR": 1474.380767299695}, "TST": {"ADM": 188.24277776050684, "JOR": 88.39245107777437}, "TSW": {"TWH": 66.44276311997811}, "TSH": {"HEO": 133.92383128433295, "SHM": 216.1601306590223}}