{"TUC": {"SUN": 881.7575460554095}, "TUM": {"SIH": 148.77787470909965}}