{"WAC": {"ADM": 128.749829348, "CAB": 201.72778131260003}}