{"WTS": {"DIH": 119.53835902028047, "LOF": 125.74447328872036}}