{"YAT": {"QUB": 255.6046431467815, "TIK": 132.07566886790417, "LAT": 168.41088183582}}