{"YMT": {"MOK": 98.50163103470427, "JOR": 129.77291978202018, "HOM": 134.6952615266693}}