{"YUL": {"KSR": 247.50810831350017, "LOP": 130.27020711463118}}