{"AUS": {"NAC": 205.81452030797496, "ETS": 171.42758106000002}}