{"CIO": {"STW": 152.63573932873823, "SHM": 137.43364408372946}}