{"CKT": {"STW": 128.15750651050536, "TAW": 123.2981010852}}