{"ETS": {"AUS": 190.7265508797123, "HUH": 192.21551514}}