{"HEO": {"TSH": 132.812348798877, "MOS": 104.837635520178}}