{"HIK": {"TAW": 152.83139635064884, "DIH": 317.4242175920068}}