{"HOM": {"HUH": 162.63193740000003, "YMT": 187.6902738942212, "TKW": 154.82049082658943, "WHA": 85.40790469189592}, "HOK": {"KOW": 195.5225721217176}}