{"HUH": {"MKK": 265.2624337644258, "ETS": 212.20885738154243, "HOM": 135.37915834119536, "EXC": 185.0379675805414}}