{"JOR": {"YMT": 132.5112558594529, "TST": 108.11950681874119}}