{"K53-U010": {"K53-U020": 155.10000000000002}, "K51-D230": {"K51-D240": 62.26000000000001}, "K52-nD220": {"K52-nD230": 92.4}, "K53-U090": {"K53-U100": 72.78992695934521}, "K51-D270": {"K51-D280": 64.625}, "K53-U080": {"K53-U090": 50.278515837739306}, "K52-nD280": {"K52-nD290": 64.1376905}, "K53-U130": {"K53-U140": 48.41400582395094}, "K53-D050": {"K53-D060": 48.088772332769416}, "K52-nU220": {"K52-nU230": 81.68557101000002}, "K52A-U140": {"K52A-U150": 160.35777693040086}, "K52-nD270": {"K52-nD280": 58.872}, "K51-U220": {"K51-U230": 54.02929138200002}, "K53-D070": {"K53-D080": 31.23851823125828}, "K53-D030": {"K53-D040": 49.862622706273314}, "K53-D020": {"K53-D030": 87.45832920033416}, "K53-D015": {"K53-D020": 43.86285232599094}, "K53-D100": {"K53-D110": 46.56503721216427}, "K52A-D010": {"K52A-D020": 277.22506227079356}, "K52A-D060": {"K52A-D070": 129.34768316859828}, "K54-D020": {"K54-D030": 132.85702443447184}, "K52-nU200": {"K52-nU210": 72.16}, "K51-U180": {"K51-U190": 94.88082999999999}, "K52-nD250": {"K52-nD260": 134.97}, "K53-U020": {"K53-U030": 131.28103109000003, "K53-D160": 576.4000000000001}, "K53-D150": {"K53-D160": 110.80353392677152}, "K53-D110": {"K53-D120": 109.95273605502359}, "K53-D090": {"K53-D100": 28.188348866197078}, "K53-D080": {"K53-D090": 30.76306953884852}, "K52-nU190": {"K52-nU200": 113.0877}, "K53-D060": {"K53-D070": 90.578803413462}, "K51-D190": {"K51-D200": 118.80000000000001}, "K53-U040": {"K53-U050": 102.53650000000002}, "K53-U140": {"K53-D010": 76.67717740241919}, "K52-nU260": {"K52-nU270": 28.248}, "K53-U060": {"K53-U070": 44.794898515194994}, "K51-U240": {"K51-U250": 96.08582793320002}, "K52-nD060": {"K52-nD070": 129.34768316859828}, "K52-nU230": {"K52-nU240": 55.43730000000001}, "K51-U230": {"K51-U240": 31.691290400000003}, "K53-U100": {"K53-U110": 56.50407388100202}, "K51-U150": {"K51-U160": 63.94150400000002}, "K53-D130": {"K53-D140": 62.685460481784695}, "K51-U190": {"K51-U200": 70.43176030210002}, "K52-nD210": {"K52-nD220": 138.60000000000002}, "K53-U120": {"K53-U130": 57.62280043033276}, "K53-D140": {"K53-D150": 107.2864115160919}, "K51-U160": {"K51-U170": 76.700349}, "K53-U070": {"K53-U080": 32.59434293318}, "K52A-U170": {"K52A-U180": 275.3301891049081}, "K53-D040": {"K53-D050": 64.3310316902178}, "K53-U110": {"K53-U120": 80.98543489329829}, "K52-nU300": {"K52-nU310": 43.71296247000001}, "K51-U170": {"K51-U180": 58.68720332999999}, "K52-nU270": {"K52-nU280": 162.73959755822042}, "K53-D120": {"K53-D130": 21.222361775888636}, "K51-U130": {"K51-U140": 49.645}, "K52-nD290": {"K52-nD300": 83.96960000000001}, "K51-D240": {"K51-D250": 95.02988000000002}, "K54A-D010": {"K54A-D020": 110.722885209451}, "K54A-D030": {"K54A-D040": 67.39213458292483}, "K51-U140": {"K51-U150": 33.049291000000004}, "K54A-D040": {"K54A-D050": 122.88882315960056}, "K53-U050": {"K53-U060": 111.83864459088002}, "K54A-D020": {"K54A-D030": 148.72085225964173}, "K51-U120": {"K51-U130": 94.09983}, "K52-nD240": {"K52-nD250": 132.93807999999999}, "K53-U030": {"K53-U040": 158.565}, "K53-D010": {"K53-D015": 77.77179392676368}, "K51-U090": {"K51-U100": 99.99}, "K52-nD260": {"K52-nD270": 31.284792}, "K51-U200": {"K51-U210": 74.326249}, "K54A-U040": {"K54A-U050": 91.85000000000001}, "K54A-U010": {"K54A-U020": 71.5}, "K51-U110": {"K51-U120": 94.12755000000001}, "K52-nU250": {"K52-nU260": 55.33}, "K51-U100": {"K51-U110": 165.0}, "K51-U210": {"K51-U220": 40.12782430000001}, "K52-nU210": {"K52-nU220": 70.51}, "K51-D260": {"K51-D270": 47.66559000000001}, "K54A-U030": {"K54A-U040": 92.18}, "K51-D250": {"K51-D260": 152.91135419999998}, "K52-nU290": {"K52-nU300": 39.66842000000001}, "K52-nU280": {"K52-nU290": 51.419000000000004}, "K53-D160": {"K53-U011": 113.21044141000002}, "K51-D220": {"K51-D230": 202.4}}