{"K65-U160": {"K65-U170": 46.2}, "K65-U190": {"K65-U200": 17.648400000000002}, "K65-U140": {"K65-U150": 68.42}, "K65-U210": {"K65-U220": 68.2327926}, "K65-U180": {"K65-U190": 74.80000000000001}, "K65-U170": {"K65-U180": 48.85000000000001}, "K65-U130": {"K65-U140": 25.190000000000005}}