{"KAT": {"DIH": 131.74596596339916, "SUW": 123.12024855899999}}