{"KOW": {"HOK": 177.74210021355753, "OLY": 132.28954036530078, "TSY": 527.6456103578123}, "KOT": {"TAW": 316.7253074009215, "MKK": 175.93109526739545, "SKM": 131.17264638916896, "LOF": 128.73331156888113}, "KOB": {"NTK": 130.1180774461087, "CHH": 169.90634594705998}}