{"KSR": {"TWW": 647.1191217282787, "YUL": 243.85371949126738}}