{"LAK": {"TSY": 195.82361279937686, "NAC": 230.02917541177013, "KWF": 135.49762395209436, "MEF": 134.52716096044156}, "LAT": {"KWT": 130.30532981424093, "YAT": 128.58851559424892}}