{"LCK": {"MEF": 132.12462006469815, "CSW": 129.96212537558114}}