{"LOF": {"KOT": 131.35864600409155, "WTS": 130.81145974689986}, "LOW": {"SHS": 252.2568637522842}, "LOP": {"TIS": 191.91046558346756, "YUL": 111.874718876253}}