{"MEF": {"LCK": 131.61671953989944, "NAC": 187.4898036266996, "LAK": 133.60836981905013, "TWW": 334.8837172208522}}