{"MKK": {"KOT": 201.50854996582225, "HUH": 281.10615336356943}}