{"NOP": {"QUB": 129.9653239856745, "FOH": 129.8431736163961}}