{"OCP": {"WCH": 132.26616112497703, "ADM": 287.6319565601101}}