{"SHT": {"FOT": 227.69038128421812, "TAW": 192.30359120265294}, "SHM": {"CIO": 120.89179088764536, "TSH": 244.52484028064495}, "SHS": {"LOW": 261.7548038606344, "FAN": 142.0858265662754, "LMC": 495.5483776555631}, "SHW": {"CEN": 128.84679966160053, "SYP": 136.2452134723066}}