{"SIH": {"TIS": 370.0091503329994, "TUM": 154.45979989193663}}