{"STW": {"CKT": 132.78991481338417, "CIO": 162.7073009373834}}