{"TAW": {"KOT": 324.7968697716137, "CKT": 296.75863879818235, "SHT": 248.82583859841338, "HIK": 169.10542364386896}, "TAP": {"TWO": 216.67068889073963, "UNI": 417.19998735085085}, "TAK": {"QUB": 123.41321022370396, "SWH": 126.56847080386777}}