{"TWW": {"KSR": 676.8180435830814, "MEF": 293.02609425756697}, "TWO": {"FAN": 310.0769599864526, "TAP": 203.7952498052582}, "TWH": {"KWH": 130.49477167587665, "TSW": 68.91652917152301}}