{"UNI": {"TAP": 411.30322256847995, "FOT": 211.36861324413013}}