{"WAC": {"CAB": 179.71360324766684, "ADM": 128.51770436229276}}