{"WTS": {"DIH": 108.88113694784253, "LOF": 114.74855632944278}}