{"YUL": {"KSR": 254.08687252917736, "LOP": 129.1507980499639}}