{"5": {"305": 75.9338677432086, "6": 118.86707564560008}}