{"AIR": {"TSY": 1616.9544954299258, "AWE": 105.34745834347083}}