{"AUS": {"NAC": 213.77173373750242, "ETS": 142.183455249264}}