{"CHH": {"DIH": 130.91716814537614, "KOB": 153.61160410462617}, "CHW": {"HFC": 110.01036838582436}}