{"CKT": {"STW": 131.90137725414198, "TAW": 131.78066854746447}}