{"CSW": {"LCK": 126.08840778165874, "SSP": 129.63879510220124}}