{"DIS": {"SUN": 198.58233387484285}, "DIH": {"WTS": 123.54793087948588, "HIK": 300.08480805481196, "KAT": 165.182134243289, "CHH": 129.40879565805363}}