{"EXC": {"HUH": 177.18661004904376, "ADM": 65.26154297441084}}