{"HAH": {"TKO": 167.78769476774812, "POA": 151.24226024911596}}