{"HEO": {"TSH": 133.64141282948017, "MOS": 129.6064464614824}}