{"HFC": {"SKW": 157.46398756257724, "CHW": 148.7609599565144}}