{"HIK": {"DIH": 318.19509237412154, "TAW": 153.1983730447766}}