{"HKU": {"SYP": 129.82737556899372, "KET": 95.42224874907572}}