{"HUH": {"MKK": 195.85348591701532, "EXC": 193.91185657083415, "HOM": 132.18500749404427, "ETS": 256.62258929303283}}