{"K12-U020": {"K12-U030": 203.02208449549465}, "K12-U010": {"K12-U020": 303.21767579454223}, "K12-D010": {"K12-D020": 143.48269940879695}, "K12-D020": {"K12-D030": 310.74060039888303}, "K12-D030": {"K12-D040": 99.14118856045057}, "K17-U030": {"K17-U040": 31.36912438}, "K17-U020": {"K17-U030": 116.03499600000002}, "K17-D020": {"K17-D030": 80.34533988830779}, "K18-U020": {"K18-U030": 58.35288679444686}, "K17-U010": {"K17-U020": 224.43349720000006}, "K18-D010": {"K18-D020": 230.7108363681868}, "K18-D020": {"K18-D030": 71.5553663}, "K18-U010": {"K18-U020": 219.00373440000004}, "K14-D020": {"K14-D030": 19.85875958}, "K17-D010": {"K17-D020": 279.95000000000005}, "K14-D010": {"K14-D020": 276.3679006000001}}