{"K52-nU210": {"K52-nU220": 76.57333188075916}, "K53-U030": {"K53-U040": 184.97018692984733}, "K53-D060": {"K53-D070": 118.89352253816142}, "K52-nD130": {"K52-nD140": 84.83653985042253}, "K52-nD070": {"K52-nD080": 130.34936663635293}, "K53-U120": {"K53-U130": 59.458831908449305}, "K53-D140": {"K53-D150": 157.99430400725907}, "K51-D170": {"K51-D180": 94.09796100269229}, "K52-nD290": {"K52-nD300": 92.85863347940071}, "K51-U150": {"K51-U160": 67.65398444479104}, "K51-U220": {"K51-U230": 58.6842397613569}, "K51-D220": {"K51-D230": 282.52234748875566}, "K52-nU220": {"K52-nU230": 84.98274673817492}, "K51-U200": {"K51-U210": 77.45377272642887}, "K51-D140": {"K51-D150": 65.04692645266528}, "K54-D030": {"K54-D040": 55.81429572953933}, "K52A-U170": {"K52A-U180": 275.33085192365206}, "K53-U020": {"K53-U030": 131.82556020166453, "K53-D160": 1274.409230856427}, "K52-nD140": {"K52-nD150": 103.95889785502777}, "K53-U070": {"K53-U080": 36.63579708115682}, "K51-D250": {"K51-D260": 136.81219808567246}, "K51-D030": {"K51-D040": 35.47938728948227}, "K52-nU070": {"K52-nU080": 99.81799854817757}, "K52-nD110": {"K52-nD120": 129.82405310632137}, "K51-U170": {"K51-U180": 63.16928732624442}, "K51-D020": {"K51-D030": 49.82216559567875}, "K54-U040": {"K54-U050": 134.77476648090527}, "K51-U240": {"K51-U250": 116.4651373369085}, "K51A-U050": {"K51A-U060": 254.17188344228535}, "K52-nU300": {"K52-nU310": 41.76005508399775}, "K51-D260": {"K51-D270": 64.69726328606806}, "K51A-D180": {"K51A-D190": 119.371630918408}, "K52-nU160": {"K52-nU170": 48.269434202211855}, "K53-D015": {"K53-D020": 48.608083615809456}, "K53-D030": {"K53-D040": 63.89816347379625}, "K51A-D170": {"K51A-D180": 159.920816}, "K53-U060": {"K53-U070": 66.46315342453634}, "K53-U040": {"K53-U050": 93.45385348047462}, "K53-D040": {"K53-D050": 67.45853706852868}, "K53-U110": {"K53-U120": 86.52479275158393}, "K51-U230": {"K51-U240": 50.23323918482493}, "K52-nD020": {"K52-nD030": 37.91373424496719}, "K53-D010": {"K53-D015": 92.55513962855699}, "K53-U050": {"K53-U060": 122.77881211261982}, "K51-U100": {"K51-U110": 179.79297686082697}, "K52-nD090": {"K52-nD100": 64.78949538313432}, "K51-U060": {"K51-U070": 237.78805172549718}, "K53-D110": {"K53-D120": 130.33912853130462}, "K52-nU150": {"K52-nU160": 81.82712687455725}, "K52-nD200": {"K52-nD210": 106.48726341880774}, "K52-nD280": {"K52-nD290": 86.07014323073756}, "K51-U030": {"K51-U040": 44.12359855615536}, "K51-D040": {"K51-D050": 48.946875332353386}, "K53-U130": {"K53-U140": 41.915483069083855}, "K52-nD160": {"K52-nD170": 131.03479271721827}, "K51-D180": {"K51-D190": 151.96584087150467}, "K52-nD220": {"K52-nD230": 83.71123627006008}, "K51-D090": {"K51-D100": 67.62794701691936}, "K53-D020": {"K53-D030": 98.4109396293959}, "K51-D050": {"K51-D060": 58.2316435980992}, "K54-D020": {"K54-D030": 192.07702100587238}, "K53-U010": {"K53-U020": 231.85677038511685}, "K53-U080": {"K53-U090": 68.15919722392469}, "K51-D010": {"K51-D020": 110.68132701227698}, "K51-U110": {"K51-U120": 88.33613074785289}, "K51A-D020": {"K51A-D030": 99.70119843068518}, "K53-U140": {"K53-D010": 81.02232863413487}, "K51A-U020": {"K51A-U030": 115.89755230949856}, "K52-nD040": {"K52-nD050": 35.29843021008479}, "K51-U190": {"K51-U200": 74.41555257276833}, "K51A-U160": {"K51A-U170": 55.6355}, "K54-D040": {"K54-D050": 137.55803214359267}, "K53-D100": {"K53-D110": 63.670459104091194}, "K53-U100": {"K53-U110": 52.081031590540455}, "K51A-U200": {"K51A-U210": 62.62364000000001}, "K52-nD210": {"K52-nD220": 183.5758166833524}, "K51-D110": {"K51-D120": 35.11778242639025}, "K51-U090": {"K51-U100": 144.04146418610566}, "K52-nU020": {"K52-nU030": 72.13745169808331}, "K52-nU090": {"K52-nU100": 79.29446124374684}, "K51-U020": {"K51-U030": 88.50645274652}, "K51A-U080": {"K51A-U090": 154.87919947648828}, "K54-U020": {"K54-U030": 128.2488072857763}, "K52-nU100": {"K52-nU110": 152.48941581784817}, "K53-D050": {"K53-D060": 68.16494999766064}, "K52-nU180": {"K52-nU190": 79.4108203323922}, "K51-D210": {"K51-D220": 120.46884739111617}, "K51-D230": {"K51-D240": 72.63459296051718}, "K54-U070": {"K54-D010": 127.19510595696798}, "K51A-D070": {"K51A-D080": 85.82327769536157}, "K52-nD050": {"K52-nD060": 31.97273146043318}, "K52-nU230": {"K52-nU240": 90.40993250026773}, "K52-nU030": {"K52-nU040": 115.27679937914704}, "K51-U070": {"K51-U080": 167.90817067522826}, "K51-D120": {"K51-D130": 55.949289464008835}, "K51-D160": {"K51-D170": 47.19181419103749}, "K52-nD030": {"K52-nD040": 114.20887294938629}, "K51-D190": {"K51-D200": 147.56844319695054}, "K51-D200": {"K51-D210": 109.92563116071562}, "K51-U180": {"K51-U190": 100.62459221966573}, "K51-U120": {"K51-U130": 145.03564651488188}, "K52-nD010": {"K52-nD020": 18.697590726593603}, "K54-U050": {"K54-U060": 318.173597354919}, "K52-nU270": {"K52-nU280": 170.57164631294933}, "K53-D130": {"K53-D140": 85.60287017775838}, "K51A-D080": {"K51A-D090": 134.9208074229639}, "K51-D100": {"K51-D110": 123.34639830355975}, "K52-nU110": {"K52-nU120": 145.49722414183708}, "K53-D090": {"K53-D100": 43.90090476754632}, "K53-D120": {"K53-D130": 54.303173923041356}, "K54-U010": {"K54-U020": 115.90448338767972}, "K52-nD060": {"K52-nD070": 131.20145059080303}, "K52-nD190": {"K52-nD200": 126.09776435595327}, "K51A-D150": {"K51A-D160": 102.30286166348846}, "K51A-D210": {"K51A-D220": 71.8306974}, "K51-D080": {"K51-D090": 107.58275271095707}, "K53-D070": {"K53-D080": 41.710678251783136}, "K51A-D100": {"K51A-D110": 51.60225959012301}, "K52-nD260": {"K52-nD270": 48.22840250564043}, "K52-nU040": {"K52-nU050": 67.13277963866118}, "K51A-U220": {"K51A-U230": 79.77219800000002}, "K51-D150": {"K51-D160": 158.54777425323772}, "K52-nU120": {"K52-nU140": 77.46098391440695}, "K53-U090": {"K53-U100": 97.0854343881069}, "K54-D060": {"K54-D070": 138.48765353709334}, "K52-nU280": {"K52-nU290": 52.08852562836968}, "K51-U050": {"K51-U060": 270.29930357683645}, "K52-nU140": {"K52-nU150": 153.99956254768918}, "K51A-U030": {"K51A-U040": 57.95906915127682}, "K52-nD100": {"K52-nD110": 58.51522830981493}, "K52-nD250": {"K52-nD260": 163.00423811010683}, "K52A-D010": {"K52A-D020": 277.22522154457425}, "K54-U060": {"K54-U070": 181.96286133849623}, "K52A-U140": {"K52A-U150": 160.3578353567487}, "K52A-D060": {"K52A-D070": 129.34768316859828}, "K51-U140": {"K51-U150": 45.2310178468657}, "K52-nD080": {"K52-nD090": 68.79847687689758}, "K51-D130": {"K51-D140": 43.404503108857554}, "K51-D270": {"K51-D280": 94.88770276116956}, "K51-U010": {"K51-U020": 50.83717696953962}, "K51-U210": {"K51-U220": 51.933417967716096}, "K51A-D010": {"K51A-D020": 52.87603282715023}, "K54-D050": {"K54-D060": 64.4630355291829}, "K52-nU240": {"K52-nU250": 78.24967385943478}, "K52-nD170": {"K52-nD180": 92.28081365728035}, "K51A-U070": {"K51A-U080": 164.74850664182506}, "K51A-D030": {"K51A-D040": 43.631104736300216}, "K53-D080": {"K53-D090": 46.620994682916624}, "K52-nU200": {"K52-nU210": 76.9323520432166}, "K52-nU190": {"K52-nU200": 117.3432989711865}, "K51A-U040": {"K51A-U050": 126.34292192818637}, "K52-nU260": {"K52-nU270": 115.19421100816399}, "K51A-U010": {"K51A-U020": 74.400582159873}, "K51-U160": {"K51-U170": 107.10800073405139}, "K51A-D120": {"K51A-D140": 150.03932546125347}, "K51-D070": {"K51-D080": 60.16572321810643}, "K51-D240": {"K51-D250": 121.32847399572331}, "K52-nU050": {"K52-nU060": 232.41289449636196}, "K52-nD270": {"K52-nD280": 88.10553568873499}, "K51A-U090": {"K51A-U100": 122.29490185227999}, "K51A-U150": {"K51A-U160": 92.96225512434002}, "K51A-U060": {"K51A-U070": 262.7175338805194}, "K51A-U170": {"K51A-U180": 66.6552997}, "K51-D280": {"K51-D290": 59.02651389674683}, "K52-nD120": {"K52-nD130": 73.48213202037871}, "K51A-D050": {"K51A-D060": 84.054465839865}, "K52-nU060": {"K52-nU070": 85.46334650714589}, "K51A-D260": {"K51A-D270": 56.460300000000004}, "K52-nU010": {"K52-nU020": 71.00845356850566}, "K52-nD150": {"K52-nD160": 87.31744523044134}, "K51A-U210": {"K51A-U220": 80.907904}, "K51A-D040": {"K51A-D050": 107.18339863650507},