{"KAT": {"DIH": 142.35405407909752, "SUW": 129.3884793709845}}