{"KSR": {"TWW": 712.0197261756055, "YUL": 234.17971668264028}}