{"LAT": {"KWT": 128.74142162239588, "YAT": 128.0803455536516}, "LAK": {"MEF": 132.31161225595153, "TSY": 193.7548580851448, "KWF": 140.4433303206375, "NAC": 258.6316755464171}}