{"LCK": {"CSW": 131.6712049299254, "MEF": 131.83925342512865}}