{"LOW": {"SHS": 220.0824388457997}, "LOF": {"KOT": 131.80177440823223, "WTS": 129.94651886585376}, "LOP": {"YUL": 125.38059361783401, "TIS": 182.4149054733137}}