{"MEF": {"TWW": 335.5735615423508, "NAC": 184.032098864535, "LAK": 138.18858302760256, "LCK": 129.67561014811554}}