{"MOK": {"YMT": 128.59563186763233, "PRE": 128.83498483327256}, "MOS": {"HEO": 141.65305590837937, "WKS": 171.09248890472443}}