{"NAC": {"LAK": 255.29036939356178, "AUS": 207.13396347491374, "OLY": 87.30549323222994, "MEF": 191.542450608064}}