{"NOP": {"FOH": 131.6055467009692, "QUB": 131.56447030663452}}