{"NTK": {"KOB": 130.88682677802234, "KWT": 121.37179385744969}}