{"QUB": {"YAT": 263.16275013156013, "TAK": 125.66314528743253, "NOP": 129.54453563087492}}