{"SKM": {"KOT": 135.8958505633187, "PRE": 132.9465291055464}, "SKW": {"HFC": 144.25473493185774, "SWH": 105.05211565205005}}