{"SSP": {"CSW": 125.67039171346713, "PRE": 129.81604545850834}}