{"SYP": {"SHW": 138.9290615503262, "HKU": 116.13027137998287}}