{"TAP": {"TWO": 173.10429582206433, "UNI": 376.16023265819064}, "TAW": {"CKT": 272.6244305892465, "KOT": 317.2647612646731, "SHT": 128.59145836715058, "HIK": 166.48258857199363}, "TAK": {"SWH": 122.57415767280187, "QUB": 127.71889311820291}}