{"TUM": {"SIH": 160.0989756307182}, "TUC": {"SUN": 642.0313582311885}}