{"TWO": {"FAN": 331.411217444366, "TAP": 177.01780335322138}, "TWW": {"MEF": 312.47905633285274, "KSR": 611.6153415682828}, "TWH": {"KWH": 141.08340776982777, "TSW": 87.04646888199548}}