{"WAC": {"ADM": 130.81119455742228, "CAB": 178.1628041617183}}