{"WCH": {"OCP": 120.21671318472124, "LET": 155.10470486193262}}