{"YMT": {"MOK": 103.04371224666559, "JOR": 129.27997054697371, "HOM": 164.3665777026883}}