{"YUL": {"KSR": 251.14906773393517, "LOP": 121.20094452021424}}