{"AUS": {"NAC": 213.69749679281549, "ETS": 142.8062896}}