{"CHH": {"KOB": 163.06854984790834, "DIH": 136.63676693018886}, "CHW": {"HFC": 100.08008500724442}}