{"CIO": {"SHM": 127.49949081895147, "STW": 131.61796675989018}}