{"CSW": {"SSP": 128.6345322361713, "LCK": 131.63628287428392}}