{"EXC": {"HUH": 138.81362390220906, "ADM": 90.48784928172212}}