{"HAH": {"TKO": 159.40117380245638, "POA": 126.25040658789419}}