{"HEO": {"MOS": 135.7893271708761, "TSH": 132.24114159975184}}