{"HFC": {"SKW": 153.6074137564417, "CHW": 135.89474459458648}}