{"HIK": {"DIH": 309.68534573151237, "TAW": 148.00159930631995}}