{"HKU": {"SYP": 121.30269582763599, "KET": 97.41689383754132}}