{"HOK": {"KOW": 196.33957780490545}, "HOM": {"YMT": 159.38970731293995, "TKW": 133.6402924756381, "WHA": 82.67184177239935, "HUH": 140.6989797756986}}