{"HUH": {"EXC": 188.96405020147307, "MKK": 208.7528360642209, "HOM": 121.98461738792449, "ETS": 190.1119255837097}}