{"JOR": {"TST": 114.81648551729556, "YMT": 128.74521506373375}}