{"K12-D010": {"K12-D020": 181.1603841250757}, "K12-D020": {"K12-D030": 332.97845029626626}, "K12-U010": {"K12-U020": 280.62287657042737}, "K12-U020": {"K12-U030": 210.76978819058604}, "K12-D030": {"K12-D040": 25.20241439897183}, "K18-D010": {"K18-D020": 201.61969894}, "K18-U010": {"K18-U020": 297.26399999999995}, "K18-D020": {"K18-D030": 39.050303050000004}, "K18-U020": {"K18-U030": 74.52355746000002}, "K17-D020": {"K17-D030": 24.920081999999997}, "K17-U020": {"K17-U030": 132.11}, "K17-U030": {"K17-U040": 24.701186400000005}, "K17-D010": {"K17-D020": 266.06748300000004}, "K17-U010": {"K17-U020": 266.20000000000005}}