{"K51-D030": {"K51-D040": 27.675726806147356}, "K53-D015": {"K53-D020": 51.3436758384427}, "K52-nU020": {"K52-nU030": 79.90833905958996}, "K53-D030": {"K53-D040": 67.60304090908292}, "K53-D050": {"K53-D060": 75.20966601082833}, "K53-U080": {"K53-U090": 76.56417569879015}, "K53-U050": {"K53-U060": 150.06603952928268}, "K52-nD270": {"K52-nD280": 96.02921510241265}, "K51-D230": {"K51-D240": 76.86564972885743}, "K53-U020": {"K53-U030": 167.50961278030013, "K53-D160": 938.7872035536063}, "K51-U130": {"K51-U140": 72.44323650166065}, "K51-D160": {"K51-D170": 57.297572908535514}, "K54-D050": {"K54-D060": 93.11010454449982}, "K52-nD060": {"K52-nD070": 125.3148812132383}, "K53-D080": {"K53-D090": 39.32587533074282}, "K53-U100": {"K53-U110": 71.38194980444368}, "K53-U130": {"K53-U140": 45.025825782193685}, "K53-U040": {"K53-U050": 124.93305940612645}, "K52-nU250": {"K52-nU260": 63.54135849549999}, "K54-U030": {"K54-U040": 121.54336114625907}, "K52-nD260": {"K52-nD270": 58.211231245733}, "K51-U240": {"K51-U250": 105.325187318672}, "K53-D020": {"K53-D030": 108.60903453156334}, "K52-nD170": {"K52-nD180": 78.04786160726083}, "K52-nU170": {"K52-nU180": 121.97448601265747}, "K52A-U140": {"K52A-U150": 160.3590213918522}, "K51-U100": {"K51-U110": 211.1541582802301}, "K52-nD150": {"K52-nD160": 82.56727885834124}, "K53-D120": {"K53-D130": 48.14647586511388}, "K53-U120": {"K53-U130": 68.30368386939413}, "K53-D010": {"K53-D015": 101.33209211571076}, "K51-D140": {"K51-D150": 78.35597003783116}, "K53-D130": {"K53-D140": 92.5683255501376}, "K52A-D060": {"K52A-D070": 129.34768316859828}, "K54-U050": {"K54-U060": 314.3994955735454}, "K51-D070": {"K51-D080": 45.68851390353384}, "K52-nU100": {"K52-nU110": 150.13403395097976}, "K52A-D010": {"K52A-D020": 277.2239531742659}, "K51-U150": {"K51-U160": 77.26618420088488}, "K52-nU260": {"K52-nU270": 59.53264103114831}, "K53-U110": {"K53-U120": 93.06087627913107}, "K54-U040": {"K54-U050": 134.51407602591593}, "K53-D040": {"K53-D050": 65.15395039714348}, "K53-U060": {"K53-U070": 65.88102809657269}, "K52-nD100": {"K52-nD110": 52.93641742965061}, "K52-nD050": {"K52-nD060": 26.731972333505393}, "K52-nU180": {"K52-nU190": 79.10404288578852}, "K51-D100": {"K51-D110": 136.77926645689035}, "K54-D020": {"K54-D030": 239.22458189571375}, "K51-D270": {"K51-D280": 92.61125941451427}, "K51-D110": {"K51-D120": 46.29437801891585}, "K52-nD140": {"K52-nD150": 97.3190697695015}, "K51-U200": {"K51-U210": 85.47312873908277}, "K51-D260": {"K51-D270": 53.831400718139854}, "K52-nU230": {"K52-nU240": 65.34390065451196}, "K53-U140": {"K53-D010": 84.88933186596834}, "K51-U230": {"K51-U240": 48.7653245152453}, "K53-U010": {"K53-U020": 223.58068435965993}, "K52-nU290": {"K52-nU300": 93.66224315607334}, "K51-U190": {"K51-U200": 80.58947029302534}, "K54-U010": {"K54-U020": 54.13255121906261}, "K53-U030": {"K53-U040": 212.10112483653157}, "K51-U070": {"K51-U080": 166.5618545594506}, "K52-nU060": {"K52-nU070": 126.59895571724617}, "K54-U060": {"K54-U070": 191.57691126206547}, "K51-U030": {"K51-U040": 57.55664710072667}, "K52-nU140": {"K52-nU150": 151.49096721523512}, "K51-U080": {"K51-U090": 154.95279041406081}, "K53-D140": {"K53-D150": 144.73915012314916}, "K52-nD160": {"K52-nD170": 125.87910787210978}, "K52A-U170": {"K52A-U180": 275.3327967120307}, "K51-D120": {"K51-D130": 38.14100016560531}, "K51-D130": {"K51-D140": 46.275406988323304}, "K53-D100": {"K53-D110": 74.42877899695165}, "K51-D020": {"K51-D030": 51.46861236483066}, "K51-D210": {"K51-D220": 147.0161650141867}, "K52-nU010": {"K52-nU020": 38.72819383699295}, "K52-nU270": {"K52-nU280": 166.14109110041778}, "K52-nU210": {"K52-nU220": 74.58776087425744}, "K51-U050": {"K51-U060": 263.3542842942547}, "K52-nD070": {"K52-nD080": 96.88116419549257}, "K53-U090": {"K53-U100": 93.5605036398774}, "K54-U020": {"K54-U030": 114.33644401317599}, "K53-D060": {"K53-D070": 132.095882912735}, "K51-U220": {"K51-U230": 67.51951785999321}, "K52-nU160": {"K52-nU170": 32.68987573339686}, "K52-nD120": {"K52-nD130": 39.32874193202356}, "K51-D010": {"K51-D020": 81.19211080797831}, "K54-D040": {"K54-D050": 171.96778095093714}, "K51-U110": {"K51-U120": 133.6686888283154}, "K51-U140": {"K51-U150": 53.88080939974325}, "K52-nU040": {"K52-nU050": 62.02376567521626}, "K52-nD220": {"K52-nD230": 131.03068209854013}, "K51-D190": {"K51-D200": 144.70130218307847}, "K53-U070": {"K53-U080": 54.97182686561835}, "K52-nU300": {"K52-nU310": 44.34197371215337}, "K52-nD250": {"K52-nD260": 166.75832662256965}, "K52-nD200": {"K52-nD210": 131.90017627249617}, "K52-nD210": {"K52-nD220": 206.95395172048316}, "K51-U010": {"K51-U020": 30.520561858622937}, "K53-D090": {"K53-D100": 42.55530503141666}, "K51-U040": {"K51-U050": 117.91659325351118}, "K52-nU120": {"K52-nU140": 122.50446663150815}, "K51-D090": {"K51-D100": 80.59947162274318}, "K52-nD280": {"K52-nD290": 87.91372076893043}, "K52-nU090": {"K52-nU100": 113.59027218223018}, "K52-nU150": {"K52-nU160": 76.02778282821315}, "K51-U090": {"K51-U100": 163.18582856337156}, "K51-U060": {"K51-U070": 253.96240355427562}, "K51-D200": {"K51-D210": 102.3783861938272}, "K52-nU190": {"K52-nU200": 136.44384966078692}, "K52-nU030": {"K52-nU040": 117.65578779233385}, "K54-D010": {"K54-D020": 156.02519970538472}, "K52-nU070": {"K52-nU080": 93.88701463035423}, "K54-D030": {"K54-D040": 66.95733745736877}, "K51-D040": {"K51-D050": 39.00081925867626}, "K52-nU200": {"K52-nU210": 78.05313705407636}, "K51-U160": {"K51-U170": 101.23576341056963}, "K54-D060": {"K54-D070": 150.64157065109993}, "K51-U210": {"K51-U220": 51.01062922443757}, "K51-D180": {"K51-D190": 148.5350500142691}, "K52-nU240": {"K52-nU250": 50.91066821347154}, "K52-nD040": {"K52-nD050": 16.338790304411077}, "K52-nD130": {"K52-nD140": 82.3975203887118}, "K52-nD190": {"K52-nD200": 141.0815729164185}, "K52-nD080": {"K52-nD090": 30.336624062305827}, "K52-nU110": {"K52-nU120": 143.49181295259427}, "K52-nU220": {"K52-nU230": 80.27186891250064}, "K51-U120": {"K51-U130": 151.694427663228}, "K51-D240": {"K51-D250": 118.56275399782407}, "K52-nU050": {"K52-nU060": 222.80001448868498}, "K52-nD240": {"K52-nD250": 142.50490068493164}, "K51-D280": {"K51-D290": 76.53383210046245}, "K51-U170": {"K51-U180": 73.47367209798804}, "K53-D150": {"K53-D160": 141.26385799955614}, "K51-D220": {"K51-D230": 274.65608107803035}, "K51-D170": {"K51-D180": 97.8070826892213}, "K51-U020": {"K51-U030": 95.71518289545551}, "K52-nU080": {"K52-nU090": 56.50403584117235}, "K51-D250": {"K51-D260": 176.74184442545842}, "K52-nD110": {"K52-nD120": 132.4770294719223}, "K51-D050": {"K51-D060": 38.9704128945588}, "K52-nD030": {"K52-nD040": 19.055583577027452}, "K53-D110": {"K53-D120": 152.0091331421962}, "K54-U070": {"K54-D010": 155.7786677251178}, "K52-nD090": {"K52-nD100": 50.29745423131991}, "K51-D150": {"K51-D160": 168.29992565520527}, "K52-nD020": {"K52-nD030": 13.85593391689523}, "K51-D080": {"K51-D090": 94.6077128107537}, "K52-nD010": {"K52-nD020": 16.82450973542852}, "K52-nD230": {"K52-nD240": 157.19683058564175}, "K51-U180": {"K51-U190": 107.17756276316763}, "K52-nD290": {"K52-nD300": 102.56323272828126}, "K52-nD180": {"K52-nD190": 139.3977572352776}, "K53-D070": {"K53-D080": 45.4630465578858}, "K54A-D020": {"K54A-D030": 173.3486783503502}, "K54A-D030": {"K54A-D040": 93.74422686633329}, "K54A-D010": {"K54A-D020": 239.5150892114604}, "K54A-D040": {"K54A-D050": 150.97458278122915}, "K51-D060": {"K51-D070": 35.61399457}, "K52-nU280": {"K52-nU290": 47.81729976400094}, "K53-D190": {"K53-U011": 434.06000000000006}, "K53-D170": {"K53-D180": 332.20000000000005}, "K53-D180": {"K53-D190": 83.86290000000001}, "K53*-U010": {"K53*-U020": 187.7248079963772}, "K53*-U020": {"K53*-U030": 84.2172122}, "K53-D160": {"K53-U011": 166.35187275507477}, "K53*-U030": {"K53*-U040": 447.77031639999996}}