{"K65-D080": {"K65-D090": 46.21325929752587}, "K66-D130": {"K66-D140": 29.80947718606327}, "K66-D020": {"K66-D030": 63.7980467805865}, "K66-D100": {"K66-D110": 36.21464849042119}, "K65-U140": {"K65-U150": 106.80967633024677}, "K65-D020": {"K65-D030": 59.65334764438769}, "K68-D170": {"K68-D180": 39.511083755146956}, "K66-U080": {"K66-U090": 170.21424230201197}, "K65-D060": {"K65-D070": 65.15348898363307}, "K66-D140": {"K66-D150": 80.6147538359402}, "K66-U120": {"K66-U130": 48.501395471687914}, "K66-D040": {"K66-D050": 32.28946720704435}, "K65-U060": {"K65-U070": 36.92419501821465}, "K68-D030": {"K68-D040": 74.01483135312574}, "K66-D190": {"K66-D200": 70.7915055521017}, "K66-D110": {"K66-D120": 29.118999299010504}, "K65-D170": {"K65-D180": 79.43339149172957}, "K66-U030": {"K66-U040": 168.1937696297711}, "K66-D170": {"K66-D180": 180.01575355326568}, "K68-U020": {"K68-U030": 36.781730200436954}, "K65-D070": {"K65-D080": 95.12389575362457}, "K68-D160": {"K68-D170": 80.46754153123445}, "K68-U110": {"K68-U120": 179.53922045475514, "K68-D090": 539.82951}, "K68-U150": {"K68-U160": 86.30044140023607}, "K66-D230": {"K66-D240": 90.78816764415994}, "K68-U090": {"K68-U100": 118.32931727167332}, "K66-U210": {"K66-U220": 48.754890043364625}, "K65-U180": {"K65-U190": 77.47443358844825}, "K65-U010": {"K65-U020": 269.4954668057827}, "K65-U100": {"K65-U110": 132.8431658907436}, "K66-D160": {"K66-D170": 126.36947926307543}, "K65-D040": {"K65-D050": 56.324859356891444}, "K66-U130": {"K66-U140": 54.58222778338219}, "K66-U040": {"K66-U050": 119.13518482957753}, "K66-D150": {"K66-D160": 86.85215179861518}, "K65-D130": {"K65-D140": 80.28464654551615}, "K66-D060": {"K66-D070": 34.06667852714109}, "K65-U030": {"K65-U040": 96.95529727106785}, "K66-U100": {"K66-U110": 70.03548042801602}, "K66-D090": {"K66-D100": 35.178606908715054}, "K68-D190": {"K68-D200": 52.38867581031309}, "K65-U050": {"K65-U060": 104.60620388667989}, "K66-U060": {"K66-U070": 173.8184115811612}, "K65-U190": {"K65-U200": 41.98807387725196}, "K66-U170": {"K66-U180": 36.97361463827535}, "K65-U150": {"K65-U160": 60.15133140010602}, "K66-D080": {"K66-D090": 43.48432156247709}, "K65-D010": {"K65-D020": 37.36311914447214}, "K65-U160": {"K65-U170": 61.34801392669109}, "K65-U200": {"K65-U210": 60.34831269595652}, "K68-D060": {"K68-D070": 89.42012414705405}, "K66-U050": {"K66-U060": 39.67874232657706}, "K68-U140": {"K68-U150": 35.2939274737493}, "K65-U080": {"K65-U090": 128.86180445107675}, "K66-U200": {"K66-U210": 60.65411175472989}, "K66-D200": {"K66-D210": 108.25232987005054}, "K66-U020": {"K66-U030": 172.46637620985584}, "K65-U210": {"K65-U220": 84.28879016890328}, "K65-U220": {"K65-U230": 79.30852837262447}, "K66-U010": {"K66-U020": 120.24668807864809}, "K68-D110": {"K68-D120": 89.24482292762144}, "K68-D100": {"K68-D110": 82.39795471395355}, "K65-U020": {"K65-U030": 121.38291378300535}, "K65-U090": {"K65-U100": 54.920773522121706}, "K68-D090": {"K68-D100": 141.60037616440212}, "K66-U110": {"K66-U120": 38.92371549477981}, "K68-D150": {"K68-D160": 57.428532355751884}, "K68-U080": {"K68-U090": 38.769007086674165}, "K65-D100": {"K65-D110": 200.68013757160244}, "K66-D010": {"K66-D020": 51.97352806713089}, "K65-U170": {"K65-U180": 52.31017906454845}, "K66-D210": {"K66-D220": 140.99315078851697}, "K65-D090": {"K65-D100": 81.8405643172521}, "K68-D050": {"K68-D060": 47.76520725112094}, "K68-D070": {"K68-D080": 191.00183037198062}, "K66-D180": {"K66-D190": 54.03148706619136}, "K68-U160": {"K68-U170": 77.33248116752246}, "K66-U180": {"K66-U190": 71.41775038759796}, "K66-D120": {"K66-D130": 59.2173143555471}, "K68-U130": {"K68-U140": 145.16387735089452}, "K66-U140": {"K66-U150": 50.680426458914916}, "K65-U110": {"K65-U120": 107.24220670498744}, "K65-D050": {"K65-D060": 146.34250153492246}, "K65-D120": {"K65-D130": 52.60061071004708}, "K68-U100": {"K68-U110": 171.0525828760338}, "K65-U070": {"K65-U080": 60.10086751690576}, "K66-D050": {"K66-D060": 35.620464893176404}, "K68-U050": {"K68-U060": 44.35407728175788}, "K68-D040": {"K68-D050": 88.70208622101123}, "K66-D220": {"K66-D230": 70.80980407643182}, "K65-D030": {"K65-D040": 53.14230569604526}, "K65-D140": {"K65-D150": 100.65559695940786}, "K65-U040": {"K65-U050": 87.99494502081387}, "K68-D180": {"K68-D190": 23.760795957138185}, "K65-D160": {"K65-D170": 136.91743726738198}, "K68-D140": {"K68-D150": 28.541275548210006}, "K65-D180": {"K65-D190": 104.42909867614136}, "K65-D110": {"K65-D120": 114.74781583849736}, "K68-U010": {"K68-U020": 102.36267668}, "K68-D010": {"K68-D020": 48.331514966201624}, "K66-U090": {"K66-U100": 52.63996325900439}, "K68-U070": {"K68-U080": 27.141886932195803}, "K66-U190": {"K66-U200": 70.53790532787956}, "K68-D130": {"K68-D140": 62.11968666555106}, "K68-U060": {"K68-U070": 73.52965482140529}, "K66-U070": {"K66-U080": 185.44584668251613}, "K68-D020": {"K68-D030": 74.0206973315944}, "K68-D080": {"K68-D090": 76.01974522019}, "K65-D150": {"K65-D160": 89.0263586581326}, "K68-U040": {"K68-U050": 45.84158640192129}, "K68-U170": {"K68-D010": 142.51226826357}, "K68-U030": {"K68-U040": 22.0838328079511}, "K66-D030": {"K66-D040": 69.04472833134461}, "K68-D120": {"K68-D130": 156.69075556947854}, "K65-U130": {"K65-U140": 31.95164817285958}, "K66-U150": {"K66-U160": 62.127537613027755}, "K66-D070": {"K66-D080": 39.792959274774915}, "K66-U160": {"K66-U170": 48.545503620058604}, "K68-D200": {"K68-U011": 60.042076367201105}, "K65-U120": {"K65-U130": 208.3623562303948}, "K68-U120": {"K68-U130": 136.0773084937652}}