{"KAT": {"SUW": 116.19285382574307, "DIH": 153.39093270821556}}