{"KSR": {"YUL": 240.83567633061134, "TWW": 619.6382660995004}}