{"KWT": {"NTK": 129.83202227392434, "LAT": 125.88076456006607}, "KWF": {"LAK": 160.21400774817593, "KWH": 130.90481901610843}, "KWH": {"TWH": 146.4430184585068, "KWF": 131.18955767478823}}