{"LAK": {"NAC": 246.80228989246308, "KWF": 150.40104786077586, "TSY": 193.07790164962395, "MEF": 130.06754010315507}, "LAT": {"YAT": 129.20129505961432, "KWT": 127.83788811479042}}