{"LCK": {"MEF": 130.48489553319638, "CSW": 130.38588720931784}}