{"LET": {"WCH": 186.2982439873222, "SOH": 102.62335598426102}}