{"LOW": {"SHS": 230.19744085162847}, "LOF": {"WTS": 129.6276879930791, "KOT": 127.14218073717316}, "LOP": {"YUL": 120.01044904774062, "TIS": 178.71435532302584}}