{"MKK": {"KOT": 132.87539846129414, "HUH": 196.08601483718027}}