{"NAC": {"LAK": 250.60196494773632, "AUS": 202.8859166789881, "OLY": 90.67850951715869, "MEF": 182.93964448473565}}