{"NTK": {"KOB": 128.35830262654687, "KWT": 129.51796238722298}}