{"OLY": {"NAC": 132.8989039922346, "KOW": 134.21440165123877}}