{"QUB": {"NOP": 129.45400474262854, "YAT": 265.6853415387027, "TAK": 133.6147519034258}}