{"SHW": {"CEN": 117.77613356871136, "SYP": 141.71338416241306}, "SHT": {"TAW": 180.31822425017882, "FOT": 127.98128577591744}, "SHS": {"FAN": 140.3372379775798, "LMC": 443.19296004329715, "LOW": 261.75487095849917}, "SHM": {"TSH": 215.5696533490481, "CIO": 77.78211040757999}}