{"SIH": {"TUM": 154.4564493996075, "TIS": 361.3040117697295}}