{"SKM": {"KOT": 138.2621923707714, "PRE": 128.53759569989862}, "SKW": {"SWH": 114.27828385403618, "HFC": 152.1633490223429}}