{"SSP": {"PRE": 128.45002500860227, "CSW": 127.91411482149927}}