{"STW": {"CKT": 119.3002617289427, "CIO": 144.83156624977116}}