{"SUN": {"DIS": 198.58233387484285, "TSY": 459.2637682713378, "TUC": 823.8869464681718}, "SUW": {"KAT": 120.99626801868433, "TKW": 136.8570979170881}}