{"SWH": {"SKW": 131.20521346409038, "TAK": 127.64470187185096}}