{"TST": {"ADM": 199.83917840830065, "JOR": 92.44471639673276}, "TSY": {"AIR": 1502.539719171097, "LAK": 195.62993848771507, "SUN": 773.4809316864835, "KOW": 447.79623344027766}, "TSW": {"TWH": 95.89961505304312}, "TSH": {"HEO": 129.1390225161594, "SHM": 211.89986150502233}}