{"TUC": {"SUN": 781.5422447211349}, "TUM": {"SIH": 149.3631033566403}}