{"TWH": {"KWH": 136.66023541782158, "TSW": 66.37464992747519}, "TWO": {"TAP": 133.3987077131292, "FAN": 326.697643920087}, "TWW": {"MEF": 312.08759802074104, "KSR": 559.6202660995004}}