{"UNI": {"FOT": 192.55290310613782, "TAP": 368.1545455072438}}