{"WAC": {"ADM": 129.86611960085594, "CAB": 189.16402888819704}}