{"YMT": {"JOR": 128.78230361228003, "HOM": 185.31672747278878, "MOK": 105.0280972688233}}