{"YUL": {"KSR": 246.45482823591834, "LOP": 130.34840349019646}}