{"1": {"6": 201.50782322714014, "2": 202.30411744956845}}