{"AIR": {"TSY": 1599.0513959091215, "AWE": 123.62963135847926}}