{"AUS": {"ETS": 142.26908434767512, "NAC": 203.0760781789836}}