{"CIO": {"STW": 128.05704432830103, "SHM": 134.76701984099003}}