{"CKT": {"TAW": 117.07249054802169, "STW": 127.72659806470324}}