{"DIS": {"SUN": 198.58233387484285}, "DIH": {"KAT": 142.80727751110257, "HIK": 318.0476500868552, "WTS": 127.92594991053026, "CHH": 131.53508473796052}}