{"HAH": {"TKO": 159.14520918145894, "POA": 126.1875616558511}}