{"HEO": {"TSH": 133.9237225896245, "MOS": 128.03298952274002}}