{"HFC": {"SKW": 145.60408546712017, "CHW": 126.0355149582783}}