{"HUH": {"EXC": 182.56691274165672, "MKK": 174.51883104311347, "HOM": 123.01214743871836, "ETS": 187.84717203317044}}