{"JOR": {"TST": 124.50501780960022, "YMT": 133.41202876187793}}