{"K18-U020": {"K18-U030": 63.15392633903578}, "K12-U020": {"K12-U030": 211.5850428944579}, "K12-D030": {"K12-D040": 48.78548434389196}, "K17-D020": {"K17-D030": 30.270523080264855}, "K18-D010": {"K18-D020": 221.5433474302355}, "K18-D020": {"K18-D030": 42.305413954378295}, "K17-D010": {"K17-D020": 293.04660702794985}, "K12-U010": {"K12-U020": 235.57506526868164}, "K12-D020": {"K12-D030": 324.0656133558286}, "K12-D010": {"K12-D020": 182.36070263220216}, "K17-U020": {"K17-U030": 131.0951522505089}, "K18-U010": {"K18-U020": 286.57763770142935}, "K17-U010": {"K17-U020": 289.42559997041513}, "K17-U030": {"K17-U040": 28.564683418642723}}