{"K51-U040": {"K51-U050": 123.6907101660466}, "K54-U060": {"K54-U070": 183.72300994081644}, "K51-U180": {"K51-U190": 100.47572754540302}, "K51-U100": {"K51-U110": 202.5814592486871}, "K54-D060": {"K54-D070": 142.90566982301146}, "K51-U240": {"K51-U250": 107.01629712423187}, "K53-U040": {"K53-U050": 133.37116801584054}, "K52-nD240": {"K52-nD250": 140.33185956380643}, "K51-U150": {"K51-U160": 82.90683005260792}, "K52A-U170": {"K52A-U180": 275.3394218755137}, "K54-D030": {"K54-D040": 69.01189404835871}, "K53-D110": {"K53-D120": 152.54936352935928}, "K53-D120": {"K53-D130": 52.48877614835031}, "K53-U030": {"K53-U040": 204.4720505496663}, "K51-D020": {"K51-D030": 50.46364194524365}, "K53-U050": {"K53-U060": 144.96727955703113}, "K52-nU240": {"K52-nU250": 50.58455147149871}, "K51-U170": {"K51-U180": 78.38101848091544}, "K54-U050": {"K54-U060": 295.4047482007237}, "K52-nD040": {"K52-nD050": 132.51542638069463}, "K52-nU070": {"K52-nU080": 91.08997541051}, "K52-nD150": {"K52-nD160": 84.17155030982504}, "K51-D240": {"K51-D250": 124.4717561241486}, "K53-U020": {"K53-U030": 160.73512755247194, "K53-D160": 812.8554378219918}, "K51-U080": {"K51-U090": 152.80796528234464}, "K51-D270": {"K51-D280": 76.02519046670001}, "K52A-U140": {"K52A-U150": 160.3587376188347}, "K51-D110": {"K51-D120": 46.151724825025305}, "K53-D015": {"K53-D020": 51.34283570171376}, "K52-nD080": {"K52-nD090": 29.10312150510427}, "K54-D050": {"K54-D060": 91.6408909795901}, "K52-nD230": {"K52-nD240": 161.72637225650706}, "K53-U090": {"K53-U100": 100.68232351547636}, "K53-U060": {"K53-U070": 60.932011587502856}, "K51-D050": {"K51-D060": 45.81777827254693}, "K53-U070": {"K53-U080": 50.53900657948923}, "K52A-D010": {"K52A-D020": 277.22514609909916}, "K52-nD090": {"K52-nD100": 48.31629627104935}, "K53-D040": {"K53-D050": 59.67918303452835}, "K53-D010": {"K53-D015": 95.67332061837593}, "K52-nD130": {"K52-nD140": 78.71721475481482}, "K51-U140": {"K51-U150": 53.47270854235776}, "K53-D090": {"K53-D100": 41.67469717772849}, "K51-D030": {"K51-D040": 28.611290495728678}, "K53-U080": {"K53-U090": 79.49297270637994}, "K53-U100": {"K53-U110": 78.4677543999172}, "K51-D140": {"K51-D150": 77.88388327703538}, "K53-U110": {"K53-U120": 93.65658410810835}, "K52-nD030": {"K52-nD040": 19.953222664269532}, "K52-nU120": {"K52-nU140": 115.26189805251002}, "K52-nU160": {"K52-nU170": 39.577055106839296}, "K51-U050": {"K51-U060": 263.46345995970233}, "K52-nD280": {"K52-nD290": 85.48701163722563}, "K51-U190": {"K51-U200": 73.71357691391074}, "K53-U130": {"K53-U140": 55.83986087648473}, "K53-D070": {"K53-D080": 40.97503587656478}, "K51-D260": {"K51-D270": 52.84625321353313}, "K52-nU080": {"K52-nU090": 76.92868146983291}, "K51-U070": {"K51-U080": 162.2795487425534}, "K52-nU060": {"K52-nU070": 137.3366940649979}, "K51-U210": {"K51-U220": 52.170079125703936}, "K52-nD200": {"K52-nD210": 129.94791518815}, "K54-U020": {"K54-U030": 94.80041441020902}, "K52-nU290": {"K52-nU300": 44.78545900272}, "K53-D140": {"K53-D150": 141.48282310065673}, "K51-D080": {"K51-D090": 98.1990992765203}, "K51-D250": {"K51-D260": 179.07705461505623}, "K53-D080": {"K53-D090": 34.20444344117228}, "K54-D020": {"K54-D030": 223.61910483539123}, "K52-nU230": {"K52-nU240": 69.80153093596618}, "K51-D230": {"K51-D240": 75.21329215130679}, "K54-U010": {"K54-U020": 104.07928422318946}, "K52-nD110": {"K52-nD120": 136.03917259090673}, "K53-U140": {"K53-D010": 82.54790197306373}, "K51-U090": {"K51-U100": 151.18174926938516}, "K52-nU220": {"K52-nU230": 80.81274537743806}, "K52-nD120": {"K52-nD130": 37.578859135174184}, "K51-U160": {"K51-U170": 93.89499361095014}, "K51-D200": {"K51-D210": 117.02288543579144}, "K52-nU030": {"K52-nU040": 136.25403443761223}, "K51-D010": {"K51-D020": 82.52612225912524}, "K52-nD160": {"K52-nD170": 119.89811520841913}, "K51-U110": {"K51-U120": 139.53146495996378}, "K52-nU260": {"K52-nU270": 60.7781542318}, "K52-nU270": {"K52-nU280": 177.41441049919868}, "K53-U010": {"K53-U020": 260.32561384723533, "K53-D180": 2107.1820000000002}, "K51-D100": {"K51-D110": 127.29690256200001}, "K52-nU040": {"K52-nU050": 61.1752390491293}, "K51-D220": {"K51-D230": 266.7860178999048}, "K53-D100": {"K53-D110": 70.59916938015661}, "K52-nD250": {"K52-nD260": 171.1535968684037}, "K52A-D060": {"K52A-D070": 129.34768316859828}, "K54-D010": {"K54-D020": 142.11795766448827}, "K53-D060": {"K53-D070": 127.02043759083395}, "K52-nD020": {"K52-nD030": 176.04587713551544}, "K54-D040": {"K54-D050": 162.0306123354589}, "K51-D130": {"K51-D140": 42.260527469333375}, "K52-nU200": {"K52-nU210": 85.40163411624562}, "K54-U040": {"K54-U050": 123.32294206220233}, "K51-U010": {"K51-U020": 102.10641381110001}, "K53-U120": {"K53-U130": 71.48983244922438}, "K54-U030": {"K54-U040": 109.75820569675095}, "K53-D050": {"K53-D060": 74.02697167547964}, "K52-nD060": {"K52-nD070": 128.47369589080307}, "K51-D210": {"K51-D220": 147.93746653020116}, "K51-U230": {"K51-U240": 37.99150823044075}, "K52-nU010": {"K52-nU020": 31.597274544841298}, "K51-D090": {"K51-D100": 80.2717149097}, "K53-D130": {"K53-D140": 69.7833288782384}, "K51-U060": {"K51-U070": 262.97190207657184}, "K51-D190": {"K51-D200": 143.76802753448456}, "K51-U120": {"K51-U130": 149.45489132849923}, "K52-nU250": {"K52-nU260": 62.15591463429375}, "K52-nU280": {"K52-nU290": 42.30413174622654}, "K52-nU050": {"K52-nU060": 220.14157851173428}, "K52-nD270": {"K52-nD280": 86.7437650776296}, "K52-nU150": {"K52-nU160": 64.73104747294835}, "K52-nD070": {"K52-nD080": 103.39182946906503}, "K52-nU140": {"K52-nU150": 134.16991830670528}, "K52-nU300": {"K52-nU310": 44.623799809635514}, "K52-nU180": {"K52-nU190": 77.15597660333682}, "K51-D170": {"K51-D180": 105.89673654793985}, "K51-D150": {"K51-D160": 164.68184419701484}, "K52-nU020": {"K52-nU030": 77.88475453508339}, "K53-D020": {"K53-D030": 104.07706565303181}, "K51-U020": {"K51-U030": 96.95945731716822}, "K52-nD290": {"K52-nD300": 105.00058022744516}, "K52-nD050": {"K52-nD060": 30.299072246760005}, "K54-U070": {"K54-D010": 135.7473734029763}, "K51-D070": {"K51-D080": 48.52804697353929}, "K52-nD010": {"K52-nD020": 17.172684973050014}, "K52-nD210": {"K52-nD220": 200.42381496840002}, "K52-nU100": {"K52-nU110": 140.32276477281147}, "K52-nD220": {"K52-nD230": 136.85067287273188}, "K52-nD100": {"K52-nD110": 59.495107148584815}, "K52-nU210": {"K52-nU220": 73.89897321937312}, "K51-U130": {"K51-U140": 69.61098246084592}, "K51-D060": {"K51-D070": 44.20567754885249}, "K53-D150": {"K53-D160": 144.08840944277222}, "K52-nU170": {"K52-nU180": 124.59056146599998}, "K52-nD190": {"K52-nD200": 127.51211257971026}, "K51-U220": {"K51-U230": 58.60876913365623}, "K51-D120": {"K51-D130": 44.4769126296231}, "K52-nU190": {"K52-nU200": 127.00237529510082}, "K52-nD180": {"K52-nD190": 129.4360860799706}, "K52-nD260": {"K52-nD270": 58.33295815746944}, "K51-U030": {"K51-U040": 72.29662}, "K51-D040": {"K51-D050": 43.51082894607475}, "K51-D180": {"K51-D190": 147.62991076731527}, "K53-D030": {"K53-D040": 67.09248650674051}, "K52-nD140": {"K52-nD150": 104.79669410269621}, "K51-U200": {"K51-U210": 83.27760751929173}, "K51-D280": {"K51-D290": 80.46811661798903}, "K52-nD170": {"K52-nD180": 93.73946724999999}, "K54A-D010": {"K54A-D020": 253.79128668591517}, "K54A-D020": {"K54A-D030": 176.40741686515975}, "K54A-D040": {"K54A-D050": 141.274805595646}, "K51-D160": {"K51-D170": 46.75990935}, "K54A-D030": {"K54A-D040": 91.38899561393127}, "K52-nU110": {"K52-nU120": 139.24017145734467}, "K52-nU090": {"K52-nU100": 122.92726112164785}, "K53-D180": {"K53-D190": 67.78101000000001}, "K53-D170": {"K53-D180": 326.70000000000005}, "K53-D160": {"K53-D170": 2324.3, "K53-U011": 183.88421122970288}, "K53*-U010": {"K53*-U020": 189.22684}, "K53*-U030": {"K53*-U040": 535.122096894}, "K53*-U020": {"K53*-U030": 91.79555836000002}}