{"KWF": {"LAK": 170.30225424911583, "KWH": 123.1666475657822}, "KWH": {"KWF": 132.00675542925282, "TWH": 140.05388588880047}, "KWT": {"LAT": 125.51858621291069, "NTK": 126.7682195883934}}