{"LAK": {"NAC": 245.9698450904097, "KWF": 144.89313861419674, "MEF": 140.5507053491019, "TSY": 194.17964339914005}, "LAT": {"YAT": 127.07461277588905, "KWT": 133.78185721329004}}