{"LCK": {"MEF": 129.79220773152468, "CSW": 130.34557934453386}}