{"LET": {"WCH": 177.4346120406034, "SOH": 107.95137822825909}}