{"LOF": {"KOT": 130.913398725288, "WTS": 120.51675613044365}, "LOP": {"TIS": 173.53457668623278, "YUL": 115.97325125579235}, "LOW": {"SHS": 219.63809993143045}}