{"MEF": {"TWW": 304.19287872350395, "LAK": 135.37670936024415, "LCK": 128.22308916876025, "NAC": 183.79882348432673}}