{"MOK": {"YMT": 130.21943648139367, "PRE": 122.55301839209892}, "MOS": {"HEO": 130.35594462, "WKS": 159.60300044690388}}