{"NAC": {"LAK": 244.97607548727348, "AUS": 204.64581378209024, "OLY": 97.73743897945195, "MEF": 179.76409882000644}}