{"NTK": {"KWT": 122.97709323414001, "KOB": 127.44634876412894}}