{"OCP": {"ADM": 287.63196327937806, "WCH": 132.83787882440745}}