{"PRE": {"MOK": 126.86808368435572, "SSP": 131.13616346734813, "SKM": 123.31954000257255}}