{"SIH": {"TUM": 154.45201650623085, "TIS": 325.47651072328193}}