{"SKW": {"HFC": 154.19318626926548, "SWH": 105.5642485670199}, "SKM": {"PRE": 131.16975377290856, "KOT": 128.530380093791}}