{"STW": {"CKT": 125.73104656842786, "CIO": 134.04920041588665}}