{"SUN": {"DIS": 198.58233387484285, "TSY": 467.91370716785957, "TUC": 823.8869141582536}, "SUW": {"KAT": 89.78783305866003, "TKW": 132.19514552274}}