{"TAP": {"UNI": 391.05710427622944, "TWO": 197.68747196434103}, "TAW": {"SHT": 117.96186106395047, "CKT": 159.17430522419397, "KOT": 287.21094172849314, "HIK": 170.636648013517}, "TAK": {"QUB": 129.13016393911343, "SWH": 127.19516021386553}}