{"TIK": {"TKO": 190.14378563038883, "YAT": 142.8173588357805}, "TIH": {"CAB": 130.11928271590963, "FOH": 109.64407379032}, "TIS": {"SIH": 367.1299484783685, "LOP": 175.59472979072328}}