{"TKO": {"HAH": 184.9051900753896, "LHP": 133.1160186275976, "TIK": 175.85565364718227}, "TKW": {"SUW": 130.24039817276392, "HOM": 159.62448543}}