{"UNI": {"FOT": 178.3695275773028, "TAP": 359.91132755785463}}