{"YMT": {"JOR": 132.68301927063226, "MOK": 106.78599505286964, "HOM": 186.7153149346742}}