{"1": {"6": 81.25589807889216, "2": 62.682072770400126}}