{"CIO": {"SHM": 97.64758339867087, "STW": 117.19562092300002}}