{"CSW": {"SSP": 61.46325529250684, "LCK": 57.248534375700004}}