{"DIS": {"SUN": 198.58233387484285}, "DIH": {"WTS": 75.38469104051168, "CHH": 87.85149616503092, "HIK": 331.39565080259644, "KAT": 106.12637682504003}}