{"EXC": {"HUH": 152.3608767346796, "ADM": 75.48769697753883}}