{"HAH": {"TKO": 136.1645343041167, "POA": 119.8553515130271}}