{"HEO": {"TSH": 115.05768044100004, "MOS": 126.45261455083077}}