{"HKU": {"SYP": 101.93896603649841, "KET": 102.52432660360469}}