{"HOK": {"KOW": 165.03174569533547}, "HOM": {"YMT": 128.8525558592239, "HUH": 123.68984086139997, "TKW": 81.65135532897091, "WHA": 79.90101952030713}}