{"K12-D020": {"K12-D030": 241.01217859508023}, "K17-D010": {"K17-D020": 337.8592963512564}, "K12-D030": {"K12-D040": 37.17319708385273}, "K17-D020": {"K17-D030": 41.94153310631123}, "K17-U010": {"K17-U020": 263.3177929735655}, "K18-U010": {"K18-U020": 242.61573547051904}, "K18-D020": {"K18-D030": 65.95664800524153}, "K18-D010": {"K18-D020": 259.172061306934}, "K12-U010": {"K12-U020": 272.5190979468069}, "K17-U020": {"K17-U030": 149.33041533567933}, "K18-U020": {"K18-U030": 83.66277225012524}, "K12-D010": {"K12-D020": 168.33315679035016}, "K17-U030": {"K17-U040": 41.38724898369051}, "K12-U020": {"K12-U030": 236.79101420648811}}