{"K51A-D100": {"K51A-D110": 50.086446231669335}, "K58-D150": {"K58-D160": 89.24630000000002}, "K53-U130": {"K53-U140": 65.83773296474648}, "K51A-U050": {"K51A-U060": 288.4558601074828}, "K53-U080": {"K53-U090": 83.39797971185897}, "K51A-U030": {"K51A-U040": 77.05873303125985}, "K58-U070": {"K58-U080": 138.75868666000002}, "K53-D130": {"K53-D140": 70.87969594031642}, "K52A-D050": {"K52A-D060": 54.05004000000001}, "K52A-D040": {"K52A-D050": 23.683}, "K53-U090": {"K53-U100": 116.54657237101337}, "K58-U080": {"K58-U090": 54.8845}, "K53-D020": {"K53-D030": 105.38326994271202}, "K52-nU010": {"K52-nU020": 36.8985816577403}, "K51A-D190": {"K51A-D200": 227.2029455812267}, "K51-U130": {"K51-U140": 84.73529226663882}, "K52-nD060": {"K52-nD070": 127.9116233665646}, "K53-U120": {"K53-U130": 81.61130979438933}, "K51A-U070": {"K51A-U080": 193.27294367372988}, "K51-D250": {"K51-D260": 170.06111091382837}, "K53-U030": {"K53-U040": 246.06680664593245}, "K58-U050": {"K58-U060": 47.933820000000004}, "K58-U120": {"K58-U130": 123.4221043}, "K52-nD190": {"K52-nD200": 245.23916401249707}, "K58-U200": {"K58-U210": 81.53112000000003}, "K51A-D240": {"K51A-D250": 57.75224764140732}, "K51A-U210": {"K51A-U220": 85.1133076310273}, "K53-U100": {"K53-U110": 75.476540235307}, "K51A-U150": {"K51A-U160": 126.1561999855739}, "K58-U090": {"K58-U100": 124.38838500000001}, "K51A-D050": {"K51A-D060": 86.25466106667875}, "K53-U060": {"K53-U070": 77.11366947679292}, "K51-D150": {"K51-D160": 183.50801480952717}, "K54-U060": {"K54-U070": 227.34661715001158}, "K51-U050": {"K51-U060": 276.59910386600006}, "K53-U140": {"K53-D010": 89.51081365029304}, "K58-U020": {"K58-U023": 84.8331}, "K52-nU300": {"K52-nU310": 99.18291569890663}, "K52-nD220": {"K52-nD230": 147.2045763000683}, "K51-U180": {"K51-U190": 113.15480221883342}, "K58-D100": {"K58-D110": 219.2146869}, "K52-nD140": {"K52-nD150": 119.04455364155899}, "K52-nD070": {"K52-nD080": 135.56650721255733}, "K53-U020": {"K53-U030": 191.92882786506374, "K53-D160": 572.8492725291702}, "K51A-U080": {"K51A-U090": 178.60559222455962}, "K58-D170": {"K58-D180": 164.64580000000004}, "K51-U030": {"K51-U040": 96.82456167141635}, "K58-U140": {"K58-U150": 205.44403000000003}, "K58-D130": {"K58-D140": 98.824}, "K58-U100": {"K58-U110": 81.07000000000001}, "K52-nD250": {"K52-nD260": 191.71684314938477}, "K52A-D180": {"K52A-D190": 250.110922085258}, "K54-D030": {"K54-D040": 85.76093515611859}, "K53-D110": {"K53-D120": 174.56491715907657}, "K52-nD010": {"K52-nD020": 15.868858794375}, "K52-nU040": {"K52-nU050": 53.811921297735374}, "K51-D090": {"K51-D100": 98.1885257341851}, "K51A-U130": {"K51A-U140": 86.89663505892757}, "K51-D110": {"K51-D120": 68.07313836791361}, "K52-nU060": {"K52-nU070": 181.68578560000006}, "K51A-D210": {"K51A-D220": 83.95899024736408}, "K54-U040": {"K54-U050": 160.05023260898565}, "K54-D040": {"K54-D050": 190.73405203187002}, "K51-U120": {"K51-U130": 152.61460075673003}, "K58-D193": {"K58-D196": 65.164390302}, "K51-D190": {"K51-D200": 167.73797561195005}, "K51A-D230": {"K51A-D240": 176.71740885129944}, "K52-nD180": {"K52-nD190": 178.99313999999998}, "K53-U070": {"K53-U080": 61.187161100312245}, "K52-nU180": {"K52-nU190": 79.0519817700531}, "K53-U110": {"K53-U120": 100.53837315132894}, "K52A-D070": {"K52A-D080": 144.1704}, "K53-D120": {"K53-D130": 89.96736077422985}, "K51-D140": {"K51-D150": 79.40864405124329}, "K52-nU260": {"K52-nU270": 70.9718362375}, "K52A-D100": {"K52A-D110": 70.05454900000002}, "K52-nU170": {"K52-nU180": 136.21559663492036}, "K58-D200": {"K58-D210": 82.33071000000001}, "K51A-U060": {"K51A-U070": 323.42290585812714}, "K51-U080": {"K51-U090": 197.02904015870172}, "K51A-D170": {"K51A-D180": 166.58401709041007}, "K53-U040": {"K53-U050": 147.5372950771943}, "K51-U230": {"K51-U240": 55.0180228108966}, "K53-D180": {"K53-D190": 84.58594940508405}, "K54-D020": {"K54-D030": 202.21622957283512}, "K51A-D090": {"K51A-D100": 50.43007813761109}, "K52-nD030": {"K52-nD040": 31.98561170258057}, "K51-D180": {"K51-D190": 176.1447736275835}, "K51A-U010": {"K51A-U020": 44.49892293202101}, "K51A-U190": {"K51A-U200": 78.76573172885358}, "K58-U160": {"K58-U170": 138.754}, "K53-D150": {"K53-D160": 167.07966510884364}, "K58-U180": {"K58-U190": 149.16000000000003}, "K52-nU050": {"K52-nU060": 290.30744550522}, "K52-nD260": {"K52-nD270": 60.293296949656835}, "K52-nD080": {"K52-nD090": 127.01732219}, "K52-nU210": {"K52-nU220": 78.57845962427943}, "K58-U010": {"K58-U020": 50.0071}, "K58-U110": {"K58-U120": 192.8834798}, "K52-nU090": {"K52-nU100": 101.50518300379755}, "K51A-U120": {"K51A-U130": 153.02270199503505}, "K58-U060": {"K58-U070": 232.59609999999998}, "K54-U070": {"K54-D010": 185.57918779080813}, "K52-nU080": {"K52-nU090": 93.94346074042352}, "K52-nU030": {"K52-nU040": 134.77497313816804}, "K51-U020": {"K51-U030": 115.30272622271585}, "K51-U160": {"K51-U170": 108.00618603713652}, "K53-D140": {"K53-D150": 170.2235025234096}, "K51-U190": {"K51-U200": 79.36587102976935}, "K52A-U170": {"K52A-U180": 275.3350957777515}, "K53-U050": {"K53-U060": 153.96242333609277}, "K52A-D010": {"K52A-D020": 277.223496381524}, "K52-nD290": {"K52-nD300": 100.12251540079097}, "K58-U030": {"K58-U040": 299.00033679999996}, "K51A-U090": {"K51A-U100": 170.05766002500008}, "K58-U170": {"K58-U180": 240.76359999999994}, "K52A-D090": {"K52A-D100": 87.3511}, "K51-U090": {"K51-U100": 163.47779494635657}, "K51-D030": {"K51-D040": 45.03637500608582}, "K53-D160": {"K53-D170": 209.75460721163523, "K53-U011": 322.16672429706693}, "K58-D180": {"K58-D190": 328.35}, "K54-D060": {"K54-D070": 155.44961583147565}, "K58-D160": {"K58-D170": 226.902225}, "K52-nU110": {"K52-nU120": 165.99392371003577}, "K51A-U140": {"K51A-U150": 57.20121733554339}, "K51-U150": {"K51-U160": 95.56200199183503}, "K58-D070": {"K58-D080": 124.53148400000002}, "K51-D100": {"K51-D110": 193.14893436612192}, "K52A-D150": {"K52A-D160": 93.26573729}, "K53-D080": {"K53-D090": 45.259621412484194}, "K52-nD150": {"K52-nD160": 95.75433729769577}, "K52-nU200": {"K52-nU210": 85.95133482773029}, "K58-D090": {"K58-D100": 133.38600000000002}, "K52-nU070": {"K52-nU080": 105.00054170668052}, "K51-U100": {"K51-U110": 185.12366775529998}, "K51A-D070": {"K51A-D080": 101.56147081884735}, "K51A-U220": {"K51A-U230": 88.09421834075458}, "K52-nU020": {"K52-nU030": 96.78250988942689}, "K58-D050": {"K58-D060": 196.471}, "K53-D060": {"K53-D070": 193.06573728568657}, "K58-D196": {"K58-D200": 101.13356000000002}, "K52A-U140": {"K52A-U150": 160.3587376188347}, "K51-U210": {"K51-U220": 56.373099288152936}, "K52-nU240": {"K52-nU250": 47.14266064310861}, "K54-U020": {"K54-U030": 154.94617343461425}, "K51A-D060": {"K51A-D070": 76.04630011817136}, "K51-D130": {"K51-D140": 53.08686629638116}, "K51-D260": {"K51-D270": 65.84268929533809}, "K54-D050": {"K54-D060": 101.85538559031673}, "K52A-D060": {"K52A-D070": 129.34768316859828}, "K51-U010": {"K51-U020": 31.69719459433319}, "K52-nD110": {"K52-nD120": 220.017254877404}, "K51-U170": {"K51-U180": 82.92552916519487}, "K51-D060": {"K51-D070": 75.19761817428214}, "K51-U220": {"K51-U230": 71.27940258237165}, "K51A-U020": {"K51A-U030": 107.05528776444802}, "K51A-D080": {"K51A-D090": 187.11856306236004}, "K52-nD170": {"K52-nD180": 152.02669862918202}, "K53-D070": {"K53-D080": 49.116080353257814}, "K51A-D250": {"K51A-D260": 99.54659842151052}, "K53-U010": {"K53-U020": 256.30327119437686, "K53-D180": 1190.9710155142245}, "K51-D080": {"K51-D090": 119.48815831044881}, "K51A-U040": {"K51A-U050": 131.25192957894598}, "K51A-D040": {"K51A-D050": 93.42517910048679}, "K51-D010": {"K51-D020": 86.88693637041001}, "K52-nD090": {"K52-nD100": 92.66231783332715}, "K51A-D140": {"K51A-D150": 95.49007359536444}, "K51-U110": {"K51-U120": 156.39324001143098}, "K51A-D030": {"K51A-D040": 38.56511726438363}, "K52-nU220": {"K52-nU230": 82.35725955848497}, "K51-U200": {"K51-U210": 94.95609221108977}, "K54-U010": {"K54-U020": 71.41107124057146}, "K52-nU290": {"K52-nU300": 44.68931007702709}, "K51-U240": {"K51-U250": 120.29733178331801},