{"K74-U090": {"K74-U100": 215.7103506863106}, "K73-U010": {"K73-U020": 68.13985616664604}, "K75P-U120": {"K75P-U130": 76.36771614044054}, "K73-D070": {"K73-D080": 208.54807341053}, "K75P-U130": {"K75P-U140": 46.552311888773104}, "K73-U110": {"K73-U120": 255.93020394722436}, "K75A-U030": {"K75A-D010": 245.46939056237002}, "K76-D030": {"K76-D040": 68.05093217959715}, "K75A-D080": {"K75A-D090": 113.50629272520946}, "K73-U070": {"K73-U080": 169.48820444088744}, "K73-U060": {"K73-U070": 134.25948111584347}, "K75A-D020": {"K75A-D030": 182.59096193663956}, "K75A-D090": {"K75A-D100": 46.29280237962471}, "K75P-D070": {"K75P-D080": 97.57022159936139}, "K74-U050": {"K74-U060": 255.44516780815988}, "K73-D110": {"K73-D120": 99.21056605678305}, "K75A-U020": {"K75A-U030": 156.48606425392236}, "K75P-U090": {"K75P-U100": 43.36005491757976}, "K75P-D030": {"K75P-D040": 120.8625420966802}, "K73-U090": {"K73-U100": 127.16623133629135}, "K76-U040": {"K76-U050": 184.59829666638606}, "K76-D010": {"K76-D020": 229.48566259036588}, "K73-U030": {"K73-U040": 98.15359925593937}, "K75P-U070": {"K75P-U080": 103.38616313871452}, "K76-U020": {"K76-U030": 167.89932809800302}, "K75P-D020": {"K75P-D030": 33.48827767120846}, "K75A-D040": {"K75A-D050": 59.69461689920271}, "K74-U080": {"K74-U090": 240.5424764482124}, "K75A-D100": {"K75A-D110": 103.74843394177351}, "K73-U050": {"K73-U060": 108.5994910948132}, "K73-D090": {"K73-D100": 89.68915559874692}, "K74-U040": {"K74-U050": 192.0165358444637}, "K75A-D070": {"K75A-D080": 45.328497850628665}, "K76-U030": {"K76-U040": 258.7038747909218}, "K75P-U080": {"K75P-U090": 49.639242598374764}, "K73-D040": {"K73-D050": 87.79322145787084}, "K73-U100": {"K73-U110": 270.6039952239192}, "K73-D140": {"K73-D150": 241.70375381175018}, "K73-U040": {"K73-U050": 119.3560081501799, "K73-U060": 229.21672101946632}, "K74-U020": {"K74-U030": 140.30873773224263}, "K75P-U060": {"K75P-U070": 33.38728431841664}, "K75P-D040": {"K75P-D050": 182.1971358867503}, "K73-D130": {"K73-D140": 156.67322684014775}, "K76-D020": {"K76-D030": 130.79829663065792}, "K75A-D010": {"K75A-D020": 216.45417902001478}, "K75A-D060": {"K75A-D070": 54.285778677524775}, "K75A-D030": {"K75A-D040": 55.30154194992961}, "K76-U010": {"K76-U020": 37.82663620201447}, "K74-U100": {"K74-D010": 121.7768573806784}, "K74-U030": {"K74-U040": 293.49656382746576}, "K74-D020": {"K74-D030": 156.7913762531702}, "K74-D030": {"K74-D040": 132.6018438850586}, "K73-U080": {"K73-U090": 289.8296301831233, "K73-U110": 332.73152410949666}, "K73-D050": {"K73-D070": 117.24406837393708}, "K75P-D050": {"K75P-D060": 93.04879381390495}, "K75P-D080": {"K75P-U011": 149.8949434010489}, "K75P-D010": {"K75P-D020": 157.88430438133256}, "K74-D100": {"K74-D110": 96.30916654440803}, "K75A-U010": {"K75A-U020": 50.31139360688838}, "K74-U004": {"K74-U007": 93.2925602421098}, "K73-D020": {"K73-D030": 148.96273129736568}, "K75P-D060": {"K75P-D070": 216.28577841644596}, "K74-U010": {"K74-U020": 161.16811844742296}, "K75P-U110": {"K75P-U120": 97.36464591571193}, "K73-D100": {"K73-D110": 211.11664466949975}, "K74-U001": {"K74-U004": 153.4532269275887}, "K74-D040": {"K74-D050": 88.90410650341305}, "K73-D030": {"K73-D040": 133.28537148007203}, "K75P-U010": {"K75P-U020": 104.43884627082193}, "K75P-U140": {"K75P-D010": 169.9204821838437}, "K75A-D050": {"K75A-D060": 73.41906095178868}, "K75P-U100": {"K75P-U110": 68.39476403576879}, "K73-U020": {"K73-U030": 208.12133229396136}, "K73-D010": {"K73-D020": 78.42853423637649}, "K74-D050": {"K74-D060": 121.92806723511944}, "K73-D150": {"K73-D160": 61.60230812265024}, "K73-D120": {"K73-D130": 112.22696491994775}, "K75A-D110": {"K75A-U011": 193.70917154697108}, "K74-U060": {"K74-U070": 154.25924250857446}, "K75P-U030": {"K75P-U040": 134.191210256109}, "K74-U007": {"K74-U010": 245.69401300406048}, "K74-D010": {"K74-D020": 173.52412261504324}, "K74-D080": {"K74-D090": 189.61063403820512}, "K74-D110": {"K74-U002": 200.3099430139847}, "K74-D090": {"K74-U011": 89.82591984385348}, "K75P-U020": {"K75P-U030": 104.4743983734}, "K74-D070": {"K74-D080": 257.771658152138}, "K75P-U050": {"K75P-U060": 200.95138943013117}, "K74-U011": {"K74-D100": 186.79181109635127}, "K74-D060": {"K74-D070": 196.63768014234856}, "K74-U070": {"K74-U080": 164.19370310000002}, "K73-D080": {"K73-D090": 255.98279013566065}, "K75P-U040": {"K75P-U050": 122.75213548770236}, "K75S-D030": {"K75S-U011": 217.89416}, "K75S-U020": {"K75S-U030": 171.05}, "K75S-D010": {"K75S-D020": 132.66000000000003}, "K75S-U010": {"K75S-U020": 45.1}, "K75S-D020": {"K75S-D030": 196.70758188949998}, "K75S-U040": {"K75S-D010": 55.198000000000015}, "K75S-U030": {"K75S-U040": 135.27800000000005}, "K76S-D030": {"K76S-D050": 381.70000000000005}}