{"KAT": {"SUW": 117.1089522543, "DIH": 142.9497889314}}