{"KSR": {"YUL": 239.32051818009555, "TWW": 652.0170461869809}}