{"LAK": {"TSY": 186.73622785066473, "NAC": 287.6630362763518, "KWF": 74.36435984128488, "MEF": 131.41503697321306}, "LAT": {"YAT": 61.72641668171902, "KWT": 115.8987225099414}}