{"MEF": {"LAK": 127.49331985803515, "LCK": 64.35798771754429, "NAC": 175.62829368133936, "TWW": 346.1213524676136}}