{"MKK": {"KOT": 135.60751167161033, "HUH": 190.75021949811165}}