{"OCP": {"WCH": 132.2230393773346, "ADM": 287.63196167171316}}