{"OLY": {"KOW": 131.5296727567159, "NAC": 131.9959362087535}}