{"QUB": {"YAT": 251.7753569274571, "NOP": 100.35554315930297, "TAK": 84.52815978207138}}