{"SKW": {"HFC": 97.60222752381904, "SWH": 38.02820665570177}, "SKM": {"KOT": 37.720199879999996, "PRE": 79.43118987374551}}