{"SSP": {"CSW": 54.238102857876996, "PRE": 71.10678986173143}}