{"SUN": {"DIS": 198.58233387484285, "TSY": 490.44564783068233, "TUC": 823.8867136991485}, "SUW": {"KAT": 93.49785719453578, "TKW": 57.924426813000004}}