{"SYP": {"HKU": 59.74087950330263, "SHW": 77.21554992509719}}