{"TAW": {"SHT": 94.12871450769018, "KOT": 291.0280890214498, "HIK": 140.47967554289303, "CKT": 135.70929107384}, "TAK": {"QUB": 97.9490690387839, "SWH": 98.56332748372387}, "TAP": {"TWO": 187.89546766761336, "UNI": 379.9188783241616}}