{"TKO": {"LHP": 134.22129747873424, "TIK": 200.34002186618625, "HAH": 94.83976624697229}, "TKW": {"HOM": 125.55254199999997, "SUW": 85.361999675172}}