{"TSH": {"SHM": 212.4353124742695, "HEO": 153.25751208867}, "TST": {"ADM": 166.9886112104495, "JOR": 32.949706045084454}, "TSY": {"LAK": 190.99339874230304, "SUN": 713.1567552953106, "AIR": 1515.9221686634257, "KOW": 392.10919307046595}, "TSW": {"TWH": 42.15104906142662}}