{"TUC": {"SUN": 799.0333306476379}, "TUM": {"SIH": 152.03926723818967}}