{"UNI": {"FOT": 196.28378808721172, "TAP": 367.5022936771712}}