{"WAC": {"ADM": 74.7406455165248, "CAB": 69.0678993184328}}