{"WCH": {"OCP": 121.22297461257578, "LET": 143.12302224553795}}