{"WTS": {"DIH": 78.44135570290156, "LOF": 74.92923485103738}}