{"YUL": {"KSR": 247.66541392130821, "LOP": 75.826228178175}}