{"1": {"2": 74.20848468715985, "6": 267.93015820035686}}