{"5": {"305": 81.62462718973106, "6": 113.73810293643378}}