{"AIR": {"TSY": 1452.431954919684, "AWE": 152.82786678731128}}