{"AUS": {"NAC": 214.4032458999797, "ETS": 165.84262786000005}}