{"CIO": {"STW": 114.74247839989899, "SHM": 125.49179171600285}}