{"CKT": {"STW": 105.74505775225403, "TAW": 121.011143968077}}