{"ETS": {"AUS": 178.92553153928924, "HUH": 162.53432949112454}}