{"EXC": {"HUH": 168.16210334448527, "ADM": 84.5330843047124}}