{"HAH": {"TKO": 173.3266102042141, "POA": 122.885049105376}}