{"HEO": {"TSH": 131.81207421300002, "MOS": 132.31704104899399}}