{"HFC": {"SKW": 139.77342318292645, "CHW": 127.33930426302784}}