{"HIK": {"DIH": 324.96366845616643, "TAW": 153.57409083302048}}