{"K18-D010": {"K18-D020": 234.16608996741925}, "K17-D010": {"K17-D020": 353.6850074471379}, "K17-U020": {"K17-U030": 146.35612831241932}, "K17-D020": {"K17-D030": 38.46517821142676}, "K18-U020": {"K18-U030": 93.7329465757523}, "K12-D020": {"K12-D030": 345.38222660693395}, "K12-D030": {"K12-D040": 80.34846219524172}, "K17-U010": {"K17-U020": 280.779230810968}, "K18-U010": {"K18-U020": 213.82821679688792}, "K18-D020": {"K18-D030": 86.338056598745}, "K12-D010": {"K12-D020": 158.92326167723178}, "K12-U010": {"K12-U020": 283.6584692526284}, "K12-U020": {"K12-U030": 234.1433146943321}, "K17-U030": {"K17-U040": 37.47610527331968}}