{"K68-D170": {"K68-D180": 44.00990535733088}, "K65-U170": {"K65-U180": 52.29618861784602}, "K65-D090": {"K65-D100": 113.60585578855394}, "K68-D120": {"K68-D130": 180.9765886898834}, "K65-U030": {"K65-U040": 111.8183710956356}, "K65-D020": {"K65-D030": 79.27797549268413}, "K65-U100": {"K65-U110": 158.88102608505687}, "K65-D160": {"K65-D170": 147.33108427660247}, "K66-D120": {"K66-D130": 68.08710457375705}, "K65-D110": {"K65-D120": 119.15618519231529}, "K66-D100": {"K66-D110": 73.29718379049473}, "K68-U030": {"K68-U040": 35.37439828154807}, "K66-D230": {"K66-D240": 90.24945274401439}, "K66-D160": {"K66-D170": 162.54232263504122}, "K65-U140": {"K65-U150": 104.42291523775368}, "K66-U090": {"K66-U100": 54.45749669550075}, "K66-D060": {"K66-D070": 46.25129174090207}, "K68-D130": {"K68-D140": 64.74262091764774}, "K66-U180": {"K66-U190": 66.93342807842279}, "K66-U130": {"K66-U140": 55.184032626082534}, "K65-U160": {"K65-U170": 59.773475238093376}, "K65-U220": {"K65-U230": 87.45919623804741}, "K66-D070": {"K66-D080": 49.32308047777692}, "K68-U090": {"K68-U100": 176.05007368897304}, "K66-U110": {"K66-U120": 40.11814179304716}, "K66-U080": {"K66-U090": 173.59016151643033}, "K65-D170": {"K65-D180": 101.26734159773245}, "K65-U070": {"K65-U080": 68.02168875074919}, "K65A-U010": {"K65A-U020": 51.78263207642304}, "K65A-U080": {"K65A-U090": 61.46071241579392}, "K65A-U020": {"K65A-U030": 150.2067417455994}, "K66-D040": {"K66-D050": 38.94560476003661}, "K65A-D010": {"K65A-D020": 72.00966332552612}, "K68-U070": {"K68-U080": 38.596429106944655}, "K66-D190": {"K66-D200": 94.00609406732171}, "K65-U080": {"K65-U090": 164.43989498463205}, "K65-U040": {"K65-U050": 93.21211610326529}, "K66-D150": {"K66-D160": 93.91009637516672}, "K65-U020": {"K65-U030": 153.03993716580482}, "K66-U200": {"K66-U210": 62.198340058129}, "K66-U170": {"K66-U180": 33.756341038890575}, "K65-D120": {"K65-D130": 64.89599305327968}, "K66-D090": {"K66-D100": 41.92767954487295}, "K65-U200": {"K65-U210": 78.50843595958501}, "K65-D060": {"K65-D070": 88.75220493254898}, "K66-U050": {"K66-U060": 56.331850090951335}, "K65A-U050": {"K65A-U060": 49.17310259827575}, "K68-D070": {"K68-D080": 217.93963851103362}, "K66-D180": {"K66-D190": 78.69471465042282}, "K68-U140": {"K68-U150": 46.69978654732141}, "K66-U040": {"K66-U050": 143.12404048094527}, "K65-U130": {"K65-U140": 27.37177827377176}, "K65A-U040": {"K65A-U050": 78.62903317323779}, "K65-D100": {"K65-D110": 216.83942906024654}, "K68-D190": {"K68-D200": 55.07752323207906}, "K68-D030": {"K68-D040": 99.07955085274048}, "K66-U070": {"K66-U080": 198.24003069758243}, "K65-U120": {"K65-U130": 172.55591313733888}, "K65-D030": {"K65-D040": 64.49557771661242}, "K65-U110": {"K65-U120": 117.5591097151395}, "K66-U060": {"K66-U070": 171.453516160312}, "K65-U180": {"K65-U190": 80.12639810494632}, "K65-D050": {"K65-D060": 61.71438503200123}, "K66-U030": {"K66-U040": 163.6332337061605}, "K65-U050": {"K65-U060": 109.78615746178082}, "K68-U060": {"K68-U070": 84.75683979409989}, "K65A-D050": {"K65A-D060": 63.1118708}, "K65-U190": {"K65-U200": 54.60619065705147}, "K66-U120": {"K66-U130": 56.95587496489661}, "K66-U150": {"K66-U160": 48.835152069564145}, "K65-U150": {"K65-U160": 62.68133150765463}, "K68-D160": {"K68-D170": 74.49334555085841}, "K68-U040": {"K68-U050": 45.580805046197256}, "K68-D100": {"K68-D110": 99.7519687074155}, "K65-U210": {"K65-U220": 80.02172623433839}, "K65-U010": {"K65-U020": 298.0124560386028}, "K66-U210": {"K66-U220": 53.45552915749762}, "K66-U190": {"K66-U200": 74.74007211542455}, "K68-D110": {"K68-D120": 96.83177700909836}, "K68-D140": {"K68-D150": 44.68861718531938}, "K65A-D030": {"K65A-D040": 57.10021359900001}, "K65-U090": {"K65-U100": 58.98452116321283}, "K68-U020": {"K68-U030": 49.64613456160499}, "K66-U140": {"K66-U150": 47.24196912590824}, "K68-U120": {"K68-U130": 156.0081615422}, "K66-D050": {"K66-D060": 44.71672966876257}, "K65A-U030": {"K65A-U040": 29.410937924315544}, "K65A-U060": {"K65A-U070": 51.37985817400563}, "K65-D080": {"K65-D090": 58.12250287147143}, "K65-D040": {"K65-D050": 70.09914209949699}, "K65A-D040": {"K65A-D050": 76.57349744999999}, "K65-D130": {"K65-D140": 92.27589887967886}, "K65A-D090": {"K65A-D100": 70.88553999999999}, "K65-D140": {"K65-D150": 108.88636740567692}, "K68-D010": {"K68-D020": 46.957335887715494}, "K65A-D070": {"K65A-D080": 116.52064600000001}, "K68-D080": {"K68-D090": 107.00211964655}, "K65-D010": {"K65-D020": 42.02093971161118}, "K65A-D100": {"K65A-D110": 227.70000000000002}, "K68-D020": {"K68-D030": 89.2571792161288}, "K66-D080": {"K66-D090": 58.42833061893435}, "K66-D030": {"K66-D040": 81.32943503316625}, "K65A-D080": {"K65A-D090": 58.84009999999999}, "K65A-U070": {"K65A-U080": 42.77552914537813}, "K65-D070": {"K65-D080": 138.16756777381278}, "K66-U100": {"K66-U110": 74.0813851933668}, "K68-D060": {"K68-D070": 103.75914539164901}, "K68-D180": {"K68-D190": 37.34068634232355}, "K65-D180": {"K65-D190": 123.69687997814754}, "K65A-U120": {"K65A-U130": 89.98737825357027}, "K66-D010": {"K66-D020": 15.320445708665556}, "K65A-U110": {"K65A-U120": 73.66398596772025}, "K66-D020": {"K66-D030": 72.47737904831082}, "K66-D200": {"K66-D210": 135.32323544003282}, "K66-D110": {"K66-D120": 43.5180850212878}, "K68-D040": {"K68-D050": 112.95362406340969}, "K68-U170": {"K68-D010": 224.25892280000002}, "K65A-U090": {"K65A-U100": 46.49019264011611}, "K68-U080": {"K68-U090": 51.58113739999999}, "K66-D140": {"K66-D150": 101.50113812188204}, "K66-U160": {"K66-U170": 50.978726297878595}, "K68-U010": {"K68-U020": 103.79594226689751}, "K65-U060": {"K65-U070": 41.27635740182917}, "K68-U100": {"K68-U110": 210.73720606972}, "K68-U110": {"K68-U120": 207.03643725766102, "K68-D090": 460.02}, "K66-U020": {"K66-U030": 195.09588190265754}, "K66-U010": {"K66-U020": 130.19076194662037}, "K66-D170": {"K66-D180": 235.19210603731554}, "K66-D210": {"K66-D220": 151.98562289530395}, "K65A-D020": {"K65A-D030": 78.3369928}, "K68-U160": {"K68-U170": 69.65125119254567}, "K65-D150": {"K65-D160": 105.02438943089764}, "K68-U050": {"K68-U060": 56.314432506382005}, "K66-D220": {"K66-D230": 91.70914125593622}, "K65A-U100": {"K65A-U110": 52.682756812561045}, "K68-U130": {"K68-U140": 182.85409779217431}, "K68-D150": {"K68-D160": 66.55118523554862}, "K66-D130": {"K66-D140": 40.83330765269219}, "K68-D200": {"K68-U011": 66.95026867520781}, "K68-D090": {"K68-D100": 158.68166127205168}, "K68-U150": {"K68-U160": 85.41388275605554}, "K65A-D060": {"K65A-D070": 80.55300000000001}, "K68-D050": {"K68-D060": 73.39796155521725}}