{"LAK": {"MEF": 131.57426496682027, "TSY": 196.50315437242767, "NAC": 279.7002136333673, "KWF": 170.434252407167}, "LAT": {"KWT": 121.98264399393386, "YAT": 128.60171053511328}}