{"LCK": {"MEF": 130.29007795367997, "CSW": 125.50984908768069}}