{"LOF": {"KOT": 131.02711338254062, "WTS": 123.88608282266264}, "LOW": {"SHS": 239.62974021588707}, "LOP": {"TIS": 182.0793212958599, "YUL": 126.51160268146948}}