{"MKK": {"HUH": 192.20387638048928, "KOT": 154.5422832391458}}