{"MOK": {"YMT": 127.46269211761478, "PRE": 124.09336810397213}, "MOS": {"HEO": 130.42985673612299, "WKS": 143.8167698574261}}