{"NAC": {"AUS": 212.62720130998173, "OLY": 98.9618108050825, "LAK": 258.4558738907413, "MEF": 174.52829368133936}}