{"NTK": {"KOB": 111.9966000435742, "KWT": 109.7450424283559}}