{"OLY": {"KOW": 126.96011687327078, "NAC": 133.73896939308545}}