{"SHS": {"LOW": 261.75487095849917, "FAN": 142.8006583392909, "LMC": 455.3157134919531}, "SHT": {"FOT": 127.17027326560599, "TAW": 168.34432051300737}, "SHW": {"CEN": 131.22528558989302, "SYP": 143.03148244483458}, "SHM": {"TSH": 212.045769447852, "CIO": 111.7348183832916}}