{"SKW": {"SWH": 106.09170256139996, "HFC": 151.49331970608745}, "SKM": {"PRE": 121.8765460473411, "KOT": 157.9162133281771}}