{"SSP": {"PRE": 128.40778156083653, "CSW": 116.93920372500568}}