{"STW": {"CIO": 144.534270153288, "CKT": 130.9580844842228}}