{"TSY": {"KOW": 563.4839396690288, "LAK": 193.0956803365085, "AIR": 1462.3004188521788, "SUN": 717.3134851721248}, "TST": {"ADM": 159.72876748160914, "JOR": 105.95883938873457}, "TSH": {"HEO": 128.7602723073293, "SHM": 213.4804150981583}, "TSW": {"TWH": 68.16100207736585}}