{"TWO": {"TAP": 167.50850019105187, "FAN": 376.2581524817957}, "TWW": {"MEF": 313.24027757833784, "KSR": 656.533628999445}, "TWH": {"KWH": 138.37800851503442, "TSW": 73.95778736949468}}