{"UNI": {"FOT": 194.92581271015493, "TAP": 361.2941499522368}}