{"WCH": {"OCP": 117.85710900256409, "LET": 194.9527070192717}}