{"YMT": {"JOR": 133.3786027227632, "MOK": 116.83496980428554, "HOM": 131.36008206464422}}