{"YUL": {"LOP": 128.5859387134194, "KSR": 251.95331773393514}}