{"1": {"6": 298.0327598746841, "2": 63.220221090890746}}