{"AIR": {"TSY": 1586.4479227541667, "AWE": 122.5140501573427}}