{"CIO": {"SHM": 122.42080741900288, "STW": 134.7290906274098}}