{"CKT": {"TAW": 115.275915390432, "STW": 123.1232027754957}}