{"ETS": {"HUH": 175.33715133790935, "AUS": 189.64045247841847}}