{"EXC": {"HUH": 207.07219353709087, "ADM": 86.54189841978751}}