{"HKU": {"SYP": 116.91843898719996, "KET": 99.24771534349976}}