{"HOK": {"KOW": 191.49214227253566}, "HOM": {"HUH": 123.42357632039814, "TKW": 136.67417848245935, "YMT": 134.87077131177867, "WHA": 82.34432187840964}}