{"JOR": {"YMT": 129.59803379472925, "TST": 120.13546202806226}}