{"KWT": {"NTK": 115.96184649104539, "LAT": 121.76406905914908}, "KWF": {"KWH": 127.52444438390019, "LAK": 171.14353224702933}, "KWH": {"KWF": 129.58668663396406, "TWH": 156.34494978923775}}