{"LCK": {"CSW": 134.69846724225118, "MEF": 129.61793726022424}}