{"LET": {"WCH": 156.0222843266169, "SOH": 98.23700448069589}}