{"LOW": {"SHS": 234.1472125962983}, "LOF": {"WTS": 120.28501618577734, "KOT": 111.68708782617657}, "LOP": {"TIS": 180.23909287527042, "YUL": 133.68800373655}}