{"MKK": {"KOT": 149.77565169446686, "HUH": 196.33920244864805}}