{"MOK": {"YMT": 121.6930478794934, "PRE": 125.14669814231647}, "MOS": {"HEO": 127.40722070527393, "WKS": 166.3048454927891}}