{"NAC": {"MEF": 181.8298466847063, "LAK": 257.9916354861452, "OLY": 91.59713582855014, "AUS": 210.72559611507282}}