{"NTK": {"KOB": 113.72950847219488, "KWT": 86.03119914658407}}