{"OCP": {"ADM": 287.6319554929193, "WCH": 132.94414110365045}}