{"SHW": {"CEN": 122.81719537086, "SYP": 141.95173363718442}, "SHS": {"FAN": 130.78769410182161, "LMC": 472.0742854849236, "LOW": 261.7548641234705}, "SHT": {"FOT": 159.01346577591744, "TAW": 164.54368739130712}, "SHM": {"CIO": 103.26453800564488, "TSH": 221.03261710126213}}