{"SKM": {"KOT": 147.88202309689933, "PRE": 129.34741647547418}, "SKW": {"HFC": 145.32789500360974, "SWH": 112.40686291000002}}