{"SSP": {"CSW": 131.36623160563335, "PRE": 127.75724848867576}}