{"STW": {"CKT": 128.92014410585426, "CIO": 137.19236164975308}}