{"SWH": {"SKW": 121.2614995862948, "TAK": 124.32023243423957}}