{"TKO": {"TIK": 300.92007266583647, "LHP": 131.00449897113913, "HAH": 189.443539864289}, "TKW": {"SUW": 106.66355555508858, "HOM": 132.32923446392778}}