{"TUC": {"SUN": 853.1952573916335}, "TUM": {"SIH": 150.24452182846076}}