{"UNI": {"FOT": 191.44367111091879, "TAP": 389.0714423766068}}