{"WAC": {"CAB": 167.64508815992144, "ADM": 119.33601249316014}}