{"WTS": {"LOF": 126.03809378733897, "DIH": 115.53626799694617}}