{"YAT": {"TIK": 129.9445540552534, "QUB": 251.06544493093824, "LAT": 165.62349222830085}}