{"YUL": {"KSR": 241.8463104414056, "LOP": 133.88468722739998}}