{"AIR": {"TSY": 1664.677794371605, "AWE": 123.81172388989626}}