{"AUS": {"NAC": 195.2255641676562, "ETS": 162.28179999999998}}