{"CIO": {"SHM": 150.75235540676, "STW": 146.42235}}