{"CKT": {"STW": 136.15308952099997, "TAW": 134.28715351073396}}