{"DIS": {"SUN": 198.58233387484285}, "DIH": {"CHH": 124.86975557219668, "WTS": 105.94118408128702, "HIK": 310.5630074789925, "KAT": 178.74402984400007}}