{"HEO": {"MOS": 127.51029809903203, "TSH": 138.67130000000003}}