{"HFC": {"SKW": 129.80684928119996, "CHW": 126.75919045938213}}