{"HIK": {"DIH": 311.2679902366817, "TAW": 198.00000000000003}}