{"HOM": {"YMT": 161.25467016935076, "TKW": 154.0, "WHA": 80.13288561696469, "HUH": 132.20077700000004}, "HOK": {"KOW": 168.3399664247605}}