{"HUH": {"EXC": 228.7774549871589, "MKK": 223.87719987226575, "HOM": 132.69819340400005, "ETS": 490.939348}}