{"JOR": {"TST": 111.72940893081378, "YMT": 121.13871631490493}}