{"K17-U020": {"K17-U030": 107.52262127660507}, "K17-U030": {"K17-U040": 16.1399723}, "K18-U020": {"K18-U030": 43.8218}}