{"KAT": {"DIH": 154.76617218200002, "SUW": 131.23781}}