{"KOW": {"HOK": 177.742100143943, "OLY": 136.29519683506146, "TSY": 548.4228191390886}, "KOT": {"TAW": 260.0757420293188, "LOF": 121.81151206521608, "MKK": 164.92016217060808, "SKM": 138.4700892976469}, "KOB": {"NTK": 129.98182897109433, "CHH": 163.29995333967258}}