{"KSR": {"YUL": 249.90382593795007, "TWW": 678.91956377223}}