{"LCK": {"CSW": 115.61910704034949, "MEF": 130.1455217329549}}