{"MEF": {"TWW": 324.30161764805143, "NAC": 178.3949589993649, "LCK": 107.46665113681095, "LAK": 135.90372391144288}}