{"MOK": {"PRE": 109.86332895690062, "YMT": 112.55183010260555}, "MOS": {"HEO": 157.71125246400007, "WKS": 163.13719702541283}}