{"NAC": {"OLY": 294.39821554733624, "AUS": 216.61431459875547, "LAK": 257.2441854154128, "MEF": 193.03298172584476}}