{"NTK": {"KOB": 129.91272017547413, "KWT": 129.71691641867304}}