{"SHS": {"FAN": 143.6771137966685, "LMC": 722.2827029309927, "LOW": 261.7548641234705}, "SHT": {"FOT": 358.91163307844903, "TAW": 176.4766181574646}, "SHM": {"TSH": 241.62638069518056, "CIO": 132.83124418000003}, "SHW": {"SYP": 120.51552296117552, "CEN": 109.09196862618482}}