{"SUN": {"DIS": 198.58233387484285, "TUC": 823.8869355398753, "TSY": 583.7261515231879}, "SUW": {"KAT": 119.31719558999995, "TKW": 152.9794}}