{"SWH": {"TAK": 93.78868971036903, "SKW": 122.65772452983863}}