{"SYP": {"SHW": 140.61213037489188, "HKU": 103.23631625946557}}