{"TAW": {"KOT": 334.6643606025783, "SHT": 17.44, "HIK": 170.18764219700006, "CKT": 140.5514897}, "TAP": {"UNI": 418.1510214074768, "TWO": 134.94980527}, "TAK": {"QUB": 117.88340485119538, "SWH": 114.33191826113607}}