{"TUC": {"SUN": 698.1735713496636}, "TUM": {"SIH": 159.5623730486231}}