{"TWO": {"FAN": 312.92414631076656, "TAP": 155.19926418917458}, "TWW": {"MEF": 322.6204295478246, "KSR": 467.82411554059536}, "TWH": {"KWH": 130.1285848614331, "TSW": 73.17354163459166}}