{"WAC": {"ADM": 124.12983977799774, "CAB": 147.1462732261776}}