{"WTS": {"DIH": 112.88501045604566, "LOF": 118.75557605295674}}