{"YMT": {"MOK": 110.13157111956738, "JOR": 131.85305266929953, "HOM": 168.1571220490677}}