{"YUL": {"KSR": 247.9912500101415, "LOP": 127.91173107799997}}