{"AIR": {"TSY": 1567.993501908837, "AWE": 116.99713365830819}}