{"CIO": {"SHM": 129.02156965499995, "STW": 127.12001945872048}}