{"ETS": {"AUS": 172.218334836731, "HUH": 160.52756945553364}}