{"EXC": {"HUH": 144.30799468430652, "ADM": 71.6885116575148}}