{"HAH": {"TKO": 157.74255938022043, "POA": 122.30590299309013}}