{"HKU": {"SYP": 124.08455701484692, "KET": 101.59216327908081}}