{"HOK": {"KOW": 194.50406758967367}, "HOM": {"TKW": 130.69476628255805, "HUH": 139.53059285971625, "YMT": 161.47786765225234, "WHA": 82.72274026860994}}