{"HUH": {"ETS": 187.15081408461998, "EXC": 193.88640671850328, "MKK": 198.37605735525614, "HOM": 111.3838059044951}}