{"K18-D020": {"K18-D030": 189.18052015063978}, "K12-D020": {"K12-D030": 380.97883221280034}, "K18-U010": {"K18-U020": 221.83777500496996}, "K12-D030": {"K12-D040": 94.52064294994649}, "K17-D010": {"K17-D020": 348.7885070055482}, "K18-U020": {"K18-U030": 100.77898016970478}, "K12-U020": {"K12-U030": 250.1080234131511}, "K17-U010": {"K17-U020": 261.1097524359948}, "K17-D020": {"K17-D030": 62.71586784444943}, "K17-U030": {"K17-U040": 31.50080251814095}, "K12-D010": {"K12-D020": 161.80179192546726}, "K18-D010": {"K18-D020": 262.34463403851186}, "K17-U020": {"K17-U030": 145.63544358579827}, "K12-U010": {"K12-U020": 283.060422983798}}