{"K68-D150": {"K68-D160": 68.64541308354617}, "K66-U170": {"K66-U180": 32.29600069176249}, "K66-D010": {"K66-D020": 15.395506902305513}, "K65A-D050": {"K65A-D060": 53.623197663581756}, "K65-D180": {"K65-D190": 133.88299512836133}, "K68-U130": {"K68-U140": 170.86089962724412}, "K65A-D100": {"K65A-D110": 224.5896837341517}, "K66-U210": {"K66-U220": 52.71810331393848}, "K65-D160": {"K65-D170": 169.08263402820506}, "K65-D120": {"K65-D130": 76.3793335748612}, "K65-D140": {"K65-D150": 117.6118061747919}, "K66-D230": {"K66-D240": 93.52604340962539}, "K65A-U120": {"K65A-U130": 81.40362232740299}, "K66-U100": {"K66-U110": 80.30277550243196}, "K66-U120": {"K66-U130": 59.88117101651801}, "K66-U020": {"K66-U030": 205.5644794385411}, "K65A-D040": {"K65A-D050": 61.97893116922266}, "K66-U040": {"K66-U050": 138.65638016751964}, "K65-U010": {"K65-U020": 298.75351198439074}, "K66-U110": {"K66-U120": 40.33683456562378}, "K65-D050": {"K65-D060": 63.13320400491108}, "K65A-U040": {"K65A-U050": 102.84312033708648}, "K65-D110": {"K65-D120": 119.1832431850452}, "K66-U160": {"K66-U170": 44.52448526897839}, "K66-U200": {"K66-U210": 58.71013965939151}, "K65A-U100": {"K65A-U110": 53.09342095523955}, "K68-D110": {"K68-D120": 87.81033823988501}, "K65A-D010": {"K65A-D020": 169.10577334655846}, "K65A-D080": {"K65A-D090": 56.656446595442176}, "K65-U150": {"K65-U160": 56.236928273424724}, "K65-D060": {"K65-D070": 94.94545199683445}, "K65-D070": {"K65-D080": 147.87742197114883}, "K68-D100": {"K68-D110": 79.88015002042712}, "K68-D040": {"K68-D050": 115.25356255600002}, "K68-D200": {"K68-U011": 66.18534805767324}, "K65A-D060": {"K65A-D070": 79.29104185872549}, "K68-D130": {"K68-D140": 57.99375115009794}, "K65A-D020": {"K65A-D030": 64.50806170512188}, "K65-U180": {"K65-U190": 75.18033245446472}, "K66-D020": {"K66-D030": 74.20898931297945}, "K66-U180": {"K66-U190": 63.160205654208504}, "K65-U090": {"K65-U100": 56.20395948351394}, "K65-U220": {"K65-U230": 85.92638015568227}, "K65-U210": {"K65-U220": 69.39828563345716}, "K66-U130": {"K66-U140": 53.56308283070338}, "K65-D030": {"K65-D040": 70.0601684415274}, "K68-D120": {"K68-D130": 172.0528261640915}, "K65-D040": {"K65-D050": 70.85212823701963}, "K68-D070": {"K68-D080": 210.7932255359906}, "K65-U070": {"K65-U080": 68.11890603997058}, "K66-D110": {"K66-D120": 89.9731859787424}, "K65A-D070": {"K65A-D080": 136.10679236769718}, "K65-D100": {"K65-D110": 227.68457847974224}, "K68-U120": {"K68-U130": 147.97780351631}, "K65A-U050": {"K65A-U060": 52.98328244227345}, "K65A-U020": {"K65A-U030": 174.5956205609338}, "K66-D200": {"K66-D210": 139.44815531862233}, "K66-U140": {"K66-U150": 40.51768426922479}, "K66-U080": {"K66-U090": 182.5554639564264}, "K66-D210": {"K66-D220": 166.94069215226287}, "K65A-U030": {"K65A-U040": 33.99972508080838}, "K65A-U090": {"K65A-U100": 48.98422704530425}, "K65-U040": {"K65-U050": 86.41654790007145}, "K68-U030": {"K68-U040": 27.78435432194207}, "K65A-D030": {"K65A-D040": 61.724577708292124}, "K68-U090": {"K68-U100": 171.01148039899604}, "K65-U130": {"K65-U140": 25.659238100879087}, "K65A-U080": {"K65A-U090": 63.80302066495975}, "K68-U110": {"K68-U120": 202.10866222677205, "K68-D090": 168.83119000000002}, "K66-U150": {"K66-U160": 54.363758157526036}, "K68-U140": {"K68-U150": 49.01837586393681}, "K66-D170": {"K66-D180": 256.2345530128757}, "K66-D120": {"K66-D130": 73.48819771489191}, "K68-D030": {"K68-D040": 85.4038354356}, "K68-U150": {"K68-U160": 94.10843046000002}, "K65-U160": {"K65-U170": 53.47136908216039}, "K66-U090": {"K66-U100": 47.4460730333072}, "K66-D180": {"K66-D190": 88.4784259351227}, "K66-U190": {"K66-U200": 65.48173618298833}, "K66-D150": {"K66-D160": 135.63575589794}, "K66-D050": {"K66-D060": 57.927743245824935}, "K68-D010": {"K68-D020": 48.19891549273751}, "K66-D090": {"K66-D100": 49.93032254086908}, "K65-D150": {"K65-D160": 112.85355312592635}, "K65A-U060": {"K65A-U070": 49.34963509277351}, "K65-D130": {"K65-D140": 109.8123584719162}, "K65-U080": {"K65-U090": 157.45274626054078}, "K65-D020": {"K65-D030": 84.02085969093271}, "K65A-D090": {"K65A-D100": 110.62341404215735}, "K66-U070": {"K66-U080": 217.75520356415}, "K65A-U070": {"K65A-U080": 37.151528637732966}, "K66-D030": {"K66-D040": 87.18049811916791}, "K66-D130": {"K66-D140": 57.07530914425674}, "K66-D060": {"K66-D070": 53.7910626617044}, "K65-U030": {"K65-U040": 113.21729588022001}, "K66-D160": {"K66-D170": 173.78623990384148}, "K65A-U010": {"K65A-U020": 54.87533607380887}, "K68-U100": {"K68-U110": 181.82224073054982}, "K68-D190": {"K68-D200": 49.01414980140838}, "K66-U010": {"K66-U020": 121.40468298422024}, "K65-U140": {"K65-U150": 110.54087858516532}, "K66-U030": {"K66-U040": 172.30647696740496}, "K68-D160": {"K68-D170": 72.92374869583536}, "K65-U190": {"K65-U200": 63.028025142179544}, "K68-D090": {"K68-D100": 142.75973878906922}, "K66-D080": {"K66-D090": 78.38857741097698}, "K65-U120": {"K65-U130": 183.75389109490413}, "K65-U020": {"K65-U030": 157.09800348562882}, "K68-U050": {"K68-U060": 49.662806018209125}, "K65-D170": {"K65-D180": 126.35391649812871}, "K66-D190": {"K66-D200": 93.46935258675302}, "K68-U040": {"K68-U050": 52.79841380807055}, "K66-D140": {"K66-D150": 122.61368501411224}, "K68-D020": {"K68-D030": 85.98989503534396}, "K68-D170": {"K68-D180": 40.13964820967237}, "K65-D090": {"K65-D100": 114.60077095580114}, "K65-U110": {"K65-U120": 110.05203816836634}, "K65-U060": {"K65-U070": 33.91084264883898}, "K65A-U110": {"K65A-U120": 75.98136317888648}, "K66-U050": {"K66-U060": 52.77468449186}, "K68-U170": {"K68-D010": 153.7124303}, "K68-U160": {"K68-U170": 69.67193994446235}, "K66-D100": {"K66-D110": 55.76239469231418}, "K68-U010": {"K68-U020": 103.67603305513903}, "K66-D070": {"K66-D080": 62.60545930104725}, "K68-D080": {"K68-D090": 94.779261445}, "K68-U080": {"K68-U090": 39.95152501522546}, "K66-U060": {"K66-U070": 185.326837783344}, "K65-D080": {"K65-D090": 73.3027847399866}, "K68-D140": {"K68-D150": 35.326889273261536}, "K65-U200": {"K65-U210": 68.46275165082741}, "K68-U060": {"K68-U070": 100.90192925088733}, "K65-U050": {"K65-U060": 93.45799297426488}, "K65-D010": {"K65-D020": 40.19494368390607}, "K68-D050": {"K68-D060": 65.44000064954412}, "K66-D220": {"K66-D230": 78.7128740008193}, "K65-U170": {"K65-U180": 44.01649402308674}, "K68-U070": {"K68-U080": 35.51166979000002}, "K65-U100": {"K65-U110": 162.88703445450838}, "K68-D180": {"K68-D190": 26.804498596234072}, "K66-D040": {"K66-D050": 53.02413132801379}, "K68-U020": {"K68-U030": 36.902256053325985}, "K68-D060": {"K68-D070": 113.89005463288099}, "K66A-U160": {"K66A-U170": 40.260000000000005}, "K66A-U090": {"K66A-U100": 51.864999999999995}, "K66A-U080": {"K66A-U090": 96.8}, "K66A-U130": {"K66A-U140": 59.95000000000001}, "K66A-U040": {"K66A-U050": 64.57000000000001}, "K66A-U110": {"K66A-U120": 36.080000000000005}, "K66A-U050": {"K66A-U060": 58.300000000000004}, "K66A-U060": {"K66A-U070": 220.22000000000003}, "K66A-U030": {"K66A-U040": 315.70000000000005}, "K66A-U120": {"K66A-U130": 54.67}, "K66A-U150": {"K66A-U160": 28.270000000000003}, "K66A-U170": {"K66A-U180": 22.0}, "K66A-U100": {"K66A-U110": 78.21000000000001}, "K66A-U070": {"K66A-U080": 272.8}, "K66A-U190": {"K66A-U200": 71.5}}