{"K73-U070": {"K73-U080": 164.39277483750175}, "K76-U010": {"K76-U020": 24.322821077876633}, "K76-D030": {"K76-D040": 55.044140923742916}, "K73-U040": {"K73-U050": 117.66782749779391, "K73-U060": 235.74865268184448}, "K75A-D010": {"K75A-D020": 219.11104173681073}, "K75A-D030": {"K75A-D040": 48.70512291870277}, "K76-D010": {"K76-D020": 321.9613502107951}, "K73-U050": {"K73-U060": 122.0718879183044}, "K76-U030": {"K76-U040": 314.3272481734354}, "K75P-U120": {"K75P-U130": 70.88361980995056}, "K76-U040": {"K76-U050": 174.63721092921236}, "K73-D110": {"K73-D120": 88.14303080284154}, "K75A-D100": {"K75A-D110": 105.20867088367599}, "K74-D090": {"K74-U011": 74.1715208248837}, "K75P-D080": {"K75P-U011": 143.5773590706973}, "K75P-U140": {"K75P-D010": 147.3685164231103}, "K74-U060": {"K74-U070": 148.8750450856623}, "K73-U110": {"K73-U120": 249.36002554018395}, "K76-D020": {"K76-D030": 131.81217362623403}, "K74-D110": {"K74-U002": 145.23748187318714}, "K74-U004": {"K74-U007": 95.36611121470999}, "K75P-D020": {"K75P-D030": 36.371108070176504}, "K74-D100": {"K74-D110": 81.4778384911446}, "K73-U100": {"K73-U110": 270.06091129468376}, "K75A-D020": {"K75A-D030": 25.52490024217471}, "K75P-D030": {"K75P-D040": 124.62801567038848}, "K75A-D040": {"K75A-D050": 59.088160997663486}, "K74-D060": {"K74-D070": 137.23804526697478}, "K73-D040": {"K73-D050": 77.96302704748408}, "K73-U030": {"K73-U040": 88.49578499261737}, "K75P-U130": {"K75P-U140": 47.09094676822334}, "K74-U040": {"K74-U050": 162.02157473793562}, "K73-D130": {"K73-D140": 144.93700761487116}, "K75A-D070": {"K75A-D080": 49.57382718328263}, "K74-D020": {"K74-D030": 145.0255793897243}, "K75P-D070": {"K75P-D080": 95.37332900098271}, "K73-U060": {"K73-U070": 143.54111328736076}, "K75P-D010": {"K75P-D020": 138.143796851761}, "K75A-D060": {"K75A-D070": 41.776985121119054}, "K75P-U020": {"K75P-U030": 115.61084890501488}, "K74-D040": {"K74-D050": 74.3685852352611}, "K73-D050": {"K73-D070": 104.41346382722573}, "K75P-D050": {"K75P-D060": 92.93593487622857}, "K73-D120": {"K73-D130": 104.2147280992659}, "K74-D030": {"K74-D040": 137.42161649913186}, "K74-D050": {"K74-D060": 83.4353823723739}, "K75A-U030": {"K75A-D010": 221.44304879631508}, "K75A-D090": {"K75A-D100": 50.121066355728416}, "K76-U020": {"K76-U030": 173.93498836923192}, "K75P-U050": {"K75P-U060": 142.33989077833152}, "K75P-U060": {"K75P-U070": 28.193650471448176}, "K75A-D110": {"K75A-U011": 173.6249253701304}, "K73-U080": {"K73-U110": 402.49931305364464, "K73-U090": 291.0904523836932}, "K73-D140": {"K73-D150": 189.01571353439908}, "K74-U001": {"K74-U004": 173.47294256230586}, "K73-D030": {"K73-D040": 124.29623682578124}, "K75P-U090": {"K75P-U100": 36.15808742284895}, "K75P-U100": {"K75P-U110": 60.75566427912469}, "K75A-U010": {"K75A-U020": 43.08938242765837}, "K75A-D050": {"K75A-D060": 79.73098037023897}, "K73-D020": {"K73-D030": 103.29615394061425}, "K75P-D040": {"K75P-D050": 162.73307916620743}, "K73-D150": {"K73-D160": 47.18225582040676}, "K73-D090": {"K73-D100": 79.59948641732717}, "K73-D070": {"K73-D080": 176.15789829103238}, "K74-U100": {"K74-D010": 111.25086678825872}, "K75P-U070": {"K75P-U080": 114.83519226169206}, "K75A-U020": {"K75A-U030": 134.29547584800937}, "K75P-U040": {"K75P-U050": 111.29461812049927}, "K73-U090": {"K73-U100": 120.17005564159106}, "K75P-U110": {"K75P-U120": 94.94878547094241}, "K74-D080": {"K74-D090": 150.59743444671832}, "K75P-U080": {"K75P-U090": 44.358949269321066}, "K75A-D080": {"K75A-D090": 109.01933051572219}, "K73-U010": {"K73-U020": 63.99186987849132}, "K74-U020": {"K74-U030": 121.16268325628964}, "K74-U010": {"K74-U020": 163.6677521076723}, "K74-D010": {"K74-D020": 148.39488795878302}, "K74-U090": {"K74-U100": 213.86644616096382}, "K73-U020": {"K73-U030": 179.9619628555995}, "K74-U030": {"K74-U040": 297.47575789862356}, "K73-D010": {"K73-D020": 79.79497077682113}, "K75P-U010": {"K75P-U020": 99.25131715516515}, "K75P-D060": {"K75P-D070": 193.0452311652855}, "K74-U007": {"K74-U010": 239.3878604960468}, "K74-U011": {"K74-D100": 173.68749205060004}, "K74-U050": {"K74-U060": 243.25795574683224}, "K73-D080": {"K73-D090": 258.3643048400239}, "K74-U070": {"K74-U080": 194.95868531790177}, "K73-D100": {"K73-D110": 190.0886825666128}, "K74-D070": {"K74-D080": 256.3769940382751}, "K75P-U030": {"K75P-U040": 134.35500128313592}, "K74-U080": {"K74-U090": 247.26983520464242}}