{"KOW": {"OLY": 133.75781940655446, "HOK": 177.74210012660552, "TSY": 510.8369217027795}, "KOT": {"MKK": 147.89028796225261, "TAW": 285.36391037262865, "LOF": 93.88203715932046, "SKM": 118.38862359155561}, "KOB": {"NTK": 94.61601173579827, "CHH": 173.30369935302005}}