{"KSR": {"TWW": 634.1626599290639, "YUL": 248.42567590388907}}