{"LAK": {"TSY": 191.83743472979342, "NAC": 249.6021953719174, "MEF": 134.4890666569159, "KWF": 137.61131961172106}, "LAT": {"YAT": 121.84408573850513, "KWT": 110.81293367346242}}