{"LCK": {"CSW": 119.4663180710752, "MEF": 129.9263093081674}}