{"MOK": {"YMT": 128.2573453150307, "PRE": 131.45876335279888}, "MOS": {"HEO": 118.6127588002608, "WKS": 169.59992100100084}}