{"NTK": {"KOB": 107.84047289048708, "KWT": 86.25083126649655}}