{"OCP": {"WCH": 132.73951271587327, "ADM": 287.63197447428735}}