{"OLY": {"KOW": 130.73289815204902, "NAC": 130.73236072469334}}