{"QUB": {"TAK": 127.04097457088127, "YAT": 259.2124501586628, "NOP": 130.1525439192112}}