{"SHT": {"FOT": 149.87416724150728, "TAW": 172.22126413158668}, "SHS": {"FAN": 153.7138798842009, "LOW": 261.7547560497205, "LMC": 440.68206779068316}, "SHM": {"TSH": 220.47174600695195, "CIO": 94.00931763166002}, "SHW": {"CEN": 116.42736913899539, "SYP": 141.19180344645585}}