{"STW": {"CIO": 132.9481267091635, "CKT": 131.4681058989283}}