{"SWH": {"TAK": 124.64300338015894, "SKW": 116.55118481663109}}