{"SYP": {"HKU": 99.72910223479475, "SHW": 135.47682203978906}}