{"TAP": {"UNI": 382.91821205914334, "TWO": 145.42993603086992}, "TAW": {"KOT": 308.8335390768563, "HIK": 138.963787573493, "SHT": 128.5823391916519, "CKT": 166.14162599999997}, "TAK": {"QUB": 124.26101813621554, "SWH": 122.84601873411108}}