{"TKO": {"TIK": 241.78909253324838, "LHP": 131.02454816533364, "HAH": 194.9713848999113}, "TKW": {"SUW": 129.10682586900003, "HOM": 134.51320261999996}}