{"TSY": {"SUN": 744.3556486370163, "KOW": 496.33621721376613, "AIR": 1442.1073191752462, "LAK": 191.98586186284965}, "TSH": {"SHM": 201.1998332656311, "HEO": 162.73466926793998}, "TST": {"JOR": 100.8171274702314, "ADM": 174.75985108868045}, "TSW": {"TWH": 47.17759827506574}}