{"TUC": {"SUN": 735.2991232391736}, "TUM": {"SIH": 147.1802367557984}}