{"UNI": {"TAP": 378.32528523864664, "FOT": 190.08362985945536}}