{"WAC": {"CAB": 174.77902703254162, "ADM": 129.89552434712928}}