{"WCH": {"OCP": 115.80957468200154, "LET": 177.08555175853206}}