{"WTS": {"LOF": 125.4138994224855, "DIH": 106.99014119062949}}