{"YAT": {"QUB": 252.25333619598638, "LAT": 138.17364963416324, "TIK": 139.86401544776405}}