{"YMT": {"MOK": 116.4616752906991, "HOM": 231.84065343827174, "JOR": 126.97957444266353}}