{"5": {"305": 80.05418042249832, "6": 126.74040304748374}}