{"CIO": {"SHM": 109.03612039903139, "STW": 52.458648}}