{"CKT": {"STW": 83.64362666942971, "TAW": 111.23083088457902}}