{"CSW": {"SSP": 109.57683414265698, "LCK": 124.55580444243574}}