{"ETS": {"AUS": 70.00635682800001, "HUH": 65.41835987136253}}