{"FOT": {"UNI": 197.25626662895547, "SHT": 149.16049401454958}, "FOH": {"NOP": 126.23339178593865, "TIH": 111.18347503670084}}