{"HEO": {"MOS": 101.12264138945147, "TSH": 114.47765879999997}}