{"HFC": {"SKW": 93.64376637997799, "CHW": 146.81445592880496}}