{"HKU": {"KET": 97.36570935801136, "SYP": 127.0332836051354}}