{"HOK": {"KOW": 176.67511749250895}, "HOM": {"YMT": 128.51841488998753, "HUH": 89.0483831736972, "TKW": 121.63237875710001, "WHA": 82.74930328437279}}