{"HUH": {"EXC": 169.39518509789158, "HOM": 123.04616209534, "MKK": 177.4396048924274, "ETS": 91.5773324728734}}