{"JOR": {"TST": 67.36482011910446, "YMT": 109.9872915240725}}