{"K51A-D160": {"K51A-D170": 189.08480792209997}, "K54-U030": {"K54-U040": 146.06995808116406}, "K51-D160": {"K51-D170": 63.18528463515247}, "K51A-D060": {"K51A-D070": 95.13617185791603}, "K51A-U210": {"K51A-U220": 81.90493001903403}, "K53-U130": {"K53-U140": 60.50044396433045}, "K52A-D060": {"K52A-D070": 129.34768316859828}, "K53-D015": {"K53-D020": 51.28912191634943}, "K53-D140": {"K53-D150": 167.6881808399698}, "K52-nU250": {"K52-nU260": 111.1820810329921}, "K53-D050": {"K53-D060": 84.33068317403507}, "K53-U080": {"K53-U090": 65.66343302406588}, "K52-nD200": {"K52-nD210": 135.00376740721907}, "K52-nU160": {"K52-nU170": 63.73541697510493}, "K53-U060": {"K53-U070": 74.9826333038931}, "K53-U070": {"K53-U080": 48.226699277565366}, "K58-D110": {"K58-D120": 176.16114493571007}, "K52-nD070": {"K52-nD080": 121.18259536538673}, "K51-U170": {"K51-U180": 73.56764225896006}, "K52-nD140": {"K52-nD150": 117.73465423968048}, "K58-U020": {"K58-U023": 160.56853152999997}, "K51A-U200": {"K51A-U210": 82.8836423393739}, "K51-U220": {"K51-U230": 68.7710182076293}, "K52-nD190": {"K52-nD200": 173.496541334376}, "K53-U100": {"K53-U110": 66.50808088179318}, "K54-D020": {"K54-D030": 178.82777081272997}, "K52-nU120": {"K52-nU140": 103.91006945659191}, "K52-nU140": {"K52-nU150": 223.44524261957343}, "K58-D200": {"K58-D210": 63.460621523105786}, "K51A-D200": {"K51A-D210": 309.9455724212751}, "K58-U050": {"K58-U060": 40.259589568}, "K53-U110": {"K53-U120": 91.64006408783177}, "K51A-D040": {"K51A-D050": 119.13271655562978}, "K54-U020": {"K54-U030": 99.25585652384785}, "K51A-D050": {"K51A-D060": 87.37753652306995}, "K58-U080": {"K58-U090": 90.27776050107403}, "K51-D060": {"K51-D070": 61.169701349072724}, "K51A-D080": {"K51A-D090": 170.79431657970514}, "K58-D190": {"K58-D193": 144.00240279851687}, "K52-nU010": {"K52-nU020": 135.56481768800808}, "K52-nD130": {"K52-nD140": 91.96660980841501}, "K51A-U070": {"K51A-U080": 175.78774945208784}, "K51A-U110": {"K51A-U120": 130.44265652554856}, "K58-U090": {"K58-U100": 213.67203780999998}, "K51A-U100": {"K51A-U110": 205.7441209281836}, "K51A-D230": {"K51A-D240": 142.89930579473443}, "K52-nU070": {"K52-nU080": 100.79027645923699}, "K51A-D190": {"K51A-D200": 169.26657200340532}, "K51A-U130": {"K51A-U140": 78.69676193759194}, "K52A-U030": {"K52A-U040": 56.591091840985726}, "K51-U230": {"K51-U240": 46.095423256103246}, "K58-D120": {"K58-D130": 152.87022013780003}, "K52-nD010": {"K52-nD020": 98.29262201502374}, "K58-D170": {"K58-D180": 167.80527219951003}, "K52-nD100": {"K52-nD110": 66.27836585610748}, "K53-U140": {"K53-D010": 87.00485373593779}, "K51-U110": {"K51-U120": 108.5598544490432}, "K51-D210": {"K51-D220": 153.34416119717784}, "K51-U120": {"K51-U130": 146.97315291573693}, "K53-U010": {"K53-U020": 264.1759473294006}, "K51A-U150": {"K51A-U160": 114.36974083789}, "K54-U050": {"K54-U060": 359.28511396309216}, "K58-U200": {"K58-U210": 62.22898, "K58-U215": 69.33188011187899}, "K52-nU300": {"K52-nU310": 48.195353399482244}, "K58-U180": {"K58-U190": 107.85800256649001}, "K52A-U015": {"K52A-U020": 165.75292050658408}, "K53-U090": {"K53-U100": 113.94604585387683}, "K52-nU080": {"K52-nU090": 92.86087259077968}, "K53-U020": {"K53-U030": 155.0447903602933, "K53-D160": 722.9907336343675}, "K53-U050": {"K53-U060": 132.85111793276144}, "K52-nD260": {"K52-nD270": 68.4388459050668}, "K51A-D020": {"K51A-D030": 117.33850408623445}, "K58-U130": {"K58-U140": 106.21849236204953}, "K51A-D240": {"K51A-D250": 78.48495212706769}, "K53-D020": {"K53-D030": 102.94383377514104}, "K52-nD170": {"K52-nD180": 106.97463739322981}, "K58-U160": {"K58-U170": 158.62504702926068}, "K51A-U080": {"K51A-U090": 160.00403337295637}, "K58-D020": {"K58-D030": 123.45652176000003}, "K54-D030": {"K54-D040": 61.986144646308205}, "K58-U023": {"K58-U026": 56.92526234999999}, "K53-D070": {"K53-D080": 44.98721060681504}, "K53-D120": {"K53-D130": 68.63948755917046}, "K51A-U050": {"K51A-U060": 303.9458202901761}, "K53-U040": {"K53-U050": 119.16510100059017}, "K51-D080": {"K51-D090": 114.96009224152199}, "K52-nD240": {"K52-nD250": 168.06096062948936}, "K51-D270": {"K51-D280": 117.30263057620493}, "K51-D280": {"K51-D290": 59.57086071481518}, "K51-U080": {"K51-U090": 172.55776935188106}, "K52-nU090": {"K52-nU100": 128.91212872994396}, "K58-D080": {"K58-D090": 115.12564528738076}, "K52A-U140": {"K52A-U150": 162.72275497772506}, "K51-U010": {"K51-U020": 34.33951612928198}, "K51A-U140": {"K51A-U150": 48.267467729405325}, "K52A-U090": {"K52A-U100": 105.13503821693068}, "K58-U030": {"K58-U040": 290.934776}, "K54-U010": {"K54-U020": 117.81207848776357}, "K51-D240": {"K51-D250": 128.83464459798856}, "K52-nD080": {"K52-nD090": 69.06765991547664}, "K51-U140": {"K51-U150": 57.37865772025701}, "K51-D070": {"K51-D080": 71.69107187063096}, "K58-D150": {"K58-D160": 69.63709740909083}, "K53-D100": {"K53-D110": 79.82110171371359}, "K52-nU260": {"K52-nU270": 131.42345455988212}, "K58-U100": {"K58-U110": 103.3416437356922}, "K52A-U160": {"K52A-U170": 25.575320061000003}, "K51A-D220": {"K51A-D230": 138.76456776861403}, "K51A-U180": {"K51A-U190": 106.93275152643449}, "K58-D040": {"K58-D050": 130.45927411000002}, "K52-nU100": {"K52-nU110": 187.24691087219136}, "K52-nU060": {"K52-nU070": 136.895889042535}, "K51-U150": {"K51-U160": 73.99543416162442}, "K51A-U040": {"K51A-U050": 127.81303613315606}, "K51-D130": {"K51-D140": 56.60172368756482}, "K51-D200": {"K51-D210": 123.89854650034802}, "K51-U200": {"K51-U210": 89.00460318320002}, "K58-D193": {"K58-D196": 86.63995405846252}, "K58-D010": {"K58-D020": 32.461}, "K58-D140": {"K58-D150": 46.287278335100005}, "K51-U210": {"K51-U220": 154.5910871324268}, "K53-D030": {"K53-D040": 80.64828805776128}, "K53-U120": {"K53-U130": 69.69070903141275}, "K53-D130": {"K53-D140": 108.1570983270254}, "K51A-U230": {"K51A-U240": 40.23237627406624}, "K52-nD230": {"K52-nD240": 167.040672807636}, "K52A-U020": {"K52A-U030": 91.4764554934723}, "K51-U100": {"K51-U110": 196.85803713640357}, "K52-nU210": {"K52-nU220": 86.19789259651573}, "K51-D190": {"K51-D200": 163.9631347635182}, "K52-nD110": {"K52-nD120": 147.43966220575317}, "K53-D110": {"K53-D120": 155.236166290319}, "K51-U180": {"K51-U190": 108.81851290291596}, "K53-D150": {"K53-D160": 171.20031216953114}, "K53-D060": {"K53-D070": 138.41703190756402}, "K51-D120": {"K51-D130": 58.67611239547184}, "K51A-U240": {"K51A-U250": 57.354210926724}, "K52A-U050": {"K52A-U060": 62.400831324406205}, "K52-nU040": {"K52-nU050": 81.5155674970881}, "K52-nD040": {"K52-nD050": 40.188819026670686}, "K51A-D030": {"K51A-D040": 44.93868957494185}, "K52A-U060": {"K52A-U070": 156.17141578661187}, "K51A-D250": {"K51A-D260": 126.16367257805223}, "K58-U026": {"K58-U030": 130.75313330000003}, "K51A-D180": {"K51A-D190": 129.61110609417102}, "K52-nD160": {"K52-nD170": 153.1903937206709}, "K52A-U170": {"K52A-U180": 275.33340837296066}, "K51-D170": {"K51-D180": 109.33312939911336}, "K51-U240": {"K51-U250": 123.59021934769116}, "K52A-D010": {"K52A-D020": 277.2253505563366}, "K51-D140": {"K51-D150": 81.01661687974777}, "K54-D040": {"K54-D050": 171.6197697392248}, "K54-D010": {"K54-D020": 96.28523981946596}, "K51-D150": {"K51-D160": 190.94258593630002}, "K51-D010": {"K51-D020": 101.86117842347744}, "K52-nU240": {"K52-nU250": 81.0808066692097}, "K51-U050": {"K51-U060": 294.65653266040283}, "K58-D050": {"K58-D060": 202.71490800706528}, "K52A-U040": {"K52A-U050": 162.0596005384525}, "K51A-D150": {"K51A-D160": 125.21888108465177}, "K51A-D170": {"K51A-D180": 191.11416223520692}, "K58-D090": {"K58-D100": 151.41676847528}, "K53-D080": {"K53-D090": 53.121947555773446}, "K54-D060": {"K54-D070": 159.37149045561932}, "K52A-U100": {"K52A-U110": 98.83886091950001}, "K51A-U090": {"K51A-U100": 158.5961930503125}, "K58-U190": {"K58-U200": 139.02123828230003}, "K58-D160": {"K58-D170": 250.96273584122383}, "K52-nU110": {"K52-nU120": 170.60563187129372}, "K51A-D140": {"K51A-D150": 87.73886622129908}, "K52-nD060": {"K52-nD070": 134.27925343422564},