{"K76-D020": {"K76-D030": 140.78393485688323}, "K75A-U030": {"K75A-D010": 237.99858317396883}, "K73-U110": {"K73-U120": 232.22822205386828}, "K76-U030": {"K76-U040": 242.07007690900406}, "K73-U060": {"K73-U070": 139.62113731234268}, "K75A-D110": {"K75A-U011": 222.56639918010032}, "K75A-D020": {"K75A-D030": 33.61446223086947}, "K73-U090": {"K73-U100": 129.187750519677}, "K73-D020": {"K73-D030": 66.927484785355}, "K74-D030": {"K74-D040": 122.2748236275888}, "K73-D140": {"K73-D150": 228.42409037442584}, "K75P-U100": {"K75P-U110": 66.36575005809803}, "K75P-D010": {"K75P-D020": 167.16750353561778}, "K76-U040": {"K76-U050": 133.58319252065937}, "K75P-U120": {"K75P-U130": 66.51460442864968}, "K75P-U090": {"K75P-U100": 37.69626051149938}, "K73-D070": {"K73-D080": 174.90503950567873}, "K74-U050": {"K74-U060": 263.82437082365385}, "K76-D010": {"K76-D020": 285.1255573871623}, "K74-D070": {"K74-D080": 244.13161450703078}, "K74-U001": {"K74-U004": 150.44740194694603}, "K73-U040": {"K73-U050": 121.33509029868995, "K73-U060": 238.56712255349308}, "K75P-U050": {"K75P-U060": 151.51560364888329}, "K75P-D050": {"K75P-D060": 105.64714006713166}, "K76-D030": {"K76-D040": 61.829157466682524}, "K75A-D050": {"K75A-D060": 103.79661956284755}, "K73-U030": {"K73-U040": 104.53539439716943}, "K75A-D040": {"K75A-D050": 63.60328675759102}, "K73-U080": {"K73-U090": 304.22580904704694, "K73-U110": 310.4084399776408}, "K75P-U020": {"K75P-U030": 114.4249056160912}, "K76-U010": {"K76-U020": 76.35323608440339}, "K75P-D080": {"K75P-U011": 159.19622561861087}, "K74-D050": {"K74-D060": 104.30250197188909}, "K74-U020": {"K74-U030": 146.41432360268493}, "K75P-U040": {"K75P-U050": 106.33134686990795}, "K74-U100": {"K74-D010": 114.97032749422442}, "K73-D010": {"K73-D020": 72.29213985547008}, "K73-D110": {"K73-D120": 64.60664044398149}, "K73-D080": {"K73-D090": 247.47363065552426}, "K75A-D060": {"K75A-D070": 47.66687746647683}, "K74-D060": {"K74-D070": 172.93865471279096}, "K75P-U060": {"K75P-U070": 30.223146316198374}, "K75P-U110": {"K75P-U120": 99.46667654905349}, "K73-D040": {"K73-D050": 73.59385749915236}, "K75P-D020": {"K75P-D030": 34.97456151208199}, "K73-D150": {"K73-D160": 41.65026123528686}, "K75A-D030": {"K75A-D040": 59.01160022957324}, "K73-D120": {"K73-D130": 108.40864231399762}, "K74-U030": {"K74-U040": 290.5799620500609}, "K75P-D030": {"K75P-D040": 140.07164310938566}, "K74-U011": {"K74-D100": 188.35012659610894}, "K75P-U140": {"K75P-D010": 149.99374632738022}, "K75A-U020": {"K75A-U030": 134.4883386703552}, "K73-U050": {"K73-U060": 121.10707193836006}, "K74-D100": {"K74-D110": 94.36499822675512}, "K75A-D100": {"K75A-D110": 109.83598537543085}, "K75A-D070": {"K75A-D080": 65.43789304833918}, "K76-U020": {"K76-U030": 156.5361573200884}, "K73-U070": {"K73-U080": 181.94666166554953}, "K75P-U130": {"K75P-U140": 51.84018608256366}, "K73-U100": {"K73-U110": 281.2350225087579}, "K73-D090": {"K73-D100": 96.34128330653196}, "K75A-D010": {"K75A-D020": 220.80880731055123}, "K74-D010": {"K74-D020": 175.57353914648425}, "K73-D100": {"K73-D110": 207.3863518543676}, "K74-U004": {"K74-U007": 117.31039394646541}, "K74-U090": {"K74-U100": 201.38065935925368}, "K75P-U070": {"K75P-U080": 98.17702299811012}, "K73-U020": {"K73-U030": 205.56085612324773}, "K75P-U010": {"K75P-U020": 97.24241569632984}, "K74-U010": {"K74-U020": 210.75018074678542}, "K74-D040": {"K74-D050": 84.97360355043037}, "K73-D030": {"K73-D040": 113.60370966009623}, "K73-D050": {"K73-D070": 110.6410227420881}, "K75A-D090": {"K75A-D100": 48.94728467735764}, "K75P-U080": {"K75P-U090": 38.682086610364784}, "K75A-D080": {"K75A-D090": 105.35407367899927}, "K75A-U010": {"K75A-U020": 47.6271168784664}, "K75P-D070": {"K75P-D080": 85.842499886567}, "K73-U010": {"K73-U020": 71.11466113902786}, "K75P-D060": {"K75P-D070": 201.1634787582145}, "K74-U060": {"K74-U070": 138.36972408062235}, "K74-D110": {"K74-U002": 183.2544490644262}, "K74-U040": {"K74-U050": 183.02887439036817}, "K73-D130": {"K73-D140": 137.43565981553434}, "K74-D090": {"K74-U011": 70.00728550377758}, "K74-U070": {"K74-U080": 159.49975774236492}, "K75P-D040": {"K75P-D050": 178.4100482223319}, "K75P-U030": {"K75P-U040": 135.67891573805124}, "K74-D020": {"K74-D030": 148.82105788075285}, "K74-U007": {"K74-U010": 287.9439453354132}, "K74-U080": {"K74-U090": 225.8958155911658}, "K74-D080": {"K74-D090": 178.22124686400582}, "K75S-U011": {"K75S-U020": 569.47}, "K75S-U020": {"K75S-U030": 136.87586000000002}, "K75S-U040": {"K75S-D010": 56.112777599999994}, "K75S-D020": {"K75S-D030": 167.81090700000001}, "K75S-D010": {"K75S-D020": 205.817227}, "K75S-U010": {"K75S-U020": 44.022000000000006}, "K75S-D030": {"K75S-U011": 197.14750000000004}, "K75S-U030": {"K75S-U040": 141.79000000000002}, "K76S-U020": {"K76S-U030": 191.18}, "K76S-U015": {"K76S-U020": 141.39950000000005}, "K76S-U010": {"K76S-U015": 113.30000000000001}}