{"KAT": {"DIH": 128.77935215100004, "SUW": 124.4314014376884}}