{"KWF": {"LAK": 137.45641845475706, "KWH": 105.5515517660529}, "KWT": {"LAT": 96.87948634844903, "NTK": 67.01744155200001}, "KWH": {"TWH": 136.97674642604784, "KWF": 93.90731791363514}}