{"LAK": {"NAC": 255.1652778015469, "MEF": 118.40630746251551, "KWF": 154.208012228443, "TSY": 184.69169153754797}, "LAT": {"YAT": 54.87079448894298, "KWT": 96.14648747604556}}