{"LCK": {"CSW": 110.56521198779592, "MEF": 131.10498166442756}}