{"LOP": {"TIS": 181.60996191843236, "YUL": 104.42222684898995}, "LOW": {"SHS": 226.04678333538632}, "LOF": {"WTS": 116.55068640863351, "KOT": 90.63345048742127}}