{"MEF": {"NAC": 175.82168855815723, "LAK": 140.52076606343505, "TWW": 324.46615519792806, "LCK": 79.82218889297721}}