{"MKK": {"KOT": 128.3605101610338, "HUH": 174.71955053183711}}