{"MOK": {"YMT": 113.2527507042054, "PRE": 122.2177175576638}, "MOS": {"HEO": 132.598604738877, "WKS": 169.6742336627458}}