{"NAC": {"AUS": 222.75095377745674, "LAK": 230.90616805240234, "MEF": 172.9228048876169, "OLY": 94.13025550794252}}