{"PRE": {"MOK": 123.94507792506599, "SSP": 132.49007929606526, "SKM": 102.35434645230082}}