{"SIH": {"TIS": 357.8166005020696, "TUM": 154.45979989193663}}