{"STW": {"CIO": 47.93857660932, "CKT": 87.18973895264999}}