{"SUN": {"DIS": 198.58233387484285, "TUC": 823.8869412916104, "TSY": 458.0953149939531}, "SUW": {"KAT": 80.5098954029333, "TKW": 132.86989999999997}}