{"SWH": {"TAK": 105.37068265347412, "SKW": 130.49225399796887}}