{"SYP": {"SHW": 132.25423103771678, "HKU": 81.72050585004493}}