{"TKO": {"TIK": 177.03519932671807, "LHP": 130.78442813455717, "HAH": 139.38317022937676}, "TKW": {"HOM": 127.23273400000001, "SUW": 123.174443459}}