{"TSY": {"AIR": 1408.0083927743867, "KOW": 456.80745140159496, "SUN": 631.1959534132346, "LAK": 185.42467423608872}, "TST": {"ADM": 161.99499133150923, "JOR": 114.55483103072868}, "TSH": {"SHM": 218.73380595782265, "HEO": 105.57820769309451}, "TSW": {"TWH": 46.27561315206001}}