{"TWH": {"KWH": 78.89180344426387, "TSW": 81.6082459661075}, "TWO": {"FAN": 297.67189484661554, "TAP": 184.6651299852524}, "TWW": {"MEF": 289.24723741765877, "KSR": 597.4080494389583}}