{"UNI": {"FOT": 193.44962628439484, "TAP": 340.72519642011304}}