{"WAC": {"CAB": 170.04481674019652, "ADM": 99.9513681060861}}