{"WTS": {"LOF": 103.24451104742052, "DIH": 76.17605558072366}}