{"YAT": {"TIK": 133.91972122688577, "QUB": 247.26896371859365, "LAT": 115.4751772618508}}