{"1": {"2": 65.2157046937838, "6": 59.62824703741224}}