{"5": {"305": 68.8928472808755, "6": 126.82800387720508}}