{"AIR": {"TSY": 1689.3255201080642, "AWE": 94.56918024084845}}