{"AUS": {"NAC": 204.94094034219432, "ETS": 146.37502}}