{"CHH": {"DIH": 200.62055869156643, "KOB": 288.97676482579686}, "CHW": {"HFC": 151.4348468653873}}