{"CIO": {"SHM": 150.7063805439549, "STW": 143.2292276103886}}