{"ETS": {"AUS": 184.12727426917883, "HUH": 303.76435965280785}}