{"EXC": {"HUH": 178.45508362826695, "ADM": 52.120601489418604}}