{"HAH": {"POA": 116.89158047957687, "TKO": 148.23638846990897}}