{"HFC": {"SKW": 131.30211610012438, "CHW": 152.35856473754887}}