{"HIK": {"DIH": 310.5269708317411, "TAW": 152.25900000000001}}