{"HKU": {"SYP": 119.24535550922519, "KET": 95.47517267204304}}