{"HUH": {"MKK": 117.1524436513455, "EXC": 225.33924522002923, "ETS": 467.8201238283749, "HOM": 130.9038014216502}}