{"JOR": {"TST": 115.65174154431168, "YMT": 126.57181524972684}}