{"K12-D030": {"K12-D040": 50.6736335667217}, "K12-D010": {"K12-D020": 141.0552519317514}, "K12-D020": {"K12-D030": 308.7976226088912}, "K12-U020": {"K12-U030": 189.69950040494598}, "K12-U010": {"K12-U020": 296.9316986913893}, "K18-D010": {"K18-D020": 229.8029535615}, "K17-D010": {"K17-D020": 286.4233344186501}, "K18-D020": {"K18-D030": 84.61442000000001}, "K17-D020": {"K17-D030": 84.9530412786}, "K17-U010": {"K17-U020": 216.6905950000001}, "K18-U010": {"K18-U020": 208.18633046200003}, "K18-U020": {"K18-U030": 51.50200000000001}, "K17-U020": {"K17-U030": 113.3649}, "K17-U030": {"K17-U040": 39.49}}