{"K54-U020": {"K54-U030": 139.77745385961148}, "K53-U030": {"K53-U040": 182.54615305171393}, "K51-U050": {"K51-U060": 237.26083707900148}, "K51-U010": {"K51-U020": 75.03683467134206}, "K54-U070": {"K54-D010": 128.12217644573107}, "K52-nD120": {"K52-nD130": 34.292007552}, "K52-nD020": {"K52-nD030": 38.859659392952665}, "K51-U040": {"K51-U050": 124.31339386423672}, "K53-U130": {"K53-U140": 46.531793373363755}, "K51-U180": {"K51-U190": 87.39407782200001}, "K53-U040": {"K53-U050": 89.23240400477012}, "K53-U060": {"K53-U070": 67.68191911208388}, "K52-nU180": {"K52-nU190": 56.72005660000001}, "K53-U110": {"K53-U120": 82.23201277245587}, "K53-U100": {"K53-U110": 52.67627371442467}, "K53-U140": {"K53-D010": 82.0353953958502}, "K53-U010": {"K53-U020": 225.42888915693302}, "K52-nU190": {"K52-nU200": 104.26786406000001}, "K51-D060": {"K51-D070": 50.079420008910446}, "K51-D160": {"K51-D170": 47.86547335014235}, "K52-nD030": {"K52-nD040": 49.03386864428343}, "K52-nU140": {"K52-nU150": 138.91610409605002}, "K54-D020": {"K54-D030": 158.64468366353066}, "K52A-D010": {"K52A-D020": 277.2256374917443}, "K54-D010": {"K54-D020": 87.56794695285986}, "K53-U020": {"K53-U030": 140.67748573705813, "K53-D160": 2431.55}, "K52-nD010": {"K52-nD020": 17.48373599347455}, "K54-D050": {"K54-D060": 64.21046428419578}, "K52-nD210": {"K52-nD220": 183.2455498522}, "K52-nD180": {"K52-nD190": 147.71368570266563}, "K54-U060": {"K54-U070": 186.74525771558646}, "K54-U030": {"K54-U040": 116.4085905651912}, "K53-D070": {"K53-D080": 38.66629031035397}, "K52-nU230": {"K52-nU240": 92.52683000000002}, "K52-nU100": {"K52-nU110": 152.75337416554356}, "K53-D030": {"K53-D040": 69.24779629675231}, "K52-nD050": {"K52-nD060": 34.87300222368799}, "K54-U010": {"K54-U020": 125.30654542858204}, "K51-D080": {"K51-D090": 112.19839045210952}, "K52-nD150": {"K52-nD160": 95.93999426825613}, "K52-nD040": {"K52-nD050": 35.11844518040113}, "K51-D140": {"K51-D150": 62.260051480579435}, "K54-D060": {"K54-D070": 132.20098815}, "K51-U120": {"K51-U130": 144.32361092069485}, "K53-D040": {"K53-D050": 65.56058392911635}, "K51-D110": {"K51-D120": 39.9859412389799}, "K51-D280": {"K51-D290": 59.84000000000001}, "K51-D170": {"K51-D180": 94.1047059157889}, "K52-nD070": {"K52-nD080": 131.19340819448936}, "K52A-U140": {"K52A-U150": 160.3578046060393}, "K53-U070": {"K53-U080": 36.396982222662885}, "K53-U090": {"K53-U100": 95.92546994951255}, "K51-D040": {"K51-D050": 50.31706538753032}, "K54-U050": {"K54-U060": 308.5688343976873}, "K51-U190": {"K51-U200": 75.61548418457888}, "K52-nU110": {"K52-nU120": 149.66178042769084}, "K52-nU040": {"K52-nU050": 61.13047711478057}, "K52-nU120": {"K52-nU140": 83.91281729368801}, "K52A-U170": {"K52A-U180": 275.33109832129213}, "K51-U230": {"K51-U240": 45.384410790690104}, "K53-D120": {"K53-D130": 37.46325305851097}, "K53-U080": {"K53-U090": 62.79584749554467}, "K52-nU250": {"K52-nU260": 95.47582000000003}, "K53-D130": {"K53-D140": 93.79677952533342}, "K51-U110": {"K51-U120": 118.37642345909578}, "K53-D015": {"K53-D020": 45.48792701566543}, "K54-D040": {"K54-D050": 145.17363477659052}, "K51-D130": {"K51-D140": 40.663847919948054}, "K51-D150": {"K51-D160": 150.87628160716582}, "K51-D020": {"K51-D030": 49.400227834739404}, "K51-D030": {"K51-D040": 40.80807668670761}, "K51-U080": {"K51-U090": 181.44591825274762}, "K52-nD230": {"K52-nD240": 158.263664658}, "K51-D050": {"K51-D060": 61.211805911587945}, "K52-nU090": {"K52-nU100": 86.72049372406742}, "K52-nU050": {"K52-nU060": 238.91792288763435}, "K52-nD060": {"K52-nD070": 132.01435059172272}, "K52-nU030": {"K52-nU040": 122.97190592691277}, "K52-nD080": {"K52-nD090": 66.82196831555231}, "K52-nU010": {"K52-nU020": 62.80275795861576}, "K52A-D060": {"K52A-D070": 129.34768316859828}, "K51-D210": {"K51-D220": 122.92842960199998}, "K51-U140": {"K51-U150": 50.913077260202655}, "K52-nU150": {"K52-nU160": 75.026195}, "K51-U070": {"K51-U080": 183.0935350017416}, "K54-U040": {"K54-U050": 135.1335902374136}, "K52-nU160": {"K52-nU170": 54.60215584031014}, "K51-U060": {"K51-U070": 250.04038465391665}, "K52-nU080": {"K52-nU090": 86.15267475411676}, "K53-U050": {"K53-U060": 124.14355917758039}, "K53-D010": {"K53-D015": 89.79083903229704}, "K51-U030": {"K51-U040": 49.245595411731614}, "K51-D100": {"K51-D110": 120.80030453617833}, "K53-D080": {"K53-D090": 45.5138596979272}, "K52-nD100": {"K52-nD110": 63.65486630928041}, "K53-D090": {"K53-D100": 43.572664994396334}, "K53-U120": {"K53-U130": 59.8111714677183}, "K51-U150": {"K51-U160": 67.57623119858923}, "K53-D060": {"K53-D070": 106.4841882542077}, "K53-D050": {"K53-D060": 65.34227914797182}, "K52-nU020": {"K52-nU030": 77.94362139582843}, "K51-U240": {"K51-U250": 120.48536500000003}, "K52-nU200": {"K52-nU210": 73.7077}, "K52-nU170": {"K52-nU180": 129.41625395533998}, "K51-U090": {"K51-U100": 147.26133900652556}, "K51-D220": {"K51-D230": 270.668350378}, "K51-U020": {"K51-U030": 60.16802589007002}, "K52-nU270": {"K52-nU280": 160.35752784965484}, "K51-D010": {"K51-D020": 106.48460569956785}, "K51-U130": {"K51-U140": 65.31866809452907}, "K51-D180": {"K51-D190": 150.14318620692802}, "K51-U100": {"K51-U110": 193.5198926622846}, "K51-U210": {"K51-U220": 55.3589914665204}, "K53-D100": {"K53-D110": 75.3789889243997}, "K52-nD200": {"K52-nD210": 99.52911870000003}, "K52-nD190": {"K52-nD200": 137.70436837360003}, "K53-D110": {"K53-D120": 128.5776404277387}, "K52-nU070": {"K52-nU080": 106.92197075477762}, "K51-D070": {"K51-D080": 58.951767624076375}, "K51-U200": {"K51-U210": 68.44871458794896}, "K54-D030": {"K54-D040": 57.97896529539984}, "K52-nD130": {"K52-nD140": 87.60359721540003}, "K53-D020": {"K53-D030": 97.42984048967227}, "K51-D270": {"K51-D280": 101.689118751}, "K51-U220": {"K51-U230": 43.513157643000014}, "K51-D120": {"K51-D130": 55.15077688339547}, "K51-D090": {"K51-D100": 73.53897507650402}, "K54A-U010": {"K54A-U020": 80.33874488463296}, "K54A-U020": {"K54A-U030": 131.93847666799536}, "K54A-D040": {"K54A-D050": 115.2830410734945}, "K54A-D010": {"K54A-D020": 143.62657246879533}, "K54A-D030": {"K54A-D040": 66.67659239512346}, "K54A-U040": {"K54A-U050": 130.7699392704701}, "K52-nD110": {"K52-nD120": 134.3165936969396}, "K54A-U030": {"K54A-U040": 105.70812457691761}, "K52-nD170": {"K52-nD180": 92.26576492540002}, "K51-U160": {"K51-U170": 98.44923728920153}, "K52-nD160": {"K52-nD170": 126.74947120794737}, "K52-nU060": {"K52-nU070": 97.12879136851004}, "K52-nD140": {"K52-nD150": 111.50092346765197}, "K51-U170": {"K51-U180": 63.00209759525701}, "K51-D200": {"K51-D210": 110.52400000000003}, "K54A-D020": {"K54A-D030": 138.08913872346494}, "K52-nU240": {"K52-nU250": 78.86359366}, "K51-D190": {"K51-D200": 141.525971726}, "K52-nD250": {"K52-nD260": 136.23466000000002}, "K52-nD290": {"K52-nD300": 85.80000000000001}, "K52-nD090": {"K52-nD100": 66.54977075835758}, "K51-D230": {"K51-D240": 68.64784283533922}, "K51-D260": {"K51-D270": 61.477284718}, "K53-D140": {"K53-D150": 176.0}, "K53-D150": {"K53-D160": 129.83489200000002}, "K52-nD220": {"K52-nD230": 60.56325}, "K52-nD280": {"K52-nD290": 94.60000000000001}, "K52-nD240": {"K52-nD250": 136.61692}, "K52-nD270": {"K52-nD280": 84.26}, "K51-D250": {"K51-D260": 139.994670772}, "K52-nD260": {"K52-nD270": 70.4}, "K51-D240": {"K51-D250": 141.99206999999998}, "K52-nU210": {"K52-nU220": 73.36322400000002}, "K52-nU220": {"K52-nU230": 79.30967000000001}, "K52-nU300": {"K52-nU310": 39.6}, "K52-nU260": {"K52-nU270": 94.0}, "K53*-U010": {"K53*-U020": 188.52935003326624}, "K53*-U020": {"K53*-U030": 85.18171426412785}}