{"K76-D010": {"K76-D020": 297.725020440988}, "K75P-U090": {"K75P-U100": 30.864059325995026}, "K75P-U100": {"K75P-U110": 60.9518216469411}, "K75P-U120": {"K75P-U130": 55.271577459251134}, "K75P-U040": {"K75P-U050": 96.88503316212716}, "K76-U020": {"K76-U030": 166.58940290411914}, "K75P-D020": {"K75P-D030": 40.09522281179704}, "K73-U020": {"K73-U030": 174.56394677786375}, "K73-U080": {"K73-U090": 285.8785380058699, "K73-U110": 266.9801903864232}, "K73-U070": {"K73-U080": 153.42200678530102}, "K73-D070": {"K73-D080": 145.86512838591617}, "K73-U110": {"K73-U120": 240.30815146331005}, "K76-U030": {"K76-U040": 288.7164573727793}, "K73-U040": {"K73-U050": 98.53249752767135, "K73-U060": 205.73431760101835}, "K75P-D050": {"K75P-D060": 76.22822877667566}, "K75P-D040": {"K75P-D050": 154.50852883513244}, "K73-U100": {"K73-U110": 225.4649633167529}, "K74-D020": {"K74-D030": 145.02415837253017}, "K73-D080": {"K73-D090": 260.33636604602}, "K73-D120": {"K73-D130": 104.44646524589243}, "K76-U040": {"K76-U050": 207.6807227513679}, "K75P-D060": {"K75P-D070": 171.58239661357374}, "K75P-D070": {"K75P-D080": 82.34372235615744}, "K76-U010": {"K76-U020": 23.01738436386485}, "K75P-U070": {"K75P-U080": 104.04094693863256}, "K75A-D060": {"K75A-D070": 39.331619618882605}, "K76-D030": {"K76-D040": 37.8458985028462}, "K75P-U130": {"K75P-U140": 42.735624554826316}, "K73-U090": {"K73-U100": 106.02984899603696}, "K75A-D020": {"K75A-D030": 16.001437817312272}, "K73-U060": {"K73-U070": 124.66871313722689}, "K75P-D010": {"K75P-D020": 102.39348317816669}, "K75P-U140": {"K75P-D010": 142.92715761542885}, "K76-D020": {"K76-D030": 107.27900155584533}, "K73-U030": {"K73-U040": 83.34240179131591}, "K75A-D010": {"K75A-D020": 179.76082335302195}, "K73-D090": {"K73-D100": 86.14640877006761}, "K75P-U060": {"K75P-U070": 28.13296079333503}, "K75P-D080": {"K75P-U011": 135.30267392362128}, "K73-D100": {"K73-D110": 179.07882686174406}, "K75P-U010": {"K75P-U020": 87.58756088112403}, "K73-U050": {"K73-U060": 103.39612596769345}, "K75P-D030": {"K75P-D040": 117.74113923757416}, "K75P-U050": {"K75P-U060": 124.07402200484523}, "K75P-U030": {"K75P-U040": 109.644807425821}, "K75A-D050": {"K75A-D060": 69.74409784277134}, "K75P-U020": {"K75P-U030": 112.15584878547831}, "K75A-U010": {"K75A-U020": 41.955977005166645}, "K73-D050": {"K73-D070": 86.00303763069763}, "K73-U010": {"K73-U020": 78.95274020546785}, "K75P-U080": {"K75P-U090": 36.49736457318973}, "K73-D030": {"K73-D040": 107.92031356641021}, "K73-D010": {"K73-D020": 69.78381322220672}, "K75A-D040": {"K75A-D050": 53.60993505779341}, "K75A-D070": {"K75A-D080": 37.46113568351331}, "K75A-D090": {"K75A-D100": 47.97537324824938}, "K75A-U030": {"K75A-D010": 195.46385128400377}, "K75A-U020": {"K75A-U030": 116.5721096150681}, "K73-D020": {"K73-D030": 56.80530641929205}, "K75P-U110": {"K75P-U120": 89.31633042981535}, "K73-D040": {"K73-D050": 66.26442827656363}, "K73-D110": {"K73-D120": 47.2148285179372}, "K73-D150": {"K73-D160": 28.070245661827023}, "K73-D140": {"K73-D150": 193.02104674100005}, "K75A-D100": {"K75A-D110": 100.56320982256793}, "K75A-D030": {"K75A-D040": 41.726567090018264}, "K75A-D080": {"K75A-D090": 80.313417899266}, "K75A-D110": {"K75A-U011": 186.31823596638998}, "K73-D130": {"K73-D140": 120.11177685854832}}