{"KAT": {"SUW": 130.93883325806843, "DIH": 151.36015491842565}}