{"KOT": {"MKK": 175.83044895609626, "TAW": 264.97248458133913, "SKM": 147.78991008282338, "LOF": 120.56531454490323}, "KOW": {"HOK": 177.74210021785535, "OLY": 132.66608335759096, "TSY": 480.09157545948557}, "KOB": {"NTK": 133.40434506158994, "CHH": 158.469616964054}}