{"LAK": {"TSY": 199.28192552880893, "MEF": 135.29686067451402, "NAC": 264.98001626888674, "KWF": 150.0180697099051}, "LAT": {"YAT": 134.8038622894456, "KWT": 120.31106750263878}}