{"LCK": {"MEF": 127.09185795738085, "CSW": 110.97356740247702}}