{"LET": {"WCH": 164.72043243596886, "SOH": 107.22977564758159}}