{"LOW": {"SHS": 237.62525076464613}, "LOF": {"KOT": 122.62419545934718, "WTS": 117.80148646368772}, "LOP": {"TIS": 194.87464740280933, "YUL": 131.46548816681778}}