{"MOK": {"YMT": 122.17470134858777, "PRE": 118.25990345289452}, "MOS": {"HEO": 153.60010560510096, "WKS": 172.26884716817835}}