{"OCP": {"ADM": 287.63195482906866, "WCH": 124.07034642089202}}