{"OLY": {"KOW": 132.056748470012, "NAC": 132.4495716836903}}