{"SHS": {"FAN": 149.05159648894985, "LMC": 509.104419716945, "LOW": 261.75493247375704}, "SHM": {"TSH": 242.03384134311173, "CIO": 135.4208778611828}, "SHW": {"CEN": 131.34427228980223, "SYP": 125.00283357513963}, "SHT": {"TAW": 195.2128321991478, "FOT": 203.58352203021144}}