{"SIH": {"TUM": 154.4564493996075, "TIS": 337.4321391169917}}