{"SKW": {"SWH": 106.02719443224596, "HFC": 170.83001977869804}, "SKM": {"PRE": 125.93715850807394, "KOT": 130.57602600143878}}