{"SSP": {"CSW": 130.59605382841664, "PRE": 138.5180841955011}}