{"STW": {"CIO": 159.85507144802583, "CKT": 139.1783657672459}}