{"SUN": {"DIS": 198.58233387484285, "TUC": 823.8869912797584, "TSY": 545.6437044936773}, "SUW": {"KAT": 120.01370089973298, "TKW": 147.7987177917044}}