{"SWH": {"SKW": 129.72801523957384, "TAK": 93.24814514469212}}