{"SYP": {"SHW": 135.29218383799378, "HKU": 102.83172087233785}}