{"TIK": {"YAT": 153.990332450445, "TKO": 336.23188317918317}, "TIH": {"FOH": 86.60928870129314, "CAB": 112.75983745172695}, "TIS": {"LOP": 187.32270825887582, "SIH": 366.52953755206664}}