{"WTS": {"LOF": 124.30296424319633, "DIH": 115.39253457190743}}