{"YMT": {"MOK": 113.43145522655126, "JOR": 119.76698145551204, "HOM": 166.74006499704126}}