{"YUL": {"LOP": 130.46769130543865, "KSR": 248.96053393981123}}