{"5": {"305": 82.6860443147383, "6": 134.20254788743551}}