{"AIR": {"TSY": 1506.0693999007212, "AWE": 154.767919785286}}