{"AUS": {"NAC": 210.9760073575531, "ETS": 125.954094540093}}