{"CIO": {"SHM": 99.44383665106, "STW": 135.19622012999997}}