{"CSW": {"SSP": 105.38276911458392, "LCK": 73.51486982786753}}