{"ETS": {"HUH": 85.84013689482, "AUS": 104.34329923228202}}