{"EXC": {"HUH": 185.6801250819182, "ADM": 76.64419363891861}}