{"FOT": {"SHT": 167.55709548557243, "UNI": 197.00112697517346}, "FOH": {"TIH": 107.22789546784375, "NOP": 92.2024485081662}}