{"HAH": {"TKO": 128.48279715401037, "POA": 123.12436026160682}}