{"HEO": {"MOS": 106.98541892453, "TSH": 120.2532501875208}}