{"HFC": {"SKW": 119.56489566020022, "CHW": 116.25203534396238}}