{"HIK": {"TAW": 118.93351658139997, "DIH": 284.6919373045454}}