{"HOK": {"KOW": 188.63922183335316}, "HOM": {"TKW": 122.356928386, "WHA": 86.08786792588278, "YMT": 156.1758782189025, "HUH": 113.03443826499999}}