{"JOR": {"TST": 84.55518061179856, "YMT": 102.69389669864185}}