{"K51-U100": {"K51-U110": 256.08690288318496}, "K52-nD250": {"K52-nD260": 179.92161643274912}, "K58-D170": {"K58-D180": 152.883808}, "K51-U110": {"K51-U120": 142.18984983440018}, "K51-D210": {"K51-D220": 219.18488225453717}, "K51A-U150": {"K51A-U160": 118.07481295237787}, "K52-nD210": {"K52-nD220": 238.43280468290487}, "K53-U140": {"K53-D010": 92.03955591364907}, "K51-U190": {"K51-U200": 79.0099792076197}, "K51-U140": {"K51-U150": 56.872185133378466}, "K51A-U090": {"K51A-U100": 176.45681780839587}, "K51A-D190": {"K51A-D200": 181.16725302857176}, "K53-D040": {"K53-D050": 74.37705887774675}, "K58-D130": {"K58-D140": 113.59789210000001}, "K58-D110": {"K58-D120": 230.24100000000004}, "K51-D180": {"K51-D190": 166.67529993818576}, "K51-D120": {"K51-D130": 49.328972851940065}, "K53-U090": {"K53-U100": 116.17717581713066}, "K51-D270": {"K51-D280": 98.92369415827675}, "K58-U150": {"K58-U160": 184.99939403000008}, "K54-U010": {"K54-U020": 66.62668100665141}, "K58-D050": {"K58-D060": 183.0411}, "K51-U070": {"K51-U080": 203.62096027071647}, "K52-nU150": {"K52-nU160": 90.76781976456263}, "K58-D060": {"K58-D070": 154.02838}, "K52-nD280": {"K52-nD290": 94.93336665113227}, "K58-U020": {"K58-U023": 92.22832410000001}, "K51-D130": {"K51-D140": 57.028832946541414}, "K51A-U070": {"K51A-U080": 188.58270609517086}, "K51-D090": {"K51-D100": 94.28334046542972}, "K54-D020": {"K54-D030": 180.60464218791006}, "K53-D060": {"K53-D070": 166.16687535949612}, "K51-D060": {"K51-D070": 65.28459764342873}, "K53-U040": {"K53-U050": 140.6479786813771}, "K51-D050": {"K51-D060": 60.829775352627486}, "K51-D230": {"K51-D240": 90.06302953658678}, "K58-D080": {"K58-D090": 151.38430999999997}, "K51-U010": {"K51-U020": 32.61029930480055}, "K52-nD240": {"K52-nD250": 140.9367635665965}, "K51-U210": {"K51-U220": 52.48453875500597}, "K51A-D230": {"K51A-D240": 171.9093656777655}, "K51A-U020": {"K51A-U030": 98.93136143670048}, "K54-D040": {"K54-D050": 181.63016666160902}, "K51A-U040": {"K51A-U050": 120.14545904871758}, "K51A-D170": {"K51A-D180": 149.34214556397308}, "K51A-U050": {"K51A-U060": 267.8260113736345}, "K53-U120": {"K53-U130": 73.85429616766267}, "K51A-U170": {"K51A-U180": 82.28082651356506}, "K51A-U060": {"K51A-U070": 289.9821414300959}, "K53-U080": {"K53-U090": 95.2278003576079}, "K51A-D140": {"K51A-D150": 70.98229674805899}, "K58-U090": {"K58-U100": 178.35228741}, "K53-D150": {"K53-D160": 149.33564751985077}, "K51A-D180": {"K51A-D190": 132.49828338903916}, "K51A-D110": {"K51A-D120": 48.15315505826533}, "K53-U050": {"K53-U060": 149.5621626606826}, "K52-nD230": {"K52-nD240": 159.67949136075958}, "K58-U040": {"K58-U050": 75.27486999999999}, "K58-D196": {"K58-D200": 98.12375100000001}, "K51A-D210": {"K51A-D220": 75.74455871603323}, "K53-U060": {"K53-U070": 67.49951915979486}, "K52A-U170": {"K52A-U180": 275.33376606941096}, "K51A-U190": {"K51A-U200": 73.94450625461927}, "K58-U050": {"K58-U060": 45.529}, "K51-D200": {"K51-D210": 137.88415724147825}, "K53-U020": {"K53-U030": 159.3741566351817, "K53-D160": 826.5708826929501}, "K58-U023": {"K58-U026": 58.110800000000005}, "K51-U130": {"K51-U140": 81.41818644300001}, "K51A-D070": {"K51A-D080": 97.48215000191027}, "K58-U060": {"K58-U070": 136.6928497}, "K53-D070": {"K53-D080": 45.110744686597066}, "K52-nU220": {"K52-nU230": 79.24075442516816}, "K51A-U180": {"K51A-U190": 99.07315536877573}, "K58-D150": {"K58-D160": 86.76876999999999}, "K51A-D040": {"K51A-D050": 95.147836463523}, "K58-D200": {"K58-D210": 71.71372142000003}, "K51-D020": {"K51-D030": 61.68383268751065}, "K53-U100": {"K53-U110": 77.59842866052811}, "K54-U020": {"K54-U030": 124.85657886856211}, "K51-D220": {"K51-D230": 268.31280591042}, "K53-U010": {"K53-U020": 249.8602856829944, "K53-D180": 144.38167016419774}, "K53-U130": {"K53-U140": 61.12693500443747}, "K51-D190": {"K51-D200": 145.106728263807}, "K51A-U030": {"K51A-U040": 73.78374933848811}, "K52-nD070": {"K52-nD080": 120.48468555907402}, "K51-U160": {"K51-U170": 108.46341310972507}, "K52-nU010": {"K52-nU020": 34.204858585480004}, "K58-U130": {"K58-U140": 70.812841}, "K51A-U230": {"K51A-U240": 44.53176167968557}, "K53-D160": {"K53-D170": 200.18342445760933, "K53-U011": 189.27663201005942}, "K51-U180": {"K51-U190": 109.69724089421837}, "K52-nU060": {"K52-nU070": 161.46302110650004}, "K51-D280": {"K51-D290": 79.06122792365244}, "K54-U040": {"K54-U050": 146.5340814490553}, "K54-U060": {"K54-U070": 213.7435421281366}, "K58-D020": {"K58-D030": 128.08895}, "K52A-U140": {"K52A-U150": 160.35918734098524}, "K58-D030": {"K58-D040": 63.07180000000001}, "K51A-U200": {"K51A-U210": 60.39160111802877}, "K53-D140": {"K53-D150": 162.30566428815956}, "K54-D010": {"K54-D020": 248.1370052219676}, "K51-D100": {"K51-D110": 163.04121599422}, "K54-D030": {"K54-D040": 77.41335546160526}, "K58-D180": {"K58-D190": 299.09000000000003}, "K51A-U210": {"K51A-U220": 87.56369278765862}, "K51A-D160": {"K51A-D170": 162.83235003901154}, "K51-D070": {"K51-D080": 61.942731591171096}, "K51-U200": {"K51-U210": 90.24951336393983}, "K51-D030": {"K51-D040": 44.759777851200006}, "K51A-D010": {"K51A-D020": 58.43904290702193}, "K51A-U120": {"K51A-U130": 144.84700803385266}, "K58-D160": {"K58-D170": 191.36700000000002}, "K53-D010": {"K53-D015": 105.30476541546273}, "K52-nD200": {"K52-nD210": 154.83297242963002}, "K58-U070": {"K58-U080": 123.02228400000004}, "K58-D100": {"K58-D110": 202.59657110000006}, "K51-U090": {"K51-U100": 172.86716905841214}, "K52-nD120": {"K52-nD130": 46.38747883209292}, "K58-U120": {"K58-U130": 121.828289}, "K52-nD060": {"K52-nD070": 129.23562336656457}, "K51A-D060": {"K51A-D070": 71.00557505986121}, "K52-nD150": {"K52-nD160": 87.62680036241336}, "K52-nU100": {"K52-nU110": 158.7718362955597}, "K52A-D060": {"K52A-D070": 129.34768316859828}, "K58-U140": {"K58-U150": 160.219235}, "K51A-D150": {"K51A-D160": 88.57368209070667}, "K52-nD170": {"K52-nD180": 107.27903170950856}, "K52-nU210": {"K52-nU220": 80.31498849519723}, "K58-U100": {"K58-U110": 86.952195}, "K53-D020": {"K53-D030": 104.7387013308036}, "K51-D150": {"K51-D160": 164.66350470851515}, "K51A-U010": {"K51A-U020": 48.03270018476089}, "K53-U070": {"K53-U080": 62.024026380184104}, "K52A-D010": {"K52A-D020": 277.2246228781048}, "K52-nD050": {"K52-nD060": 32.00606874311201}, "K51-U150": {"K51-U160": 92.6571016163881}, "K52-nD160": {"K52-nD170": 139.44946266794733}, "K58-U080": {"K58-U090": 70.29319000000001}, "K54-U070": {"K54-D010": 159.54130716203545}, "K52-nD100": {"K52-nD110": 57.29506503803616}, "K52-nD190": {"K52-nD200": 190.15852862207967}, "K51A-D090": {"K51A-D100": 54.422332086858795}, "K53-U030": {"K53-U040": 236.35573552782876}, "K52-nD010": {"K52-nD020": 16.43272041063789}, "K52-nU180": {"K52-nU190": 89.74016399093117}, "K51-U220": {"K51-U230": 69.53069644836143}, "K58-D140": {"K58-D150": 30.7252}, "K51-U230": {"K51-U240": 54.979228956645116}, "K52-nU070": {"K52-nU080": 101.79719499123907}, "K51-D240": {"K51-D250": 141.70150423167672}, "K52-nU160": {"K52-nU170": 40.0046827328387}, "K51A-D250": {"K51A-D260": 101.17153615746263}, "K58-U026": {"K58-U030": 121.74264190000004}, "K51-D040": {"K51-D050": 53.78584490876383}, "K52-nU120": {"K52-nU140": 112.22267029348191}, "K53-D050": {"K53-D060": 82.36773742940034}, "K51-U020": {"K51-U030": 99.1330412924182}, "K51-D170": {"K51-D180": 80.62597523605955}, "K51-U040": {"K51-U050": 109.1572325000617}, "K51A-U240": {"K51A-U250": 78.84522046805347}, "K54-D060": {"K54-D070": 160.66944491799}, "K52-nU300": {"K52-nU310": 55.235174697317234}, "K52-nU270": {"K52-nU280": 164.12430439151515}, "K52-nU190": {"K52-nU200": 139.39839212565147}, "K51A-D100": {"K51A-D110": 40.76725207329726}, "K52-nU240": {"K52-nU250": 46.76422650427706}, "K51A-U220": {"K51A-U230": 90.07994341250826}, "K58-U030": {"K58-U040": 306.90000000000003}, "K51-D160": {"K51-D170": 91.858644198598}, "K54-D050": {"K54-D060": 94.7243697515952}, "K51A-D080": {"K51A-D090": 162.24444833107097}, "K53-D110": {"K53-D120": 152.88686505738298}, "K53-D015": {"K53-D020": 52.70529536647767},