{"K68-D090": {"K68-D100": 154.3552980442356}, "K65-D030": {"K65-D040": 63.679560784794774}, "K65-U190": {"K65-U200": 45.71798804558017}, "K66-D020": {"K66-D030": 58.925608707800905}, "K66-U130": {"K66-U140": 58.51268405794501}, "K68-D100": {"K68-D110": 89.01330583708645}, "K65-U110": {"K65-U120": 105.04354988342304}, "K65-U040": {"K65-U050": 103.55637608039999}, "K65A-U090": {"K65A-U100": 45.82829821044479}, "K68-D010": {"K68-D020": 50.0043042875777}, "K65-D140": {"K65-D150": 117.06256504944255}, "K65-D120": {"K65-D130": 69.58787239234714}, "K66-U190": {"K66-U200": 72.62730837677304}, "K68-U010": {"K68-U020": 100.41545817128102}, "K65-D110": {"K65-D120": 131.86647527759825}, "K66-U150": {"K66-U160": 64.57771863095688}, "K65-D040": {"K65-D050": 78.23315796167884}, "K65A-U060": {"K65A-U070": 55.865634019385155}, "K65-D010": {"K65-D020": 40.58467483843468}, "K66-D110": {"K66-D120": 88.01623987089025}, "K68-D180": {"K68-D190": 31.817054496032235}, "K65A-U020": {"K65A-U030": 195.89396613602744}, "K65-D160": {"K65-D170": 146.72509162881985}, "K66-D120": {"K66-D130": 61.60476874379863}, "K66-U040": {"K66-U050": 159.786080729}, "K66-D180": {"K66-D190": 74.01491556300519}, "K66-D090": {"K66-D100": 37.086858648689045}, "K68-D150": {"K68-D160": 57.49462082508883}, "K66-U210": {"K66-U220": 51.75214907809955}, "K68-U030": {"K68-U040": 32.79280420811655}, "K68-D060": {"K68-D070": 97.28742748979626}, "K66-U160": {"K66-U170": 55.03025249668626}, "K66-D050": {"K66-D060": 40.64737372505343}, "K65-D170": {"K65-D180": 99.3049202389478}, "K68-D160": {"K68-D170": 91.28096865956583}, "K66-U140": {"K66-U150": 52.13036915563108}, "K66-U080": {"K66-U090": 195.02700073120883}, "K66-U050": {"K66-U060": 49.20106771686391}, "K65-D060": {"K65-D070": 75.49628620428186}, "K65A-U080": {"K65A-U090": 74.30380550687048}, "K65A-U070": {"K65A-U080": 51.09977447109646}, "K65A-U100": {"K65A-U110": 54.16623214549992}, "K68-U130": {"K68-U140": 195.193265458441}, "K68-D170": {"K68-D180": 47.25959581563553}, "K68-U170": {"K68-D010": 160.74699632}, "K68-U120": {"K68-U130": 175.28311051900002}, "K66-D030": {"K66-D040": 72.05929457933233}, "K65A-U120": {"K65A-U130": 80.02851585138674}, "K68-U160": {"K68-U170": 85.04093836265052}, "K65-U180": {"K65-U190": 78.68280689626064}, "K65-U130": {"K65-U140": 32.16956709018683}, "K65-U070": {"K65-U080": 72.99759667843055}, "K65-U210": {"K65-U220": 83.87311741754351}, "K65A-U030": {"K65A-U040": 29.205227262494894}, "K66-U200": {"K66-U210": 62.640245550777976}, "K65-U090": {"K65-U100": 61.96746872627798}, "K65-U080": {"K65-U090": 160.64257437960737}, "K66-D080": {"K66-D090": 45.94374387652947}, "K65-D150": {"K65-D160": 104.68250403409175}, "K66-U010": {"K66-U020": 128.13995457315477}, "K65-U020": {"K65-U030": 145.31221173541203}, "K65-D080": {"K65-D090": 56.20791524643308}, "K68-U050": {"K68-U060": 51.56114875699152}, "K66-U090": {"K66-U100": 69.04436573436956}, "K65-U150": {"K65-U160": 65.71164512816422}, "K68-U040": {"K68-U050": 62.256285190000014}, "K65-D130": {"K65-D140": 111.11471782582237}, "K66-D220": {"K66-D230": 84.40099059221907}, "K68-U150": {"K68-U160": 94.3695534337628}, "K66-D160": {"K66-D170": 149.99603079178448}, "K68-U110": {"K68-U120": 181.93719895362554}, "K65A-U110": {"K65A-U120": 79.68348528395686}, "K65-U060": {"K65-U070": 41.37173545448648}, "K66-U100": {"K66-U110": 70.21204526634162}, "K65A-U040": {"K65A-U050": 93.25245463049444}, "K65-D100": {"K65-D110": 241.68900069030656}, "K65-D070": {"K65-D080": 102.38004244326697}, "K68-D190": {"K68-D200": 55.418263664158815}, "K65-U170": {"K65-U180": 65.8417737496552}, "K66-U170": {"K66-U180": 38.05621941400707}, "K68-D130": {"K68-D140": 64.32017274623013}, "K65-D180": {"K65-D190": 120.09679845538372}, "K66-D210": {"K66-D220": 157.56634700960385}, "K65-U140": {"K65-U150": 102.26008984490917}, "K66-U030": {"K66-U040": 227.54656580935844}, "K66-D010": {"K66-D020": 14.918064523790955}, "K65-D090": {"K65-D100": 107.82422964702327}, "K66-D130": {"K66-D140": 38.36323728793563}, "K65-D020": {"K65-D030": 81.10980181661314}, "K66-U070": {"K66-U080": 200.470744948144}, "K65-U120": {"K65-U130": 209.7377468270112}, "K66-D150": {"K66-D160": 106.86741317044}, "K66-U120": {"K66-U130": 60.94089762564214}, "K68-U020": {"K68-U030": 43.34304329946069}, "K65-U100": {"K65-U110": 156.8473561587137}, "K65A-U050": {"K65A-U060": 57.21852318536783}, "K65-U160": {"K65-U170": 66.41379261628538}, "K68-D200": {"K68-U011": 70.08799641906143}, "K66-D060": {"K66-D070": 35.46305958990634}, "K66-D200": {"K66-D210": 131.73770726499936}, "K66-D230": {"K66-D240": 98.3846402682706}, "K66-D170": {"K66-D180": 199.61605815905014}, "K68-D140": {"K68-D150": 35.847811883400006}, "K68-D020": {"K68-D030": 104.46845409327993}, "K66-U110": {"K66-U120": 50.39316486887595}, "K68-U090": {"K68-U100": 125.74284380686647}, "K66-D070": {"K66-D080": 41.04560417527149}, "K68-U140": {"K68-U150": 49.370425846124476}, "K66-D100": {"K66-D110": 36.29805876099622}, "K68-U070": {"K68-U080": 47.8308700004729}, "K68-D050": {"K68-D060": 61.77439013239998}, "K68-D030": {"K68-D040": 92.184402783}, "K66-U180": {"K66-U190": 78.50578961421152}, "K65-U220": {"K65-U230": 86.66207632981971}, "K68-D110": {"K68-D120": 99.165837755048}, "K68-D080": {"K68-D090": 97.59317986000002}, "K65-U010": {"K65-U020": 281.2044783}, "K66-U020": {"K66-U030": 196.09146057672115}, "K68-U080": {"K68-U090": 52.64741603302281}, "K65-U200": {"K65-U210": 65.11960420545043}, "K66-U060": {"K66-U070": 203.6762266888351}, "K65-D050": {"K65-D060": 69.4664772127845}, "K68-U060": {"K68-U070": 92.7625942091148}, "K66-D040": {"K66-D050": 29.468680173964373}, "K65A-U010": {"K65A-U020": 64.84317625375824}, "K66-D140": {"K66-D150": 93.38622512870384}, "K65-U030": {"K65-U040": 119.03749469471231}, "K68-D070": {"K68-D080": 213.01246625505001}, "K68-U100": {"K68-U110": 200.95952974174}, "K66-D190": {"K66-D200": 83.48525804517003}, "K68-D120": {"K68-D130": 187.6599672365018}, "K68-D040": {"K68-D050": 111.04726362113999}, "K65-U050": {"K65-U060": 116.62842030248001}}