{"K75P-U070": {"K75P-U080": 122.13461315200439}, "K76-U010": {"K76-U020": 18.411474747432905}, "K75P-U120": {"K75P-U130": 66.06865032104244}, "K75P-U130": {"K75P-U140": 39.85519178028395}, "K73-D040": {"K73-D050": 83.48806367611601}, "K74-D040": {"K74-D050": 92.63486407340001}, "K73-U040": {"K73-U050": 117.4941362104903, "K73-U060": 220.15054831077367}, "K73-U010": {"K73-U020": 68.07310901579174}, "K73-U060": {"K73-U070": 128.7984606508821}, "K74-U030": {"K74-U040": 252.63271000000003}, "K76-U030": {"K76-U040": 243.3016199971283}, "K73-D130": {"K73-D140": 148.2983632728729}, "K73-U070": {"K73-U080": 160.3867551008473}, "K76-U020": {"K76-U030": 159.7257568975756}, "K75A-D090": {"K75A-D100": 48.24747554229162}, "K73-D090": {"K73-D100": 84.89970658702475}, "K75P-D020": {"K75P-D030": 35.77353619152184}, "K76-D010": {"K76-D020": 260.8415822584963}, "K75P-D010": {"K75P-D020": 136.0916384402161}, "K76-D030": {"K76-D040": 79.56505776175011}, "K75P-U090": {"K75P-U100": 41.89705817193148}, "K75P-U140": {"K75P-D010": 156.14730874437743}, "K75A-D020": {"K75A-D030": 36.70488124121398}, "K75A-U020": {"K75A-U030": 162.60589930067363}, "K73-U080": {"K73-U110": 325.9510728089301, "K73-U090": 285.81378815677175}, "K76-D020": {"K76-D030": 132.41042246505418}, "K73-D010": {"K73-D020": 81.22839575832505}, "K75A-D110": {"K75A-U011": 174.20809615514062}, "K73-D070": {"K73-D080": 180.86834677936696}, "K75A-U030": {"K75A-D010": 250.16301784089586}, "K73-U110": {"K73-U120": 234.9644870810877}, "K75P-D050": {"K75P-D060": 81.46470445994582}, "K73-U050": {"K73-U060": 99.4024504276644}, "K75P-U030": {"K75P-U040": 140.51520029141145}, "K73-D100": {"K73-D110": 208.17989102372454}, "K75P-U060": {"K75P-U070": 29.109875432312737}, "K75P-U010": {"K75P-U020": 97.27689252948355}, "K74-D100": {"K74-D110": 89.96935983481156}, "K73-U090": {"K73-U100": 113.39459561691383}, "K75P-U100": {"K75P-U110": 63.99548208711313}, "K73-U030": {"K73-U040": 94.10112329168335}, "K75P-D030": {"K75P-D040": 104.29696506653981}, "K76-U040": {"K76-U050": 178.21571164515314}, "K75P-D070": {"K75P-D080": 96.92179857280912}, "K73-D120": {"K73-D130": 107.7446899355942}, "K75P-D040": {"K75P-D050": 167.3737807677467}, "K75A-D100": {"K75A-D110": 97.91569026816651}, "K75A-D050": {"K75A-D060": 70.76529425944412}, "K75A-U010": {"K75A-U020": 46.92937229243605}, "K75A-D080": {"K75A-D090": 79.38422559113442}, "K75P-U050": {"K75P-U060": 211.02591895830795}, "K74-D090": {"K74-U011": 77.95268271353584}, "K73-D030": {"K73-D040": 116.02007820674301}, "K74-D020": {"K74-D030": 145.02498813698014}, "K73-D110": {"K73-D120": 94.82169061679568}, "K74-U011": {"K74-D100": 184.51937752331918}, "K75P-U040": {"K75P-U050": 108.16110810416953}, "K75P-D080": {"K75P-U011": 159.3456364117496}, "K75A-D030": {"K75A-D040": 52.65512646282887}, "K75A-D070": {"K75A-D080": 41.514400806869745}, "K74-U090": {"K74-U100": 214.23844826319433}, "K74-D060": {"K74-D070": 163.22073528690345}, "K75P-U080": {"K75P-U090": 48.6713109848238}, "K75A-D010": {"K75A-D020": 218.49732427951434}, "K74-D030": {"K74-D040": 116.57929178500001}, "K74-D110": {"K74-U002": 184.5130610893028}, "K75P-U020": {"K75P-U030": 103.5659821280246}, "K75P-D060": {"K75P-D070": 222.51332164694563}, "K73-D080": {"K73-D090": 270.4719826182178}, "K73-D150": {"K73-D160": 54.90349558152214}, "K73-U100": {"K73-U110": 258.1777051034929}, "K73-D140": {"K73-D150": 209.28025900033282}, "K75P-U110": {"K75P-U120": 95.6409087471634}, "K74-D050": {"K74-D060": 113.39948128124001}, "K74-D070": {"K74-D080": 253.74886786737503}, "K74-D080": {"K74-D090": 181.12766475724874}, "K75A-D060": {"K75A-D070": 45.9985808993549}, "K73-D050": {"K73-D070": 106.59661955188241}, "K75A-D040": {"K75A-D050": 61.623244662768094}, "K74-U050": {"K74-U060": 233.16684699999996}, "K74-U080": {"K74-U090": 235.18371047800005}, "K73-U020": {"K73-U030": 208.9804589791588}, "K73-D020": {"K73-D030": 120.3214915996111}, "K74-D010": {"K74-D020": 172.09131725126002}, "K74-U070": {"K74-U080": 163.98655309190005}, "K74-U040": {"K74-U050": 180.378039303}, "K74-U060": {"K74-U070": 157.02273095300004}, "K74-U100": {"K74-D010": 116.0779074889}, "K74-U007": {"K74-U010": 278.3}, "K74-U020": {"K74-U030": 176.55}, "K74-U010": {"K74-U020": 179.3}, "K75S-D010": {"K75S-D020": 120.428}, "K75S-U040": {"K75S-D010": 53.9254111}, "K75S-D030": {"K75S-U011": 164.63342389999997}, "K75S-U011": {"K75S-U020": 131.34}, "K75S-U020": {"K75S-U030": 182.60000000000002}, "K75S-D020": {"K75S-D030": 167.06766670000002}, "K75S-U010": {"K75S-U020": 46.2}, "K75S-U030": {"K75S-U040": 128.788}, "K76S-D020": {"K76S-D030": 146.01399999999998}}