{"KAT": {"DIH": 130.58087444699999, "SUW": 123.96322786092745}}