{"KOT": {"MKK": 147.8793776322772, "TAW": 293.56491906571415, "LOF": 93.27218035683879, "SKM": 77.24252021112451}, "KOW": {"TSY": 531.6329353062162, "HOK": 177.74210021727492, "OLY": 129.57872852603344}, "KOB": {"NTK": 93.5203064477273, "CHH": 127.95747152062343}}