{"KSR": {"YUL": 221.73987266386544, "TWW": 712.0168259252407}}