{"LCK": {"CSW": 94.32248812127966, "MEF": 96.93652992863622}}