{"LET": {"WCH": 158.78053652693106, "SOH": 93.85888603201036}}