{"MEF": {"LCK": 102.77430930907603, "LAK": 129.3691799483026, "TWW": 326.8610692771726, "NAC": 181.83589882000646}}