{"MKK": {"HUH": 189.63759290494488, "KOT": 133.52430835171438}}