{"NTK": {"KWT": 57.6529822555936, "KOB": 125.55918569325877}}