{"OCP": {"ADM": 287.63195720773166, "WCH": 131.17374653313362}}