{"OLY": {"KOW": 129.95270258046187, "NAC": 125.35637926976418}}