{"QUB": {"YAT": 252.52144692725642, "TAK": 69.03108074584935, "NOP": 98.42351183566724}}