{"SKM": {"KOT": 104.70643776475136, "PRE": 111.7600421398212}, "SKW": {"HFC": 46.883883386968726, "SWH": 84.06736953771494}}