{"STW": {"CKT": 118.73014692, "CIO": 114.40967999999998}}