{"SUN": {"DIS": 198.58233387484285, "TUC": 823.8869355398753, "TSY": 548.7473400525712}, "SUW": {"KAT": 97.89171033394936, "TKW": 132.05060000000003}}