{"TIK": {"TKO": 181.8047745045033, "YAT": 128.47597052098362}, "TIS": {"LOP": 175.90221678533743, "SIH": 376.16422536512977}, "TIH": {"FOH": 73.93973861752006, "CAB": 95.75686805451292}}