{"UNI": {"FOT": 197.86689674675912, "TAP": 366.42709796326795}}