{"WAC": {"CAB": 116.95601676681414, "ADM": 100.70063173991757}}