{"WTS": {"LOF": 119.33426868860548, "DIH": 99.62526808331657}}