{"AIR": {"TSY": 1675.8403580255367, "AWE": 129.0661801117787}}