{"CHH": {"KOB": 176.01500409660198, "DIH": 232.64879412126697}, "CHW": {"HFC": 173.9264849252369}}