{"CSW": {"LCK": 131.4307546479759, "SSP": 108.85083266669999}}