{"EXC": {"HUH": 183.36411801958403, "ADM": 81.67341285294782}}