{"HEO": {"TSH": 139.70000000000002, "MOS": 125.11098779999998}}