{"HKU": {"SYP": 117.82680990151945, "KET": 93.74839623893955}}