{"HUH": {"MKK": 216.2545482321898, "EXC": 230.29836744199787, "ETS": 497.2, "HOM": 136.40000000000003}}