{"K76-U030": {"K76-U040": 163.10085035424538}, "K76-D010": {"K76-D020": 170.41630773143388}, "K73-U080": {"K73-U110": 151.50088911449046}, "K74-D020": {"K74-D030": 145.0246859435573}}