{"KOT": {"LOF": 125.44343193445218, "TAW": 271.57097124909217, "SKM": 139.55472400329333, "MKK": 181.49637283931207}, "KOW": {"TSY": 548.4228202919987, "HOK": 177.74210021195978, "OLY": 121.4295237280625}, "KOB": {"CHH": 155.51300547800003, "NTK": 129.7992861968631}}