{"KSR": {"YUL": 252.09855349735153, "TWW": 712.0168259252407}}