{"KWF": {"KWH": 118.07899970665821, "LAK": 108.16784073199999}, "KWT": {"NTK": 115.5249188300027, "LAT": 123.07545323429375}, "KWH": {"KWF": 113.84908576161811, "TWH": 151.76295246740867}}