{"LAK": {"TSY": 188.81268938245202, "MEF": 134.95470592427364, "KWF": 141.17167549401353, "NAC": 284.9103880813837}, "LAT": {"YAT": 96.15127635633688, "KWT": 121.18303435919195}}