{"LOF": {"WTS": 126.10098872648152, "KOT": 129.64555109700913}, "LOP": {"TIS": 180.18301759693068, "YUL": 132.0}, "LOW": {"SHS": 261.7548387147906}}