{"MEF": {"TWW": 346.7180302764617, "LAK": 138.30541450839542, "NAC": 173.1490896523016, "LCK": 119.41950864141828}}