{"MKK": {"KOT": 151.43717187232465, "HUH": 305.0692768846456}}