{"MOK": {"PRE": 117.77789294399774, "YMT": 118.34878880699873}, "MOS": {"HEO": 158.40000000000003, "WKS": 161.9458065546019}}