{"NOP": {"QUB": 121.91937040412354, "FOH": 106.0722026027905}}