{"OCP": {"WCH": 118.4517110340382, "ADM": 287.6319603695046}}