{"QUB": {"YAT": 258.5812865256741, "NOP": 117.70719807297371, "TAK": 113.43476794843359}}