{"SHT": {"FOT": 260.0860303341376, "TAW": 175.83929213190223}, "SHS": {"LOW": 261.7548282971277, "FAN": 133.02479966534366, "LMC": 724.4476037188642}, "SHM": {"TSH": 219.49888295647474, "CIO": 134.20000000000002}, "SHW": {"SYP": 118.92307955010264, "CEN": 107.61133733353677}}