{"SKM": {"KOT": 124.62290238775844, "PRE": 123.90832416382344}, "SKW": {"HFC": 185.6176084266668, "SWH": 109.63754550106873}}