{"SSP": {"CSW": 121.91096210850375, "PRE": 142.8392561451941}}