{"TAK": {"SWH": 111.47014138100114, "QUB": 118.84756618482098}, "TAW": {"KOT": 333.28452314421, "CKT": 141.47639000000004, "HIK": 172.70000000000002, "SHT": 71.34976}, "TAP": {"TWO": 129.88429876869998, "UNI": 415.7542528121695}}