{"TIK": {"TKO": 142.79855490215996, "YAT": 147.09614844946893}, "TIS": {"LOP": 173.93257417837577, "SIH": 380.4902504056998}, "TIH": {"FOH": 90.35623598184452, "CAB": 115.15170061144633}}