{"TKO": {"LHP": 129.32920166672997, "HAH": 202.0057999720716, "TIK": 136.14803968530072}, "TKW": {"SUW": 132.0, "HOM": 138.6}}