{"TWO": {"FAN": 320.59713294281784, "TAP": 155.602429645268}, "TWH": {"KWH": 135.91740684599995, "TSW": 69.01233361999309}, "TWW": {"MEF": 335.9492805195706, "KSR": 712.0168259252407}}