{"UNI": {"FOT": 226.61587961460523, "TAP": 418.1182179440396}}