{"WTS": {"DIH": 111.38315329010791, "LOF": 123.1228518031362}}