{"YMT": {"MOK": 119.00373527825232, "HOM": 166.95853318744827, "JOR": 120.33857297564766}}