{"1": {"6": 362.9549753838952, "2": 32.56498022970762}}