{"5": {"6": 137.61134454711458, "305": 75.97839859699799}}