{"AUS": {"ETS": 149.77074247205996, "NAC": 193.24152579356934}}