{"CIO": {"STW": 130.6931265320107, "SHM": 134.66758560129102}}