{"CKT": {"TAW": 125.29242691400002, "STW": 125.77496497}}