{"CSW": {"LCK": 122.34670423147061, "SSP": 132.29972115994224}}