{"DIS": {"SUN": 198.58233387484285}, "DIH": {"HIK": 300.0340160150681, "CHH": 125.85538435589118, "WTS": 127.16657055429353, "KAT": 179.82101836600003}}