{"EXC": {"HUH": 166.709772000356, "ADM": 88.30143417867696}}