{"FOT": {"SHT": 175.47909726655575, "UNI": 156.4641869605806}, "FOH": {"TIH": 126.17853746657707, "NOP": 128.09487181554033}}