{"HAH": {"TKO": 155.08412534324555, "POA": 124.90564746765389}}