{"HEO": {"TSH": 138.69606302027427, "MOS": 126.12602197414421}}