{"HFC": {"SKW": 135.12860502061082, "CHW": 119.41039877049381}}