{"HIK": {"DIH": 299.304225964274, "TAW": 147.3548558349714}}