{"HUH": {"MKK": 196.7261786945142, "EXC": 184.9218065686926, "ETS": 180.41088941286054, "HOM": 121.268093327466}}