{"JOR": {"TST": 117.15319533056454, "YMT": 126.75145006830958}}