{"K53-U120": {"K53-U130": 61.145834642063775}, "K51-U050": {"K51-U060": 272.42063190026994}, "K51-D100": {"K51-D110": 134.01092878427934}, "K53-D060": {"K53-D070": 124.06245912596196}, "K51-U170": {"K51-U180": 68.95322482358604}, "K52-nD210": {"K52-nD220": 186.79815884383424}, "K53-U050": {"K53-U060": 138.53741422258676}, "K52-nU220": {"K52-nU230": 83.12382483947701}, "K51-D200": {"K51-D210": 118.60498193147859}, "K52-nD290": {"K52-nD300": 100.12448242666001}, "K52-nD220": {"K52-nD230": 138.11956869625902}, "K53-U070": {"K53-U080": 46.94089820001732}, "K53-U090": {"K53-U100": 96.4328309947512}, "K51-U070": {"K51-U080": 179.84715916636793}, "K51-U090": {"K51-U100": 146.96560221032848}, "K52-nU150": {"K52-nU160": 77.33662648307786}, "K53-D100": {"K53-D110": 66.32023138197711}, "K51-U030": {"K51-U040": 61.07592760378825}, "K53-D010": {"K53-D015": 90.72169649384371}, "K52-nD270": {"K52-nD280": 87.5128165060526}, "K53-U060": {"K53-U070": 64.61151730528682}, "K54-U060": {"K54-U070": 186.43937796193802}, "K52-nD250": {"K52-nD260": 159.6681653687457}, "K51-U140": {"K51-U150": 50.88714334545063}, "K53-U100": {"K53-U110": 65.14600717362292}, "K52-nU060": {"K52-nU070": 109.62181089816654}, "K52-nD020": {"K52-nD030": 13.92550876792202}, "K52A-D060": {"K52A-D070": 129.34768316859828}, "K52-nD060": {"K52-nD070": 128.67747343422562}, "K54-D020": {"K54-D030": 148.57096381659304}, "K53-U010": {"K53-U020": 254.06868630110233, "K53-D180": 125.4}, "K52-nU160": {"K52-nU170": 149.79626815880252}, "K53-D130": {"K53-D140": 64.04015059927471}, "K51-D180": {"K51-D190": 145.45743891186115}, "K52A-U170": {"K52A-U180": 275.33766764909865}, "K53-D120": {"K53-D130": 54.46961211737327}, "K51-U200": {"K51-U210": 84.80331173894965}, "K53-U110": {"K53-U120": 87.61744099593453}, "K51-D010": {"K51-D020": 76.40145257685114}, "K52-nD010": {"K52-nD020": 19.16397422452821}, "K54-D060": {"K54-D070": 133.3969459395628}, "K54-U050": {"K54-U060": 285.2470192711618}, "K53-U080": {"K53-U090": 75.8550695654842}, "K52-nD180": {"K52-nD190": 123.0672364064205}, "K52-nD150": {"K52-nD160": 84.66369880991394}, "K51-D110": {"K51-D120": 52.042607078549985}, "K54-D040": {"K54-D050": 152.0716634039125}, "K51-U120": {"K51-U130": 131.81638980421621}, "K51-U220": {"K51-U230": 57.19732276284848}, "K53-D090": {"K53-D100": 37.266349865737574}, "K52-nU270": {"K52-nU280": 167.7844481655381}, "K53-U020": {"K53-U030": 140.51498173623028, "K53-D160": 636.5873792564319}, "K52-nU100": {"K52-nU110": 137.81005353254812}, "K53-D080": {"K53-D090": 37.70390781469534}, "K52-nD170": {"K52-nD180": 99.05017251533525}, "K51-U060": {"K51-U070": 267.4377905470401}, "K51-D280": {"K51-D290": 77.32367066571672}, "K52-nD100": {"K52-nD110": 55.32493701649914}, "K52-nU230": {"K52-nU240": 65.50456450394498}, "K52-nU040": {"K52-nU050": 50.938152865196614}, "K53-U040": {"K53-U050": 122.7648978903306}, "K52-nD050": {"K52-nD060": 24.478339598323004}, "K53-D050": {"K53-D060": 61.021214610577644}, "K52-nD260": {"K52-nD270": 59.13070468387713}, "K54-D010": {"K54-D020": 119.12417314256837}, "K53-U130": {"K53-U140": 51.904694347747885}, "K51-D170": {"K51-D180": 101.67818120536305}, "K54-D050": {"K54-D060": 80.10608135119155}, "K52-nU260": {"K52-nU270": 58.08059646453023}, "K53-D040": {"K53-D050": 57.636643807709575}, "K51-U230": {"K51-U240": 37.701294993252226}, "K51-U040": {"K51-U050": 122.63889006592845}, "K52-nD280": {"K52-nD290": 82.820572026}, "K52-nU070": {"K52-nU080": 78.55099081306699}, "K51-U210": {"K51-U220": 47.80344065578703}, "K52-nD110": {"K52-nD120": 153.956219199528}, "K52-nD080": {"K52-nD090": 32.32443301318317}, "K51-D020": {"K51-D030": 56.50348644542371}, "K51-D140": {"K51-D150": 70.21194015999964}, "K51-U110": {"K51-U120": 138.9637557965598}, "K52-nU120": {"K52-nU140": 102.23810467488998}, "K52-nU030": {"K52-nU040": 106.62560563013157}, "K53-D020": {"K53-D030": 98.63922925400487}, "K53-U030": {"K53-U040": 187.5606809651901}, "K52A-D010": {"K52A-D020": 277.2241479122243}, "K51-D210": {"K51-D220": 138.90652488933512}, "K51-D050": {"K51-D060": 41.04529902413906}, "K53-D140": {"K53-D150": 130.17779947514384}, "K53-D030": {"K53-D040": 62.08705838815272}, "K51-U130": {"K51-U140": 55.97567227970001}, "K53-U140": {"K53-D010": 77.97706694623713}, "K51-U010": {"K51-U020": 32.4222773075621}, "K54-U010": {"K54-U020": 57.188823097555996}, "K51-U160": {"K51-U170": 86.6738449893558}, "K51-D030": {"K51-D040": 43.484804456499994}, "K51-U100": {"K51-U110": 190.41353876067393}, "K54-U030": {"K54-U040": 100.63998190138476}, "K53-D015": {"K53-D020": 51.16494494323099}, "K51-D260": {"K51-D270": 54.4157501120528}, "K52-nU050": {"K52-nU060": 221.88890033927086}, "K52-nU300": {"K52-nU310": 37.81266999970283}, "K51-U020": {"K51-U030": 95.65622699280661}, "K54-U020": {"K54-U030": 87.82272977017448}, "K53-D110": {"K53-D120": 143.7977798269162}, "K52-nU010": {"K52-nU020": 34.748893974529594}, "K54-U070": {"K54-D010": 125.1721647737648}, "K51-U150": {"K51-U160": 74.53846341332837}, "K51-D090": {"K51-D100": 83.5568456981043}, "K54-D030": {"K54-D040": 63.6492084781936}, "K51-D060": {"K51-D070": 46.14299429863461}, "K53-D150": {"K53-D160": 128.37538654775838}, "K52-nD040": {"K52-nD050": 88.17697330530734}, "K52-nU290": {"K52-nU300": 40.77186179937904}, "K52-nD140": {"K52-nD150": 99.93623645344815}, "K51-D240": {"K51-D250": 124.85898783633002}, "K52-nD230": {"K52-nD240": 156.361714536725}, "K52-nU020": {"K52-nU030": 58.28384780826851}, "K52-nD090": {"K52-nD100": 48.11079992838272}, "K52-nU240": {"K52-nU250": 47.50610297454634}, "K51-D040": {"K51-D050": 44.36836742020159}, "K51-U190": {"K51-U200": 77.50008154369912}, "K52-nU180": {"K52-nU190": 67.73154414236609}, "K52-nD030": {"K52-nD040": 112.30294985695113}, "K52-nU200": {"K52-nU210": 77.6181489548865}, "K52-nU280": {"K52-nU290": 45.91621390173593}, "K52-nU090": {"K52-nU100": 97.33296314304573}, "K51-D070": {"K51-D080": 48.28741633200475}, "K52-nD130": {"K52-nD140": 73.14905154708374}, "K52-nD070": {"K52-nD080": 97.35589645900049}, "K51-D120": {"K51-D130": 37.635286842820925}, "K53-D070": {"K53-D080": 39.270356923640904}, "K52-nU110": {"K52-nU120": 137.06432081678966}, "K51-D220": {"K51-D230": 275.8515486096064}, "K51-D270": {"K51-D280": 91.42354830727409}, "K51-U080": {"K51-U090": 155.3287982955147}, "K52-nD190": {"K52-nD200": 128.567669051882}, "K51-D230": {"K51-D240": 74.7181171026283}, "K52-nU140": {"K52-nU150": 118.86795608440316}, "K52-nU080": {"K52-nU090": 72.46642964553487}, "K51-D190": {"K51-D200": 131.63475985607482}, "K52A-U140": {"K52A-U150": 160.35752784965484}, "K52-nU170": {"K52-nU180": 122.23719233624274}, "K52-nD120": {"K52-nD130": 39.8387683694473}, "K51-D150": {"K51-D160": 151.37685881992857}, "K52-nU210": {"K52-nU220": 69.59529964345457}, "K51-D080": {"K51-D090": 91.72720819327124}, "K51-U180": {"K51-U190": 96.80268084919553}, "K51-D130": {"K51-D140": 42.623639895660006}, "K52-nD200": {"K52-nD210": 111.86625240470002}, "K54A-D040": {"K54A-D050": 140.67717757744828}, "K52-nU190": {"K52-nU200": 127.4413470096393}, "K54A-D020": {"K54A-D030": 168.78198169056043}, "K54A-D030": {"K54A-D040": 87.1520321377095}, "K54A-U010": {"K54A-U020": 55.47624383513535}, "K51-U240": {"K51-U250": 111.78782167875916}, "K54A-D010": {"K54A-D020": 239.2356323772796}, "K51-D250": {"K51-D260": 190.4279334282311}, "K54A-U020": {"K54A-U030": 77.62978030532727}, "K52-nD240": {"K52-nD250": 145.361009468}, "K52-nD160": {"K52-nD170": 123.88618286565918}, "K54-U040": {"K54-U050": 119.2188129162765}, "K54A-U040": {"K54A-U050": 105.45707998182903}, "K54A-U030": {"K54A-U040": 96.9610211160294}, "K52-nU250": {"K52-nU260": 58.33266661143201}, "K51-D160": {"K51-D170": 48.083232177999996}, "K53-D180": {"K53-D190": 74.2071}, "K53-D160": {"K53-D170": 709.5000000000001, "K53-U011": 170.50066987513532}}