{"K65-U070": {"K65-U080": 66.15513805670834}, "K65-U080": {"K65-U090": 126.15585248288778}, "K66-U200": {"K66-U210": 58.0223072161607}, "K65-U160": {"K65-U170": 59.80506559957587}, "K66-U080": {"K66-U090": 157.99392708491263}, "K66-D130": {"K66-D140": 92.54353936052165}, "K66-U070": {"K66-U080": 157.9438048527349}, "K66-D120": {"K66-D130": 52.659574515215795}, "K66-D050": {"K66-D060": 20.7843373332119}, "K66-D210": {"K66-D220": 131.90700149573473}, "K65-D110": {"K65-D120": 104.08571157562956}, "K66-D200": {"K66-D210": 107.23307166502677}, "K66-U050": {"K66-U060": 38.51365627450099}, "K68-D010": {"K68-D020": 40.815691086}, "K65-U100": {"K65-U110": 117.0966455038284}, "K65-D040": {"K65-D050": 55.61923054595983}, "K66-U160": {"K66-U170": 45.390983072774986}, "K65-D030": {"K65-D040": 49.3950621750575}, "K66-D170": {"K66-D180": 164.5828722186601}, "K65-D080": {"K65-D090": 46.082581418051326}, "K68-D070": {"K68-D080": 187.42680402818922}, "K66-U180": {"K66-U190": 61.34969892334605}, "K65-D140": {"K65-D150": 100.7216504616551}, "K68-U070": {"K68-U080": 32.964923564719996}, "K68-D130": {"K68-D140": 65.97413671872411}, "K68-U010": {"K68-U020": 94.45248654561425}, "K66-D110": {"K66-D120": 26.023306128700078}, "K66-U100": {"K66-U110": 68.4292447412877}, "K65-U040": {"K65-U050": 88.71495676930597}, "K68-D120": {"K68-D130": 153.1108216393624}, "K68-D080": {"K68-D090": 73.03968747662546}, "K66-D070": {"K66-D080": 30.754113738395603}, "K65-U190": {"K65-U200": 38.10098919907507}, "K65-U060": {"K65-U070": 36.22326382140058}, "K68-D110": {"K68-D120": 80.91911217955223}, "K66-U190": {"K66-U200": 67.66599369366766}, "K68-U110": {"K68-U120": 176.69917253999998, "K68-D090": 492.1620000000001}, "K66-D080": {"K66-D090": 38.30435774219521}, "K66-U120": {"K66-U130": 58.42901234726476}, "K65-D010": {"K65-D020": 38.90072920184741}, "K66-D160": {"K66-D170": 116.81449013933745}, "K65-D020": {"K65-D030": 62.291757552600714}, "K65-U150": {"K65-U160": 58.74067078224196}, "K65-D130": {"K65-D140": 72.80086593255372}, "K65-U120": {"K65-U130": 202.30644035478755}, "K66-D040": {"K66-D050": 27.099834164209245}, "K68-U160": {"K68-U170": 76.79201191233552}, "K68-D190": {"K68-D200": 56.328941939084395}, "K65-U200": {"K65-U210": 57.47593233171453}, "K68-U050": {"K68-U060": 45.28896181740911}, "K65-U140": {"K65-U150": 104.5493792874549}, "K65-U130": {"K65-U140": 29.031018679350023}, "K65-D070": {"K65-D080": 93.53822714592727}, "K65-D090": {"K65-D100": 61.28920080169739}, "K65-D150": {"K65-D160": 93.61744090709908}, "K66-U170": {"K66-U180": 35.51276405722807}, "K66-D060": {"K66-D070": 26.985211611383875}, "K65-U020": {"K65-U030": 113.25320078646814}, "K66-U110": {"K66-U120": 38.12103752627886}, "K65-D100": {"K65-D110": 176.30689864307607}, "K68-U130": {"K68-U140": 144.04072608054614}, "K68-D150": {"K68-D160": 55.9672537114404}, "K68-D100": {"K68-D110": 84.75373059439502}, "K68-D160": {"K68-D170": 82.0176603530858}, "K66-U030": {"K66-U040": 170.4944383197597}, "K68-D180": {"K68-D190": 31.258184848000006}, "K68-U170": {"K68-D010": 138.43332820300003}, "K65-D120": {"K65-D130": 54.02637509923893}, "K65-D180": {"K65-D190": 95.54973896428876}, "K65-U210": {"K65-U220": 83.21844935222556}, "K68-U140": {"K68-U150": 25.92677096923}, "K68-D040": {"K68-D050": 91.07209120016}, "K66-D190": {"K66-D200": 67.93651590625566}, "K66-U150": {"K66-U160": 58.323947282145845}, "K65-U010": {"K65-U020": 253.31549181019312}, "K65-D050": {"K65-D060": 61.261371279210586}, "K66-D220": {"K66-D230": 71.59299427134768}, "K68-U030": {"K68-U040": 30.20148205800001}, "K68-U100": {"K68-U110": 201.14882670195865}, "K68-D170": {"K68-D180": 40.81234604844433}, "K65-U090": {"K65-U100": 53.83242811877974}, "K68-U090": {"K68-U100": 113.757802447236}, "K68-D060": {"K68-D070": 90.76797975476}, "K66-U060": {"K66-U070": 160.6922170340314}, "K66-D030": {"K66-D040": 70.1780531527126}, "K65-D160": {"K65-D170": 122.7988143917798}, "K66-D100": {"K66-D110": 30.154788461076425}, "K68-D020": {"K68-D030": 71.08985855756058}, "K66-U040": {"K66-U050": 120.78307678806739}, "K66-U010": {"K66-U020": 117.07349946397633}, "K68-U060": {"K68-U070": 76.1413976104844}, "K68-U040": {"K68-U050": 53.191088812785225}, "K68-U120": {"K68-U130": 128.79041556800004}, "K65-U180": {"K65-U190": 80.0883866052973}, "K66-D150": {"K66-D160": 83.4553978371446}, "K66-U090": {"K66-U100": 79.01647877474413}, "K65-U220": {"K65-U230": 80.02976805079288}, "K66-U020": {"K66-U030": 185.0020801288104}, "K66-D020": {"K66-D030": 57.51027714938475}, "K66-U140": {"K66-U150": 50.45454500993238}, "K66-U130": {"K66-U140": 57.22722982120497}, "K66-D230": {"K66-D240": 81.2899919581403}, "K68-U150": {"K68-U160": 82.54502200000002}, "K66-D140": {"K66-D150": 137.99592036068728}, "K66-U210": {"K66-U220": 47.65497811692221}, "K65-U170": {"K65-U180": 47.1889568768168}, "K66-D090": {"K66-D100": 29.277546446415926}, "K65-U030": {"K65-U040": 79.39263839214513}, "K68-D090": {"K68-D100": 119.958971407}, "K65-D170": {"K65-D180": 81.33658582696978}, "K68-D050": {"K68-D060": 43.189182673633}, "K68-D030": {"K68-D040": 61.20100524898}, "K68-D140": {"K68-D150": 28.773416722780006}, "K66-D010": {"K66-D020": 44.64093256789749}, "K66-D180": {"K66-D190": 57.051540229133515}, "K68-U020": {"K68-U030": 40.23580850636317}, "K65-D060": {"K65-D070": 55.432086319381014}, "K65-U050": {"K65-U060": 99.45560304921624}, "K68-D200": {"K68-U011": 58.21459040591888}, "K68-U080": {"K68-U090": 38.232901720000015}, "K65-U110": {"K65-U120": 102.99378126598079}}