{"KAT": {"DIH": 137.91592944350919, "SUW": 107.54143063152291}}