{"KOT": {"TAW": 273.9269079395136, "MKK": 137.96221422658277, "LOF": 121.34973875561407, "SKM": 127.52172201630928}, "KOW": {"TSY": 519.2245651645601, "OLY": 129.80903558904114, "HOK": 177.7421001860386}, "KOB": {"NTK": 128.56553078324038, "CHH": 181.75415425935017}}