{"KSR": {"YUL": 238.1827985539096, "TWW": 692.0224885999057}}