{"LET": {"WCH": 180.2221406807104, "SOH": 105.82005470276086}}