{"LOP": {"YUL": 105.34719443430876, "TIS": 179.46500580815393}, "LOW": {"SHS": 234.04263167361336}, "LOF": {"KOT": 127.0042573076988, "WTS": 128.134954536}}