{"MEF": {"LAK": 145.7347624197076, "NAC": 184.57211140580623, "LCK": 120.61681409313228, "TWW": 318.98643058324626}}