{"MKK": {"KOT": 177.065001019233, "HUH": 172.52264406402514}}