{"MOK": {"YMT": 133.15481040001845, "PRE": 128.7429129182164}, "MOS": {"HEO": 127.56206670000002, "WKS": 144.51263055760137}}