{"NTK": {"KOB": 128.2891731682287, "KWT": 130.05765927203336}}