{"OCP": {"WCH": 130.7241426705163, "ADM": 287.63197665832104}}