{"PRE": {"MOK": 120.60045949287492, "SKM": 128.75551045178892, "SSP": 128.63528122596617}}