{"QUB": {"YAT": 266.06963679380283, "NOP": 130.20503121285992, "TAK": 134.4678273077566}}