{"SKM": {"KOT": 143.01568069813544, "PRE": 127.43490338671197}, "SKW": {"HFC": 143.97164165951, "SWH": 116.86343723078657}}