{"SSP": {"CSW": 124.53419095044578, "PRE": 131.60151798531703}}