{"SYP": {"HKU": 111.6396455218364, "SHW": 137.89523613375027}}