{"TKO": {"TIK": 181.61977597090936, "LHP": 133.24731004791323, "HAH": 193.07230103725013}, "TKW": {"HOM": 151.08334444374, "SUW": 126.76779964233599}}