{"TSY": {"SUN": 591.4639431267614, "AIR": 1468.6154718035689, "LAK": 194.80190231232217, "KOW": 425.60361276565027}, "TST": {"ADM": 188.73818490538505, "JOR": 95.98694627195053}, "TSH": {"HEO": 132.8476986574762, "SHM": 218.72961328565785}, "TSW": {"TWH": 68.79982825295592}}