{"TUC": {"SUN": 492.14752661097646}, "TUM": {"SIH": 142.29058281664027}}