{"WAC": {"CAB": 178.14774628198862, "ADM": 128.62157530043777}}