{"WTS": {"LOF": 126.80790425869895, "DIH": 117.63674526475143}}