{"YAT": {"TIK": 122.39275913489223, "QUB": 245.30272759097775, "LAT": 174.41420055540408}}