{"YMT": {"HOM": 171.86513547956594, "JOR": 129.64934470816874, "MOK": 109.77956317394853}}