{"YUL": {"KSR": 224.74747575135422, "LOP": 105.674911301152}}