{"5": {"305": 79.49662773525058, "6": 127.25788866473745}}