{"AUS": {"ETS": 140.42947282716392, "NAC": 205.94427721712037}}