{"CHH": {"KOB": 181.39507996169002, "DIH": 128.80219635308003}, "CHW": {"HFC": 119.68225445241274}}