{"CIO": {"STW": 129.29001384479994, "SHM": 147.63258615225058}}