{"CSW": {"LCK": 127.8393738108274, "SSP": 131.3724390331132}}