{"DIH": {"WTS": 119.39787436756305, "HIK": 316.937211496592, "KAT": 177.59086855330287, "CHH": 121.31053637657908}, "DIS": {"SUN": 198.58233387484285}}