{"EXC": {"HUH": 184.76507818343367, "ADM": 49.00968186004196}}