{"HAH": {"TKO": 133.36944779741674, "POA": 128.37172431422658}}