{"HFC": {"SKW": 140.7914689903083, "CHW": 147.2413322002032}}