{"HKU": {"SYP": 128.90342379220166, "KET": 94.2286404855824}}