{"HOK": {"KOW": 192.4964135788153}, "HOM": {"YMT": 150.78374390356853, "HUH": 132.13162345777292, "TKW": 130.439802412185, "WHA": 77.16007589196974}}