{"K18-U010": {"K18-U020": 183.6438872722569}, "K18-D020": {"K18-D030": 79.6128187799}, "K12-U020": {"K12-U030": 187.35464526500724}, "K17-D020": {"K17-D030": 111.96203116455376}, "K17-U010": {"K17-U020": 284.30888248826466}, "K18-D010": {"K18-D020": 244.97733275797924}, "K12-D030": {"K12-D040": 20.294764783010528}, "K14-D010": {"K14-D020": 251.95288019468725}, "K18-U020": {"K18-U030": 77.35681341189964}, "K12-U010": {"K12-U020": 288.3929685029648}, "K17-U020": {"K17-U030": 132.55159253911984}, "K17-D010": {"K17-D020": 311.27601248255615}, "K12-D020": {"K12-D030": 314.84511247106195}, "K12-D010": {"K12-D020": 144.7433490089051}, "K14-D020": {"K14-D030": 44.41092526986857}, "K17-U030": {"K17-U040": 29.953111839289967}}