{"K66-D040": {"K66-D050": 52.7679476074562}, "K65-D010": {"K65-D020": 36.22135209421298}, "K66-D060": {"K66-D070": 52.65017624157908}, "K68-D110": {"K68-D120": 82.72933150961431}, "K65-D100": {"K65-D110": 212.83475168159083}, "K65-U130": {"K65-U140": 29.68703933167709}, "K68-U030": {"K68-U040": 26.75693353282645}, "K65-D090": {"K65-D100": 112.93226604622086}, "K65-U010": {"K65-U020": 220.22751462488412}, "K66-U080": {"K66-U090": 168.60532728907492}, "K68-U140": {"K68-U150": 36.38529465470001}, "K66-U210": {"K66-U220": 48.95938424048258}, "K66-D190": {"K66-D200": 75.24188233598412}, "K66-D150": {"K66-D160": 81.25423461605199}, "K65A-D020": {"K65A-D030": 79.33921005890701}, "K65A-D060": {"K65A-D070": 86.62952008259876}, "K66-U060": {"K66-U070": 132.23908256200852}, "K66-U130": {"K66-U140": 48.439987383645466}, "K68-U050": {"K68-U060": 50.46520012888757}, "K65-D020": {"K65-D030": 79.20672139957996}, "K68-D070": {"K68-D080": 185.42660395550013}, "K68-D080": {"K68-D090": 72.05752032130906}, "K65A-U020": {"K65A-U030": 248.9937090127301}, "K65-U160": {"K65-U170": 44.36337491809342}, "K65A-D040": {"K65A-D050": 57.066713199011225}, "K65A-U100": {"K65A-U110": 76.80778962495823}, "K66-U010": {"K66-U020": 131.2917875569323}, "K65A-U050": {"K65A-U060": 45.328661274342764}, "K68-D050": {"K68-D060": 42.3763197816218}, "K66-U200": {"K66-U210": 43.38721448453279}, "K68-D090": {"K68-D100": 154.12501731868093}, "K65-U180": {"K65-U190": 65.53666750428899}, "K65-D050": {"K65-D060": 50.07594618001158}, "K65-U070": {"K65-U080": 53.18026839986938}, "K68-U100": {"K68-U110": 151.55025616853513}, "K65-D130": {"K65-D140": 79.01376701529767}, "K66-D070": {"K66-D080": 53.85953299015796}, "K66-U120": {"K66-U130": 39.31323860442871}, "K66-D110": {"K66-D120": 44.85262653567628}, "K65-U190": {"K65-U200": 55.09997197555079}, "K65-U120": {"K65-U130": 168.81748975303285}, "K66-D220": {"K66-D230": 73.20794543507984}, "K65-U050": {"K65-U060": 94.118680479668}, "K66-D030": {"K66-D040": 85.43154312088676}, "K68-D030": {"K68-D040": 62.1133}, "K68-U160": {"K68-U170": 64.33754519831723}, "K65-U030": {"K65-U040": 80.72071939048767}, "K65-D060": {"K65-D070": 80.03229407528995}, "K66-U100": {"K66-U110": 58.19671794472985}, "K65-D180": {"K65-D190": 105.84247387697265}, "K68-U090": {"K68-U100": 141.53110454718686}, "K66-D050": {"K66-D060": 55.0861295872819}, "K65A-U010": {"K65A-U020": 59.08812153342232}, "K65A-U040": {"K65A-U050": 109.41683725924831}, "K65A-D070": {"K65A-D080": 127.2817400861483}, "K66-D100": {"K66-D110": 49.740137268757486}, "K65A-U120": {"K65A-U130": 99.206018}, "K65-U170": {"K65-U180": 58.85717046462098}, "K66-D180": {"K66-D190": 66.2506170685368}, "K66-D200": {"K66-D210": 112.49356865603337}, "K68-U170": {"K68-D010": 158.8234315384585}, "K65-U040": {"K65-U050": 78.27753305472154}, "K66-U160": {"K66-U170": 47.3408516754912}, "K65A-D010": {"K65A-D020": 92.78070754280671}, "K66-D170": {"K66-D180": 148.84536037000004}, "K65A-D050": {"K65A-D060": 56.194814407530274}, "K65A-D080": {"K65A-D090": 64.005308878945}, "K65-D110": {"K65-D120": 107.71103228046759}, "K65-U220": {"K65-U230": 74.82893263542584}, "K65A-D100": {"K65A-D110": 270.5627811553225}, "K66-D210": {"K66-D220": 155.69404322868252}, "K65A-D090": {"K65A-D100": 122.61686895120663}, "K68-D180": {"K68-D190": 45.76268848483225}, "K68-U070": {"K68-U080": 22.93733538026564}, "K65-U060": {"K65-U070": 29.328862171493974}, "K66-D130": {"K66-D140": 40.37402614412037}, "K66-U170": {"K66-U180": 58.20034082731657}, "K65-U210": {"K65-U220": 68.90150988068162}, "K68-U130": {"K68-U140": 132.2142904724058}, "K65-U080": {"K65-U090": 122.28583720070733}, "K68-D060": {"K68-D070": 112.79779349299997}, "K65-U150": {"K65-U160": 44.10438115816221}, "K65-U110": {"K65-U120": 111.94153514815953}, "K66-U190": {"K66-U200": 45.325750269270955}, "K65A-U090": {"K65A-U100": 61.82786725494232}, "K66-U030": {"K66-U040": 124.06092402912006}, "K65-U100": {"K65-U110": 123.58748301995794}, "K65-D140": {"K65-D150": 113.43987181775067}, "K66-D230": {"K66-D240": 81.57943591319392}, "K66-U140": {"K66-U150": 36.10337995402554}, "K66-U150": {"K66-U160": 29.586025178291248}, "K68-D120": {"K68-D130": 185.66695474207881}, "K65-D120": {"K65-D130": 59.94867636681528}, "K65-D040": {"K65-D050": 63.76582449570727}, "K66-D010": {"K66-D020": 13.41174079250084}, "K65-U200": {"K65-U210": 61.89834722798705}, "K65-D150": {"K65-D160": 108.60502658873216}, "K65-D070": {"K65-D080": 120.50896394388845}, "K65A-U080": {"K65A-U090": 64.5901722346}, "K65A-U070": {"K65A-U080": 52.498579672000005}, "K68-U060": {"K68-U070": 80.46690564098999}, "K66-D080": {"K66-D090": 67.51552920702571}, "K65-D080": {"K65-D090": 68.60187594800865}, "K66-D120": {"K66-D130": 58.627145367228536}, "K65A-U060": {"K65A-U070": 51.816334409454996}, "K66-U180": {"K66-U190": 41.156656295323714}, "K65A-U110": {"K65A-U120": 78.00673005250158}, "K68-D020": {"K68-D030": 77.55122424863399}, "K65-U090": {"K65-U100": 34.74329090107507}, "K65A-U030": {"K65A-U040": 42.04272243099731}, "K65-U140": {"K65-U150": 94.78317929244906}, "K66-D160": {"K66-D170": 117.8142144821162}, "K66-D140": {"K66-D150": 100.21381100460937}, "K66-U040": {"K66-U050": 115.13526738759954}, "K66-U070": {"K66-U080": 143.70248228314512}, "K68-D150": {"K68-D160": 121.17166281281655}, "K68-D170": {"K68-D180": 59.5376685674752}, "K65-D030": {"K65-D040": 75.81984027357976}, "K66-D090": {"K66-D100": 50.16582799517029}, "K68-D160": {"K68-D170": 73.42540862029043}, "K68-D190": {"K68-D200": 64.30461089782213}, "K65-D170": {"K65-D180": 78.43581660323967}, "K66-U020": {"K66-U030": 185.04966496727496}, "K65-D160": {"K65-D170": 130.5360527910012}, "K68-D140": {"K68-D150": 40.4956027149}, "K65-U020": {"K65-U030": 110.34622124842201}, "K68-U040": {"K68-U050": 42.91334464373308}, "K68-D040": {"K68-D050": 92.74865631493587}, "K65A-D030": {"K65A-D040": 68.11454933967245}, "K68-D130": {"K68-D140": 42.813235860999995}, "K68-D100": {"K68-D110": 86.82058}, "K66-U090": {"K66-U100": 40.5813113362285}, "K66-U050": {"K66-U060": 34.5002393583786}, "K66-U110": {"K66-U120": 25.020555120417953}, "K68-D010": {"K68-D020": 44.315313394213426}, "K68-U020": {"K68-U030": 28.760590578658004}, "K68-D200": {"K68-U011": 76.14596482381941}, "K66-D020": {"K66-D030": 67.96849460882169}, "K68-U120": {"K68-U130": 120.3200728784498}, "K68-U110": {"K68-U120": 195.54867741893003, "K68-D090": 346.5}, "K68-U080": {"K68-U090": 33.06604366400107}, "K68-U150": {"K68-U160": 77.95474959690003}, "K68-U010": {"K68-U020": 91.60204166874475}}