{"KAT": {"SUW": 114.27728698928532, "DIH": 134.44125500847798}}