{"KOW": {"TSY": 525.5601414622483, "OLY": 127.58597886908672, "HOK": 177.74210015798636}, "KOT": {"TAW": 295.3791484474823, "MKK": 157.39276436447287, "SKM": 116.36599901744016, "LOF": 127.62930310363465}, "KOB": {"CHH": 146.32803544646188, "NTK": 123.99235644295159}}