{"KSR": {"TWW": 587.7751663498652, "YUL": 237.2269656244875}}