{"LAK": {"TSY": 193.033225737498, "KWF": 154.03761683091994, "NAC": 251.29837433345693, "MEF": 134.67970958138886}, "LAT": {"KWT": 126.74266607552951, "YAT": 131.90581270498086}}