{"LET": {"WCH": 156.19295260360693, "SOH": 103.31487468698253}}