{"LOF": {"WTS": 131.17462785174476, "KOT": 126.6315411972652}, "LOW": {"SHS": 214.8676675109171}, "LOP": {"TIS": 176.05571668623276, "YUL": 111.9614201684432}}