{"MEF": {"NAC": 187.07192892470974, "LAK": 136.4420106830383, "LCK": 131.77265308482293, "TWW": 322.6743698540012}}