{"NAC": {"LAK": 254.09098072808894, "AUS": 209.87112734219437, "OLY": 99.69558340662408, "MEF": 184.7036296223047}}