{"OLY": {"KOW": 128.7971819576685, "NAC": 131.85378864121293}}