{"SIH": {"TUM": 154.44171864085644, "TIS": 346.46160050206964}}