{"SKW": {"HFC": 126.75600575210447, "SWH": 111.86103981400004}, "SKM": {"PRE": 122.60674711185031, "KOT": 139.33627556269025}}