{"SSP": {"PRE": 131.05569440030658, "CSW": 118.23471381338797}}