{"SUN": {"DIS": 198.58233387484285, "TSY": 505.4827780665316, "TUC": 823.8868097703911}, "SUW": {"TKW": 137.0163653111, "KAT": 112.93804246081672}}