{"SWH": {"SKW": 117.60768044033823, "TAK": 116.80401839780475}}