{"SYP": {"HKU": 113.1522040122173, "SHW": 149.74165795102945}}