{"TAP": {"UNI": 383.82908466274995, "TWO": 182.81583655952187}, "TAW": {"KOT": 325.5960100582155, "CKT": 148.3210895857013, "SHT": 125.78795074360937, "HIK": 166.40179347631798}, "TAK": {"SWH": 126.14733781121863, "QUB": 132.5983083}}