{"TKO": {"TIK": 158.01362177452017, "LHP": 131.94670365413955, "HAH": 170.621690777914}, "TKW": {"HOM": 129.36561217554, "SUW": 127.71239087400002}}