{"TSY": {"KOW": 571.3387518401455, "AIR": 1515.231712930061, "LAK": 191.29594185229647, "SUN": 630.1430614220685}, "TSW": {"TWH": 85.04859438202975}, "TST": {"JOR": 97.06279082186899, "ADM": 197.20184486108096}, "TSH": {"SHM": 217.65051492662465, "HEO": 143.770539399602}}