{"TUM": {"SIH": 138.84057480363495}, "TUC": {"SUN": 773.057199299648}}