{"TWO": {"FAN": 317.46173170510997, "TAP": 168.9373805635111}, "TWW": {"MEF": 293.4061411904295, "KSR": 641.5151433327167}, "TWH": {"KWH": 153.5322739968294, "TSW": 83.37513740462488}}