{"WAC": {"ADM": 130.61203698768395, "CAB": 179.41633884100332}}