{"YAT": {"QUB": 230.79136263739875, "TIK": 143.98865306212585, "LAT": 173.476776951615}}