{"YMT": {"MOK": 113.20174684321974, "HOM": 180.7567343663864, "JOR": 128.20826912860872}}