{"AUS": {"NAC": 192.82506424672206, "ETS": 160.61780262816998}}