{"CKT": {"STW": 138.89473005660224, "TAW": 140.1900816512669}}