{"CSW": {"SSP": 120.77705565705449, "LCK": 130.29833403745232}}