{"EXC": {"HUH": 174.06891178682224, "ADM": 90.06898278925743}}