{"FOT": {"SHT": 174.51060988148183, "UNI": 178.04064380335376}, "FOH": {"NOP": 128.14968771869178, "TIH": 99.68688479516541}}