{"HEO": {"TSH": 138.63786644019552, "MOS": 127.99905817797496}}