{"HFC": {"SKW": 136.1327069666123, "CHW": 120.97731706078221}}