{"HIK": {"DIH": 309.3110349389686, "TAW": 142.08451399999998}}