{"HKU": {"SYP": 120.734806752815, "KET": 102.4834316990567}}