{"HOK": {"KOW": 172.146080473321}, "HOM": {"YMT": 175.54066385510126, "WHA": 82.01792806262347, "TKW": 150.22312916139998, "HUH": 137.96567297811106}}