{"JOR": {"TST": 116.45603984380747, "YMT": 128.73248437967396}}