{"K18-U020": {"K18-U030": 47.615507375589985}, "K17-U020": {"K17-U030": 106.2266066381138}, "K17-U010": {"K17-U020": 172.92000000000002}, "K17-U030": {"K17-U040": 26.273482851368993}, "K18-U010": {"K18-U020": 244.20000000000002}}