{"K52-nU270": {"K52-nU280": 160.36005717648064}, "K52A-U170": {"K52A-U180": 275.33189995594125}, "K52-nD060": {"K52-nD070": 129.34768316859828}, "K54-D020": {"K54-D030": 132.85800010981976}, "K52A-D010": {"K52A-D020": 277.2255397004814}, "K52A-U140": {"K52A-U150": 160.35767492934457}, "K52A-D060": {"K52A-D070": 129.34768316859828}, "K51-U200": {"K51-U210": 69.30000000000001}, "K51-D260": {"K51-D270": 48.400000000000006}, "K52-nD270": {"K52-nD280": 99.33000000000001}, "K52-nD160": {"K52-nD170": 158.43520000000004}, "K52-nD240": {"K52-nD250": 166.10000000000002}, "K52-nD210": {"K52-nD220": 230.67000000000002}, "K52-nD230": {"K52-nD240": 194.70000000000002}, "K52-nD180": {"K52-nD190": 137.60999999999999}, "K54A-D010": {"K54A-D020": 189.09000000000003}, "K54A-D030": {"K54A-D040": 87.5963}, "K54A-D020": {"K54A-D030": 174.9}}