{"K76-D010": {"K76-D020": 170.41630763935217}, "K76-U030": {"K76-U040": 163.1008540917706}, "K73-U080": {"K73-U110": 151.5009466121943}, "K74-D020": {"K74-D030": 145.02424289778008}}