{"KAT": {"DIH": 154.5332823317047, "SUW": 132.49499999999998}}