{"KOT": {"MKK": 192.26311738797125, "TAW": 300.0077621456307, "LOF": 127.20751812130143, "SKM": 142.49123830648097}, "KOW": {"TSY": 596.1629880241742, "OLY": 129.39832614691096, "HOK": 177.74210021785518}, "KOB": {"CHH": 171.21113237238583, "NTK": 133.09007296179084}}