{"KWH": {"TWH": 149.3907804346149, "KWF": 117.46812821586892}, "KWF": {"KWH": 118.50552631644595, "LAK": 122.13985823024157}, "KWT": {"LAT": 114.53761073242103, "NTK": 119.97826361556687}}