{"LAK": {"NAC": 281.2572136589065, "TSY": 194.56176771076997, "MEF": 142.20648971371426, "KWF": 143.51645309317553}, "LAT": {"YAT": 131.96687385748208, "KWT": 123.06954354240925}}