{"LOF": {"KOT": 124.3935568626749, "WTS": 120.87401594130817}, "LOW": {"SHS": 261.75491102471284}, "LOP": {"TIS": 193.71610343672228, "YUL": 131.58158587188}}