{"MOK": {"PRE": 119.62805274379744, "YMT": 116.15007786450022}, "MOS": {"HEO": 154.98555778388408, "WKS": 168.45474538505198}}