{"NAC": {"OLY": 128.36757873343592, "LAK": 264.06687127543046, "MEF": 193.75025547174195, "AUS": 205.27093210676375}}