{"OCP": {"ADM": 287.6319548214625, "WCH": 123.59625539786933}}