{"PRE": {"SKM": 125.75929801335162, "MOK": 111.94858731647021, "SSP": 132.657333687425}}