{"SUN": {"DIS": 198.58233387484285, "TSY": 567.3676600277633, "TUC": 823.8869906189988}, "SUW": {"KAT": 118.32861635937283, "TKW": 148.48508450410597}}