{"SWH": {"TAK": 110.7703500612271, "SKW": 132.82122408536773}}