{"SYP": {"HKU": 113.36738232477043, "SHW": 144.60489448072923}}