{"TIK": {"YAT": 148.8368448005893, "TKO": 281.1016692929303}, "TIH": {"FOH": 94.00926286836966, "CAB": 117.18729998500251}, "TIS": {"LOP": 182.75634110599987, "SIH": 334.2761736869919}}