{"TKO": {"LHP": 131.45796904057843, "HAH": 310.46853149999833, "TIK": 237.33222485062424}, "TKW": {"HOM": 136.08131873285686, "SUW": 131.291412}}