{"TSY": {"LAK": 183.76217349325898, "SUN": 576.9198226946452, "KOW": 562.6920203306788, "AIR": 1574.5699322288006}, "TSW": {"TWH": 93.55186107718299}, "TSH": {"SHM": 235.94249880874196, "HEO": 134.83333224209784}, "TST": {"JOR": 107.10263344272373, "ADM": 197.24672198921868}}