{"TWO": {"FAN": 340.1020440175455, "TAP": 157.8205611640338}, "TWW": {"MEF": 325.624852228627, "KSR": 598.1807366253813}, "TWH": {"KWH": 134.54446537572395, "TSW": 66.58381594875087}}