{"UNI": {"FOT": 227.21132199655614, "TAP": 427.7554489163602}}