{"WAC": {"CAB": 134.64064082053176, "ADM": 123.70489069518433}}