{"WCH": {"LET": 174.9374298387455, "OCP": 126.75127641261062}}