{"YAT": {"TIK": 161.68264277883156, "QUB": 251.0785269419976, "LAT": 160.9817798994033}}