{"YMT": {"MOK": 101.21778588503544, "JOR": 118.94542834567878, "HOM": 171.88895656081286}}