{"YUL": {"LOP": 126.84170341999997, "KSR": 249.55957572927704}}