{"1": {"2": 110.02079159535018, "6": 213.95067434098473}}