{"AUS": {"NAC": 208.70550890640726, "ETS": 170.55731000000003}}