{"CIO": {"STW": 129.66809521607027, "SHM": 112.61307781533412}}