{"CSW": {"LCK": 124.0649228595668, "SSP": 130.30316583469954}}