{"DIS": {"SUN": 198.58233387484285}, "DIH": {"WTS": 125.2194625030686, "KAT": 146.55711990789675, "CHH": 131.39481551128512, "HIK": 296.72451246613747}}