{"HEO": {"TSH": 134.38245771058982, "MOS": 106.1789955850204}}