{"HFC": {"SKW": 139.53236966622757, "CHW": 133.98619318886225}}