{"HIK": {"TAW": 154.9173334485283, "DIH": 327.0913016105498}}