{"HKU": {"SYP": 128.47454472769664, "KET": 94.65150333558228}}