{"HOM": {"YMT": 162.11580781281185, "TKW": 129.395462613, "HUH": 131.71440152999998, "WHA": 86.91264699256428}, "HOK": {"KOW": 189.7240981236967}}