{"HUH": {"EXC": 192.8371502157671, "ETS": 176.32143028308323, "HOM": 134.2912944579, "MKK": 165.63640248109147}}