{"K52A-D010": {"K52A-D020": 315.22140207115535}, "K52-nD150": {"K52-nD160": 119.18301746435593}, "K52A-U020": {"K52A-U030": 81.23220981103195}, "K53-U080": {"K53-U090": 73.98804045287626}, "K52A-U130": {"K52A-U140": 53.76089270274267}, "K54-U050": {"K54-U060": 387.70663463760303}, "K52A-U150": {"K52A-U160": 37.001665002943774}, "K52A-U100": {"K52A-U110": 85.09228761983391}, "K51A-U190": {"K51A-U200": 67.65086559935303}, "K52A-D050": {"K52A-D060": 30.21269501274235}, "K51A-D110": {"K51A-D120": 56.39819283378811}, "K51-U170": {"K51-U180": 73.3113444925881}, "K51A-U010": {"K51A-U020": 52.39805024635832}, "K52A-D100": {"K52A-D110": 56.749956659050994}, "K58-D030": {"K58-D040": 60.94000000000001}, "K51-U160": {"K51-U170": 116.16854932076305}, "K58-D140": {"K58-D150": 51.10721}, "K54-U010": {"K54-U020": 80.5889012777847}, "K52-nU300": {"K52-nU310": 37.528788242211064}, "K53-D015": {"K53-D020": 51.575505785463136}, "K52-nD230": {"K52-nD240": 164.20600373211863}, "K51A-U150": {"K51A-U160": 116.19122352341876}, "K52-nD220": {"K52-nD230": 133.85870811586707}, "K54-D030": {"K54-D040": 59.24595680881744}, "K51A-D020": {"K51A-D030": 125.5984038959842}, "K51A-U080": {"K51A-U090": 184.77932308117684}, "K52A-U160": {"K52A-U170": 24.961648025610934}, "K53-D070": {"K53-D080": 44.83235161153707}, "K53-U020": {"K53-U030": 144.87571383836092, "K53-D160": 700.6034447999544}, "K52A-D180": {"K52A-D190": 113.36945757799545}, "K51-D160": {"K51-D170": 90.39811625425273}, "K58-D080": {"K58-D090": 118.75676559999997}, "K53-D030": {"K53-D040": 79.67139872533667}, "K52A-D060": {"K52A-D070": 132.08959397437587}, "K51A-U210": {"K51A-U220": 68.78740955168064}, "K58-D200": {"K58-D210": 48.409031000000006}, "K54-D060": {"K54-D070": 149.85797995381444}, "K52A-U080": {"K52A-U090": 71.23353878460436}, "K52A-D070": {"K52A-D080": 109.06806048615775}, "K51A-U230": {"K51A-U240": 45.25717986199927}, "K52A-U070": {"K52A-U080": 82.3028083276396}, "K53-D180": {"K53-D190": 84.63966513678065}, "K52-nD190": {"K52-nD200": 161.927563477074}, "K52-nU080": {"K52-nU090": 87.02891571529332}, "K52-nD250": {"K52-nD260": 185.3134096954414}, "K58-D060": {"K58-D070": 164.3037}, "K53-U110": {"K53-U120": 91.69394146866509}, "K53-U040": {"K53-U050": 126.9985985789491}, "K58-U120": {"K58-U130": 125.74958000000004}, "K52-nU060": {"K52-nU070": 172.9858976483905}, "K51A-D170": {"K51A-D180": 171.84455658148025}, "K52A-D170": {"K52A-D180": 142.66888962711465}, "K51A-U130": {"K51A-U140": 73.26633285563432}, "K58-U110": {"K58-U120": 194.821}, "K53-U070": {"K53-U080": 50.94609952484147}, "K51A-D120": {"K51A-D140": 140.42477237821203}, "K58-U140": {"K58-U150": 129.170228}, "K52-nD180": {"K52-nD190": 140.35779743145258}, "K51-D090": {"K51-D100": 96.2978984173862}, "K51-U180": {"K51-U190": 105.16016623736417}, "K51A-U140": {"K51A-U150": 48.981151074300435}, "K52A-U110": {"K52A-U120": 57.95254803009565}, "K51-U070": {"K51-U080": 193.15755351512885}, "K51A-U060": {"K51A-U070": 297.78311028969216}, "K51A-D220": {"K51A-D230": 123.08350904300487}, "K52-nU150": {"K52-nU160": 93.01498875353192}, "K58-D110": {"K58-D120": 162.611383}, "K52-nD210": {"K52-nD220": 196.9057880150357}, "K52-nU260": {"K52-nU270": 60.7933828501}, "K53-D020": {"K53-D030": 116.7245071640599}, "K51-D060": {"K51-D070": 61.71881448682442}, "K53-D160": {"K53-D170": 974.7220082932192, "K53-U011": 188.14212421591117}, "K58-U100": {"K58-U110": 94.1203241}, "K58-D160": {"K58-D170": 183.27100000000002}, "K51-U210": {"K51-U220": 55.238444249807}, "K58-U070": {"K58-U080": 125.89591300000002}, "K51A-U090": {"K51A-U100": 175.99974377737777}, "K53-D060": {"K53-D070": 162.7938283965043}, "K51-D020": {"K51-D030": 64.09123282694911}, "K51A-D200": {"K51A-D210": 283.5289478108582}, "K51A-U160": {"K51A-U170": 78.3668259553672}, "K52-nU250": {"K52-nU260": 78.13399280220638}, "K58-U090": {"K58-U100": 141.35}, "K58-D020": {"K58-D030": 92.30100000000002}, "K58-U170": {"K58-U180": 200.2}, "K58-D040": {"K58-D050": 116.60000000000001}, "K51A-U200": {"K51A-U210": 63.96986500303076}, "K52A-D030": {"K52A-D040": 32.14119310845533}, "K58-D070": {"K58-D080": 100.595}, "K53-U140": {"K53-D010": 79.36384876290326}, "K52A-U090": {"K52A-U100": 93.27569339173513}, "K52-nD120": {"K52-nD130": 40.91482330169514}, "K54-U020": {"K54-U030": 174.74609926105802}, "K52-nD270": {"K52-nD280": 101.92444078430013}, "K51A-D240": {"K51A-D250": 68.93239890448896}, "K52-nU140": {"K52-nU150": 147.6752894596913}, "K52-nU240": {"K52-nU250": 74.32818300146567}, "K54-D050": {"K54-D060": 79.30361386900775}, "K51-D140": {"K51-D150": 86.7195289115214}, "K53-D120": {"K53-D130": 77.90572602708303}, "K51-U220": {"K51-U230": 70.90378023013864}, "K52-nU030": {"K52-nU040": 143.25366232630734}, "K51-D100": {"K51-D110": 164.44526482520956}, "K54-U060": {"K54-U070": 224.69140228243546}, "K52-nD040": {"K52-nD050": 36.41502287729455}, "K51A-D250": {"K51A-D260": 115.07356869655526}, "K53-U010": {"K53-U020": 252.06348435255563, "K53-D180": 1415.240585495426}, "K53-D110": {"K53-D120": 171.96821909371087}, "K58-U130": {"K58-U140": 86.80627999999999}, "K51A-D210": {"K51A-D220": 76.4609301132237}, "K53-U060": {"K53-U070": 70.16327062258479}, "K51-D030": {"K51-D040": 40.40228731985653}, "K52A-U030": {"K52A-U040": 34.37332392572656}, "K58-U200": {"K58-U210": 73.39281400000002}, "K54-D010": {"K54-D020": 109.4629646911985}, "K52A-D110": {"K52A-D120": 150.70385711063463}, "K51-D270": {"K51-D280": 124.59310127670258}, "K54-D040": {"K54-D050": 161.06416299315646}, "K53-U130": {"K53-U140": 54.749908517939886}, "K54-D020": {"K54-D030": 205.82502897254008}, "K53-D100": {"K53-D110": 80.65651758336183}, "K51-D210": {"K51-D220": 156.91252052852548}, "K53-U090": {"K53-U100": 115.28151129875482}, "K51A-U050": {"K51A-U060": 308.9306848086496}, "K58-U150": {"K58-U160": 148.1612}, "K52-nU090": {"K52-nU100": 119.3378012484416}, "K53-D080": {"K53-D090": 59.710540297779815}, "K53-U050": {"K53-U060": 135.427801157035}, "K52A-D090": {"K52A-D100": 49.42523041610443}, "K51-U230": {"K51-U240": 48.88785125164462}, "K52-nD090": {"K52-nD100": 51.12000087254076}, "K58-D170": {"K58-D180": 146.201}, "K51A-U070": {"K51A-U080": 207.66858975366404}, "K51A-D070": {"K51A-D080": 94.1123832805238}, "K51-U140": {"K51-U150": 52.10631957920697}, "K58-D130": {"K58-D140": 94.95310000000002}, "K52-nD200": {"K52-nD210": 131.00149053745105}, "K51A-D180": {"K51A-D190": 125.87899976953194}, "K51-U200": {"K51-U210": 91.53633112207612}, "K58-D150": {"K58-D160": 69.71672070000002}, "K52-nU120": {"K52-nU140": 109.55330442388902}, "K58-U160": {"K58-U170": 140.58444400000002}, "K51A-U030": {"K51A-U040": 67.33833247137719}, "K51-D110": {"K51-D120": 53.85102574212597}, "K53-D150": {"K53-D160": 168.77029948971727}, "K52A-D120": {"K52A-D130": 48.279570897215024}, "K52-nU200": {"K52-nU210": 77.58607870563105}, "K51-D190": {"K51-D200": 167.88056114300002}, "K58-U080": {"K58-U090": 72.60000000000001}, "K51-D180": {"K51-D190": 181.5197373618211}, "K58-D050": {"K58-D060": 192.63288000000003}, "K51-D280": {"K51-D290": 61.04066346167034}, "K52A-U120": {"K52A-U130": 75.29834388932024}, "K53-U120": {"K53-U130": 65.95555939269492}, "K52-nD020": {"K52-nD030": 33.458703259770466}, "K53-U100": {"K53-U110": 72.16532357953851}, "K52-nU160": {"K52-nU170": 42.126546417353744}, "K52-nU230": {"K52-nU240": 88.89788011339951}, "K52A-U060": {"K52A-U070": 135.8986616228382}, "K51-U100": {"K51-U110": 198.667280518256}, "K53-D090": {"K53-D100": 51.184669732888274}, "K53-U030": {"K53-U040": 209.89996839087377}, "K52-nU100": {"K52-nU110": 178.63910910551957}, "K52-nD060": {"K52-nD070": 131.87068509080308}, "K53-D040": {"K53-D050": 83.94580225783515}, "K51-D040": {"K51-D050": 54.41324536854182}, "K51A-U220": {"K51A-U230": 83.65614669185933}, "K52A-D080": {"K52A-D090": 65.4801818380733}, "K52-nD160": {"K52-nD170": 172.05975684312003}, "K51-U190": {"K51-U200": 75.26262651734392}, "K51-D130": {"K51-D140": 56.921091385080196}, "K58-U060": {"K58-U070": 167.14170000000001}, "K54-U030": {"K54-U040": 134.98769224324036},