{"K66-U150": {"K66-U160": 51.67328326214946}, "K65-U210": {"K65-U220": 77.36767415497687}, "K68-D110": {"K68-D120": 86.5146901176003}, "K68-D070": {"K68-D080": 192.23970475401057}, "K65A-D050": {"K65A-D060": 51.25692498880344}, "K65A-U030": {"K65A-U040": 36.027901930469014}, "K65-D080": {"K65-D090": 69.69065972752153}, "K65-U220": {"K65-U230": 86.985869727103}, "K66-D120": {"K66-D130": 70.66152132616912}, "K68-D140": {"K68-D150": 60.69743239889999}, "K65-U010": {"K65-U020": 260.5784433826241}, "K65A-D040": {"K65A-D050": 62.33056661876602}, "K66-U210": {"K66-U220": 53.24541118108225}, "K66-U050": {"K66-U060": 48.069161216547}, "K66-U120": {"K66-U130": 51.04116593594729}, "K66-D110": {"K66-D120": 53.431777818107435}, "K65A-D100": {"K65A-D110": 226.066884353772}, "K65-D060": {"K65-D070": 95.08238758426356}, "K65-D120": {"K65-D130": 75.06135725996357}, "K65-D140": {"K65-D150": 117.30723273588735}, "K65-U050": {"K65-U060": 106.81512463411948}, "K66-D140": {"K66-D150": 117.04142135809919}, "K65A-D090": {"K65A-D100": 111.65806883630307}, "K68-D040": {"K68-D050": 97.81791933530002}, "K66-D230": {"K66-D240": 82.2590069507946}, "K66-U200": {"K66-U210": 53.87568760225497}, "K66-D150": {"K66-D160": 93.42835580178702}, "K66-D080": {"K66-D090": 99.69822386068205}, "K68-D030": {"K68-D040": 91.28430652865087}, "K65A-U100": {"K65A-U110": 76.52287793823908}, "K68-D130": {"K68-D140": 57.2898970151118}, "K68-U100": {"K68-U110": 180.26707221053104}, "K66-D190": {"K66-D200": 85.12409714447827}, "K65A-D060": {"K65A-D070": 85.55704277746378}, "K65-D030": {"K65-D040": 79.26757028862065}, "K68-D170": {"K68-D180": 71.36110674209574}, "K66-U040": {"K66-U050": 127.94101285731456}, "K65-D050": {"K65-D060": 55.484916938841785}, "K68-U080": {"K68-U090": 38.05167268428829}, "K68-D080": {"K68-D090": 87.0129557319066}, "K65A-D080": {"K65A-D090": 55.368100000497336}, "K65-D180": {"K65-D190": 125.36777994190797}, "K68-U010": {"K68-U020": 90.23516506802466}, "K66-D160": {"K66-D170": 146.9657807526297}, "K65-D150": {"K65-D160": 117.26603729791172}, "K65A-U050": {"K65A-U060": 41.8100467173136}, "K66-U130": {"K66-U140": 51.129701184403}, "K66-U140": {"K66-U150": 41.21765070548278}, "K65-U070": {"K65-U080": 65.92183191289001}, "K65-U060": {"K65-U070": 93.0564263177266}, "K66-D210": {"K66-D220": 154.9419205216856}, "K65A-U110": {"K65A-U120": 77.74380798424222}, "K66-U060": {"K66-U070": 165.13005348305768}, "K68-U020": {"K68-U030": 31.413643781232587}, "K65-U090": {"K65-U100": 49.20359345127302}, "K68-D060": {"K68-D070": 90.68403307135527}, "K66-D020": {"K66-D030": 75.39465484684101}, "K66-D010": {"K66-D020": 14.399950915790603}, "K65A-D010": {"K65A-D020": 83.91554604780598}, "K65A-D070": {"K65A-D080": 126.58694780032206}, "K65-U200": {"K65-U210": 80.20174143973907}, "K66-U180": {"K66-U190": 59.619859074758836}, "K66-U170": {"K66-U180": 35.69267172050654}, "K65A-U070": {"K65A-U080": 42.594234932062555}, "K65A-U010": {"K65A-U020": 47.506764785080534}, "K68-D160": {"K68-D170": 83.99988604330913}, "K65-U160": {"K65-U170": 54.88242334039201}, "K66-D060": {"K66-D070": 71.63243192632311}, "K66-D130": {"K66-D140": 51.88619516926857}, "K66-D040": {"K66-D050": 52.40162837741765}, "K65A-U090": {"K65A-U100": 81.42831530295598}, "K65A-U040": {"K65A-U050": 86.10163843400764}, "K66-U100": {"K66-U110": 83.98350866701888}, "K65-U120": {"K65-U130": 176.26820392744156}, "K68-U120": {"K68-U130": 157.565430385164}, "K65-U190": {"K65-U200": 66.7216109365677}, "K66-D030": {"K66-D040": 88.43132826064047}, "K65-U150": {"K65-U160": 124.56401914400018}, "K68-D150": {"K68-D160": 85.81555553230706}, "K65-D170": {"K65-D180": 94.35854756114992}, "K65-D100": {"K65-D110": 233.447395205449}, "K68-D010": {"K68-D020": 115.44747450154998}, "K65A-D020": {"K65A-D030": 75.2186215052442}, "K68-D050": {"K68-D060": 69.11727132664632}, "K65A-U120": {"K65A-U130": 97.87559107845996}, "K66-D220": {"K66-D230": 78.5054734369082}, "K65A-U080": {"K65A-U090": 66.86264609827965}, "K66-U160": {"K66-U170": 42.640515929479136}, "K66-U010": {"K66-U020": 134.25596350379692}, "K65-D110": {"K65-D120": 123.95132687187163}, "K65-D130": {"K65-D140": 108.55346301631985}, "K68-U050": {"K68-U060": 40.24065999800002}, "K66-D090": {"K66-D100": 53.8597072648722}, "K65A-U020": {"K65A-U030": 177.92312083384897}, "K66-U110": {"K66-U120": 33.755981150627626}, "K65-D160": {"K65-D170": 152.6685218626273}, "K68-D180": {"K68-D190": 43.07802063045098}, "K65-U030": {"K65-U040": 96.20661781486181}, "K68-U060": {"K68-U070": 102.77395299587154}, "K66-U030": {"K66-U040": 179.33664165759362}, "K68-U110": {"K68-U120": 212.25409004165, "K68-D090": 729.3000000000001}, "K65-D020": {"K65-D030": 84.64538514594867}, "K65-D090": {"K65-D100": 119.58534813268611}, "K68-D020": {"K68-D030": 89.88443274250331}, "K66-U190": {"K66-U200": 65.154790928716}, "K65-D010": {"K65-D020": 44.563781240054844}, "K65-U110": {"K65-U120": 108.84325047957728}, "K66-D100": {"K66-D110": 58.70731102336596}, "K65-U140": {"K65-U150": 95.0951837720927}, "K65-U170": {"K65-U180": 121.54080591420002}, "K65A-U060": {"K65A-U070": 52.289524512310685}, "K65-U180": {"K65-U190": 73.75651386977141}, "K66-D050": {"K66-D060": 56.55272867959967}, "K65-U040": {"K65-U050": 80.54593117082523}, "K68-U150": {"K68-U160": 88.91884546237}, "K68-D200": {"K68-U011": 79.83642501418501}, "K66-U070": {"K66-U080": 128.60217687000005}, "K65A-D030": {"K65A-D040": 70.84884025699962}, "K68-U070": {"K68-U080": 23.073198510679997}, "K65-U100": {"K65-U110": 154.1570792896143}, "K65-U020": {"K65-U030": 122.04905434587097}, "K68-D120": {"K68-D130": 177.42511473845138}, "K68-D190": {"K68-D200": 59.78806150916919}, "K66-U020": {"K66-U030": 213.55174495226737}, "K66-U090": {"K66-U100": 51.389814397150566}, "K65-D040": {"K65-D050": 69.93665029136132}, "K66-D180": {"K66-D190": 82.67438779833144}, "K68-U140": {"K68-U150": 51.905893886529995}, "K68-U040": {"K68-U050": 48.43377354136102}, "K65-U080": {"K65-U090": 167.08200947986654}, "K68-U130": {"K68-U140": 153.41373419750195}, "K66-D070": {"K66-D080": 61.23512339842669}, "K68-U090": {"K68-U100": 160.438627102}, "K66-D170": {"K66-D180": 177.76455106038435}, "K68-U160": {"K68-U170": 74.79592472631793}, "K65-D070": {"K65-D080": 132.71340043956053}, "K68-U030": {"K68-U040": 25.047957000000004}, "K68-D090": {"K68-D100": 184.2536977987663}, "K65-U130": {"K65-U140": 92.07811608000543}, "K68-D100": {"K68-D110": 82.79228527974838}, "K66-U080": {"K66-U090": 176.37780769058608}, "K68-U170": {"K68-D010": 147.95768}, "K66-D200": {"K66-D210": 134.69834553705363}, "K66A-U040": {"K66A-U050": 62.7}, "K66A-U150": {"K66A-U160": 69.30000000000001}, "K66A-U130": {"K66A-U140": 51.7}, "K66A-U060": {"K66A-U070": 84.7}, "K66A-U190": {"K66A-U200": 73.92}, "K66A-U030": {"K66A-U040": 218.9}, "K66A-U070": {"K66A-U080": 207.35}, "K66A-U160": {"K66A-U170": 36.300000000000004}, "K66A-U100": {"K66A-U110": 66.0}, "K66A-U010": {"K66A-U020": 606.1}}