{"KOW": {"OLY": 131.52847728826123, "TSY": 516.0599403361075, "HOK": 177.74210015133423}, "KOT": {"MKK": 135.18885537765715, "TAW": 295.84534130005557, "LOF": 121.55251681245515, "SKM": 111.94085950110778}, "KOB": {"NTK": 107.60928100769164, "CHH": 132.45821268309}}