{"KSR": {"YUL": 238.53748575135424, "TWW": 496.86223948955046}}