{"KWF": {"KWH": 131.22212717948454, "LAK": 167.29316129326162}, "KWH": {"KWF": 133.720671769815, "TWH": 107.18650121670183}, "KWT": {"NTK": 126.75382193396715, "LAT": 124.44371485144598}}