{"LCK": {"CSW": 122.43366346294765, "MEF": 133.89482053842895}}