{"LET": {"WCH": 162.01769912312082, "SOH": 103.50928910201583}}