{"LOW": {"SHS": 219.16403314919717}, "LOP": {"TIS": 184.89116759857544, "YUL": 129.82772614114455}, "LOF": {"WTS": 121.15108752468002, "KOT": 130.81899587081446}}