{"MEF": {"LCK": 116.54978562510969, "LAK": 135.1140392183687, "TWW": 303.6023947965313, "NAC": 186.67113343109355}}