{"NOP": {"QUB": 128.8486043071129, "FOH": 129.90261414802862}}