{"OCP": {"ADM": 287.6320407404461, "WCH": 134.5422981646662}}