{"OLY": {"NAC": 130.852453037679, "KOW": 134.28133992014722}}