{"PRE": {"MOK": 128.8674474250749, "SSP": 130.65818692678135, "SKM": 110.89965603778542}}