{"QUB": {"YAT": 246.23549921647154, "NOP": 124.01898277113135, "TAK": 129.06669654699206}}