{"SHS": {"FAN": 154.31583779009378, "LMC": 433.51491676445704, "LOW": 261.75471466630455}, "SHW": {"SYP": 154.81734253863956, "CEN": 112.51547457421438}, "SHT": {"TAW": 171.00547517608453, "FOT": 147.18982632909248}, "SHM": {"TSH": 223.0402828258364, "CIO": 112.45312619089422}}