{"SIH": {"TIS": 315.9114266219357, "TUM": 154.45979989193663}}