{"SSP": {"CSW": 127.1381442599638, "PRE": 130.91962589830695}}