{"STW": {"CIO": 137.67996449170002, "CKT": 111.58674266693697}}