{"SWH": {"TAK": 110.2421314581217, "SKW": 121.51816674624857}}