{"TIK": {"TKO": 245.1936736333451, "YAT": 121.90827302019382}, "TIH": {"FOH": 116.12377399999998, "CAB": 133.20910908484447}, "TIS": {"SIH": 354.41721274278814, "LOP": 179.55543514894345}}