{"TSY": {"KOW": 484.1967700116712, "SUN": 791.4624149234562, "LAK": 196.82843060506323, "AIR": 1394.634204504278}, "TST": {"ADM": 156.4883186814279, "JOR": 100.25726649353375}, "TSH": {"HEO": 132.39138168411003, "SHM": 202.11865888772672}, "TSW": {"TWH": 76.50557726807816}}