{"UNI": {"TAP": 380.6601231980366, "FOT": 192.42099532026268}}