{"WAC": {"ADM": 130.65995064369852, "CAB": 164.30440662753458}}