{"WTS": {"DIH": 117.77249959797261, "LOF": 122.88201460677844}}