{"YAT": {"QUB": 237.39374211065166, "LAT": 154.7221498736173, "TIK": 214.1216349692408}}