{"YMT": {"MOK": 110.38559313200565, "JOR": 129.99868594704566, "HOM": 221.60245307952755}}