{"YUL": {"KSR": 232.6378560737703, "LOP": 129.73989991866}}