{"AUS": {"NAC": 208.44791177762426, "ETS": 152.2983929834}}