{"CHH": {"DIH": 123.85870993571618, "KOB": 152.3771386453353}, "CHW": {"HFC": 102.18034376831676}}