{"CKT": {"STW": 121.70257446205498, "TAW": 114.28445729077562}}