{"DIS": {"SUN": 198.58233387484285}, "DIH": {"KAT": 150.5627239835863, "HIK": 331.73407606240715, "WTS": 123.04361762955538, "CHH": 135.35857887051378}}