{"EXC": {"HUH": 203.6803578847981, "ADM": 69.3203266793864}}