{"HAH": {"TKO": 149.00622577515196, "POA": 116.28431081715834}}