{"HEO": {"TSH": 131.5468773, "MOS": 137.28384482857606}}