{"HFC": {"SKW": 160.84794894275046, "CHW": 276.1379816933408}}