{"HIK": {"TAW": 166.8017546608453, "DIH": 331.3380760624072}}