{"HKU": {"SYP": 133.53967429407746, "KET": 98.79083028636788}}