{"HUH": {"MKK": 188.62732168153659, "EXC": 192.70686968790227, "ETS": 174.28988833890003, "HOM": 121.52978957399998}}