{"JOR": {"YMT": 129.5766610450927, "TST": 123.17221951769436}}