{"K53-U140": {"K53-D010": 80.61288800369032}, "K51-D220": {"K51-D230": 270.8070767600001}, "K54-U020": {"K54-U030": 160.21521395557767}, "K51A-U070": {"K51A-U080": 215.2930861384259}, "K52A-D100": {"K52A-D110": 53.26920498136262}, "K52-nD230": {"K52-nD240": 154.40415084223443}, "K53-D130": {"K53-D140": 108.55715060822828}, "K52A-U120": {"K52A-U130": 55.932305403559084}, "K52-nD010": {"K52-nD020": 14.641691145993942}, "K53-D110": {"K53-D120": 179.72325223079514}, "K51-D090": {"K51-D100": 98.57926937676307}, "K53-D040": {"K53-D050": 76.5388593407997}, "K51A-U080": {"K51A-U090": 170.7744395945616}, "K53-U010": {"K53-U020": 264.09262666868955, "K53-D180": 603.0453881827241}, "K53-D150": {"K53-D160": 170.4157766639509}, "K51A-U120": {"K51A-U130": 144.41623349191178}, "K53-U020": {"K53-U030": 140.9596900184346, "K53-D160": 498.3659572850017}, "K51-U090": {"K51-U100": 131.55708556552617}, "K51A-U210": {"K51A-U220": 68.90537324736648}, "K54-D030": {"K54-D040": 66.62856483697753}, "K52-nU220": {"K52-nU230": 89.55110068044186}, "K52A-D040": {"K52A-D050": 14.508921755813043}, "K54-D040": {"K54-D050": 152.90237442810036}, "K52-nU100": {"K52-nU110": 179.75314928548747}, "K52A-D070": {"K52A-D080": 97.13568395411697}, "K54-D060": {"K54-D070": 147.97604314217696}, "K51A-U090": {"K51A-U100": 148.11596134882035}, "K52-nD080": {"K52-nD090": 66.74914505939081}, "K51A-U060": {"K51A-U070": 314.1827637761169}, "K53-D120": {"K53-D130": 72.8550540431979}, "K52A-U060": {"K52A-U070": 149.87262605054505}, "K52-nD130": {"K52-nD140": 85.18142498335453}, "K51A-U150": {"K51A-U160": 110.87189191197857}, "K51A-U230": {"K51A-U240": 41.389982611498645}, "K51-D120": {"K51-D130": 54.002935213363926}, "K51A-U020": {"K51A-U030": 104.69981409519548}, "K53-U060": {"K53-U070": 70.60196425163818}, "K51-D260": {"K51-D270": 54.79830480140832}, "K51A-D110": {"K51A-D120": 53.885001841537154}, "K51A-D060": {"K51A-D070": 82.00890081502641}, "K51-U120": {"K51-U130": 150.3081780802235}, "K52-nD050": {"K52-nD060": 37.43586557153843}, "K52-nD200": {"K52-nD210": 130.8739464071036}, "K52-nD180": {"K52-nD190": 137.16892153269802}, "K51-D010": {"K51-D020": 88.28972100398525}, "K52A-U050": {"K52A-U060": 55.53459474792595}, "K53-D010": {"K53-D015": 103.60757027927153}, "K52A-U070": {"K52A-U080": 79.27001847177834}, "K51A-U100": {"K51A-U110": 215.52799000979357}, "K52A-U015": {"K52A-U020": 146.44641358256817}, "K53-U040": {"K53-U050": 134.79788508554012}, "K53-D050": {"K53-D060": 86.61604718154318}, "K51-D060": {"K51-D070": 52.9935251827475}, "K51A-U240": {"K51A-U250": 72.1383938255711}, "K54-U040": {"K54-U050": 168.2658408849848}, "K53-U100": {"K53-U110": 69.1115100614559}, "K51-U180": {"K51-U190": 106.89393843879625}, "K54-U010": {"K54-U020": 61.58368611239507}, "K51A-D170": {"K51A-D180": 150.863912682917}, "K52A-D090": {"K52A-D100": 49.79541182982864}, "K53-D170": {"K53-D180": 323.30637253577504}, "K51A-D020": {"K51A-D030": 104.11645897848048}, "K52A-U090": {"K52A-U100": 98.0777773458648}, "K51-U010": {"K51-U020": 33.34440904483201}, "K51-U210": {"K51-U220": 47.01409743952932}, "K51A-D090": {"K51A-D100": 53.297302269069405}, "K51-D210": {"K51-D220": 190.58686300119638}, "K51A-D200": {"K51A-D210": 280.26845424599395}, "K53-D070": {"K53-D080": 45.485092644395145}, "K51A-D160": {"K51A-D170": 167.97292779687533}, "K53-U090": {"K53-U100": 121.99964538577049}, "K52-nD020": {"K52-nD030": 114.05468795639601}, "K52-nU020": {"K52-nU030": 101.47782962117466}, "K53-U120": {"K53-U130": 68.52470507312843}, "K51A-U030": {"K51A-U040": 77.36060208628506}, "K52A-U010": {"K52A-U015": 248.7705131316201}, "K51-U130": {"K51-U140": 77.0137964409823}, "K51A-D040": {"K51A-D050": 91.74116172936519}, "K53-U080": {"K53-U090": 82.74621043256917}, "K51A-D010": {"K51A-D020": 51.9480611651167}, "K53-U130": {"K53-U140": 61.278185034148144}, "K52-nU160": {"K52-nU170": 55.089734805633896}, "K54-D020": {"K54-D030": 132.85758294803708}, "K53-U030": {"K53-U040": 226.36924760323882}, "K52A-U170": {"K52A-U180": 300.3995170408276}, "K53-D100": {"K53-D110": 75.2784093875841}, "K53-D015": {"K53-D020": 54.023283190998725}, "K52A-D130": {"K52A-D140": 82.05732845908095}, "K52-nD100": {"K52-nD110": 61.307343589613005}, "K52-nU060": {"K52-nU070": 175.79944263882598}, "K52A-U160": {"K52A-U170": 25.32563118569586}, "K53-D090": {"K53-D100": 52.672344025121845}, "K51A-D150": {"K51A-D160": 112.0095910411518}, "K52-nU230": {"K52-nU240": 88.62771694698802}, "K51A-D190": {"K51A-D200": 176.05920751835365}, "K51A-D030": {"K51A-D040": 39.19753659846522}, "K52-nD120": {"K52-nD130": 39.66707752244195}, "K51-U220": {"K51-U230": 68.63346492969214}, "K52-nU260": {"K52-nU270": 75.01040796920002}, "K51A-D140": {"K51A-D150": 81.41239215932282}, "K51-D130": {"K51-D140": 55.67222023660817}, "K51-U230": {"K51-U240": 46.52157770311156}, "K54-U060": {"K54-U070": 206.25253977038824}, "K51A-U170": {"K51A-U180": 75.28049738198004}, "K52-nD220": {"K52-nD230": 137.6657756906474}, "K52-nU270": {"K52-nU280": 165.63164631294936}, "K51A-U130": {"K51A-U140": 72.1340384164944}, "K52-nD090": {"K52-nD100": 52.965934347483696}, "K51-U020": {"K51-U030": 113.98990372855883}, "K53-U110": {"K53-U120": 92.59249869129647}, "K52A-U080": {"K52A-U090": 74.54493502284637}, "K51A-U140": {"K51A-U150": 47.257665257695656}, "K53-D030": {"K53-D040": 73.17152695834145}, "K52A-U020": {"K52A-U030": 90.05789129852818}, "K51A-D080": {"K51A-D090": 171.5706661232051}, "K52-nU040": {"K52-nU050": 75.35998063836816}, "K52-nD190": {"K52-nD200": 147.57758713236288}, "K51-D020": {"K51-D030": 60.793018850263635}, "K54-U030": {"K54-U040": 126.23544510610778}, "K51A-U040": {"K51A-U050": 122.71507089364097}, "K53-U070": {"K53-U080": 51.72591668659881}, "K52-nD110": {"K52-nD120": 149.16509892318837}, "K52A-D080": {"K52A-D090": 66.73507522298118}, "K51A-U220": {"K51A-U230": 85.35898659719966}, "K53-D190": {"K53-U011": 418.3322546369618}, "K51A-D070": {"K51A-D080": 98.30256360767629}, "K54-U070": {"K54-D010": 149.6206689418167}, "K51-U050": {"K51-U060": 257.7748818979535}, "K51-D030": {"K51-D040": 39.44799291129199}, "K52A-U130": {"K52A-U140": 55.37513556496553}, "K52A-U150": {"K52A-U160": 34.36254859670743}, "K52A-D050": {"K52A-D060": 32.36771373261823}, "K52-nU170": {"K52-nU180": 131.83017238395746}, "K52-nD150": {"K52-nD160": 97.58227536292}, "K54-D050": {"K54-D060": 95.35090559564915}, "K51-D270": {"K51-D280": 104.22661063289968}, "K52A-D180": {"K52A-D190": 109.070072383654}, "K51-D100": {"K51-D110": 151.3432256465265}, "K51-D040": {"K51-D050": 53.85155193874658}, "K51-U140": {"K51-U150": 41.49555988410204}, "K51-U190": {"K51-U200": 77.94075063450892}, "K51-D080": {"K51-D090": 110.86278016682084}, "K52-nU050": {"K52-nU060": 254.09285985313446}, "K51A-U010": {"K51A-U020": 48.48129778666991}, "K53-D060": {"K53-D070": 169.68452479975434}, "K52A-U040": {"K52A-U050": 140.9072369594375}, "K52-nU030": {"K52-nU040": 141.82848194692215}, "K53-U050": {"K53-U060": 156.1469509629467}, "K52-nD280": {"K52-nD290": 98.26039158523702}, "K52-nU180": {"K52-nU190": 68.8391704990659}, "K51-U080": {"K51-U090": 160.296753530489}, "K54-U050": {"K54-U060": 345.1246702481446}, "K52A-D060": {"K52A-D070": 133.28953091355044}, "K51A-U200": {"K51A-U210": 58.7106677139303}, "K51A-D120": {"K51A-D140": 146.13725518970543}, "K52A-U100": {"K52A-U110": 80.25940150438167}, "K52A-D160": {"K52A-D170": 142.07914559766232}, "K52A-D170": {"K52A-D180": 102.36099662396009}, "K52A-D150": {"K52A-D160": 96.55551595425501}, "K52A-U140": {"K52A-U150": 170.24161972413052}, "K51-D190": {"K51-D200": 167.237609705001}, "K51-D170": {"K51-D180": 100.28421646516833}, "K51-D140": {"K51-D150": 94.642439644}, "K52-nD160": {"K52-nD170": 160.17739522097193}, "K52-nD250": {"K52-nD260": 176.7798375150707}, "K52A-U030": {"K52A-U040": 44.009692035281695}, "K51-U170": {"K51-U180": 77.14115111958623}, "K51-U070": {"K51-U080": 199.18075920835076}, "K52A-D020": {"K52A-D030": 22.730868268637675}, "K51-U150": {"K51-U160": 90.93311684871865}, "K52A-D010": {"K52A-D020": 277.22496912823175},