{"K65-D170": {"K65-D180": 96.6727428902399}, "K68-D120": {"K68-D130": 178.40265266628037}, "K65-D130": {"K65-D140": 96.5078112056064}, "K66-D090": {"K66-D100": 49.751616216166994}, "K66-U120": {"K66-U130": 52.436777259767766}, "K65-D040": {"K65-D050": 75.58838348843544}, "K66-D160": {"K66-D170": 157.0742589892347}, "K68-U130": {"K68-U140": 167.39449394579998}, "K66-D020": {"K66-D030": 68.1497115518458}, "K66-U180": {"K66-U190": 61.37433282780129}, "K65-D120": {"K65-D130": 73.69548489441948}, "K65-U180": {"K65-U190": 82.5810903987436}, "K66-U030": {"K66-U040": 161.93937446822397}, "K66-U080": {"K66-U090": 177.45582951410665}, "K66-U200": {"K66-U210": 54.13397738142811}, "K68-U060": {"K68-U070": 98.81775025767793}, "K65-U070": {"K65-U080": 67.3895574894707}, "K66-U060": {"K66-U070": 161.72701189558205}, "K66-D100": {"K66-D110": 56.87975283852027}, "K65-U200": {"K65-U210": 56.74593368249159}, "K66-U160": {"K66-U170": 48.265592832957296}, "K65-D090": {"K65-D100": 115.17094212787086}, "K66-U070": {"K66-U080": 222.803922041}, "K68-U090": {"K68-U100": 139.28606432767145}, "K65-U170": {"K65-U180": 52.082515983552675}, "K66-D060": {"K66-D070": 49.06557661159119}, "K66-D150": {"K66-D160": 103.62284121560916}, "K66-U110": {"K66-U120": 40.273983005883146}, "K66-U090": {"K66-U100": 50.591490355108895}, "K65-U010": {"K65-U020": 272.5673943003}, "K66-D190": {"K66-D200": 83.09497448483613}, "K66-U100": {"K66-U110": 71.44005854793913}, "K65-U110": {"K65-U120": 107.59373902353862}, "K65-U140": {"K65-U150": 107.82401638741196}, "K68-D160": {"K68-D170": 82.44862760675616}, "K68-U150": {"K68-U160": 78.337720339489}, "K66-D110": {"K66-D120": 51.48343974258304}, "K65-U020": {"K65-U030": 141.33257400708365}, "K68-D050": {"K68-D060": 59.52807381526456}, "K68-U100": {"K68-U110": 182.05448619910965}, "K66-D220": {"K66-D230": 91.68583556131587}, "K65-D180": {"K65-D190": 122.5529695952551}, "K66-D030": {"K66-D040": 85.06597614681282}, "K66-U150": {"K66-U160": 58.204152459882984}, "K68-D200": {"K68-U011": 77.25503441204998}, "K65-U040": {"K65-U050": 96.4513077057405}, "K65-D020": {"K65-D030": 79.95384761425319}, "K68-D150": {"K68-D160": 85.50985428383224}, "K68-U160": {"K68-U170": 70.73997855068761}, "K66-D010": {"K66-D020": 15.444887936747392}, "K68-U040": {"K68-U050": 51.72024299914722}, "K66-D170": {"K66-D180": 217.3682209710609}, "K65-U050": {"K65-U060": 105.97715802930361}, "K65-D070": {"K65-D080": 126.4894612007542}, "K68-U140": {"K68-U150": 48.23847920600305}, "K68-U120": {"K68-U130": 161.82226154400004}, "K68-U110": {"K68-U120": 192.58020736900002, "K68-D090": 251.13000000000002}, "K65A-U050": {"K65A-U060": 57.2}, "K65A-D040": {"K65A-D050": 49.50000000000001}, "K66-D140": {"K66-D150": 101.1424822591242}, "K68-D130": {"K68-D140": 62.68063036993419}, "K65A-D030": {"K65A-D040": 58.960000000000015}, "K65A-U040": {"K65A-U050": 81.4}, "K65A-U110": {"K65A-U120": 66.0}, "K65-U080": {"K65-U090": 161.08787018800018}, "K65A-D050": {"K65A-D060": 0.0}, "K65A-D020": {"K65A-D030": 55.00000000000001}, "K66-U130": {"K66-U140": 50.899225087162186}, "K65A-D010": {"K65A-D020": 31.900000000000002}, "K65-D030": {"K65-D040": 62.986776108001365}, "K68-U010": {"K68-U020": 95.503152}, "K68-D070": {"K68-D080": 202.15892003669808}, "K66-U170": {"K66-U180": 34.41423751517479}, "K68-D010": {"K68-D020": 43.00062974845001}, "K65-D050": {"K65-D060": 61.21428384706311}, "K68-U030": {"K68-U040": 32.65837399}, "K68-U020": {"K68-U030": 53.233689655881165}, "K65-D010": {"K65-D020": 48.07297155726664}, "K68-U050": {"K68-U060": 59.91240022642002}, "K66-U210": {"K66-U220": 49.30100161806822}, "K65-D080": {"K65-D090": 62.5723229482179}, "K65-U100": {"K65-U110": 152.6594957603333}, "K65-U220": {"K65-U230": 97.67747228648122}, "K68-D190": {"K68-D200": 61.729018823801596}, "K66-U140": {"K66-U150": 41.60384801567843}, "K68-D180": {"K68-D190": 41.45445420920606}, "K66-U010": {"K66-U020": 147.06291347515022}, "K66-D200": {"K66-D210": 130.39026897670686}, "K65-U160": {"K65-U170": 58.5301924032176}, "K65-U130": {"K65-U140": 30.52004594008353}, "K65-U210": {"K65-U220": 81.79454424542136}, "K68-D040": {"K68-D050": 99.71353893580326}, "K68-D100": {"K68-D110": 89.22440619596458}, "K66-U190": {"K66-U200": 61.3472225266039}, "K68-D090": {"K68-D100": 163.4933702831592}, "K66-D040": {"K66-D050": 43.68696991188356}, "K66-D080": {"K66-D090": 69.08944491816632}, "K68-U080": {"K68-U090": 51.18824698900001}, "K66-D180": {"K66-D190": 70.79461259932481}, "K66-U050": {"K66-U060": 48.913708553797406}, "K66-D050": {"K66-D060": 50.9248484472557}, "K65-U150": {"K65-U160": 58.77421271719254}, "K68-U170": {"K68-D010": 146.7580884026278}, "K65-U120": {"K65-U130": 173.68288062407652}, "K68-D080": {"K68-D090": 85.93107752009999}, "K65-U030": {"K65-U040": 123.61924112794995}, "K68-U070": {"K68-U080": 39.06443250600001}, "K65-U060": {"K65-U070": 37.015063577057006}, "K68-D170": {"K68-D180": 57.480955724351006}, "K66-D230": {"K66-D240": 91.74666920673648}, "K65-D100": {"K65-D110": 226.59744213977714}, "K65-D110": {"K65-D120": 123.77230759563095}, "K65-D140": {"K65-D150": 107.70209515170203}, "K68-D140": {"K68-D150": 54.73787}, "K66-D210": {"K66-D220": 151.7277904357065}, "K65-D150": {"K65-D160": 104.85745294751045}, "K66-U040": {"K66-U050": 129.21697871366285}, "K66-D070": {"K66-D080": 48.67169308333843}, "K66-D120": {"K66-D130": 74.053884953235}, "K68-D060": {"K68-D070": 103.53520425822653}, "K65-U090": {"K65-U100": 55.31886998211987}, "K65-D160": {"K65-D170": 152.95588272319162}, "K65-U190": {"K65-U200": 59.7909985050167}, "K66-U020": {"K66-U030": 183.0392695398131}, "K65-D060": {"K65-D070": 90.48869048412621}, "K66-D130": {"K66-D140": 41.93308407128927}, "K68-D030": {"K68-D040": 92.825437595}, "K68-D020": {"K68-D030": 77.63413307880002}, "K68-D110": {"K68-D120": 90.28793055489568}}