{"K76-U030": {"K76-U040": 259.226781370554}, "K74-D040": {"K74-D050": 78.16198554453398}, "K75P-U130": {"K75P-U140": 43.739323756586664}, "K73-U040": {"K73-U050": 114.29750577194723, "K73-U060": 221.43480731330155}, "K73-D090": {"K73-D100": 81.25480904014329}, "K76-U040": {"K76-U050": 165.06273264522815}, "K73-U060": {"K73-U070": 140.1247748393551}, "K75P-D080": {"K75P-U011": 140.57585192979357}, "K76-D010": {"K76-D020": 303.0042676626708}, "K73-D100": {"K73-D110": 185.0467494419378}, "K74-U007": {"K74-U010": 237.8145180820264}, "K73-U090": {"K73-U100": 106.08216572965202}, "K73-U110": {"K73-U120": 236.59207619670502}, "K75P-U060": {"K75P-U070": 32.00858087120355}, "K75P-U120": {"K75P-U130": 62.18796067475122}, "K75A-D060": {"K75A-D070": 41.970498228466326}, "K73-U080": {"K73-U090": 296.5422436109349, "K73-U110": 135.36573635608505}, "K75P-U070": {"K75P-U080": 116.3851418235271}, "K76-D030": {"K76-D040": 56.503998465745816}, "K76-D020": {"K76-D030": 130.656777978281}, "K73-U030": {"K73-U040": 88.46596436835594}, "K73-D120": {"K73-D130": 107.65005388848218}, "K75A-D040": {"K75A-D050": 51.40864868359647}, "K73-U050": {"K73-U060": 110.55478681695197}, "K75P-U100": {"K75P-U110": 59.25756035052727}, "K73-U070": {"K73-U080": 148.0658433241386}, "K75P-D010": {"K75P-D020": 130.84951873117092}, "K76-U020": {"K76-U030": 166.4290432155338}, "K75P-D030": {"K75P-D040": 109.75983784287288}, "K73-D110": {"K73-D120": 79.64192391929903}, "K73-D050": {"K73-D070": 103.24926337978857}, "K75P-U080": {"K75P-U090": 42.959448480724305}, "K73-D040": {"K73-D050": 81.71966094273675}, "K75P-D060": {"K75P-D070": 183.79246885221454}, "K73-U010": {"K73-U020": 68.4908177868451}, "K75A-U030": {"K75A-D010": 236.91874230479752}, "K74-D070": {"K74-D080": 264.9516990234487}, "K74-U011": {"K74-D100": 163.81333124100303}, "K75P-U040": {"K75P-U050": 109.11520479419355}, "K75P-U010": {"K75P-U020": 94.8694668948581}, "K75A-D090": {"K75A-D100": 57.987991274753895}, "K75P-U110": {"K75P-U120": 87.22930552185377}, "K75P-D050": {"K75P-D060": 78.7935400497565}, "K76-U010": {"K76-U020": 18.313127868245775}, "K75A-D110": {"K75A-U011": 164.59250996476345}, "K75A-U010": {"K75A-U020": 44.66999774642762}, "K74-U004": {"K74-U007": 102.70584641300914}, "K75A-D010": {"K75A-D020": 220.67081002170622}, "K74-U010": {"K74-U020": 172.17949946843854}, "K75A-D020": {"K75A-D030": 21.78574438147249}, "K73-U020": {"K73-U030": 170.03081226962715}, "K75A-D100": {"K75A-D110": 105.88535314471785}, "K73-D030": {"K73-D040": 130.51770389464343}, "K73-D140": {"K73-D150": 185.5616011300724}, "K75P-D020": {"K75P-D030": 34.47854877221745}, "K75P-D070": {"K75P-D080": 93.99175510344415}, "K75A-U020": {"K75A-U030": 125.53266476473792}, "K74-U030": {"K74-U040": 287.6274184730202}, "K73-D150": {"K73-D160": 43.250373992434106}, "K73-D020": {"K73-D030": 103.50300545053497}, "K74-D020": {"K74-D030": 149.82999561428144}, "K74-D010": {"K74-D020": 162.51912923755472}, "K73-U100": {"K73-U110": 258.54129918930255}, "K73-D080": {"K73-D090": 257.6751014304951}, "K74-D080": {"K74-D090": 160.35859219924276}, "K74-U001": {"K74-U004": 177.450348845}, "K75P-U140": {"K75P-D010": 147.26527842613103}, "K75P-U090": {"K75P-U100": 101.37382865928973}, "K74-U060": {"K74-U070": 121.22353331297003}, "K74-U020": {"K74-U030": 110.53300151300002}, "K75A-D050": {"K75A-D060": 70.51448870018066}, "K75A-D070": {"K75A-D080": 47.37592426146231}, "K74-D090": {"K74-U011": 78.0002737786}, "K73-D010": {"K73-D020": 80.57847726134133}, "K74-U040": {"K74-U050": 164.0190979351101}, "K75P-U020": {"K75P-U030": 104.30849162509053}, "K74-U080": {"K74-U090": 252.23977555680204}, "K74-U050": {"K74-U060": 226.92791843470005}, "K74-D100": {"K74-D110": 76.76512997712925}, "K74-D050": {"K74-D060": 93.16051803626888}, "K75P-D040": {"K75P-D050": 173.24835858584817}, "K74-D030": {"K74-D040": 126.25188560308933}, "K75A-D030": {"K75A-D040": 46.33642309002225}, "K74-D060": {"K74-D070": 161.4651786379455}, "K75A-D080": {"K75A-D090": 103.25833945557345}, "K75P-U050": {"K75P-U060": 146.44188957312423}, "K73-D130": {"K73-D140": 132.55605386503424}, "K73-D070": {"K73-D080": 172.59434623590698}, "K74-U090": {"K74-U100": 216.566611971226}, "K75P-U030": {"K75P-U040": 128.48334616339258}, "K74-U070": {"K74-U080": 156.5062814304}, "K74-U100": {"K74-D010": 128.349529658941}, "K74-D110": {"K74-U002": 170.48472694000003}}