{"KSR": {"TWW": 638.6408466555064, "YUL": 247.67829787646406}}