{"KWT": {"NTK": 120.30969179609505, "LAT": 128.6808502569254}, "KWH": {"TWH": 169.6374021882477, "KWF": 123.67964693512897}, "KWF": {"LAK": 177.64204566827354, "KWH": 124.62010297740167}}