{"LAK": {"MEF": 126.64842222530717, "NAC": 257.667755165543, "KWF": 168.28283614403603, "TSY": 193.97031552994426}, "LAT": {"YAT": 114.50405540407732, "KWT": 129.52057711531944}}