{"LCK": {"MEF": 132.41745590001665, "CSW": 129.35533374506528}}