{"LOW": {"SHS": 240.9264537050538}, "LOP": {"TIS": 184.74520816426372, "YUL": 122.00382244690302}, "LOF": {"WTS": 130.92637603621114, "KOT": 128.41810244677754}}