{"MKK": {"KOT": 122.40484295469712, "HUH": 200.29610552970007}}