{"NOP": {"QUB": 131.40028724913577, "FOH": 131.72930120282504}}