{"OCP": {"ADM": 287.63196526414947, "WCH": 132.69643104377408}}