{"OLY": {"KOW": 130.918897311939, "NAC": 134.92424913170183}}