{"PRE": {"SSP": 127.54471580880258, "SKM": 127.34280520347124, "MOK": 122.17083763964634}}