{"QUB": {"YAT": 259.74732933426014, "NOP": 128.27982967495515, "TAK": 124.65826843835733}}