{"STW": {"CIO": 128.9181680083, "CKT": 129.94662}}