{"SWH": {"SKW": 125.01836690833893, "TAK": 107.7260861256336}}