{"TKO": {"LHP": 132.9904309288328, "TIK": 219.42553058514073, "HAH": 196.07677784400545}, "TKW": {"SUW": 149.68942887240996, "HOM": 133.79920023054072}}