{"TUC": {"SUN": 835.7754959251233}, "TUM": {"SIH": 153.79243791246864}}