{"TWH": {"KWH": 138.80690746983905, "TSW": 81.76287959715894}, "TWO": {"FAN": 342.61305959536236, "TAP": 150.7207266359822}, "TWW": {"KSR": 609.837607395007, "MEF": 320.6269692771727}}