{"WTS": {"LOF": 132.6890465379113, "DIH": 117.57477499496667}}