{"YAT": {"QUB": 252.31581226197068, "TIK": 134.8726837176943, "LAT": 177.82553154134393}}