{"1": {"6": 259.2416649784517, "2": 77.74482513409973}}