{"AIR": {"TSY": 1550.2580737770131, "AWE": 154.50759628788023}}