{"CHH": {"KOB": 157.7380196447124, "DIH": 130.11498011429862}, "CHW": {"HFC": 106.21210071839278}}