{"CKT": {"STW": 120.5045035004927, "TAW": 93.68806652700002}}