{"EXC": {"HUH": 185.08015871565388, "ADM": 76.09719396223683}}