{"FOT": {"SHT": 161.29957606798905, "UNI": 182.03661019345637}, "FOH": {"TIH": 127.38022654994154, "NOP": 114.80342626237511}}