{"HAH": {"TKO": 146.43568823257576, "POA": 125.2260835321542}}