{"HEO": {"TSH": 131.54071676678055, "MOS": 143.13808989047698}}