{"HIK": {"TAW": 140.63087083430003, "DIH": 329.9500958045454}}