{"HKU": {"SYP": 128.59285418046403, "KET": 93.39370776461251}}