{"HOK": {"KOW": 192.52621080975115}, "HOM": {"HUH": 131.02197673320714, "TKW": 132.37899626243293, "YMT": 139.91038978020418, "WHA": 84.34469653418816}}