{"K12-U010": {"K12-U020": 245.33506359378617}, "K18-U020": {"K18-U030": 68.73907700560332}, "K17-D010": {"K17-D020": 292.5471940621089}, "K18-U010": {"K18-U020": 211.1611775713813}, "K12-D030": {"K12-D040": 84.04838290279899}, "K18-D010": {"K18-D020": 237.53076618724367}, "K12-U020": {"K12-U030": 229.56920720055479}, "K17-D020": {"K17-D030": 42.855448231369394}, "K18-D020": {"K18-D030": 64.4888421788111}, "K12-D020": {"K12-D030": 338.6572111254509}, "K17-U030": {"K17-U040": 31.99261995734246}, "K12-D010": {"K12-D020": 158.09700109739364}, "K17-U010": {"K17-U020": 262.34654705667344}, "K17-U020": {"K17-U030": 151.85182343502782}}