{"K68-D070": {"K68-D080": 199.41789771130703}, "K65-U190": {"K65-U200": 57.28208812327226}, "K66-U160": {"K66-U170": 44.60133587487483}, "K66-D020": {"K66-D030": 68.57852243847532}, "K66-U140": {"K66-U150": 46.27336451013289}, "K65-U150": {"K65-U160": 59.87588512718797}, "K65-U170": {"K65-U180": 49.582849546553135}, "K66-D160": {"K66-D170": 160.6052539995463}, "K66-U120": {"K66-U130": 53.71813042439239}, "K65-D030": {"K65-D040": 66.39467930911175}, "K68-D040": {"K68-D050": 96.48876733701499}, "K66-U040": {"K66-U050": 127.3717319495883}, "K65-D090": {"K65-D100": 107.52843679398502}, "K65-D010": {"K65-D020": 43.30275094488311}, "K65-U160": {"K65-U170": 60.40872487930102}, "K66-D130": {"K66-D140": 41.94036699680487}, "K65-D110": {"K65-D120": 120.43426242959222}, "K66-D220": {"K66-D230": 90.9784358423694}, "K68-U050": {"K68-U060": 44.786171463493396}, "K66-D070": {"K66-D080": 53.1155750235485}, "K66-D040": {"K66-D050": 44.514200764104615}, "K68-D160": {"K68-D170": 78.8323417078132}, "K65-U050": {"K65-U060": 107.57200318277123}, "K65-U080": {"K65-U090": 153.7784271240851}, "K66-U060": {"K66-U070": 176.70853497935502}, "K66-U020": {"K66-U030": 202.8289890548892}, "K65-U020": {"K65-U030": 147.86583912113957}, "K66-D210": {"K66-D220": 162.0849503650605}, "K65-U010": {"K65-U020": 289.5711439230613}, "K68-D080": {"K68-D090": 91.61224994213288}, "K66-D110": {"K66-D120": 42.96896027931241}, "K65-U040": {"K65-U050": 90.80133636105691}, "K65-U120": {"K65-U130": 170.84344569517336}, "K65-U100": {"K65-U110": 162.75197023582786}, "K65-D020": {"K65-D030": 82.56621430987607}, "K65-D120": {"K65-D130": 65.15603475910152}, "K68-U160": {"K68-U170": 65.96696222826662}, "K65-U140": {"K65-U150": 103.3623676382779}, "K68-U110": {"K68-U120": 188.80964983210004}, "K65-U130": {"K65-U140": 29.042286367197665}, "K68-U070": {"K68-U080": 33.16918473201332}, "K68-U030": {"K68-U040": 33.53263835596013}, "K66-U180": {"K66-U190": 64.87143580421814}, "K66-D030": {"K66-D040": 80.81422927329973}, "K65-D130": {"K65-D140": 91.61819917541061}, "K68-U020": {"K68-U030": 42.28919305907952}, "K68-U080": {"K68-U090": 46.91479100000001}, "K66-U030": {"K66-U040": 154.1164898002422}, "K66-D180": {"K66-D190": 56.044279050353}, "K66-U010": {"K66-U020": 134.05530287373307}, "K66-D170": {"K66-D180": 223.8996943389277}, "K66-U110": {"K66-U120": 43.90859578460492}, "K68-D100": {"K68-D110": 91.1032974465583}, "K66-U170": {"K66-U180": 72.3182339990915}, "K68-D180": {"K68-D190": 37.657206893337914}, "K66-U130": {"K66-U140": 56.95680863753499}, "K66-D200": {"K66-D210": 129.85118240599954}, "K66-D060": {"K66-D070": 45.016249838850214}, "K66-U050": {"K66-U060": 48.97169100995092}, "K68-D030": {"K68-D040": 67.96579316999998}, "K68-D010": {"K68-D020": 51.46215409369415}, "K65-D160": {"K65-D170": 147.8064621950002}, "K66-D010": {"K66-D020": 12.663272166803669}, "K66-D140": {"K66-D150": 132.7568218440095}, "K68-D020": {"K68-D030": 77.95520107434899}, "K66-D190": {"K66-D200": 84.74290062050412}, "K68-U120": {"K68-U130": 145.23968753660304}, "K66-U150": {"K66-U160": 58.59619597454779}, "K66-U200": {"K66-U210": 55.947077423650015}, "K65-D050": {"K65-D060": 61.858529810052175}, "K68-U150": {"K68-U160": 89.84053745235363}, "K68-D150": {"K68-D160": 71.50176760975367}, "K65-D040": {"K65-D050": 77.87849317322897}, "K65-U060": {"K65-U070": 35.08177386062077}, "K65-D070": {"K65-D080": 134.02157152647385}, "K65-D100": {"K65-D110": 205.03193353110896}, "K66-D150": {"K66-D160": 80.70651395884921}, "K68-D140": {"K68-D150": 46.14999826053532}, "K68-D190": {"K68-D200": 56.0653787740761}, "K68-D170": {"K68-D180": 52.501616205116385}, "K68-U090": {"K68-U100": 171.39234997577296}, "K68-U040": {"K68-U050": 47.19170053983244}, "K68-U100": {"K68-U110": 202.30872612052002}, "K65-D180": {"K65-D190": 119.81651413003124}, "K65A-U020": {"K65A-U030": 135.3}, "K68-U130": {"K68-U140": 164.6518156957595}, "K65-D060": {"K65-D070": 86.20137783291487}, "K65-U200": {"K65-U210": 76.01567799260566}, "K65A-U100": {"K65A-U110": 28.380000000000003}, "K65-U220": {"K65-U230": 89.88394919354282}, "K65A-D090": {"K65A-D100": 89.10000000000001}, "K66-D100": {"K66-D110": 49.8290135113455}, "K68-U010": {"K68-U020": 99.0924833049441}, "K65-D150": {"K65-D160": 103.61263229063825}, "K65A-U040": {"K65A-U050": 124.30000000000001}, "K66-U100": {"K66-U110": 79.48828642654128}, "K65-U110": {"K65-U120": 108.9008135076499}, "K65A-D010": {"K65A-D020": 40.117}, "K65A-D040": {"K65A-D050": 30.800000000000004}, "K65A-U090": {"K65A-U100": 33.0}, "K65-D170": {"K65-D180": 100.34397620102564}, "K65-D080": {"K65-D090": 63.01404573464741}, "K66-D090": {"K66-D100": 51.39543654372079}, "K65-D140": {"K65-D150": 110.65158258845983}, "K65-U210": {"K65-U220": 83.56581352124805}, "K66-D080": {"K66-D090": 57.7286390899137}, "K68-U140": {"K68-U150": 43.97313847802306}, "K66-U080": {"K66-U090": 169.6726277580736}, "K65-U070": {"K65-U080": 65.94568787851826}, "K68-D090": {"K68-D100": 152.37161709209005}, "K65-U090": {"K65-U100": 57.80298233132554}, "K68-U060": {"K68-U070": 80.59018873133466}, "K66-U090": {"K66-U100": 44.38863052200148}, "K66-D050": {"K66-D060": 45.49875660424277}, "K66-U210": {"K66-U220": 47.42808553693904}, "K65-U180": {"K65-U190": 81.12413812995973}, "K66-D120": {"K66-D130": 71.80492499220824}, "K66-U070": {"K66-U080": 209.18394472660424}, "K68-D130": {"K68-D140": 61.53396102370997}, "K68-D060": {"K68-D070": 91.6121209811147}, "K68-U170": {"K68-D010": 160.2321721}, "K68-D050": {"K68-D060": 53.56106642493152}, "K66-D230": {"K66-D240": 90.4040317290775}, "K65-U030": {"K65-U040": 115.33843720820462}, "K66-U190": {"K66-U200": 66.16997823224017}, "K68-D200": {"K68-U011": 69.01022721995932}, "K68-D110": {"K68-D120": 93.76275108694986}, "K68-D120": {"K68-D130": 182.5744870594916}}