{"KAT": {"DIH": 145.80481162048048, "SUW": 122.94502256357877}}