{"KSR": {"YUL": 247.7727749185877, "TWW": 613.5480494389583}}