{"KWT": {"NTK": 124.05445881129677, "LAT": 113.41670942009867}, "KWH": {"KWF": 130.14810399723848, "TWH": 162.39021692644945}, "KWF": {"KWH": 125.79757938406581, "LAK": 166.61537133494863}}