{"LCK": {"CSW": 132.90440509895922, "MEF": 129.76923683582083}}