{"LOF": {"KOT": 119.22223102086642, "WTS": 109.16487519423772}, "LOW": {"SHS": 239.72556204650945}, "LOP": {"TIS": 189.3703337673235, "YUL": 124.07998615102213}}