{"MEF": {"NAC": 171.04889196894413, "LAK": 142.23151157247827, "TWW": 348.4919516851902, "LCK": 121.82934284049793}}