{"MOK": {"YMT": 124.6137428893592, "PRE": 127.5168949701318}, "MOS": {"HEO": 129.47678665899653, "WKS": 161.3681059121134}}