{"OLY": {"KOW": 127.57729861093473, "NAC": 128.30294324935556}}