{"PRE": {"MOK": 123.0391642934394, "SKM": 123.17354362400954, "SSP": 123.101581049377}}