{"SHS": {"FAN": 140.9029877289284, "LOW": 261.7547560497205, "LMC": 428.11482682266296}, "SHT": {"FOT": 145.98440689985523, "TAW": 158.63226870127897}, "SHW": {"CEN": 119.74952543472723, "SYP": 150.9980181153016}, "SHM": {"CIO": 115.40622909058138, "TSH": 211.70837325276005}}