{"SIH": {"TUM": 154.45279484480142, "TIS": 366.5729008036466}}