{"SSP": {"CSW": 125.0182127720445, "PRE": 134.17274847113214}}