{"SUN": {"DIS": 198.58233387484285, "TSY": 487.8043475903526, "TUC": 823.8869730021657}, "SUW": {"KAT": 133.53569295851722, "TKW": 132.5982250674577}}