{"SWH": {"SKW": 125.97782124317386, "TAK": 130.1661308461169}}