{"SYP": {"SHW": 155.42329563090735, "HKU": 121.98918672394396}}