{"TAW": {"KOT": 282.87172370386423, "CKT": 128.60676148574163, "SHT": 120.9091728011737, "HIK": 167.8567443508594}, "TAK": {"QUB": 129.49632854829986, "SWH": 128.09819812850304}, "TAP": {"TWO": 144.5718869625669, "UNI": 353.8361937521238}}