{"TIK": {"TKO": 196.4974722125341, "YAT": 132.09859078684588}, "TIH": {"FOH": 103.62586000418564, "CAB": 130.26930606251233}, "TIS": {"SIH": 383.2106672245218, "LOP": 188.9374714737242}}