{"TKO": {"LHP": 132.75510259736933, "TIK": 190.4892379396726, "HAH": 190.72656697130995}, "TKW": {"SUW": 132.8270995882237, "HOM": 157.5653996878626}}