{"TSY": {"LAK": 195.37325310059416, "SUN": 685.7771927475744, "KOW": 590.7629905206693, "AIR": 1442.006352769819}, "TST": {"ADM": 181.6881067436358, "JOR": 107.5330717216029}, "TSH": {"SHM": 215.21398538150933, "HEO": 123.31905579692156}, "TSW": {"TWH": 67.91947828199356}}