{"TUM": {"SIH": 146.12086055882813}, "TUC": {"SUN": 837.9632993537285}}