{"TWO": {"TAP": 171.5688882092652, "FAN": 326.2693232145319}, "TWW": {"MEF": 323.0616006781353, "KSR": 650.8057432819608}, "TWH": {"KWH": 149.75044022137558, "TSW": 68.40020185890867}}