{"UNI": {"FOT": 199.1311392616878, "TAP": 366.805040406645}}