{"WTS": {"DIH": 110.06099859048695, "LOF": 132.26607058313328}}