{"YAT": {"QUB": 256.03581057347895, "TIK": 137.50779673760036, "LAT": 173.82248646865318}}