{"YMT": {"MOK": 118.70354631560224, "HOM": 106.48501686900002, "JOR": 130.26995768379822}}