{"AIR": {"TSY": 1715.8059162275779, "AWE": 249.61214032838157}}