{"CHH": {"KOB": 316.04315646299995, "DIH": 308.1957300720604}, "CHW": {"HFC": 177.19045322502345}}