{"ETS": {"AUS": 183.70000000000002, "HUH": 405.09489999999994}}