{"FOT": {"SHT": 179.71107322971758, "UNI": 130.29719413502394}, "FOH": {"TIH": 91.078214, "NOP": 148.09969062826238}}