{"HAH": {"POA": 125.97868534610814, "TKO": 141.74068560142754}}