{"HFC": {"SKW": 130.5074320953426, "CHW": 133.13279420061298}}