{"HKU": {"SYP": 117.08919878363213, "KET": 94.6657589747334}}