{"HOK": {"KOW": 195.11696924848442}, "HOM": {"YMT": 162.07682332732523, "TKW": 154.0, "WHA": 76.1762931226298, "HUH": 139.70000000000002}}