{"HUH": {"ETS": 497.2, "MKK": 186.7934044792548, "EXC": 232.58816520710508, "HOM": 135.16000000000003}}