{"KSR": {"TWW": 712.0222832579733, "YUL": 252.08519544876563}}