{"LCK": {"CSW": 101.9595448415949, "MEF": 125.02245272573467}}