{"LET": {"WCH": 159.48967816980567, "SOH": 106.50398693597074}}