{"MKK": {"HUH": 309.6623272200271, "KOT": 163.14800284759968}}