{"OLY": {"NAC": 130.52451419512545, "KOW": 132.45678509270923}}