{"PRE": {"MOK": 102.93968918474772, "SKM": 106.30339954945043, "SSP": 121.68513433870153}}