{"SIH": {"TIS": 380.2662969161353, "TUM": 154.45201650623085}}