{"SSP": {"CSW": 140.25973556372043, "PRE": 146.67635018114146}}