{"SUN": {"DIS": 198.58233387484285, "TSY": 555.9024959792733, "TUC": 823.8869624901475}, "SUW": {"KAT": 122.09999999999998, "TKW": 154.0}}