{"SWH": {"SKW": 128.37904934664263, "TAK": 95.46134438596508}}