{"TIK": {"YAT": 156.02751607769238, "TKO": 210.99813481415012}, "TIS": {"LOP": 179.551374055189, "SIH": 356.76564045186274}, "TIH": {"FOH": 97.4429050738546, "CAB": 111.46774405255431}}