{"TKO": {"LHP": 130.88214916009207, "TIK": 229.37462124597087, "HAH": 131.02529283607367}, "TKW": {"HOM": 138.6, "SUW": 132.0}}