{"TUC": {"SUN": 440.1736333886067}, "TUM": {"SIH": 154.45349534951495}}