{"TWW": {"MEF": 351.87794737069015, "KSR": 712.0204064812466}, "TWH": {"KWH": 138.3219213777761, "TSW": 79.05929599490361}, "TWO": {"TAP": 156.16139049003507, "FAN": 315.2407747157123}}