{"UNI": {"FOT": 230.25275105243168, "TAP": 429.4607899381619}}