{"WAC": {"CAB": 134.45271986344306, "ADM": 123.7936676762965}}