{"YAT": {"TIK": 177.63042835316168, "QUB": 263.1138436911176, "LAT": 142.5423040133536}}