{"5": {"6": 103.35404155264507, "305": 84.14903890313943}}