{"CHH": {"DIH": 129.49713566677406, "KOB": 152.47416203786318}, "CHW": {"HFC": 95.5209878241334}}