{"CIO": {"STW": 111.63316645788316, "SHM": 100.37849108460003}}