{"CKT": {"STW": 124.62715116642707, "TAW": 117.86713490117397}}