{"CSW": {"SSP": 126.03807775143896, "LCK": 125.4956798480974}}