{"DIS": {"SUN": 198.58233387484285}, "DIH": {"HIK": 311.4187620441871, "CHH": 128.37349812661336, "WTS": 123.91156003437777, "KAT": 147.49447394904}}