{"FOT": {"UNI": 203.50280869543997, "SHT": 164.82476468138594}, "FOH": {"TIH": 126.41695871609849, "NOP": 123.34327667282119}}