{"HAH": {"TKO": 171.0199354620606, "POA": 125.05083409746446}}