{"HKU": {"SYP": 116.49398136975144, "KET": 93.0059818293328}}