{"HUH": {"EXC": 196.3390963345472, "MKK": 204.42178581409888, "HOM": 129.30417302486237, "ETS": 186.8059229871615}}