{"K12-D030": {"K12-D040": 77.37976424728353}, "K17-D010": {"K17-D020": 296.9974628688692}, "K17-D020": {"K17-D030": 35.365681709786934}, "K18-D020": {"K18-D030": 95.13756219704962}, "K18-U020": {"K18-U030": 63.18539057998978}, "K18-D010": {"K18-D020": 238.55201433935025}, "K17-U020": {"K17-U030": 140.3783446205157}, "K12-D020": {"K12-D030": 364.78324709846004}, "K17-U030": {"K17-U040": 48.894023671883254}, "K12-D010": {"K12-D020": 143.74038224757146}, "K12-U010": {"K12-U020": 219.6113621160389}, "K17-U010": {"K17-U020": 243.82870714932886}, "K18-U010": {"K18-U020": 214.67884288201373}, "K12-U020": {"K12-U030": 225.02229895440254}}