{"K73-U040": {"K73-U060": 223.91571350663943, "K73-U050": 111.95192498039953}, "K75P-U040": {"K75P-U050": 104.99129036010402}, "K75A-U020": {"K75A-U030": 131.11072055588573}, "K75A-D020": {"K75A-D030": 19.5251883188973}, "K73-D110": {"K73-D120": 80.82823255043157}, "K76-D030": {"K76-D040": 53.795642580845936}, "K73-U020": {"K73-U030": 171.7789372956567}, "K75P-U080": {"K75P-U090": 43.59078095416305}, "K73-D040": {"K73-D050": 79.18514698909274}, "K75P-U060": {"K75P-U070": 27.47620827359474}, "K74-D080": {"K74-D090": 160.12355734972883}, "K73-D140": {"K73-D150": 183.12084358168437}, "K73-U070": {"K73-U080": 160.495530292115}, "K75A-D100": {"K75A-D110": 105.15423954322455}, "K73-U010": {"K73-U020": 68.15122259828638}, "K75A-D030": {"K75A-D040": 47.11103694992698}, "K73-D050": {"K73-D070": 99.10672706807019}, "K75P-U100": {"K75P-U110": 60.517493444179}, "K75P-U010": {"K75P-U020": 91.06199349200413}, "K75A-D010": {"K75A-D020": 215.46130843574542}, "K73-U050": {"K73-U060": 122.48311921652899}, "K75P-U110": {"K75P-U120": 86.4915674798314}, "K75P-D070": {"K75P-D080": 91.1794641650142}, "K76-D020": {"K76-D030": 127.09416993861119}, "K73-U080": {"K73-U090": 285.74635948762204, "K73-U110": 289.7457666232274}, "K76-U030": {"K76-U040": 296.59658022739006}, "K73-D090": {"K73-D100": 82.389022815773}, "K73-D030": {"K73-D040": 114.26021958088168}, "K76-D010": {"K76-D020": 328.62296837714433}, "K74-U030": {"K74-U040": 311.22490298544415}, "K74-U040": {"K74-U050": 154.79878938244443}, "K74-D100": {"K74-D110": 82.68850967664439}, "K76-U010": {"K76-U020": 16.408348172485727}, "K74-U010": {"K74-U020": 152.44498443613344}, "K75A-D090": {"K75A-D100": 53.56196948281937}, "K73-D130": {"K73-D140": 131.74405893541558}, "K73-U060": {"K73-U070": 142.05754042546423}, "K74-D040": {"K74-D050": 85.51920859203177}, "K75P-D010": {"K75P-D020": 132.0458938934208}, "K75P-U140": {"K75P-D010": 145.0335058419662}, "K73-D080": {"K73-D090": 260.518392481971}, "K75P-U030": {"K75P-U040": 125.71802211185677}, "K74-D010": {"K74-D020": 143.15754767130005}, "K76-U040": {"K76-U050": 177.77464372057858}, "K73-U090": {"K73-U100": 126.53755592638853}, "K73-D100": {"K73-D110": 185.57408115803386}, "K73-D070": {"K73-D080": 178.00400970319106}, "K74-D110": {"K74-U002": 170.664615836}, "K73-U110": {"K73-U120": 216.15364862333118}, "K75A-D050": {"K75A-D060": 79.97675114055929}, "K74-U080": {"K74-U090": 259.67416925531353}, "K74-U020": {"K74-U030": 112.50014573954002}, "K75A-D060": {"K75A-D070": 39.69318492094051}, "K75P-U090": {"K75P-U100": 69.20330130667165}, "K75P-D030": {"K75P-D040": 117.3626090217318}, "K75A-D110": {"K75A-U011": 170.03719760269877}, "K75A-D070": {"K75A-D080": 42.30725090563284}, "K75P-U120": {"K75P-U130": 65.90065234127368}, "K74-U001": {"K74-U004": 164.09789801394822}, "K75P-U070": {"K75P-U080": 107.79604436090028}, "K73-U100": {"K73-U110": 251.27682380746623}, "K74-D050": {"K74-D060": 92.93336241517702}, "K75P-D060": {"K75P-D070": 167.8696651596339}, "K73-D150": {"K73-D160": 48.54497092322258}, "K75P-U130": {"K75P-U140": 47.186694834657274}, "K73-D020": {"K73-D030": 111.91072007015812}, "K76-U020": {"K76-U030": 170.4371835224935}, "K75A-D080": {"K75A-D090": 133.6629836771424}, "K75A-D040": {"K75A-D050": 57.29028355747016}, "K74-U007": {"K74-U010": 228.53821326635358}, "K75P-D040": {"K75P-D050": 170.55666316440372}, "K75P-D020": {"K75P-D030": 36.65009605184829}, "K75A-U030": {"K75A-D010": 221.23580616556364}, "K74-U090": {"K74-U100": 227.33875976885253}, "K74-U070": {"K74-U080": 163.00645328154627}, "K73-D010": {"K73-D020": 79.59638273335396}, "K73-U030": {"K73-U040": 89.09216421932128}, "K75P-D050": {"K75P-D060": 87.13887754607883}, "K75P-U020": {"K75P-U030": 112.1213663094704}, "K74-D020": {"K74-D030": 145.02339764528094}, "K74-U100": {"K74-D010": 123.99359027000003}, "K75P-U050": {"K75P-U060": 142.87794754951975}, "K75P-D080": {"K75P-U011": 136.71080794307494}, "K73-D120": {"K73-D130": 103.05672670723156}, "K74-U060": {"K74-U070": 135.28929692770004}, "K74-D090": {"K74-U011": 66.7885186831181}, "K74-D030": {"K74-D040": 115.74065463127735}, "K75A-U010": {"K75A-U020": 43.10448993055188}, "K74-D070": {"K74-D080": 247.48188986532278}, "K74-U011": {"K74-D100": 155.0571659734058}, "K74-U004": {"K74-U007": 96.75914339448701}, "K74-U050": {"K74-U060": 215.49935004860004}, "K74-D060": {"K74-D070": 148.10109021799323}}