{"KAT": {"DIH": 135.05123400000002, "SUW": 122.3370054132943}}