{"KOB": {"NTK": 130.48380638352256, "CHH": 182.0240336537362}, "KOT": {"MKK": 149.85204752076442, "TAW": 270.6902189852585, "LOF": 121.11812929933623, "SKM": 127.23843108364402}, "KOW": {"OLY": 131.4492660714563, "HOK": 177.7421001052012, "TSY": 506.43368628730906}}