{"KWT": {"NTK": 129.60490391263232, "LAT": 123.90329243859826}, "KWF": {"KWH": 131.96305083167573, "LAK": 185.41330226220015}, "KWH": {"KWF": 129.26764924260004, "TWH": 145.78327209441395}}