{"LAK": {"KWF": 152.7157281689083, "MEF": 129.63827945709153, "TSY": 195.69350696970426, "NAC": 258.0468927916068}, "LAT": {"KWT": 133.4762376037971, "YAT": 111.99420009734054}}