{"LCK": {"CSW": 130.3201958577437, "MEF": 131.79953407286905}}