{"LOW": {"SHS": 221.45607749896072}, "LOP": {"TIS": 186.4216716028599, "YUL": 131.36257820443743}, "LOF": {"WTS": 126.81636020077431, "KOT": 130.1474929306822}}