{"MEF": {"TWW": 325.1114583707987, "LAK": 136.31432341176088, "NAC": 181.7787449486147, "LCK": 134.25480368192214}}