{"MKK": {"KOT": 139.00417031993126, "HUH": 191.49518831216477}}