{"MOK": {"YMT": 130.79973186352728, "PRE": 125.44092035677144}, "MOS": {"HEO": 130.85196825971178, "WKS": 149.20896342341086}}