{"NTK": {"KOB": 131.72571796450677, "KWT": 119.52933368301709}}