{"OCP": {"WCH": 131.95495500199706, "ADM": 287.6319584603367}}