{"OLY": {"KOW": 128.44323159450636, "NAC": 132.63523240976056}}