{"SIH": {"TIS": 374.46025040569975, "TUM": 154.45979989193663}}