{"SSP": {"CSW": 123.16112953684402, "PRE": 131.33400004559067}}