{"STW": {"CKT": 123.1281879240141, "CIO": 132.42738552}}