{"SUN": {"DIS": 198.58233387484285, "TUC": 823.8869141582536, "TSY": 591.7042244876183}, "SUW": {"KAT": 121.00318374410892, "TKW": 137.3939037820483}}