{"SWH": {"TAK": 125.4726244738094, "SKW": 124.24703223139477}}