{"SYP": {"SHW": 142.2186176905922, "HKU": 113.12603592179596}}