{"TIH": {"CAB": 125.41959462927018, "FOH": 103.9961525314086}, "TIK": {"TKO": 196.7013620313155, "YAT": 136.4819383250736}, "TIS": {"SIH": 340.53554671984614, "LOP": 183.58781458668415}}