{"TWO": {"FAN": 319.0945987804739, "TAP": 202.64567848084326}, "TWH": {"KWH": 159.51463594867073, "TSW": 75.41553946604324}, "TWW": {"KSR": 676.1151433327166, "MEF": 312.2838025488902}}