{"UNI": {"FOT": 192.65869964997304, "TAP": 368.4492886323967}}