{"WCH": {"LET": 199.23516506790102, "OCP": 156.98234732919252}}