{"YAT": {"TIK": 131.34664910985234, "QUB": 254.13080569004165, "LAT": 196.00634661888643}}