{"YMT": {"JOR": 129.1131685120437, "MOK": 116.49105798310185, "HOM": 141.05897065773544}}