{"AIR": {"TSY": 1604.861247592957, "AWE": 107.20137491497039}}