{"AUS": {"NAC": 198.21527884132053, "ETS": 143.6992821848456}}