{"CSW": {"SSP": 126.95606804776476, "LCK": 126.13314722121758}}