{"EXC": {"HUH": 189.10340049099574, "ADM": 76.0693212318516}}