{"HEO": {"TSH": 135.72902032140212, "MOS": 124.93886277714424}}