{"HFC": {"SKW": 170.0277115905364, "CHW": 142.06039751348882}}