{"HKU": {"SYP": 128.82142799181185, "KET": 101.6075126796736}}