{"JOR": {"YMT": 128.28957999600883, "TST": 125.71114678370168}}