{"K74-D050": {"K74-D060": 93.1620870919099}, "K75P-D020": {"K75P-D030": 37.1627401570302}, "K76-U010": {"K76-U020": 24.790719017797237}, "K76-U020": {"K76-U030": 173.81468338986633}, "K76-D020": {"K76-D030": 129.42235232857027}, "K75A-D110": {"K75A-U011": 172.1822157519826}, "K73-U060": {"K73-U070": 138.6384319363984}, "K73-U110": {"K73-U120": 236.1991036509447}, "K73-U100": {"K73-U110": 253.31720767242436}, "K74-U020": {"K74-U030": 128.15508318005143}, "K75P-U140": {"K75P-D010": 148.24927191308836}, "K74-U011": {"K74-D100": 166.5912001289661}, "K75P-U080": {"K75P-U090": 42.34115221310353}, "K74-D060": {"K74-D070": 144.9276979842658}, "K73-D090": {"K73-D100": 76.98918052542669}, "K75P-U030": {"K75P-U040": 127.88536622296468}, "K73-D020": {"K73-D030": 111.88883349467355}, "K76-U040": {"K76-U050": 169.0176107688872}, "K76-U030": {"K76-U040": 266.10283890704625}, "K73-U030": {"K73-U040": 94.44431303471076}, "K75A-U030": {"K75A-D010": 223.56114917302244}, "K75P-U090": {"K75P-U100": 42.51434779552444}, "K73-D030": {"K73-D040": 113.3390005524241}, "K75A-U010": {"K75A-U020": 43.418469191174424}, "K73-D110": {"K73-D120": 84.77304162389592}, "K75P-U100": {"K75P-U110": 56.02363701526398}, "K75A-D050": {"K75A-D060": 76.27652107410711}, "K76-D010": {"K76-D020": 294.0661277415428}, "K73-U070": {"K73-U080": 161.71628709612915}, "K75P-U060": {"K75P-U070": 27.53176809348746}, "K75A-D010": {"K75A-D020": 214.17508011784594}, "K75P-U050": {"K75P-U060": 139.0404001773091}, "K75P-U070": {"K75P-U080": 104.6128227244207}, "K74-U060": {"K74-U070": 146.98595629668043}, "K73-U090": {"K73-U100": 102.14169669243319}, "K75A-D100": {"K75A-D110": 97.6333226477015}, "K75P-D070": {"K75P-D080": 95.80532443627388}, "K74-U100": {"K74-D010": 113.8854701479783}, "K74-D010": {"K74-D020": 152.7076652736426}, "K75A-D070": {"K75A-D080": 42.715574780232}, "K75A-D080": {"K75A-D090": 91.96603494948286}, "K73-U050": {"K73-U060": 111.06339529413151}, "K74-D040": {"K74-D050": 71.83641558741981}, "K75P-D050": {"K75P-D060": 93.84092506718056}, "K74-D100": {"K74-D110": 73.81083823029563}, "K75A-D040": {"K75A-D050": 53.48737418203497}, "K75P-U120": {"K75P-U130": 64.75300927032211}, "K75P-D080": {"K75P-U011": 144.77795463901933}, "K75A-D090": {"K75A-D100": 48.36328225055169}, "K75P-D060": {"K75P-D070": 183.3656739308614}, "K75P-U130": {"K75P-U140": 43.13545246510811}, "K75P-U110": {"K75P-U120": 90.72670713464743}, "K76-D030": {"K76-D040": 61.57283619763532}, "K73-D010": {"K73-D020": 81.79055726274623}, "K73-U010": {"K73-U020": 70.6044786177355}, "K75A-D060": {"K75A-D070": 35.33898062041279}, "K75P-D010": {"K75P-D020": 131.20273968658202}, "K73-U080": {"K73-U110": 366.4951534666569, "K73-U090": 298.0294731453997}, "K73-D050": {"K73-D070": 100.77218999376448}, "K74-U090": {"K74-U100": 208.89207866490023}, "K74-D020": {"K74-D030": 145.02424289778008}, "K74-D090": {"K74-U011": 71.08874745505359}, "K73-D120": {"K73-D130": 102.51364674360028}, "K73-U040": {"K73-U050": 112.34427470503445, "K73-U060": 217.5614134568384}, "K74-U080": {"K74-U090": 241.55059466195388}, "K75P-U010": {"K75P-U020": 96.7012734401412}, "K75A-D030": {"K75A-D040": 46.76927214864823}, "K74-U001": {"K74-U004": 141.30816370114465}, "K75A-D020": {"K75A-D030": 26.558934001464355}, "K73-U020": {"K73-U030": 188.85015386252832}, "K75A-U020": {"K75A-U030": 125.6794951223259}, "K73-D150": {"K73-D160": 45.991909693877474}, "K73-D080": {"K73-D090": 256.4907042975259}, "K74-U010": {"K74-U020": 148.23762406145653}, "K73-D070": {"K73-D080": 167.89532319189004}, "K74-U070": {"K74-U080": 167.04555323827245}, "K75P-D040": {"K75P-D050": 164.58421898990866}, "K73-D100": {"K73-D110": 191.24155446813938}, "K75P-U040": {"K75P-U050": 101.24550625971496}, "K73-D040": {"K73-D050": 74.64191199468044}, "K74-D070": {"K74-D080": 258.5322395416444}, "K74-D110": {"K74-U002": 159.00360251565115}, "K75P-U020": {"K75P-U030": 115.11167279096794}, "K75P-D030": {"K75P-D040": 114.51977467560047}, "K74-U007": {"K74-U010": 258.4740554969563}, "K74-U004": {"K74-U007": 104.19209776223913}, "K73-D140": {"K73-D150": 194.5328564682587}, "K74-D030": {"K74-D040": 105.70515496915971}, "K74-U050": {"K74-U060": 228.07474768778383}, "K73-D130": {"K73-D140": 137.30518773693228}, "K74-U030": {"K74-U040": 276.99485373779356}, "K74-D080": {"K74-D090": 148.82925617195613}, "K74-U040": {"K74-U050": 148.4831357261356}}