{"KAT": {"DIH": 156.84975804013402, "SUW": 126.59076585474}}