{"KSR": {"YUL": 228.2877429181313, "TWW": 638.4263537720665}}