{"KWT": {"NTK": 128.53911750754375, "LAT": 126.89266829108166}, "KWH": {"TWH": 171.90488398541854, "KWF": 131.81647795968462}, "KWF": {"LAK": 172.6967990482377, "KWH": 112.32652760751039}}