{"LCK": {"CSW": 129.03180369836093, "MEF": 119.72349165361341}}