{"LET": {"WCH": 142.42431332150596, "SOH": 97.80382566705359}}