{"LOW": {"SHS": 216.7621076922976}, "LOP": {"TIS": 189.21640429262052, "YUL": 121.85337280307655}, "LOF": {"KOT": 109.84888869773886, "WTS": 121.00862999951991}}