{"MKK": {"KOT": 145.88028130685873, "HUH": 194.57984243900378}}