{"NOP": {"FOH": 131.89663018210132, "QUB": 130.64501892804284}}