{"NTK": {"KOB": 108.07764034190521, "KWT": 100.97746531325753}}