{"OCP": {"WCH": 132.03626461872224, "ADM": 287.6319551408036}}