{"OLY": {"KOW": 132.7426196401912, "NAC": 130.80562837196754}}