{"PRE": {"MOK": 122.6177727962247, "SKM": 105.85539371624111, "SSP": 128.56896165755856}}