{"SHS": {"LMC": 475.2992808772603, "FAN": 128.84656936558252, "LOW": 261.75493247375704}, "SHT": {"TAW": 191.23505371866037, "FOT": 138.32513014358108}, "SHW": {"SYP": 151.5311140797292, "CEN": 108.05610700695402}, "SHM": {"TSH": 212.80083592748412, "CIO": 123.99749930525827}}