{"SIH": {"TUM": 154.45201650623085, "TIS": 361.64235265954665}}