{"SKM": {"PRE": 122.30026319699428, "KOT": 129.1076553076173}, "SKW": {"SWH": 98.71924285262926, "HFC": 117.87102098291753}}