{"SSP": {"PRE": 125.07958194915231, "CSW": 127.5357038879848}}