{"STW": {"CKT": 113.80089824598936, "CIO": 143.50462620442494}}