{"SYP": {"HKU": 112.54230848034118, "SHW": 164.94408018111858}}