{"TAW": {"KOT": 312.7070818038211, "CKT": 207.318924376344, "SHT": 126.60922150740532, "HIK": 158.85844774902938}, "TAP": {"TWO": 181.11913879314116, "UNI": 401.41418480856623}, "TAK": {"QUB": 127.49600773134156, "SWH": 126.46248908106004}}