{"TIK": {"TKO": 293.16902411350947, "YAT": 139.38030860313302}, "TIS": {"LOP": 182.68662274034398, "SIH": 372.3065564484963}, "TIH": {"FOH": 105.81074262232013, "CAB": 128.08025737566075}}