{"TSY": {"KOW": 548.5808712762463, "LAK": 196.51643802281623, "AIR": 1488.2184913882716, "SUN": 675.2921799459615}, "TST": {"ADM": 196.8398289043338, "JOR": 94.77799679587983}, "TSW": {"TWH": 64.7823050572942}, "TSH": {"SHM": 215.8877483347357, "HEO": 127.56646427385583}}