{"TWO": {"TAP": 182.1621505988961, "FAN": 327.15068808202693}, "TWH": {"KWH": 113.3719589994228, "TSW": 72.52709632653136}, "TWW": {"KSR": 712.0168259252407, "MEF": 304.8302296686012}}