{"UNI": {"FOT": 189.57575483051184, "TAP": 402.8493659916695}}