{"WAC": {"ADM": 130.46233940933985, "CAB": 184.13751281568287}}