{"WCH": {"LET": 170.2390636402587, "OCP": 123.59437885509809}}