{"WTS": {"LOF": 129.01726376727873, "DIH": 116.64936769553428}}