{"YMT": {"HOM": 242.529645170377, "JOR": 126.84392198758319, "MOK": 116.01393163026235}}