{"YUL": {"LOP": 125.27014961073414, "KSR": 238.80050560489775}}