{"1": {"6": 231.26823039608175, "2": 100.04071751328573}}