{"5": {"6": 112.3166891171932, "305": 81.71178176324231}}