{"CKT": {"STW": 128.82334179887704, "TAW": 116.70800103236998}}