{"ETS": {"HUH": 166.80234263260007, "AUS": 183.1578471123465}}