{"FOT": {"SHT": 163.6166207816579, "UNI": 187.30824825984072}, "FOH": {"NOP": 117.9612920446896, "TIH": 120.08210288381562}}