{"HAH": {"TKO": 162.47224335798575, "POA": 146.2230187667033}}