{"HEO": {"MOS": 133.92457286066838, "TSH": 133.5667155454201}}