{"HIK": {"DIH": 312.1604567867124, "TAW": 146.35984200000001}}