{"HUH": {"MKK": 183.61333784326226, "HOM": 121.55610993379226, "EXC": 196.50946532758937, "ETS": 190.41954936400003}}