{"JOR": {"YMT": 131.2729175155136, "TST": 131.13891565345634}}