{"K53-D110": {"K53-D120": 181.4169970122767}, "K51-U190": {"K51-U200": 77.22712739103392}, "K52-nD150": {"K52-nD160": 98.32361165}, "K54-D040": {"K54-D050": 161.50293250111503}, "K51A-U120": {"K51A-U130": 143.51657781893283}, "K51A-D170": {"K51A-D180": 157.75182730067553}, "K51A-D180": {"K51A-D190": 126.69762511201263}, "K51-D050": {"K51-D060": 58.47259391726601}, "K51-U180": {"K51-U190": 105.41509634935869}, "K52A-D110": {"K52A-D120": 152.5721546803512}, "K51A-U050": {"K51A-U060": 262.1169379125558}, "K52A-U120": {"K52A-U130": 57.20837585644134}, "K52-nD090": {"K52-nD100": 58.984299596119726}, "K53-U120": {"K53-U130": 62.56584308739648}, "K52A-U015": {"K52A-U020": 168.46019132827314}, "K52A-U010": {"K52A-U015": 302.21061760783937}, "K51-U210": {"K51-U220": 55.429672197440915}, "K53-D040": {"K53-D050": 75.45546605757006}, "K51A-U030": {"K51A-U040": 73.13979905811081}, "K51A-D040": {"K51A-D050": 91.20796855148222}, "K52-nU300": {"K52-nU310": 42.75249605684769}, "K51A-U150": {"K51A-U160": 113.2252785244006}, "K54-D030": {"K54-D040": 75.198511840263}, "K51-D110": {"K51-D120": 47.66418573827574}, "K53-U100": {"K53-U110": 67.39277787612258}, "K51-D170": {"K51-D180": 115.41834449426024}, "K53-U140": {"K53-D010": 82.7913834290745}, "K51-U230": {"K51-U240": 49.6873164435734}, "K53-D090": {"K53-D100": 50.32559714020549}, "K54-D010": {"K54-D020": 132.56848022192918}, "K51A-U060": {"K51A-U070": 296.90451247835426}, "K52-nU240": {"K52-nU250": 71.46830120044949}, "K53-D120": {"K53-D130": 62.28822028076665}, "K52A-U170": {"K52A-U180": 275.33849859845316}, "K51-D210": {"K51-D220": 194.05723131403846}, "K53-D070": {"K53-D080": 45.070697572485855}, "K53-D130": {"K53-D140": 111.28227791735267}, "K51-U070": {"K51-U080": 211.93598291478799}, "K53-U110": {"K53-U120": 90.89422052673976}, "K53-D050": {"K53-D060": 88.56862742263412}, "K53-U080": {"K53-U090": 83.20838138158328}, "K52-nD210": {"K52-nD220": 214.66564815138173}, "K51-U220": {"K51-U230": 67.57318432726187}, "K51-U150": {"K51-U160": 91.67821589993225}, "K53-U060": {"K53-U070": 71.78695113128047}, "K52A-U050": {"K52A-U060": 50.76347659019748}, "K53-U090": {"K53-U100": 123.21521080177047}, "K51-D100": {"K51-D110": 155.45982423560002}, "K52A-U140": {"K52A-U150": 164.65472659466027}, "K51-D220": {"K51-D230": 267.89483429229347}, "K54-U020": {"K54-U030": 159.38259114024612}, "K53-D170": {"K53-D180": 320.09206698413}, "K52A-D180": {"K52A-D190": 120.72915973768104}, "K52A-U060": {"K52A-U070": 144.95791916315918}, "K52A-D060": {"K52A-D070": 132.03742548172275}, "K53-U050": {"K53-U060": 144.5017083464615}, "K53-D030": {"K53-D040": 73.1660520788502}, "K51A-U230": {"K51A-U240": 35.985743236055136}, "K52A-U030": {"K52A-U040": 36.828490060158245}, "K51-U050": {"K51-U060": 257.6412038352866}, "K51A-U100": {"K51A-U110": 209.32493186676578}, "K51-U090": {"K51-U100": 150.1915289304863}, "K51-D130": {"K51-D140": 54.571199191787386}, "K51A-D080": {"K51A-D090": 161.36055440581973}, "K52-nD020": {"K52-nD030": 28.727248302901593}, "K54-D050": {"K54-D060": 94.5609186437998}, "K53-D015": {"K53-D020": 50.22783485672865}, "K52-nD270": {"K52-nD280": 103.34464888054754}, "K51-D030": {"K51-D040": 41.80008676799999}, "K58-U026": {"K58-U030": 141.9}, "K52A-U040": {"K52A-U050": 128.9644440579404}, "K52A-D010": {"K52A-D020": 314.6418295404478}, "K52-nU280": {"K52-nU290": 42.62296898750001}, "K52A-D020": {"K52A-D030": 30.43417210702185}, "K51-D160": {"K51-D170": 66.80140912694382}, "K52A-D170": {"K52A-D180": 122.14503119080928}, "K51A-U240": {"K51A-U250": 73.15488752967507}, "K52-nU090": {"K52-nU100": 136.04928537742066}, "K54-D020": {"K54-D030": 132.85585672135215}, "K52A-U070": {"K52A-U080": 74.31846671689648}, "K52-nU270": {"K52-nU280": 170.8219141965416}, "K51-U240": {"K51-U250": 117.000870738543}, "K51-U110": {"K51-U120": 142.7780164540054}, "K53-D060": {"K53-D070": 162.0166799177331}, "K53-U130": {"K53-U140": 53.879393385863395}, "K54-U040": {"K54-U050": 159.84341605366018}, "K52A-D130": {"K52A-D140": 88.24218139118992}, "K51A-D090": {"K51A-D100": 52.425220451112196}, "K51A-D050": {"K51A-D060": 75.80190994474722}, "K51A-D240": {"K51A-D250": 57.17307870749214}, "K52A-U090": {"K52A-U100": 87.58133048612387}, "K53-U040": {"K53-U050": 124.45975693855478}, "K52A-D070": {"K52A-D080": 112.45169051665508}, "K52A-U080": {"K52A-U090": 68.47380681797098}, "K52-nU210": {"K52-nU220": 73.73265511412737}, "K51-U080": {"K51-U090": 179.4247311138653}, "K52-nD190": {"K52-nD200": 169.65622152892186}, "K51A-U020": {"K51A-U030": 97.62888170401428}, "K58-D020": {"K58-D030": 86.24000000000001}, "K52A-U110": {"K52A-U120": 59.59505629461739}, "K53-U070": {"K53-U080": 52.83171234940677}, "K53-D160": {"K53-D170": 744.6452213284344, "K53-U011": 184.3898492713204}, "K52A-U150": {"K52A-U160": 31.216526051104587}, "K51A-D020": {"K51A-D030": 98.2178944791867}, "K53-D080": {"K53-D090": 52.12130252674227}, "K52-nU080": {"K52-nU090": 81.57917931364376}, "K52A-D050": {"K52A-D060": 34.00369771288926}, "K52-nU140": {"K52-nU150": 163.43593976256082}, "K51A-U210": {"K51A-U220": 69.0680554593848}, "K52-nD060": {"K52-nD070": 130.21680402355045}, "K51A-U220": {"K51A-U230": 82.587932976531}, "K51A-U110": {"K51A-U120": 141.92127737583124}, "K52-nD220": {"K52-nD230": 140.07511997738735}, "K52-nD100": {"K52-nD110": 71.92259065788818}, "K53-D020": {"K53-D030": 98.11842068390439}, "K53-D140": {"K53-D150": 160.95587178021916}, "K54-U070": {"K54-D010": 154.49960689410824}, "K52-nU110": {"K52-nU120": 176.80852842773683}, "K54-U050": {"K54-U060": 346.7056728306833}, "K51A-D060": {"K51A-D070": 84.85228573739354}, "K51-D040": {"K51-D050": 50.54635972702586}, "K51A-D220": {"K51A-D230": 130.6466874777961}, "K51-U010": {"K51-U020": 30.441377558243282}, "K52-nD160": {"K52-nD170": 145.3918901650664}, "K51-D280": {"K51-D290": 74.57032940753285}, "K51-D080": {"K51-D090": 103.42828405361328}, "K51A-U170": {"K51A-U180": 74.16513653109232}, "K52-nD260": {"K52-nD270": 61.01535214125998}, "K54-D060": {"K54-D070": 150.08947378522245}, "K51-D250": {"K51-D260": 158.26915515036202}, "K53-U020": {"K53-U030": 157.54193701164087, "K53-D160": 889.8678687262114}, "K51A-D120": {"K51A-D140": 138.31073188718608}, "K51A-D070": {"K51A-D080": 90.943428949887}, "K53-U030": {"K53-U040": 223.18116353206156}, "K53-D150": {"K53-D160": 160.53359903922393}, "K58-D030": {"K58-D040": 87.95599999999999}, "K52-nD040": {"K52-nD050": 29.98456366283846}, "K52A-D120": {"K52A-D130": 40.355605997092994}, "K52-nD120": {"K52-nD130": 39.6435048993963}, "K51A-D230": {"K51A-D240": 216.02176078129924}, "K51A-U080": {"K51A-U090": 176.0276973329754}, "K52A-D090": {"K52A-D100": 50.96186886312472}, "K51A-D010": {"K51A-D020": 48.275086505652155}, "K52-nU220": {"K52-nU230": 98.18192096462161}, "K52-nD280": {"K52-nD290": 90.86010971552068}, "K51A-U200": {"K51A-U210": 60.92060452768235}, "K54-U030": {"K54-U040": 126.59350307596146}, "K51A-D210": {"K51A-D220": 76.34936361970043}, "K51A-D030": {"K51A-D040": 41.75342200710083}, "K51-U120": {"K51-U130": 159.78167021800004}, "K51A-U010": {"K51A-U020": 47.239691400000005}, "K52A-U160": {"K52A-U170": 29.291445994418666}, "K51-U200": {"K51-U210": 83.92923417776566}, "K52-nD140": {"K52-nD150": 110.79629190812548}, "K51A-U140": {"K51A-U150": 50.38879165083405}, "K53-U010": {"K53-U020": 263.5980513783189, "K53-D180": 1267.038887976404}, "K51-D090": {"K51-D100": 92.1670022145985}, "K51A-U190": {"K51A-U200": 70.98319329998697}, "K53-D010": {"K53-D015": 98.91919982582863}, "K51-D230": {"K51-D240": 81.80329573154002}, "K52-nU230": {"K52-nU240": 86.33344286541062}, "K51A-D100": {"K51A-D110": 46.55512691687867}, "K53-D180": {"K53-D190": 79.00268927986657}, "K52-nU190": {"K52-nU200": 138.82704103810278}, "K51-D070": {"K51-D080": 59.47018816010925}, "K51-D260": {"K51-D270": 55.48115161989}, "K52-nD080": {"K52-nD090": 69.24204310684685}, "K52A-D030": {"K52A-D040": 17.414516390907654}, "K52-nU290": {"K52-nU300": 34.43478632165265}, "K52-nD240": {"K52-nD250": 147.88285962376838},