{"K76-D030": {"K76-D040": 58.567173066595956}, "K75P-U070": {"K75P-U080": 113.26594847326275}, "K73-U010": {"K73-U020": 66.06208627564703}, "K73-U070": {"K73-U080": 152.40155582309563}, "K73-U030": {"K73-U040": 89.91659553518625}, "K75A-D050": {"K75A-D060": 67.2650548460347}, "K75P-U050": {"K75P-U060": 140.40782992348835}, "K73-U110": {"K73-U120": 226.55502053885374}, "K76-U010": {"K76-U020": 27.220857375035035}, "K74-D040": {"K74-D050": 85.04877750978964}, "K73-D020": {"K73-D030": 90.6346560843435}, "K74-D030": {"K74-D040": 161.70913775020003}, "K75A-D070": {"K75A-D080": 44.220043632395466}, "K73-U100": {"K73-U110": 257.1378065925061}, "K75P-U090": {"K75P-U100": 113.30761736827913}, "K76-U030": {"K76-U040": 228.1093530051478}, "K73-D040": {"K73-D050": 88.84098212336926}, "K75P-D010": {"K75P-D020": 131.74361685286692}, "K74-U011": {"K74-D100": 168.3226684859511}, "K73-U080": {"K73-U110": 114.90221613645113, "K73-U090": 297.2101120731434}, "K73-U040": {"K73-U060": 219.49992772299862, "K73-U050": 111.22454350916075}, "K73-U050": {"K73-U060": 114.34787771437409}, "K75A-D090": {"K75A-D100": 52.16001772213416}, "K75P-U110": {"K75P-U120": 87.8705683868979}, "K74-U004": {"K74-U007": 94.29256853979332}, "K76-D010": {"K76-D020": 314.54156380357676}, "K75A-D060": {"K75A-D070": 37.61736925302955}, "K75P-D040": {"K75P-D050": 166.1114147101328}, "K73-U060": {"K73-U070": 134.31888006457086}, "K74-U080": {"K74-U090": 224.28773269458156}, "K74-D110": {"K74-U002": 192.09979635357953}, "K75P-U080": {"K75P-U090": 43.9936173060846}, "K75P-U140": {"K75P-D010": 148.2438934289855}, "K75P-U130": {"K75P-U140": 38.59770259889329}, "K75P-D070": {"K75P-D080": 92.58448942653129}, "K74-D020": {"K74-D030": 150.96999561428143}, "K73-D090": {"K73-D100": 81.19795061476344}, "K76-U020": {"K76-U030": 165.30014970349345}, "K75P-D080": {"K75P-U011": 145.28923661443187}, "K74-U030": {"K74-U040": 286.267703361698}, "K74-U050": {"K74-U060": 227.22038550835242}, "K74-U070": {"K74-U080": 160.1732843187}, "K76-U040": {"K76-U050": 175.56024143818752}, "K74-D050": {"K74-D060": 92.06619647869049}, "K75P-D050": {"K75P-D060": 87.95554910412129}, "K73-D070": {"K73-D080": 179.07134815331514}, "K75A-U010": {"K75A-U020": 44.31821730010477}, "K74-D010": {"K74-D020": 155.19377164073563}, "K74-U020": {"K74-U030": 122.1620245515358}, "K73-D120": {"K73-D130": 108.15698271234776}, "K75P-D030": {"K75P-D040": 109.51382613764922}, "K76-D020": {"K76-D030": 127.35840416266419}, "K75P-U020": {"K75P-U030": 104.6454039512707}, "K74-D100": {"K74-D110": 89.59037452630642}, "K73-U090": {"K73-U100": 112.05778620329048}, "K73-D110": {"K73-D120": 82.79964705505003}, "K73-U020": {"K73-U030": 176.71897438169998}, "K75A-U030": {"K75A-D010": 232.98464895144684}, "K73-D150": {"K73-D160": 44.3124846960852}, "K73-D130": {"K73-D140": 137.72782601421096}, "K73-D140": {"K73-D150": 174.48439707362974}, "K74-D080": {"K74-D090": 173.53739528134304}, "K74-U001": {"K74-U004": 157.41701859835882}, "K74-D070": {"K74-D080": 254.23435373398098}, "K75P-U120": {"K75P-U130": 62.447521685341464}, "K75P-D060": {"K75P-D070": 178.78868511919342}, "K74-D090": {"K74-U011": 79.0299164605709}, "K75A-D010": {"K75A-D020": 218.25184923730058}, "K75A-U020": {"K75A-U030": 130.41848369608684}, "K75A-D100": {"K75A-D110": 97.74041811218265}, "K75P-U100": {"K75P-U110": 60.8149996520507}, "K73-D050": {"K73-D070": 100.83869875303927}, "K75A-D020": {"K75A-D030": 21.429447005929827}, "K75P-D020": {"K75P-D030": 35.96959852158077}, "K73-D080": {"K73-D090": 256.3780689287849}, "K75A-D030": {"K75A-D040": 46.97363183241144}, "K75P-U040": {"K75P-U050": 101.57032996749682}, "K73-D010": {"K73-D020": 86.06545832422182}, "K75A-D110": {"K75A-U011": 170.03148720139387}, "K75P-U060": {"K75P-U070": 27.361113477315786}, "K74-D060": {"K74-D070": 142.75458697404014}, "K74-U060": {"K74-U070": 150.17473030999997}, "K74-U007": {"K74-U010": 243.92485603809337}, "K74-U100": {"K74-D010": 121.8468307773777}, "K75A-D080": {"K75A-D090": 104.92220767253116}, "K73-D030": {"K73-D040": 136.18957497974915}, "K75P-U010": {"K75P-U020": 87.64036393310589}, "K75A-D040": {"K75A-D050": 48.682793352253555}, "K73-D100": {"K73-D110": 184.9774935858556}, "K74-U090": {"K74-U100": 226.92631328317066}, "K75P-U030": {"K75P-U040": 131.79540000000003}, "K74-U010": {"K74-U020": 171.10887524564242}, "K74-U040": {"K74-U050": 179.24049000000005}}