{"KOT": {"MKK": 142.72927121953256, "TAW": 244.11301532465973, "SKM": 125.85124146283333, "LOF": 128.71636153952974}, "KOW": {"HOK": 177.74210012660552, "OLY": 129.837651076574, "TSY": 519.3998354828905}, "KOB": {"CHH": 190.9675379645118, "NTK": 125.43667537052931}}