{"LAK": {"TSY": 188.43201039244508, "NAC": 261.1464833419919, "KWF": 148.65491552745374, "MEF": 128.07335011699575}, "LAT": {"KWT": 118.46827804399997, "YAT": 122.03171040620205}}