{"LET": {"WCH": 157.3048235239581, "SOH": 109.37378682732758}}