{"MKK": {"HUH": 186.27338878459827, "KOT": 137.20423581376704}}