{"MOS": {"HEO": 132.52580602800003, "WKS": 163.4799948302935}, "MOK": {"YMT": 118.43218414997321, "PRE": 126.16970995191915}}