{"NAC": {"MEF": 177.71439409989964, "LAK": 265.1630187100742, "OLY": 106.3143342307906, "AUS": 207.29351177762427}}