{"NOP": {"QUB": 127.88472089385945, "FOH": 128.18603885253}}