{"OLY": {"NAC": 136.375916711446, "KOW": 132.11486891074765}}