{"PRE": {"MOK": 123.45440690627909, "SSP": 121.29530698661608, "SKM": 127.91190622028398}}