{"SIH": {"TIS": 389.3771584065412, "TUM": 154.45979989193663}}