{"SKM": {"PRE": 110.27506667826488, "KOT": 167.78995182600005}, "SKW": {"HFC": 147.47250233543102, "SWH": 108.5801899460749}}