{"SSP": {"PRE": 132.6665472931497, "CSW": 122.51433550445788}}