{"STW": {"CIO": 135.96576000000002, "CKT": 125.13470226300998}}