{"TAW": {"KOT": 284.09110566566096, "SHT": 131.22826494147924, "CKT": 218.28130404276126, "HIK": 146.4150906}, "TAP": {"TWO": 162.46272711181473, "UNI": 372.59815681389284}, "TAK": {"QUB": 130.69283655669355, "SWH": 120.511264410336}}