{"TSY": {"AIR": 1454.956517039868, "LAK": 187.811795521918, "KOW": 507.72895176906997, "SUN": 683.6031262300426}, "TST": {"JOR": 108.52993012314766, "ADM": 180.4578652320622}, "TSW": {"TWH": 74.06505119805746}, "TSH": {"SHM": 227.3696948700079, "HEO": 133.23763462764248}}