{"TWW": {"MEF": 339.93030452393407, "KSR": 676.8206006654493}, "TWO": {"FAN": 337.2331789304619, "TAP": 168.5258868200541}, "TWH": {"KWH": 153.55617088587994, "TSW": 77.59767061820182}}