{"WAC": {"CAB": 182.593989702, "ADM": 124.03633094973438}}