{"WCH": {"LET": 186.692216784108, "OCP": 128.7302654195044}}