{"YAT": {"TIK": 141.0955463474341, "QUB": 258.2654266616391, "LAT": 166.509429636966}}