{"YMT": {"HOM": 160.63738593589898, "MOK": 112.7648997129257, "JOR": 122.80051394478421}}