{"YUL": {"KSR": 243.2850889001573, "LOP": 122.10749332553}}