{"5": {"305": 81.16817306381766, "6": 115.84102655798219}}