{"AIR": {"TSY": 1607.4282672317154, "AWE": 138.67139160612226}}