{"AUS": {"ETS": 168.79782285393003, "NAC": 208.72839541753925}}