{"CHW": {"HFC": 86.80024311472465}, "CHH": {"DIH": 116.91473228700004, "KOB": 163.73250912822115}}