{"CIO": {"STW": 133.57140274900001, "SHM": 123.2103284709464}}