{"DIH": {"CHH": 134.13830125481613, "KAT": 162.1882987162109, "HIK": 303.3773324331141, "WTS": 134.11865561151495}, "DIS": {"SUN": 198.58233387484285}}