{"ETS": {"HUH": 177.7179575111182, "AUS": 194.4914549551595}}