{"FOH": {"NOP": 125.06077637917556, "TIH": 122.93426045280812}, "FOT": {"UNI": 202.02718637000723, "SHT": 153.12770669652656}}