{"HEO": {"TSH": 127.33029614101069, "MOS": 128.93694974014392}}