{"HIK": {"TAW": 154.9220281179907, "DIH": 320.80407606240715}}