{"HKU": {"SYP": 124.78709115147078, "KET": 88.44631357793942}}