{"HUH": {"EXC": 194.91547990339433, "ETS": 181.35395844453473, "HOM": 133.437216267599, "MKK": 134.38460929577988}}