{"K52A-U030": {"K52A-U040": 43.71189861805483}, "K51-U070": {"K51-U080": 209.06548755077333}, "K53-D020": {"K53-D030": 107.42290410521562}, "K53-U080": {"K53-U090": 73.87010329006482}, "K52A-D040": {"K52A-D050": 16.087103862684852}, "K51-U080": {"K51-U090": 175.6876647396979}, "K51-D070": {"K51-D080": 60.47752637474882}, "K53-D040": {"K53-D050": 77.80650840750567}, "K51A-U020": {"K51A-U030": 107.65657765801988}, "K51A-D140": {"K51A-D150": 93.66756747415891}, "K53-U130": {"K53-U140": 74.6601195838695}, "K52A-D120": {"K52A-D130": 41.37416755205185}, "K53-U100": {"K53-U110": 70.63904444051006}, "K53-U060": {"K53-U070": 72.98772786756038}, "K52A-D050": {"K52A-D060": 32.07956355264043}, "K51A-D250": {"K51A-D260": 93.34411998768744}, "K54-U040": {"K54-U050": 153.26898028591583}, "K54-D030": {"K54-D040": 59.81171011062112}, "K51A-D210": {"K51A-D220": 75.76200371217385}, "K53-U020": {"K53-U030": 141.27458617051593, "K53-D160": 749.2451870262804}, "K53-U010": {"K53-U020": 247.80286767778944, "K53-D180": 1123.4818121141348}, "K52A-D100": {"K52A-D110": 63.108270856446836}, "K52-nU050": {"K52-nU060": 254.02198023734735}, "K52-nU260": {"K52-nU270": 65.52953200669948}, "K54-D060": {"K54-D070": 142.82466678727943}, "K51-D210": {"K51-D220": 189.04977658200002}, "K53-U120": {"K53-U130": 72.58788643433594}, "K53-D100": {"K53-D110": 84.64202294839404}, "K52-nD150": {"K52-nD160": 88.56284184543179}, "K53-U070": {"K53-U080": 50.7548568748979}, "K51-U030": {"K51-U040": 75.85608170223642}, "K51-U200": {"K51-U210": 87.26212942958391}, "K51-D190": {"K51-D200": 166.86424419889676}, "K53-D170": {"K53-D180": 325.6454672196001}, "K51-D020": {"K51-D030": 66.88022610964916}, "K53-D120": {"K53-D130": 78.04049147338866}, "K54-U050": {"K54-U060": 341.8051266400319}, "K52-nU250": {"K52-nU260": 69.42379363472597}, "K52A-U170": {"K52A-U180": 275.3369197946796}, "K52-nD050": {"K52-nD060": 39.66935496884493}, "K51-U040": {"K51-U050": 121.21363742308385}, "K51A-U030": {"K51A-U040": 71.6703454361354}, "K52A-U130": {"K52A-U140": 57.081614247619925}, "K53-U030": {"K53-U040": 214.13449041963008}, "K53-D130": {"K53-D140": 87.45122633301165}, "K52-nU140": {"K52-nU150": 156.39077280650366}, "K52-nU270": {"K52-nU280": 160.35980424379807}, "K51A-D160": {"K51A-D170": 172.22684861782074}, "K51-U220": {"K51-U230": 72.36081414622697}, "K51A-D190": {"K51A-D200": 206.01604944139999}, "K51A-U130": {"K51A-U140": 72.18477225207715}, "K52A-U160": {"K52A-U170": 28.789115019171938}, "K51-D030": {"K51-D040": 40.342577923864724}, "K52-nU120": {"K52-nU140": 117.37383940780936}, "K52-nD240": {"K52-nD250": 160.26335844068564}, "K52-nD040": {"K52-nD050": 27.223301938758794}, "K53-U090": {"K53-U100": 127.86451283329636}, "K51A-U230": {"K51A-U240": 37.779931216965124}, "K51-U060": {"K51-U070": 281.6528449684003}, "K52-nD260": {"K52-nD270": 63.35702667101653}, "K53-U110": {"K53-U120": 89.47120086695094}, "K51-D200": {"K51-D210": 128.38555031811498}, "K52-nU180": {"K52-nU190": 62.720216397687295}, "K51A-D110": {"K51A-D120": 57.17319957990037}, "K51-U240": {"K51-U250": 111.77801316738142}, "K54-D020": {"K54-D030": 204.54713649349844}, "K51-D130": {"K51-D140": 54.239434030400005}, "K53-D050": {"K53-D060": 83.56178690831663}, "K51-U160": {"K51-U170": 117.23982034962577}, "K52-nU230": {"K52-nU240": 92.57978390982834}, "K52A-D070": {"K52A-D080": 103.21225790851163}, "K53-D160": {"K53-D170": 379.9369122497952, "K53-U011": 193.4723406}, "K53-U050": {"K53-U060": 138.69990800173008}, "K53-U040": {"K53-U050": 123.45580002712242}, "K54-U070": {"K54-D010": 146.4188267984615}, "K53-D180": {"K53-D190": 81.11521501544122}, "K53-U140": {"K53-D010": 82.46821129344389}, "K51-U120": {"K51-U130": 143.45526340604576}, "K52-nD190": {"K52-nD200": 176.59292932214848}, "K52-nD270": {"K52-nD280": 107.77025828122358}, "K51-D240": {"K51-D250": 141.77117127508666}, "K53-D080": {"K53-D090": 80.50032403224633}, "K51-U010": {"K51-U020": 31.953143014939638}, "K51A-D240": {"K51A-D250": 56.09257728587452}, "K51-D260": {"K51-D270": 58.70116050347018}, "K52-nD280": {"K52-nD290": 100.95963632450707}, "K51-U020": {"K51-U030": 113.93541052832295}, "K53-D140": {"K53-D150": 170.7244118234848}, "K52-nU150": {"K52-nU160": 98.64466010971}, "K52A-U110": {"K52A-U120": 60.38172467345796}, "K52A-U140": {"K52A-U150": 166.9212570495508}, "K51A-U060": {"K51A-U070": 285.5741533102795}, "K51A-D260": {"K51A-D270": 66.90361635365043}, "K52-nU070": {"K52-nU080": 105.96023516152225}, "K51-D150": {"K51-D160": 193.84854001934855}, "K54-D040": {"K54-D050": 165.53971690671065}, "K52-nD020": {"K52-nD030": 33.54843912589355}, "K52-nD080": {"K52-nD090": 68.13722671188061}, "K52-nD140": {"K52-nD150": 111.60086250432114}, "K51-U210": {"K51-U220": 58.08187642983637}, "K52-nD130": {"K52-nD140": 88.17392681377946}, "K52A-U120": {"K52A-U130": 59.26705665709085}, "K51A-D080": {"K51A-D090": 176.72052291117393}, "K52-nU160": {"K52-nU170": 49.53529284737509}, "K54-U060": {"K54-U070": 204.7986206856619}, "K52A-D180": {"K52A-D190": 132.8761339472605}, "K52A-U040": {"K52A-U050": 139.40357882924962}, "K51-D060": {"K51-D070": 62.11953312050922}, "K54-D010": {"K54-D020": 117.66766787610479}, "K51A-D070": {"K51A-D080": 96.44541241071133}, "K51A-D200": {"K51A-D210": 276.9577339294201}, "K52-nD070": {"K52-nD080": 112.94769554156468}, "K51-U050": {"K51-U060": 267.06222264480664}, "K51A-D170": {"K51A-D180": 159.54909694391728}, "K51-U140": {"K51-U150": 50.67341265021022}, "K52-nU220": {"K52-nU230": 90.86686381523066}, "K53-D030": {"K53-D040": 75.60728969814518}, "K51A-D040": {"K51A-D050": 93.6363829782545}, "K51A-U160": {"K51A-U170": 82.9716440156844}, "K52A-D130": {"K52A-D140": 82.51698328726273}, "K52-nU290": {"K52-nU300": 31.339073434938495}, "K51A-U240": {"K51A-U250": 72.50520682052692}, "K51-D280": {"K51-D290": 68.50302207185872}, "K52A-U020": {"K52A-U030": 94.35311536694752}, "K51-D100": {"K51-D110": 182.40699217564017}, "K51-D010": {"K51-D020": 78.95006273851737}, "K52-nD100": {"K52-nD110": 61.3061888634558}, "K53-D010": {"K53-D015": 109.24210394426409}, "K51-D120": {"K51-D130": 63.240664170759715}, "K51-D040": {"K51-D050": 51.54626568371826}, "K52-nU010": {"K52-nU020": 44.74044453728539}, "K52-nD010": {"K52-nD020": 18.152944931352813}, "K52A-U070": {"K52A-U080": 76.85919150000583}, "K51A-U010": {"K51A-U020": 44.12591549684763}, "K53-D090": {"K53-D100": 51.240749116934865}, "K54-U010": {"K54-U020": 67.03700863806897}, "K52-nD060": {"K52-nD070": 131.9966233665646}, "K52-nD210": {"K52-nD220": 219.6505196209543}, "K52A-D090": {"K52A-D100": 50.82837618268191}, "K51-D270": {"K51-D280": 91.95025058870688}, "K51A-U100": {"K51A-U110": 214.72510177619887}, "K51A-D020": {"K51A-D030": 104.28530618675634}, "K51-U170": {"K51-U180": 73.36131917488942}, "K52-nU190": {"K52-nU200": 126.67395736568024}, "K52-nD220": {"K52-nD230": 146.36650856868016}, "K53-D150": {"K53-D160": 168.33830251216122}, "K54-D050": {"K54-D060": 95.68091899935413}, "K51A-U040": {"K51A-U050": 122.27924688642842}, "K52A-U100": {"K52A-U110": 81.03708493699409}, "K52-nU210": {"K52-nU220": 74.33358291624576}, "K51-U110": {"K51-U120": 140.53009768455962}, "K51A-U180": {"K51A-U190": 94.72692270034989}, "K52A-D160": {"K52A-D170": 145.6976422090694}, "K52A-D030": {"K52A-D040": 20.297023246283537}, "K51A-D050": {"K51A-D060": 75.11796977118298}, "K51A-D230": {"K51A-D240": 164.8940084602779}, "K51A-U120": {"K51A-U130": 139.65134035192264}, "K52-nU080": {"K52-nU090": 85.1231870389927}, "K51-D170": {"K51-D180": 101.09722964010298}, "K54-U020": {"K54-U030": 173.466963185533}, "K51-U190": {"K51-U200": 75.53115836732208}, "K52A-D060": {"K52A-D070": 134.38865018752148}, "K51A-D010": {"K51A-D020": 53.09727348244435}, "K51-U150": {"K51-U160": 87.96085344090815}, "K51-D110": {"K51-D120": 59.32030723697475}, "K51A-D220": {"K51A-D230": 128.32350630753348}, "K51A-D100": {"K51A-D110": 52.319892838264835}, "K52A-U080": {"K52A-U090": 76.47330784819985}, "K52A-U015": {"K52A-U020": 145.35045479802267}, "K51A-D090": {"K51A-D100": 54.37703068476181},