{"K75P-U130": {"K75P-U140": 41.82946519085683}, "K73-D110": {"K73-D120": 84.91519753358322}, "K75P-U110": {"K75P-U120": 89.20569609418365}, "K74-D050": {"K74-D060": 92.78285829560129}, "K76-U020": {"K76-U030": 169.52381381891792}, "K76-D030": {"K76-D040": 54.418667605423}, "K76-D020": {"K76-D030": 129.30065782468327}, "K73-U080": {"K73-U110": 289.1077009306386, "K73-U090": 294.1256552289607}, "K73-U040": {"K73-U050": 109.72397057980132, "K73-U060": 220.45427391160734}, "K75P-U080": {"K75P-U090": 42.76997644638345}, "K75A-U030": {"K75A-D010": 227.4580269589871}, "K73-D070": {"K73-D080": 171.3283371979934}, "K75A-D050": {"K75A-D060": 71.05248175973443}, "K76-U030": {"K76-U040": 247.30669341386746}, "K73-U070": {"K73-U080": 164.7848398446669}, "K75P-D080": {"K75P-U011": 148.04643433012217}, "K76-U040": {"K76-U050": 165.2491011765108}, "K73-U100": {"K73-U110": 258.0632647234321}, "K75P-U100": {"K75P-U110": 59.60313297315999}, "K76-D010": {"K76-D020": 323.20419193993604}, "K73-U090": {"K73-U100": 105.10239331886137}, "K75P-U090": {"K75P-U100": 38.48397446791181}, "K73-U020": {"K73-U030": 177.1746319608456}, "K74-D100": {"K74-D110": 89.07330494589999}, "K73-U060": {"K73-U070": 134.4179966668869}, "K73-U030": {"K73-U040": 90.07553660710025}, "K75P-U120": {"K75P-U130": 61.29770173661691}, "K75A-D010": {"K75A-D020": 229.82922088016903}, "K75P-U030": {"K75P-U040": 118.80469930953329}, "K73-D020": {"K73-D030": 108.48904176381434}, "K74-U010": {"K74-U020": 152.87002871286953}, "K75P-D030": {"K75P-D040": 117.83191892448315}, "K75A-U010": {"K75A-U020": 42.66749535465193}, "K73-U050": {"K73-U060": 118.39922289949607}, "K73-U110": {"K73-U120": 240.26128226220922}, "K73-D130": {"K73-D140": 140.06377760663474}, "K73-D100": {"K73-D110": 192.71173359011988}, "K75P-D070": {"K75P-D080": 94.0342105679824}, "K73-D010": {"K73-D020": 81.28127034045767}, "K75P-U020": {"K75P-U030": 109.97200340016745}, "K73-D090": {"K73-D100": 86.38722622364193}, "K75A-U020": {"K75A-U030": 131.49123271687986}, "K73-D040": {"K73-D050": 78.94928477505559}, "K74-D090": {"K74-U011": 77.10255955380045}, "K75P-D050": {"K75P-D060": 89.21508660237417}, "K73-D150": {"K73-D160": 46.12149468373157}, "K74-D040": {"K74-D050": 81.00356917554849}, "K73-D050": {"K73-D070": 103.08457572947574}, "K76-U010": {"K76-U020": 25.00216247279454}, "K75A-D020": {"K75A-D030": 21.649236134817308}, "K74-D110": {"K74-U002": 171.2013748788968}, "K75A-D070": {"K75A-D080": 51.01986822172593}, "K75A-D060": {"K75A-D070": 40.60609234120933}, "K75P-U040": {"K75P-U050": 106.28712418195025}, "K75A-D040": {"K75A-D050": 57.030375099857395}, "K75P-D010": {"K75P-D020": 135.15638124311607}, "K74-U040": {"K74-U050": 168.40374768962664}, "K75P-D020": {"K75P-D030": 33.47941637953592}, "K75P-U070": {"K75P-U080": 116.46675105239858}, "K75A-D090": {"K75A-D100": 57.15661667127222}, "K73-D030": {"K73-D040": 123.9430141568636}, "K75A-D110": {"K75A-U011": 160.41961778503438}, "K75P-D060": {"K75P-D070": 180.24936645967117}, "K73-D120": {"K73-D130": 110.81488632540052}, "K74-D010": {"K74-D020": 154.0580139147974}, "K75P-U140": {"K75P-D010": 144.62168605186804}, "K73-U010": {"K73-U020": 67.92161767001649}, "K75A-D100": {"K75A-D110": 103.8121598456559}, "K74-U001": {"K74-U004": 133.44068771595192}, "K75P-U060": {"K75P-U070": 27.674892513522288}, "K75P-D040": {"K75P-D050": 164.43087108578885}, "K74-U080": {"K74-U090": 230.7333098442842}, "K75A-D030": {"K75A-D040": 42.50200844332767}, "K73-D080": {"K73-D090": 264.45012336475406}, "K74-U060": {"K74-U070": 140.17502929140335}, "K74-U007": {"K74-U010": 243.3249535299554}, "K74-D080": {"K74-D090": 163.15287092301978}, "K75A-D080": {"K75A-D090": 125.56282812174172}, "K75P-U010": {"K75P-U020": 93.59045777194699}, "K74-D060": {"K74-D070": 150.0488876202296}, "K74-U050": {"K74-U060": 228.34455340130654}, "K74-D070": {"K74-D080": 260.93317040377076}, "K74-U100": {"K74-D010": 120.20422408419063}, "K74-U070": {"K74-U080": 189.2466225519057}, "K75P-U050": {"K75P-U060": 142.37392322839887}, "K74-D020": {"K74-D030": 155.2720568834098}, "K74-U020": {"K74-U030": 117.35698805658899}, "K74-U011": {"K74-D100": 163.82677555359015}, "K74-U030": {"K74-U040": 295.52065302700004}, "K74-U090": {"K74-U100": 239.132919568627}, "K74-U004": {"K74-U007": 96.080266025}, "K73-D140": {"K73-D150": 189.74631669040082}, "K74-D030": {"K74-D040": 119.88804295242974}}