{"KOW": {"HOK": 177.7421002163569, "TSY": 515.085895554217, "OLY": 130.21802563777104}, "KOT": {"TAW": 274.39362896871455, "MKK": 151.3366357781243, "LOF": 120.1905633597983, "SKM": 134.84423447914045}, "KOB": {"CHH": 151.75296617645188, "NTK": 126.23050145165303}}