{"KWF": {"KWH": 131.69774989437434, "LAK": 179.3581627699378}, "KWT": {"LAT": 131.5903160400016, "NTK": 128.90305436669232}, "KWH": {"TWH": 145.72010500008633, "KWF": 131.11598841980947}}