{"LAK": {"TSY": 195.72560862662797, "KWF": 159.36864158376594, "NAC": 276.97416642166274, "MEF": 120.61649122046838}, "LAT": {"YAT": 127.23087157174473, "KWT": 135.47318004284102}}