{"LCK": {"MEF": 125.96225981539718, "CSW": 123.39718592179175}}