{"MEF": {"LAK": 134.7341756645739, "NAC": 181.88943360035486, "TWW": 325.7029427785036, "LCK": 122.11428388189873}}