{"NTK": {"KWT": 115.61277031322302, "KOB": 127.42280963205523}}