{"OCP": {"WCH": 131.61698745576354, "ADM": 287.63195502978596}}