{"OLY": {"KOW": 130.05481905875186, "NAC": 131.97770149156514}}