{"PRE": {"MOK": 125.76259498219144, "SSP": 128.02403413500753, "SKM": 131.14302784892186}}