{"QUB": {"YAT": 259.97057813727906, "NOP": 123.74298084551265, "TAK": 134.23341240530783}}