{"SHM": {"CIO": 121.30741633446546, "TSH": 233.4342084924961}, "SHS": {"LMC": 460.7567612083523, "LOW": 261.7547364470498, "FAN": 128.80060499146703}, "SHT": {"TAW": 155.71043864083805, "FOT": 159.53784578193626}, "SHW": {"SYP": 147.20702254439334, "CEN": 112.73244264475458}}