{"SIH": {"TUM": 154.45279484480142, "TIS": 368.2491503329995}}