{"SKM": {"KOT": 154.03214115600727, "PRE": 127.59811290493727}, "SKW": {"HFC": 151.91059181248295, "SWH": 97.27386438294896}}