{"SSP": {"PRE": 132.40950875803728, "CSW": 123.45929534816128}}