{"STW": {"CIO": 132.10906701398156, "CKT": 129.01632563366303}}