{"SUN": {"DIS": 198.58233387484285, "TUC": 823.8868728027337, "TSY": 414.82511719124994}, "SUW": {"TKW": 128.92433896570978, "KAT": 112.56278587389338}}