{"SWH": {"TAK": 128.75746154348175, "SKW": 123.74405738553301}}