{"SYP": {"SHW": 155.16025857540973, "HKU": 97.89057409428837}}