{"TAW": {"KOT": 299.8990403633224, "HIK": 162.90071438695907, "CKT": 240.7340758543659, "SHT": 130.62127728372155}, "TAK": {"SWH": 123.08170206472337, "QUB": 132.24328981507722}, "TAP": {"TWO": 175.54712178674345, "UNI": 355.1720982599946}}