{"TIK": {"YAT": 141.73546600624687, "TKO": 193.86418375019036}, "TIH": {"CAB": 130.02441976451024, "FOH": 114.84353880653221}, "TIS": {"LOP": 177.17730001760953, "SIH": 363.09331826747854}}