{"TWH": {"KWH": 146.19653017654602, "TSW": 72.22881196839788}, "TWO": {"TAP": 199.55833597812673, "FAN": 330.78051094667717}, "TWW": {"KSR": 676.8218807805348, "MEF": 309.04746113373795}}