{"UNI": {"FOT": 192.47049153989147, "TAP": 377.91486055400446}}