{"WAC": {"CAB": 167.31621754210147, "ADM": 133.10547796176513}}