{"WTS": {"DIH": 123.93390622062039, "LOF": 125.2331973088865}}