{"YUL": {"LOP": 117.2013873766394, "KSR": 252.11287173554933}}