{"1": {"6": 411.7259737701261, "2": 57.50799357297417}}