{"5": {"305": 82.02436659522381, "6": 118.93958484442567}}