{"CIO": {"SHM": 117.53605514134972, "STW": 131.16964186436135}}