{"CSW": {"LCK": 126.34075944609579, "SSP": 127.31844306750062}}