{"DIS": {"SUN": 198.58233387484285}, "DIH": {"WTS": 122.3548815285404, "CHH": 125.78976326324305, "HIK": 313.99237232893813, "KAT": 164.43544406846848}}