{"EXC": {"HUH": 167.64270859820502, "ADM": 82.61406569848558}}