{"FOH": {"NOP": 125.74369081635962, "TIH": 118.79861615375282}, "FOT": {"SHT": 156.85992955064384, "UNI": 192.67045821661048}}