{"HKU": {"SYP": 117.87208008114598, "KET": 99.385208443658}}