{"HUH": {"EXC": 198.52025483433127, "MKK": 187.37242151600495, "HOM": 128.58402432930797, "ETS": 188.23176447506063}}