{"K12-D010": {"K12-D020": 164.09537389623583}, "K12-U010": {"K12-U020": 336.6600260159192}, "K12-U020": {"K12-U030": 225.61850397911698}, "K12-D030": {"K12-D040": 24.878766061427704}, "K12-D020": {"K12-D030": 361.3173638400779}, "K17-U020": {"K17-U030": 162.75710000000004}, "K17-D010": {"K17-D020": 126.4813}, "K18-D010": {"K18-D020": 250.80000000000004}, "K17-U030": {"K17-U040": 27.500000000000004}, "K18-D020": {"K18-D030": 54.46946340000001}, "K18-U020": {"K18-U030": 63.065639999999995}, "K18-U010": {"K18-U020": 277.92039000000005}, "K17-D020": {"K17-D030": 66.0}, "K17-U010": {"K17-U020": 345.40000000000003}}