{"K65-U070": {"K65-U080": 69.205853802847}, "K66-D140": {"K66-D150": 102.54527155166383}, "K65A-D020": {"K65A-D030": 79.81978399047249}, "K66-U160": {"K66-U170": 49.867720216186996}, "K65-D140": {"K65-D150": 111.57902816222266}, "K65A-D010": {"K65A-D020": 74.639246}, "K66-U100": {"K66-U110": 70.50959312971382}, "K66-U130": {"K66-U140": 53.03390563222159}, "K68-D180": {"K68-D190": 28.934860873294895}, "K66-U070": {"K66-U080": 220.29853104964482}, "K66-U150": {"K66-U160": 57.49553997564003}, "K66-U090": {"K66-U100": 51.216257447392096}, "K68-U030": {"K68-U040": 33.02267168462284}, "K66-U140": {"K66-U150": 51.922454885940226}, "K65-U160": {"K65-U170": 58.9966742308406}, "K65-U080": {"K65-U090": 133.78793713582624}, "K66-D180": {"K66-D190": 87.57427622922}, "K65-D030": {"K65-D040": 56.93834050877839}, "K66-D010": {"K66-D020": 19.421773452732257}, "K65-D060": {"K65-D070": 78.16864493883688}, "K66-D030": {"K66-D040": 81.44243405071828}, "K65-D100": {"K65-D110": 226.4204669252925}, "K66-U030": {"K66-U040": 164.45775156647647}, "K68-D010": {"K68-D020": 59.88198798275401}, "K65A-D090": {"K65A-D100": 97.02257926003983}, "K66-D220": {"K66-D230": 80.48521463034629}, "K65-D010": {"K65-D020": 39.48913546240525}, "K66-U210": {"K66-U220": 42.47575039230666}, "K68-D140": {"K68-D150": 31.498744660499135}, "K65A-D080": {"K65A-D090": 53.71996634613295}, "K68-U140": {"K68-U150": 46.378160168747016}, "K65-U060": {"K65-U070": 35.93266106522741}, "K68-U110": {"K68-U120": 203.21387033702848, "K68-D090": 538.758}, "K65-D130": {"K65-D140": 92.95920117220702}, "K65-U140": {"K65-U150": 99.38716443850565}, "K65-D170": {"K65-D180": 94.24421597391755}, "K66-U110": {"K66-U120": 40.55846080611447}, "K66-D040": {"K66-D050": 36.4533827670338}, "K65-U130": {"K65-U140": 29.29199808165253}, "K68-U090": {"K68-U100": 142.56724304330368}, "K65-U090": {"K65-U100": 56.42945088288659}, "K68-U160": {"K68-U170": 72.73824966166873}, "K66-D020": {"K66-D030": 73.14405488560189}, "K65-U040": {"K65-U050": 93.703123123492}, "K65-D040": {"K65-D050": 56.0847879615452}, "K68-D160": {"K68-D170": 77.73530935612192}, "K66-D110": {"K66-D120": 86.33765171587771}, "K65-U220": {"K65-U230": 79.02264577605851}, "K66-U080": {"K66-U090": 171.9357592596531}, "K65-D050": {"K65-D060": 52.310006506419015}, "K66-U060": {"K66-U070": 197.6288131462284}, "K65-D160": {"K65-D170": 152.30822575339332}, "K68-U040": {"K68-U050": 60.22550107383425}, "K65A-D060": {"K65A-D070": 65.7383455000602}, "K68-D190": {"K68-D200": 40.014132883947276}, "K65-D110": {"K65-D120": 119.2315122496138}, "K68-U120": {"K68-U130": 139.15931852929342}, "K65A-D050": {"K65A-D060": 47.2744592354408}, "K65-U210": {"K65-U220": 77.86767172843014}, "K65-D020": {"K65-D030": 74.14269802580111}, "K68-D120": {"K68-D130": 171.82273597859054}, "K66-U050": {"K66-U060": 46.10653200195903}, "K65-U170": {"K65-U180": 52.1142015064216}, "K66-D160": {"K66-D170": 156.95839788598423}, "K65-U190": {"K65-U200": 46.38133763710999}, "K68-D030": {"K68-D040": 80.44562196376714}, "K65-D180": {"K65-D190": 131.2163023887887}, "K65A-D100": {"K65A-D110": 220.5436065707112}, "K66-D060": {"K66-D070": 44.371557944741724}, "K65-U180": {"K65-U190": 77.85556960784311}, "K65-U010": {"K65-U020": 305.2750357515432}, "K66-U020": {"K66-U030": 192.35474670366824}, "K66-D170": {"K66-D180": 218.5010081984339}, "K65-D070": {"K65-D080": 104.68959574408886}, "K68-D130": {"K68-D140": 66.9297097544902}, "K68-D200": {"K68-U011": 60.23927339626614}, "K65A-D070": {"K65A-D080": 77.67518378070002}, "K68-U150": {"K68-U160": 85.71943534873313}, "K66-U200": {"K66-U210": 62.96282630043356}, "K68-U060": {"K68-U070": 95.27225884214083}, "K65-U150": {"K65-U160": 59.871740856788975}, "K66-U170": {"K66-U180": 39.154069134179025}, "K66-D200": {"K66-D210": 130.6332012113433}, "K65A-D030": {"K65A-D040": 67.67284491000001}, "K65-U110": {"K65-U120": 110.63551269539289}, "K65-U200": {"K65-U210": 63.6435333044919}, "K66-D080": {"K66-D090": 58.96961015570874}, "K65-U030": {"K65-U040": 115.92341390408328}, "K65A-D040": {"K65A-D050": 52.7485365}, "K68-D090": {"K68-D100": 145.34188656210782}, "K68-U050": {"K68-U060": 46.583370566163886}, "K65-D080": {"K65-D090": 59.885580524640126}, "K66-U180": {"K66-U190": 69.82189277596055}, "K66-D120": {"K66-D130": 73.29908484796674}, "K66-U010": {"K66-U020": 128.1963327967093}, "K68-D050": {"K68-D060": 76.15010320142002}, "K66-U120": {"K66-U130": 54.22614335182659}, "K68-U020": {"K68-U030": 50.61111893385847}, "K66-D190": {"K66-D200": 84.07850364021536}, "K68-D080": {"K68-D090": 102.41046156228867}, "K68-D150": {"K68-D160": 64.60451192582391}, "K66-D230": {"K66-D240": 93.82447208717008}, "K66-D100": {"K66-D110": 48.45359865877266}, "K65-U050": {"K65-U060": 109.31918404253443}, "K66-D070": {"K66-D080": 51.92426207738549}, "K66-U190": {"K66-U200": 70.1449020257361}, "K68-U010": {"K68-U020": 95.5074119760366}, "K68-U170": {"K68-D010": 164.60418387511442}, "K66-D150": {"K66-D160": 90.0563071247716}, "K65-D090": {"K65-D100": 110.90569139155988}, "K68-U130": {"K68-U140": 168.67568376533558}, "K66-D130": {"K66-D140": 37.64430822956156}, "K68-D070": {"K68-D080": 217.84025356864763}, "K65-D150": {"K65-D160": 106.21180863572788}, "K68-D110": {"K68-D120": 95.24959042384515}, "K66-D210": {"K66-D220": 149.74200676771144}, "K66-D050": {"K66-D060": 41.68286134738562}, "K66-U040": {"K66-U050": 128.1995242557023}, "K68-D170": {"K68-D180": 39.21762797923296}, "K65-U020": {"K65-U030": 145.29560523146438}, "K68-D020": {"K68-D030": 84.0615818220705}, "K66-D090": {"K66-D100": 46.35605400611912}, "K65-U100": {"K65-U110": 158.56852500027338}, "K65-D120": {"K65-D130": 61.58450972483049}, "K68-D060": {"K68-D070": 105.60035345168865}, "K68-U070": {"K68-U080": 30.050866307747082}, "K68-U100": {"K68-U110": 195.62314256669399}, "K65-U120": {"K65-U130": 178.88581497443835}, "K68-U080": {"K68-U090": 44.900246204222896}, "K68-D040": {"K68-D050": 103.50702846890003}, "K68-D100": {"K68-D110": 83.28465576431418}, "K65A-U120": {"K65A-U130": 70.0}, "K65A-U060": {"K65A-U070": 47.38}, "K65A-U110": {"K65A-U120": 56.1}, "K65A-U030": {"K65A-U040": 20.386000000000003}, "K65A-U080": {"K65A-U090": 61.60000000000001}, "K65A-U040": {"K65A-U050": 67.10000000000001}, "K65A-U010": {"K65A-U020": 83.60000000000001}, "K65A-U050": {"K65A-U060": 32.89}, "K65A-U070": {"K65A-U080": 47.74}, "K65A-U100": {"K65A-U110": 46.1417}, "K66A-D100": {"K66A-D110": 50.160000000000004}, "K66A-D170": {"K66A-D180": 95.15}, "K66A-D190": {"K66A-D200": 64.5942}, "K66A-D160": {"K66A-D170": 219.56000000000003}, "K66A-D050": {"K66A-D060": 84.59}, "K66A-D220": {"K66A-D230": 78.10000000000001}, "K66A-D180": {"K66A-D190": 86.35}, "K66A-D230": {"K66A-D240": 79.70401999999999}, "K66A-D110": {"K66A-D120": 46.86}, "K66A-D070": {"K66A-D080": 44.0}, "K66A-D200": {"K66A-D210": 129.74698000000006}, "K66A-D040": {"K66A-D050": 47.300000000000004}, "K66A-D210": {"K66A-D220": 170.5}, "K66A-D030": {"K66A-D040": 70.4}}