{"KOW": {"HOK": 177.74210021779203, "OLY": 132.53318344589982, "TSY": 530.8733615152167}, "KOT": {"LOF": 117.06140269384495, "MKK": 139.50454919330465, "TAW": 266.96340084428897, "SKM": 101.2484757380112}, "KOB": {"CHH": 168.7557787156304, "NTK": 122.06011231227444}}