{"KSR": {"TWW": 712.0182131059994, "YUL": 240.5354139213082}}