{"KWF": {"LAK": 183.47145361201177, "KWH": 129.54909266807752}, "KWT": {"NTK": 118.06697115373376, "LAT": 126.32125447615556}, "KWH": {"KWF": 128.99645486884808, "TWH": 158.9637765615991}}