{"LET": {"WCH": 147.09601021914173, "SOH": 100.45275979821315}}