{"LOF": {"KOT": 126.88035268220119, "WTS": 115.51621158747984}, "LOW": {"SHS": 220.37812217042702}, "LOP": {"YUL": 127.71118249210902, "TIS": 183.30584253562247}}