{"MEF": {"LCK": 124.67954885435775, "LAK": 133.61233380224897, "NAC": 186.6711601403194, "TWW": 328.29660582453266}}