{"MKK": {"KOT": 177.5552910450087, "HUH": 191.9273804818856}}