{"NAC": {"LAK": 258.8611328509636, "MEF": 184.39446504420522, "OLY": 92.06878145716918, "AUS": 209.54660924534718}}