{"NOP": {"QUB": 125.3997790252728, "FOH": 130.0154082321971}}