{"OLY": {"NAC": 132.53723681627275, "KOW": 130.31051398275847}}