{"QUB": {"YAT": 258.0819762465577, "NOP": 129.6230419307596, "TAK": 131.82217116416726}}