{"SWH": {"SKW": 128.8885177454721, "TAK": 121.71788658798292}}