{"TSY": {"AIR": 1451.2740447186575, "SUN": 784.7240022773555, "LAK": 192.21337393873088, "KOW": 511.9877207473326}, "TSW": {"TWH": 49.86779108692243}, "TST": {"ADM": 174.1403182539903, "JOR": 109.25662389412017}, "TSH": {"SHM": 211.70831903746785, "HEO": 129.44804397000001}}