{"TWW": {"MEF": 321.3535889979479, "KSR": 566.2355145621833}, "TWO": {"TAP": 177.10221420772768, "FAN": 309.85942844505723}, "TWH": {"KWH": 111.03341334586278, "TSW": 72.24252915158803}}