{"UNI": {"FOT": 196.03527377716594, "TAP": 390.23650993858075}}