{"WCH": {"OCP": 121.80592146409795, "LET": 163.20625207882603}}