{"WTS": {"DIH": 126.10586394175857, "LOF": 124.72151432654164}}