{"YAT": {"TIK": 136.55848350888454, "QUB": 263.79570247744215, "LAT": 150.71391200787158}}