{"YMT": {"MOK": 113.92098261787874, "JOR": 122.05940681698014, "HOM": 189.23961166434813}}