{"YUL": {"KSR": 249.00169265151135, "LOP": 127.02221283260005}}