{"5": {"305": 193.46307744925463, "6": 104.20690575070694}}