{"CSW": {"LCK": 126.16902596096838, "SSP": 132.23019625605355}}