{"DIS": {"SUN": 198.58233387484285}, "DIH": {"HIK": 315.03387741966816, "CHH": 126.34651987688696, "WTS": 123.36315515773018, "KAT": 154.0415519448643}}