{"FOT": {"SHT": 157.77324337904173, "UNI": 198.11030987432704}, "FOH": {"NOP": 122.51109580075374, "TIH": 125.35704983470119}}