{"HAH": {"TKO": 165.5882239143022, "POA": 119.53771769938483}}