{"HIK": {"TAW": 137.69762099999997, "DIH": 317.44432524724687}}