{"HKU": {"SYP": 127.0087779121138, "KET": 91.7436524739791}}