{"K12-D020": {"K12-D030": 341.4739985236055}, "K18-D010": {"K18-D020": 229.33794382669484}, "K12-U010": {"K12-U020": 239.18213856689553}, "K12-U020": {"K12-U030": 227.93684720994156}, "K12-D030": {"K12-D040": 16.699434073528387}, "K18-D020": {"K18-D030": 43.70981898538997}, "K17-D020": {"K17-D030": 36.72421139054869}, "K17-D010": {"K17-D020": 289.2639977447737}, "K17-U010": {"K17-U020": 250.64567099740233}, "K17-U030": {"K17-U040": 70.79331629585562}, "K18-U020": {"K18-U030": 58.40645950343344}, "K17-U020": {"K17-U030": 144.71523305878884}, "K12-D010": {"K12-D020": 160.20842841267785}, "K18-U010": {"K18-U020": 193.21450902955934}}