{"K52A-D030": {"K52A-D040": 22.320642251241207}, "K53-D050": {"K53-D060": 86.53645183391544}, "K52A-D090": {"K52A-D100": 51.065559820170584}, "K52A-U090": {"K52A-U100": 92.71028247793569}, "K52-nU240": {"K52-nU250": 61.52905646375732}, "K53-U060": {"K53-U070": 70.93884601509166}, "K52-nU180": {"K52-nU190": 62.70319883198384}, "K51A-U010": {"K51A-U020": 46.9113626465455}, "K51-U100": {"K51-U110": 203.15218229304264}, "K52A-D070": {"K52A-D080": 105.79017809582581}, "K51A-D060": {"K51A-D070": 79.9993530374774}, "K53-U100": {"K53-U110": 66.43864858376085}, "K52A-D170": {"K52A-D180": 111.54089119942594}, "K52A-D150": {"K52A-D160": 93.24949165644978}, "K51-U230": {"K51-U240": 44.827676829951095}, "K51A-D160": {"K51A-D170": 181.89986170963203}, "K52A-D040": {"K52A-D050": 15.674706810998098}, "K52-nU010": {"K52-nU020": 41.491965514466216}, "K52A-U130": {"K52A-U140": 58.75427844454133}, "K51A-U140": {"K51A-U150": 48.251143138827715}, "K52A-D130": {"K52A-D140": 82.51872527109072}, "K52A-U110": {"K52A-U120": 56.519449861067734}, "K52A-U010": {"K52A-U015": 238.16488380088435}, "K53-U020": {"K53-U030": 137.20961491662462, "K53-D160": 732.4841588336494}, "K52-nD150": {"K52-nD160": 101.43481250007444}, "K51-U240": {"K51-U250": 110.78505362747678}, "K51-D190": {"K51-D200": 160.62672448869938}, "K52A-U015": {"K52A-U020": 145.09911078005408}, "K53-U140": {"K53-D010": 82.39313353982725}, "K52-nD140": {"K52-nD150": 119.06004652828611}, "K53-D020": {"K53-D030": 103.71334924530757}, "K52-nU020": {"K52-nU030": 98.23213863166222}, "K52A-U160": {"K52A-U170": 25.971546218920444}, "K52-nD120": {"K52-nD130": 43.35977509036012}, "K51A-U200": {"K51A-U210": 51.01823001257996}, "K52-nD230": {"K52-nD240": 137.53661819502685}, "K51A-D250": {"K51A-D260": 91.08131211395909}, "K53-U070": {"K53-U080": 55.13485316809366}, "K54-U020": {"K54-U030": 163.5348593252693}, "K52A-U150": {"K52A-U160": 36.490314265210515}, "K52-nU280": {"K52-nU290": 39.3447554634807}, "K53-U080": {"K53-U090": 74.07852325147974}, "K53-D120": {"K53-D130": 64.5992491738406}, "K52A-D100": {"K52A-D110": 62.01670790293817}, "K51A-D010": {"K51A-D020": 51.94624310227334}, "K52A-U040": {"K52A-U050": 129.20390995280144}, "K52-nD110": {"K52-nD120": 177.5426145504978}, "K52A-U100": {"K52A-U110": 89.25599435201744}, "K52A-U120": {"K52A-U130": 69.9140710337867}, "K51A-U210": {"K51A-U220": 70.49920751776673}, "K53-U010": {"K53-U020": 252.29192656488743, "K53-D180": 840.2442703640688}, "K51A-U120": {"K51A-U130": 145.68919272178897}, "K52-nD200": {"K52-nD210": 125.5953860004225}, "K51A-D220": {"K51A-D230": 135.13564998950451}, "K51-U150": {"K51-U160": 81.46808210434175}, "K51A-D200": {"K51A-D210": 274.25594006571725}, "K52-nD290": {"K52-nD300": 94.39041285910756}, "K53-U030": {"K53-U040": 206.69550218816283}, "K53-D100": {"K53-D110": 78.48993098064372}, "K53-D140": {"K53-D150": 164.56021258273688}, "K52A-U030": {"K52A-U040": 41.33969599683175}, "K51A-U150": {"K51A-U160": 118.30973397548067}, "K53-D030": {"K53-D040": 76.88188311503487}, "K51-U220": {"K51-U230": 71.85814730893253}, "K52-nD220": {"K52-nD230": 138.4350326491805}, "K51-D070": {"K51-D080": 58.85490433345999}, "K52-nD040": {"K52-nD050": 30.352267682467282}, "K53-U110": {"K53-U120": 89.83637811071269}, "K53-D070": {"K53-D080": 46.61285719044691}, "K51A-D170": {"K51A-D180": 161.14791683475872}, "K51A-U160": {"K51A-U170": 85.42818905652543}, "K51-U140": {"K51-U150": 51.288877661219274}, "K52A-U080": {"K52A-U090": 71.89799094619612}, "K52A-D080": {"K52A-D090": 65.83220459092323}, "K53-U040": {"K53-U050": 129.39543882298494}, "K52A-U140": {"K52A-U150": 164.1226569864215}, "K51-D010": {"K51-D020": 56.81159785019118}, "K54-D050": {"K54-D060": 89.47766444448244}, "K52-nU300": {"K52-nU310": 43.57091464669685}, "K52A-D110": {"K52A-D120": 169.3053433224959}, "K51-D060": {"K51-D070": 57.90154768420757}, "K51-D230": {"K51-D240": 76.91421005061576}, "K53-D015": {"K53-D020": 50.463726196120405}, "K54-D040": {"K54-D050": 170.32208364456397}, "K54-U070": {"K54-D010": 137.46327155386436}, "K53-U050": {"K53-U060": 147.4721461523827}, "K51A-D260": {"K51A-D270": 64.34497384784723}, "K52A-D180": {"K52A-D190": 118.99128632750441}, "K52A-U070": {"K52A-U080": 71.06026238288042}, "K52A-U020": {"K52A-U030": 86.88332431983346}, "K54-U050": {"K54-U060": 303.79899399826826}, "K51-U180": {"K51-U190": 101.40601394201829}, "K53-U090": {"K53-U100": 123.0366699638968}, "K51A-U240": {"K51A-U250": 68.49614579060318}, "K51-U120": {"K51-U130": 155.9079786351865}, "K54-D020": {"K54-D030": 216.48595567203165}, "K51A-D140": {"K51A-D150": 79.766960232846}, "K54-U040": {"K54-U050": 159.80930153590506}, "K53-D060": {"K53-D070": 176.4901407488435}, "K53-D080": {"K53-D090": 53.219673399600765}, "K52A-D020": {"K52A-D030": 26.60449903648359}, "K52-nU230": {"K52-nU240": 90.52608534501051}, "K52A-D050": {"K52A-D060": 27.5269648928158}, "K52-nD180": {"K52-nD190": 141.91975310991694}, "K52A-D060": {"K52A-D070": 135.4801167839759}, "K51-D140": {"K51-D150": 86.5451779793393}, "K52-nD070": {"K52-nD080": 106.82956350983855}, "K52-nD020": {"K52-nD030": 30.188644528352825}, "K51A-D100": {"K51A-D110": 52.050655067746945}, "K51A-D180": {"K51A-D190": 120.27958317712255}, "K51A-D090": {"K51A-D100": 53.19709945578372}, "K51A-U110": {"K51A-U120": 132.8730723568711}, "K52-nD190": {"K52-nD200": 159.30325518675596}, "K52-nD170": {"K52-nD180": 111.89790780742844}, "K53-D130": {"K53-D140": 119.04275168715364}, "K51-D270": {"K51-D280": 86.307497304234}, "K52-nD270": {"K52-nD280": 95.32817893909557}, "K52A-U050": {"K52A-U060": 57.17836270265277}, "K53-D160": {"K53-D170": 185.6687955490413, "K53-U011": 188.71164957443827}, "K52-nU290": {"K52-nU300": 155.27226799249627}, "K51A-U090": {"K51A-U100": 136.118586343301}, "K51A-U050": {"K51A-U060": 262.03958779369407}, "K54-D060": {"K54-D070": 146.0178133097731}, "K51-D200": {"K51-D210": 127.70164764238002}, "K52A-D160": {"K52A-D170": 145.2593597757271}, "K52-nU210": {"K52-nU220": 73.77446787392633}, "K51A-D020": {"K51A-D030": 102.9152265982387}, "K54-U010": {"K54-U020": 85.85606225396741}, "K52-nU030": {"K52-nU040": 131.6177521626748}, "K53-U120": {"K53-U130": 69.40325240569602}, "K52-nU270": {"K52-nU280": 170.65272018393125}, "K51-U040": {"K51-U050": 127.78791435816296}, "K51-U160": {"K51-U170": 116.69117021781372}, "K52A-D010": {"K52A-D020": 370.4664610698557}, "K51A-D230": {"K51A-D240": 139.6703425591001}, "K51-D080": {"K51-D090": 110.71845145175253}, "K51-U210": {"K51-U220": 53.85827214753955}, "K52-nU080": {"K52-nU090": 80.19880628633277}, "K52A-U170": {"K52A-U180": 365.2439492334995}, "K51-D150": {"K51-D160": 199.75728389691025}, "K54-U060": {"K54-U070": 196.84671570415009}, "K52-nU190": {"K52-nU200": 133.60018837034514}, "K51A-D070": {"K51A-D080": 87.57667601797938}, "K51-U110": {"K51-U120": 141.45527620017543}, "K52-nU090": {"K52-nU100": 130.82669779987148}, "K51-U050": {"K51-U060": 266.60339051654864}, "K51A-D210": {"K51A-D220": 74.18739988208651}, "K52-nD260": {"K52-nD270": 66.89523900784641}, "K53-D040": {"K53-D050": 79.49592178477569}, "K51-D220": {"K51-D230": 257.67837820286417}, "K52-nU160": {"K52-nU170": 52.388961501348284}, "K52-nD080": {"K52-nD090": 70.02963815581737}, "K51-D050": {"K51-D060": 61.291871612290606}, "K52-nD130": {"K52-nD140": 91.3944976242359}, "K52A-D120": {"K52A-D130": 51.40651581783967}, "K53-U130": {"K53-U140": 60.427465819031475}, "K54-D030": {"K54-D040": 63.293515312652325}, "K51-U170": {"K51-U180": 74.34615889775012}, "K52A-U060": {"K52A-U070": 143.10543280058582}, "K51-U200": {"K51-U210": 87.02434433673999}, "K51A-U230": {"K51A-U240": 39.18233547215962}, "K51-U070": {"K51-U080": 174.88360418624092}, "K51A-D240": {"K51A-D250": 53.12019475132477}, "K51A-U220": {"K51A-U230": 82.01195643910219}, "K51-D110": {"K51-D120": 56.88313310346913}, "K52-nD060": {"K52-nD070": 132.55034313867586}, "K51-U030": {"K51-U040": 67.04590629768524}, "K53-D170": {"K53-D180": 318.94430000972875}, "K51A-D150": {"K51A-D160": 131.0331590620463},