{"K68-U100": {"K68-U110": 191.8716197576191}, "K66-U160": {"K66-U170": 45.39822962499071}, "K66-D040": {"K66-D050": 50.18634776084718}, "K68-D110": {"K68-D120": 94.12427835223737}, "K66-U130": {"K66-U140": 52.592077738420116}, "K68-D020": {"K68-D030": 79.43972216147765}, "K68-U070": {"K68-U080": 28.184238027520728}, "K66-D230": {"K66-D240": 91.68649244399667}, "K65-D170": {"K65-D180": 94.35726326601903}, "K66-D050": {"K66-D060": 54.74441659010059}, "K66-D060": {"K66-D070": 54.400509976793806}, "K65-D010": {"K65-D020": 58.14058342056156}, "K66-D020": {"K66-D030": 70.52442977289726}, "K65-D100": {"K65-D110": 204.88967340719552}, "K65-U130": {"K65-U140": 31.11657042288103}, "K65-U220": {"K65-U230": 88.10923990545234}, "K66-D110": {"K66-D120": 45.20843673192864}, "K68-D200": {"K68-U011": 68.30072582592686}, "K66-U150": {"K66-U160": 55.21103427116661}, "K65-D040": {"K65-D050": 72.50075404928978}, "K66-D010": {"K66-D020": 13.661973476318062}, "K65-D090": {"K65-D100": 114.07138984692708}, "K66-U170": {"K66-U180": 30.05461172239942}, "K65-D020": {"K65-D030": 84.11835649085644}, "K68-D130": {"K68-D140": 62.1603391591314}, "K65-U050": {"K65-U060": 106.39832727149474}, "K66-U100": {"K66-U110": 77.148404334073}, "K65-U150": {"K65-U160": 54.01992698366617}, "K68-D080": {"K68-D090": 85.76756018354757}, "K66-D070": {"K66-D080": 58.840309283616634}, "K66-U180": {"K66-U190": 63.94755124190509}, "K66-D030": {"K66-D040": 82.15753033918955}, "K66-D180": {"K66-D190": 73.73045483358108}, "K65-U210": {"K65-U220": 78.1508235809657}, "K65-U080": {"K65-U090": 172.83850793182114}, "K66-U140": {"K66-U150": 39.35760355606989}, "K65-D120": {"K65-D130": 67.03541698222358}, "K65-D070": {"K65-D080": 149.5060804604076}, "K65-U190": {"K65-U200": 59.97901856781071}, "K66-U070": {"K66-U080": 211.25600240727394}, "K65-U110": {"K65-U120": 108.61827799677026}, "K68-U010": {"K68-U020": 94.29331334729552}, "K66-D160": {"K66-D170": 150.95926743351328}, "K68-D150": {"K68-D160": 78.45685749420738}, "K65-D160": {"K65-D170": 146.38988878015527}, "K65-D030": {"K65-D040": 70.43944284946544}, "K68-D100": {"K68-D110": 86.84383857706685}, "K66-U080": {"K66-U090": 179.0168250359788}, "K66-D210": {"K66-D220": 163.3547747574153}, "K66-D100": {"K66-D110": 52.344562481996505}, "K68-U150": {"K68-U160": 84.80509259815787}, "K65-U020": {"K65-U030": 140.9989237424076}, "K68-D170": {"K68-D180": 41.58372052042758}, "K66-D220": {"K66-D230": 80.69888074410885}, "K65-D110": {"K65-D120": 118.07476724316732}, "K66-D090": {"K66-D100": 45.77097814105893}, "K65-U040": {"K65-U050": 84.47160124178188}, "K65-D150": {"K65-D160": 106.62736009295745}, "K66-D150": {"K66-D160": 103.34774685596804}, "K66-U110": {"K66-U120": 33.31958927335383}, "K65-U030": {"K65-U040": 116.19378820232953}, "K66-U030": {"K66-U040": 152.56041386489818}, "K66-D080": {"K66-D090": 77.95178235407269}, "K66-U210": {"K66-U220": 48.444958492072104}, "K65-U100": {"K65-U110": 160.6902380880437}, "K65-D130": {"K65-D140": 96.04973963854476}, "K65-U060": {"K65-U070": 35.42565120267992}, "K65-D180": {"K65-D190": 115.72972928348229}, "K65-U170": {"K65-U180": 47.4005269132332}, "K66-D190": {"K66-D200": 92.01038218227659}, "K68-U080": {"K68-U090": 53.27765679169262}, "K68-D190": {"K68-D200": 50.294848934738596}, "K65-U090": {"K65-U100": 56.0861438886335}, "K65-U160": {"K65-U170": 56.41296547885539}, "K65-U180": {"K65-U190": 72.33396312243035}, "K65-D060": {"K65-D070": 97.51990473526152}, "K65-U140": {"K65-U150": 107.87877840577032}, "K66-U060": {"K66-U070": 148.6661930953}, "K68-D010": {"K68-D020": 44.234368394360295}, "K68-U120": {"K68-U130": 137.9048967665194}, "K66-D120": {"K66-D130": 77.52130009270537}, "K65-U120": {"K65-U130": 171.64963271906817}, "K65-D140": {"K65-D150": 118.82313914436013}, "K66-U090": {"K66-U100": 54.77466967777978}, "K66-D170": {"K66-D180": 211.89827191181104}, "K68-D070": {"K68-D080": 215.33541824628142}, "K65-U070": {"K65-U080": 68.30265389854546}, "K68-U050": {"K68-U060": 53.77142503586877}, "K66-D140": {"K66-D150": 103.56125453518807}, "K66-U020": {"K66-U030": 202.23434171630277}, "K65-D080": {"K65-D090": 68.73850774538177}, "K68-D060": {"K68-D070": 101.36335877756741}, "K68-D180": {"K68-D190": 31.226548981308962}, "K68-D090": {"K68-D100": 151.66009380214734}, "K66-U200": {"K66-U210": 54.37570028422417}, "K66-U050": {"K66-U060": 45.668805415963966}, "K68-U020": {"K68-U030": 39.995338684107836}, "K65-U010": {"K65-U020": 245.39196813774433}, "K66-U040": {"K66-U050": 132.47280250882972}, "K68-U040": {"K68-U050": 59.29013002308521}, "K66-D200": {"K66-D210": 136.84416385995206}, "K65-D050": {"K65-D060": 64.28502032942943}, "K66-D130": {"K66-D140": 37.56561779745272}, "K68-U110": {"K68-U120": 200.77733033516978, "K68-D090": 672.1}, "K66-U010": {"K66-U020": 129.7673899124833}, "K68-D120": {"K68-D130": 182.8788449619688}, "K68-D040": {"K68-D050": 107.8961186739436}, "K68-U140": {"K68-U150": 50.77851224593385}, "K66-U190": {"K66-U200": 67.72349232332593}, "K68-U160": {"K68-U170": 70.37558641219002}, "K68-U060": {"K68-U070": 105.93388341809502}, "K65-U200": {"K65-U210": 72.86151231422174}, "K66-U120": {"K66-U130": 54.96560432640031}, "K68-D050": {"K68-D060": 57.61440492308655}, "K68-D030": {"K68-D040": 100.77875186560502}, "K68-U170": {"K68-D010": 157.35752416012403}, "K68-U090": {"K68-U100": 225.595202663288}, "K68-D160": {"K68-D170": 76.12348041378}, "K68-D140": {"K68-D150": 41.5788922476428}, "K68-U130": {"K68-U140": 155.14194917596637}, "K68-U030": {"K68-U040": 27.854041856142004}, "K65A-U110": {"K65A-U120": 78.1}, "K65A-U100": {"K65A-U110": 61.60000000000001}}