{"KAT": {"DIH": 129.93157526132376, "SUW": 120.33102680907825}}