{"KSR": {"TWW": 595.5528763248288, "YUL": 240.75277491858765}}