{"KWH": {"KWF": 130.4900767569002, "TWH": 157.7923019223928}, "KWT": {"LAT": 123.70158754376567, "NTK": 125.19668725629208}, "KWF": {"KWH": 123.43887329460775, "LAK": 170.38306126160091}}