{"LCK": {"CSW": 130.11528820000004, "MEF": 130.22826641917746}}