{"MKK": {"HUH": 194.78258064218818, "KOT": 149.9517580301677}}