{"NAC": {"LAK": 248.65305520702245, "MEF": 181.77840329882682, "OLY": 94.22942370489248, "AUS": 210.01546853987566}}