{"NTK": {"KWT": 111.03743648000004, "KOB": 122.79569004058321}}