{"PRE": {"SKM": 128.21533212832952, "SSP": 131.37450200668724, "MOK": 130.10182275935193}}