{"SIH": {"TIS": 365.3152352996995, "TUM": 154.45019077378134}}