{"SSP": {"CSW": 121.64061132954744, "PRE": 128.0313717709893}}