{"SWH": {"TAK": 123.52742163734169, "SKW": 127.9737300297624}}