{"SYP": {"SHW": 139.71572743695737, "HKU": 94.09863439666017}}