{"TSY": {"LAK": 192.58283854485143, "AIR": 1492.557250978557, "KOW": 409.79071540533624, "SUN": 670.9626027438327}, "TSH": {"HEO": 132.2761667898881, "SHM": 222.67927325276014}, "TST": {"ADM": 182.7414129017152, "JOR": 124.16820081894703}, "TSW": {"TWH": 69.10235140529869}}