{"TUC": {"SUN": 901.7801680929249}, "TUM": {"SIH": 143.19961666293358}}