{"TWO": {"FAN": 314.7549094031077, "TAP": 179.13619762741098}, "TWW": {"MEF": 333.0154900247077, "KSR": 645.6336289994449}, "TWH": {"KWH": 137.77562164772831, "TSW": 83.81786365462318}}