{"UNI": {"FOT": 180.8679334991065, "TAP": 401.7234892285335}}