{"WAC": {"ADM": 130.7604061231961, "CAB": 186.9515830947135}}