{"YAT": {"TIK": 136.32590305895963, "LAT": 172.11673485627335, "QUB": 254.9240733308267}}