{"YMT": {"HOM": 136.63911009559908, "MOK": 116.83338586998563, "JOR": 131.5190765042659}}