{"1": {"2": 433.12979886113953, "6": 291.0752228960277}}