{"5": {"305": 80.14876329534397, "6": 117.5920400900774}}