{"AUS": {"NAC": 204.25379732499601, "ETS": 160.26012339427143}}