{"CHW": {"HFC": 101.69957723911118}, "CHH": {"DIH": 132.4279439905077, "KOB": 126.52046765136943}}