{"CKT": {"TAW": 118.06616409426962, "STW": 125.33684299269899}}