{"CSW": {"LCK": 129.38503604846423, "SSP": 128.89233650693612}}