{"DIS": {"SUN": 198.58233387484285}, "DIH": {"HIK": 308.7148357223369, "WTS": 129.6949613597739, "CHH": 114.5145483711108, "KAT": 155.07669949214818}}