{"ETS": {"AUS": 169.94881729980003, "HUH": 150.67327344320003}}