{"EXC": {"HUH": 180.40304886708387, "ADM": 70.02854437414416}}