{"FOT": {"SHT": 161.4453039674401, "UNI": 190.68451589660057}, "FOH": {"NOP": 126.96403367101894, "TIH": 128.46161972040665}}