{"HAH": {"TKO": 174.0633836554698, "POA": 128.56769003577537}}