{"HEO": {"TSH": 129.66704281473005, "MOS": 119.26495114524967}}