{"HKU": {"SYP": 124.30894206543353, "KET": 97.46110221758909}}