{"HUH": {"MKK": 163.91387810584018, "EXC": 199.34743861034534, "ETS": 206.00076343, "HOM": 124.44184381602633}}