{"K51-U190": {"K51-U200": 80.7167923279786}, "K52-nD130": {"K52-nD140": 88.99890860288329}, "K52A-D050": {"K52A-D060": 30.675814621371767}, "K51-U230": {"K51-U240": 49.82930239945109}, "K52A-D130": {"K52A-D140": 91.42413224104305}, "K52-nD250": {"K52-nD260": 185.4247562178976}, "K51-D140": {"K51-D150": 80.61548199603297}, "K52-nU290": {"K52-nU300": 34.58886760138202}, "K52-nD150": {"K52-nD160": 97.74971726215243}, "K52-nD160": {"K52-nD170": 151.89368550143436}, "K52-nD260": {"K52-nD270": 59.20664183850057}, "K51A-D090": {"K51A-D100": 52.05269588854691}, "K53-U070": {"K53-U080": 51.920749767220514}, "K51A-U010": {"K51A-U020": 51.83850631917583}, "K54-D010": {"K54-D020": 113.29665814204478}, "K53-U100": {"K53-U110": 65.94567276923793}, "K53-U030": {"K53-U040": 217.66907403145797}, "K51A-U080": {"K51A-U090": 175.12678414354653}, "K51-U210": {"K51-U220": 56.10327205632844}, "K52A-U010": {"K52A-U015": 301.89979567431635}, "K51A-D260": {"K51A-D270": 70.02819767806649}, "K51-U090": {"K51-U100": 151.01431250856294}, "K53-D110": {"K53-D120": 189.52037393149982}, "K51A-U220": {"K51A-U230": 83.5212940507665}, "K53-U110": {"K53-U120": 90.57202467962875}, "K52-nU040": {"K52-nU050": 83.5295122311925}, "K53-D050": {"K53-D060": 94.67908731064873}, "K53-D170": {"K53-D180": 321.613649027}, "K52-nD290": {"K52-nD300": 100.65439335127618}, "K54-D040": {"K54-D050": 173.1792171654474}, "K51-D200": {"K51-D210": 124.48450105340999}, "K54-D020": {"K54-D030": 157.27109598427998}, "K51A-U100": {"K51A-U110": 202.6436059755363}, "K52A-D090": {"K52A-D100": 60.130205016168944}, "K52-nU190": {"K52-nU200": 141.7999698572648}, "K51A-D050": {"K51A-D060": 78.03795951623322}, "K51A-U140": {"K51A-U150": 52.328607444569435}, "K52-nU280": {"K52-nU290": 42.29035694549585}, "K52-nD120": {"K52-nD130": 37.95032434667117}, "K51A-U150": {"K51A-U160": 116.61029156712637}, "K53-U120": {"K53-U130": 71.8620459455652}, "K51-D130": {"K51-D140": 52.680192482869344}, "K51A-U020": {"K51A-U030": 100.77123527109701}, "K51-U070": {"K51-U080": 200.49668157695118}, "K51-D060": {"K51-D070": 61.434969078197014}, "K51-U030": {"K51-U040": 77.11625301044342}, "K53-D160": {"K53-D170": 954.1596016898854, "K53-U011": 200.70170259571375}, "K51A-D120": {"K51A-D140": 133.67049572261558}, "K51A-D210": {"K51A-D220": 77.86873616643092}, "K53-U090": {"K53-U100": 121.78496259739163}, "K51A-D110": {"K51A-D120": 55.07768657920822}, "K53-D030": {"K53-D040": 67.98082175318044}, "K52A-U130": {"K52A-U140": 61.33737305932285}, "K54-U030": {"K54-U040": 122.92798036753811}, "K53-U040": {"K53-U050": 135.53359942080618}, "K51A-U210": {"K51A-U220": 69.08980814510748}, "K52A-U090": {"K52A-U100": 93.31646138416396}, "K53-D100": {"K53-D110": 83.56334001483313}, "K54-U020": {"K54-U030": 155.62684624880166}, "K51A-D170": {"K51A-D180": 158.05448026207998}, "K51-U080": {"K51-U090": 172.44344905464362}, "K51A-D040": {"K51A-D050": 91.42076089889136}, "K51A-D010": {"K51A-D020": 53.70467050089452}, "K53-U140": {"K53-D010": 82.66489552986025}, "K52A-D180": {"K52A-D190": 119.77209790148947}, "K51A-U230": {"K51A-U240": 39.86558411023699}, "K52-nU260": {"K52-nU270": 63.40290708107756}, "K51-D230": {"K51-D240": 83.95853504786827}, "K51-D020": {"K51-D030": 60.84696351169932}, "K53-U130": {"K53-U140": 57.903392572604886}, "K53-D130": {"K53-D140": 102.9643796537542}, "K53-U060": {"K53-U070": 70.67881794275391}, "K51A-U130": {"K51A-U140": 71.44163024443739}, "K51A-U090": {"K51A-U100": 148.83837499417743}, "K52-nD170": {"K52-nD180": 114.01653348609405}, "K51-D110": {"K51-D120": 50.8779148606281}, "K52-nU120": {"K52-nU140": 119.35602977627521}, "K52A-U050": {"K52A-U060": 63.31156830401426}, "K52A-D040": {"K52A-D050": 13.69495684210832}, "K52A-U170": {"K52A-U180": 315.4415253752584}, "K52-nU140": {"K52-nU150": 166.9189150897354}, "K51-D050": {"K51-D060": 56.938375358174724}, "K52A-U015": {"K52A-U020": 155.21552661365064}, "K52-nD140": {"K52-nD150": 114.45644915577591}, "K52-nD240": {"K52-nD250": 162.82641500208598}, "K58-D010": {"K58-D020": 19.481}, "K52A-U120": {"K52A-U130": 65.00871427508098}, "K51A-U070": {"K51A-U080": 213.98796494767984}, "K52-nD010": {"K52-nD020": 15.81124380593262}, "K52A-U100": {"K52A-U110": 77.55319970908353}, "K52-nD180": {"K52-nD190": 142.71048385558237}, "K52A-D120": {"K52A-D130": 44.52037848940442}, "K52-nU240": {"K52-nU250": 63.52060785677496}, "K52-nU080": {"K52-nU090": 85.13296836896117}, "K51A-D160": {"K51A-D170": 163.49085225309665}, "K51-U140": {"K51-U150": 53.92305061583819}, "K51-U100": {"K51-U110": 205.25358433010803}, "K53-U050": {"K53-U060": 144.56211048106434}, "K51A-D200": {"K51A-D210": 278.67471617269405}, "K52-nD090": {"K52-nD100": 59.56527184519399}, "K51A-D190": {"K51A-D200": 178.38696666380503}, "K51A-D140": {"K51A-D150": 90.7586995636103}, "K53-D080": {"K53-D090": 56.091862382150566}, "K52-nU070": {"K52-nU080": 111.0915300855739}, "K52-nD200": {"K52-nD210": 133.13106796}, "K54-D060": {"K54-D070": 148.84984388487845}, "K53-U010": {"K53-U020": 268.0507590054625, "K53-D180": 826.5128906980015}, "K51-U010": {"K51-U020": 72.71942260598817}, "K51-U120": {"K51-U130": 161.78598522074122}, "K52A-D070": {"K52A-D080": 103.79597933804648}, "K52-nD110": {"K52-nD120": 161.61154786470115}, "K52A-D060": {"K52A-D070": 139.55746102990813}, "K54-U040": {"K54-U050": 164.14747158896884}, "K54-U060": {"K54-U070": 200.79103448213897}, "K51-D030": {"K51-D040": 43.514344057030016}, "K53-D120": {"K53-D130": 71.41269918863297}, "K53-U020": {"K53-U030": 146.02487906242405, "K53-D160": 1000.379941065358}, "K53-D015": {"K53-D020": 52.56562227222922}, "K52A-U060": {"K52A-U070": 155.89725572665537}, "K52-nD030": {"K52-nD040": 34.019150714415765}, "K51A-U050": {"K51A-U060": 274.83189978391806}, "K52-nD020": {"K52-nD030": 32.36464524181062}, "K54-D030": {"K54-D040": 64.878704374955}, "K52-nU220": {"K52-nU230": 102.57969285700747}, "K51A-U170": {"K51A-U180": 73.9080198981018}, "K51-D100": {"K51-D110": 156.64222779383005}, "K51A-U110": {"K51A-U120": 133.1254612703485}, "K51-D220": {"K51-D230": 263.34166256724797}, "K52-nD230": {"K52-nD240": 155.87910470352796}, "K52-nD050": {"K52-nD060": 36.908628371036514}, "K52-nD060": {"K52-nD070": 129.4965149269173}, "K53-U080": {"K53-U090": 86.64341873139689}, "K52A-U080": {"K52A-U090": 74.84158287529232}, "K53-D010": {"K53-D015": 105.58689564422184}, "K51A-U240": {"K51A-U250": 68.25285220660025}, "K52-nU160": {"K52-nU170": 53.64173169321613}, "K53-D040": {"K53-D050": 80.58562420759907}, "K58-D030": {"K58-D040": 91.30000000000001}, "K52A-D140": {"K52A-D150": 107.7232687954654}, "K58-U040": {"K58-U050": 80.30000000000001}, "K51-U180": {"K51-U190": 102.30256202502815}, "K52-nD220": {"K52-nD230": 135.37305076464787}, "K52-nU300": {"K52-nU310": 40.419508389199464}, "K51A-U120": {"K51A-U130": 153.7528958168794}, "K53-D190": {"K53-U011": 461.4975578696816}, "K51A-D080": {"K51A-D090": 161.378754591961}, "K53-D150": {"K53-D160": 166.5848159564456}, "K53-D020": {"K53-D030": 103.32942343281206}, "K53-D090": {"K53-D100": 51.737417374332736}, "K52A-D110": {"K52A-D120": 153.1970512337119}, "K51A-U160": {"K51A-U170": 86.896776681}, "K52-nU270": {"K52-nU280": 163.5240514588326}, "K54-U010": {"K54-U020": 65.08591043050296}, "K51A-D070": {"K51A-D080": 88.35915432042852}, "K51-U050": {"K51-U060": 274.50405613555466}, "K51A-U190": {"K51A-U200": 72.3658169868954}, "K51-D040": {"K51-D050": 48.11808207175456}, "K51-U200": {"K51-U210": 83.6680051544837}, "K51-D180": {"K51-D190": 152.94742507840027}, "K52A-D010": {"K52A-D020": 277.2241479122243}, "K52-nU030": {"K52-nU040": 139.3894261950299}, "K52-nU110": {"K52-nU120": 161.5769511904444}, "K51-D010": {"K51-D020": 87.040306310999}, "K51-D160": {"K51-D170": 72.96453825230768}, "K51-U220": {"K51-U230": 68.4214269897828}, "K52-nD210": {"K52-nD220": 207.01736844063754}, "K51A-D180": {"K51A-D190": 126.74986845221315}, "K53-D140": {"K53-D150": 153.32826439768567}, "K51A-U200": {"K51A-U210": 60.749308370235156}, "K52-nU050": {"K52-nU060": 261.20893413795494},