{"K65-U080": {"K65-U090": 165.31180988146974}, "K65-D020": {"K65-D030": 83.68622912143815}, "K65-D030": {"K65-D040": 68.44437208379732}, "K65-U150": {"K65-U160": 50.477241367419346}, "K68-U010": {"K68-U020": 94.77213333916993}, "K66-U020": {"K66-U030": 197.28038695121137}, "K65-D070": {"K65-D080": 129.31983063094987}, "K66-U140": {"K66-U150": 42.770383828378776}, "K65-D010": {"K65-D020": 47.207947765660705}, "K65-U110": {"K65-U120": 110.60577183886247}, "K65-U070": {"K65-U080": 69.40418269688158}, "K66-D180": {"K66-D190": 80.29911302599533}, "K65-D080": {"K65-D090": 62.675612586171766}, "K68-D030": {"K68-D040": 85.02584199141253}, "K68-D060": {"K68-D070": 85.64232972409101}, "K66-U060": {"K66-U070": 180.53264402090406}, "K68-D100": {"K68-D110": 97.1250110077472}, "K65-D040": {"K65-D050": 77.7238441792638}, "K65-U030": {"K65-U040": 99.76069559458873}, "K66-U160": {"K66-U170": 50.0213622181761}, "K66-D030": {"K66-D040": 84.98442723462233}, "K68-D110": {"K68-D120": 93.05453182340705}, "K66-U150": {"K66-U160": 58.155600409014575}, "K68-D170": {"K68-D180": 68.75974857619998}, "K65-U130": {"K65-U140": 108.22693712479213}, "K66-D010": {"K66-D020": 25.953183862145107}, "K66-U050": {"K66-U060": 48.661722753008306}, "K68-U040": {"K68-U050": 48.449215208999995}, "K66-U130": {"K66-U140": 54.728371742921695}, "K65-D060": {"K65-D070": 93.18126503491985}, "K68-U140": {"K68-U150": 45.85536586213}, "K66-D020": {"K66-D030": 76.00510038731386}, "K68-D120": {"K68-D130": 180.16294468840968}, "K66-D190": {"K66-D200": 86.97558364581839}, "K66-U010": {"K66-U020": 143.23292477312677}, "K65-U210": {"K65-U220": 84.66503102973736}, "K68-D040": {"K68-D050": 109.6772102129308}, "K68-D070": {"K68-D080": 192.97849519289608}, "K66-U110": {"K66-U120": 39.239991419569}, "K66-U070": {"K66-U080": 207.03894755304037}, "K66-U200": {"K66-U210": 55.5582323429349}, "K66-D160": {"K66-D170": 138.5958660352485}, "K66-U170": {"K66-U180": 31.512595834041985}, "K65-D150": {"K65-D160": 106.52875602539552}, "K68-U120": {"K68-U130": 145.14329209835998}, "K65-D160": {"K65-D170": 156.21359738598306}, "K68-U100": {"K68-U110": 174.1875977656193}, "K65-U090": {"K65-U100": 64.43868260354463}, "K66-D230": {"K66-D240": 89.56645080222003}, "K65-D090": {"K65-D100": 112.1593672261213}, "K66-D070": {"K66-D080": 54.22094948512289}, "K66-U100": {"K66-U110": 76.45531741450736}, "K68-D160": {"K68-D170": 69.8416333917216}, "K68-D190": {"K68-D200": 58.08010399268393}, "K66-U180": {"K66-U190": 66.11555771378801}, "K66-U190": {"K66-U200": 65.47962658946366}, "K65-D130": {"K65-D140": 101.04462636229707}, "K66-D040": {"K66-D050": 44.338729622137734}, "K66-U090": {"K66-U100": 50.7571706879752}, "K65-U140": {"K65-U150": 98.6271549540938}, "K65-U100": {"K65-U110": 169.5253265195303}, "K65-D050": {"K65-D060": 63.075944747593454}, "K66-U120": {"K66-U130": 48.95094454012154}, "K68-U030": {"K68-U040": 29.13728051613459}, "K68-D200": {"K68-U011": 77.83313620757289}, "K66-D080": {"K66-D090": 65.17857366754727}, "K68-D140": {"K68-D150": 49.88643123848432}, "K66-D170": {"K66-D180": 217.4776044917979}, "K66-D130": {"K66-D140": 38.53781240108332}, "K65-U190": {"K65-U200": 62.97478480137477}, "K68-D180": {"K68-D190": 39.58192744787249}, "K65-D170": {"K65-D180": 109.52620572691485}, "K65-D110": {"K65-D120": 117.46085645836851}, "K68-D150": {"K68-D160": 66.3665454160754}, "K66-D060": {"K66-D070": 48.2456029102854}, "K68-U050": {"K68-U060": 48.578218809999996}, "K66-U210": {"K66-U220": 49.305623124441055}, "K66-U040": {"K66-U050": 126.97408256062829}, "K65-D140": {"K65-D150": 110.58625413385417}, "K66-D090": {"K66-D100": 45.77391065730286}, "K65-U180": {"K65-U190": 82.34430297784154}, "K68-U160": {"K68-U170": 62.284440994402}, "K66-D100": {"K66-D110": 52.48069791768073}, "K66-D220": {"K66-D230": 93.59021795397155}, "K68-U060": {"K68-U070": 75.59917995200001}, "K65-U120": {"K65-U130": 172.4149167347803}, "K68-U150": {"K68-U160": 88.67520653816516}, "K65-U060": {"K65-U070": 41.70227419155022}, "K66-U080": {"K66-U090": 175.2094043262279}, "K68-U090": {"K68-U100": 165.8041163647322}, "K66-U030": {"K66-U040": 162.40884328359732}, "K65-D120": {"K65-D130": 71.46586332295294}, "K65-U040": {"K65-U050": 93.91921883266238}, "K65-U170": {"K65-U180": 54.92179450101837}, "K66-D200": {"K66-D210": 138.11562570721497}, "K65-D100": {"K65-D110": 209.3709042442559}, "K66-D050": {"K66-D060": 46.50634731796184}, "K65-U050": {"K65-U060": 103.14467589386304}, "K65-U200": {"K65-U210": 85.66583450628647}, "K68-D010": {"K68-D020": 49.11676995463044}, "K65-U010": {"K65-U020": 313.42225399999995}, "K68-U130": {"K68-U140": 164.5080343386947}, "K66-D210": {"K66-D220": 149.86846604514497}, "K68-D090": {"K68-D100": 150.03521335911904}, "K68-D130": {"K68-D140": 63.992772034730024}, "K68-D020": {"K68-D030": 83.10196333905}, "K65-D180": {"K65-D190": 134.6548919288636}, "K66-D140": {"K66-D150": 90.95604950498343}, "K66-D110": {"K66-D120": 47.645531394083065}, "K65-U020": {"K65-U030": 134.7993106192}, "K68-U080": {"K68-U090": 46.53691266602338}, "K68-D080": {"K68-D090": 83.82015687}, "K66-D120": {"K66-D130": 73.94484902327409}, "K65-U220": {"K65-U230": 86.14537500459873}, "K68-U020": {"K68-U030": 32.99593177498518}, "K65-U160": {"K65-U170": 55.95887760126995}, "K68-U070": {"K68-U080": 32.64760290000001}, "K66-D150": {"K66-D160": 84.116234876}, "K68-D050": {"K68-D060": 64.658933426}, "K68-U170": {"K68-D010": 159.50993459}, "K68-U110": {"K68-U120": 195.09187675100003}}