{"K76-D020": {"K76-D030": 127.02227820812122}, "K73-U050": {"K73-U060": 106.02577628601455}, "K73-D020": {"K73-D030": 107.40106972135285}, "K76-D030": {"K76-D040": 61.225893203382135}, "K75P-D040": {"K75P-D050": 169.65614454893552}, "K74-D020": {"K74-D030": 159.523741686768}, "K75P-U100": {"K75P-U110": 58.38413326652392}, "K73-U110": {"K73-U120": 243.82728890298512}, "K73-U100": {"K73-U110": 267.11459747761285}, "K74-D060": {"K74-D070": 147.95328319332285}, "K75P-D020": {"K75P-D030": 37.20981918084144}, "K74-U090": {"K74-U100": 235.45569382847057}, "K75P-U010": {"K75P-U020": 92.85583922952586}, "K73-U060": {"K73-U070": 136.4562326223588}, "K75A-U030": {"K75A-D010": 241.4372433289444}, "K75P-D070": {"K75P-D080": 93.457627283381}, "K73-U080": {"K73-U110": 197.11512597880127, "K73-U090": 300.70709858227366}, "K75P-D010": {"K75P-D020": 133.22257624172008}, "K74-U080": {"K74-U090": 243.47629440892274}, "K73-U030": {"K73-U040": 95.02642724697901}, "K76-U010": {"K76-U020": 68.7422135647777}, "K75A-D110": {"K75A-U011": 161.35807046913578}, "K73-D150": {"K73-D160": 48.11947383477986}, "K76-D010": {"K76-D020": 308.9523487732107}, "K74-D100": {"K74-D110": 81.36368138425573}, "K73-D110": {"K73-D120": 84.04417560720613}, "K75P-D080": {"K75P-U011": 138.90002855469226}, "K75P-D050": {"K75P-D060": 75.71879057435862}, "K74-U007": {"K74-U010": 230.28339628067994}, "K76-U030": {"K76-U040": 256.86214423534693}, "K73-D050": {"K73-D070": 98.34978305721474}, "K75P-U110": {"K75P-U120": 85.58954510899632}, "K73-U090": {"K73-U100": 115.87937835441976}, "K75A-D030": {"K75A-D040": 48.25765653577903}, "K73-U010": {"K73-U020": 68.2564996492177}, "K73-U070": {"K73-U080": 156.0767573385991}, "K75P-U090": {"K75P-U100": 43.94654795670193}, "K76-U020": {"K76-U030": 153.3336535331533}, "K75A-D050": {"K75A-D060": 69.41289194756641}, "K75P-U120": {"K75P-U130": 66.34738272100677}, "K75P-U030": {"K75P-U040": 116.27318332005284}, "K73-D040": {"K73-D050": 95.6564475696686}, "K74-D010": {"K74-D020": 152.9444684970696}, "K75P-U050": {"K75P-U060": 144.86174822693937}, "K75A-D080": {"K75A-D090": 118.9533157049041}, "K73-U040": {"K73-U060": 219.07574902766115, "K73-U050": 114.1735061808595}, "K74-D080": {"K74-D090": 160.49617480238538}, "K75P-D060": {"K75P-D070": 180.61328170260543}, "K73-D140": {"K73-D150": 176.15039412066943}, "K74-U040": {"K74-U050": 197.27543972329255}, "K75P-U080": {"K75P-U090": 45.72727182852091}, "K74-U100": {"K74-D010": 125.09016213410021}, "K74-U060": {"K74-U070": 136.51776762417006}, "K75P-U040": {"K75P-U050": 108.97720277450574}, "K75A-D020": {"K75A-D030": 27.199772025675536}, "K75A-D010": {"K75A-D020": 224.4805932636637}, "K75P-U070": {"K75P-U080": 115.44229121790423}, "K75A-U010": {"K75A-U020": 46.869185905173154}, "K75P-U140": {"K75P-D010": 144.21867248792162}, "K75P-U020": {"K75P-U030": 106.9989081245737}, "K74-U030": {"K74-U040": 290.67202663215073}, "K74-D090": {"K74-U011": 77.73876341247241}, "K73-D120": {"K73-D130": 105.76544256426382}, "K76-U040": {"K76-U050": 168.87089496249072}, "K75A-D040": {"K75A-D050": 52.19868211230789}, "K74-D110": {"K74-U002": 171.75637600330006}, "K73-D070": {"K73-D080": 179.77137856188816}, "K73-D030": {"K73-D040": 136.05400439326934}, "K75P-U130": {"K75P-U140": 41.64476461941119}, "K74-U011": {"K74-D100": 178.78740460922}, "K73-D130": {"K73-D140": 139.25940736409126}, "K73-D100": {"K73-D110": 194.46331448310556}, "K73-D090": {"K73-D100": 83.44628613360784}, "K73-U020": {"K73-U030": 173.87869738549938}, "K74-D040": {"K74-D050": 80.2753930587977}, "K74-D070": {"K74-D080": 248.96576700637343}, "K74-U010": {"K74-U020": 167.21271699850251}, "K75A-D070": {"K75A-D080": 46.03108028903192}, "K74-U001": {"K74-U004": 157.7377406913888}, "K74-D050": {"K74-D060": 92.3930061087747}, "K75P-U060": {"K75P-U070": 26.029872602310803}, "K75A-U020": {"K75A-U030": 131.5292138225278}, "K74-U050": {"K74-U060": 234.62127258130005}, "K75A-D100": {"K75A-D110": 97.70266448407043}, "K75A-D090": {"K75A-D100": 50.16741183387831}, "K74-U004": {"K74-U007": 89.7042970681}, "K75P-D030": {"K75P-D040": 117.95259745394819}, "K73-D080": {"K73-D090": 253.0200877819133}, "K73-D010": {"K73-D020": 78.08579333918189}, "K75A-D060": {"K75A-D070": 42.79203314781325}, "K74-U020": {"K74-U030": 119.11290803034986}, "K74-U070": {"K74-U080": 157.23608993088743}, "K74-D030": {"K74-D040": 147.12805421903266}}