{"KAT": {"DIH": 131.66371841284, "SUW": 125.49597648730303}}