{"KWH": {"KWF": 128.22558771801886, "TWH": 152.02009243682767}, "KWT": {"NTK": 128.88081627634818, "LAT": 132.07354240462695}, "KWF": {"KWH": 130.536620155266, "LAK": 165.37009790004882}}