{"LAK": {"TSY": 192.55873359284118, "NAC": 257.6453696433722, "MEF": 136.27495010048008, "KWF": 150.35509028890672}, "LAT": {"YAT": 120.83853400569288, "KWT": 123.20795909730391}}