{"LCK": {"CSW": 131.48326195645998, "MEF": 129.24609569267287}}