{"MEF": {"NAC": 181.63743049005882, "LCK": 127.55596117579576, "LAK": 135.4590525094772, "TWW": 346.96928051957065}}