{"MOK": {"YMT": 124.39294831108455, "PRE": 117.16803363645197}, "MOS": {"HEO": 134.135925595426, "WKS": 165.18092081036218}}