{"NAC": {"LAK": 258.1663242549924, "OLY": 95.21727995221207, "MEF": 184.91933263424542, "AUS": 205.38437954556935}}