{"NTK": {"KWT": 112.34121378566162, "KOB": 132.54581651512893}}