{"OCP": {"WCH": 133.4105502413056, "ADM": 287.63199180478654}}