{"OLY": {"KOW": 124.56814382835474, "NAC": 130.6496083152154}}