{"PRE": {"MOK": 126.96613748901004, "SKM": 126.83755886669587, "SSP": 128.89093604071198}}