{"QUB": {"YAT": 262.4249893862449, "NOP": 123.07647981028943, "TAK": 128.74117864351803}}