{"SIH": {"TIS": 375.15050070508494, "TUM": 154.44515407856167}}