{"SKW": {"SWH": 94.4202912764134, "HFC": 143.77542667672114}, "SKM": {"KOT": 145.52221700907126, "PRE": 119.71630387564399}}