{"SUN": {"DIS": 198.58233387484285, "TSY": 571.2129027042238, "TUC": 823.8868280990746}, "SUW": {"KAT": 129.26878997945, "TKW": 134.51115225468806}}