{"SWH": {"TAK": 126.40549361823055, "SKW": 117.0606846192068}}