{"TAW": {"KOT": 289.11974757793917, "SHT": 123.07608107495264, "HIK": 154.5759816398625, "CKT": 205.66954713572582}, "TAP": {"UNI": 360.3398607955155, "TWO": 151.49368062531659}, "TAK": {"SWH": 123.76366704782905, "QUB": 132.1652652123248}}