{"TKO": {"TIK": 184.01685415880337, "LHP": 131.34901694494096, "HAH": 181.66636333198232}, "TKW": {"SUW": 132.1699634158989, "HOM": 136.32350714185233}}