{"TSY": {"AIR": 1498.3091949979867, "KOW": 436.6794404544453, "SUN": 731.5757267705815, "LAK": 196.27160911213872}, "TSW": {"TWH": 70.759420280523}, "TST": {"ADM": 190.05988508046408, "JOR": 107.47318948564603}, "TSH": {"SHM": 228.1445691012621, "HEO": 133.48955302455303}}