{"TUC": {"SUN": 807.1472490263901}, "TUM": {"SIH": 150.52427470909961}}