{"UNI": {"TAP": 379.62237684935894, "FOT": 191.94101893657017}}