{"WAC": {"ADM": 130.69583659137953, "CAB": 159.78132556374544}}