{"WTS": {"LOF": 132.16199620758, "DIH": 118.36325962261246}}