{"YAT": {"QUB": 260.4407563330283, "TIK": 128.1010570328624, "LAT": 180.182765074101}}