{"YMT": {"JOR": 126.01436994255846, "MOK": 106.32499212138596, "HOM": 143.34317222713827}}