{"YUL": {"LOP": 138.6199926756746, "KSR": 242.5726949779608}}