{"1": {"6": 188.18586815755168, "2": 198.98236623712083}}