{"AIR": {"TSY": 1564.7077838015707, "AWE": 118.71352071877575}}