{"AUS": {"NAC": 210.401494824992, "ETS": 147.961148753}}