{"CHW": {"HFC": 104.43248890171529}, "CHH": {"DIH": 116.97106555286219, "KOB": 138.1493925043301}}