{"CIO": {"SHM": 125.34048004968263, "STW": 125.76905084358059}}