{"CKT": {"STW": 105.9026325234, "TAW": 99.57510461967493}}