{"EXC": {"HUH": 170.40012387787425, "ADM": 68.94436261252687}}