{"FOT": {"SHT": 207.1441490789785, "UNI": 186.50723617357013}, "FOH": {"TIH": 121.56812547048273, "NOP": 126.89826481499999}}