{"HAH": {"TKO": 139.35952105189102, "POA": 125.86936283852503}}