{"HEO": {"MOS": 132.65474777234834, "TSH": 133.430666754408}}