{"HFC": {"SKW": 160.82341416966173, "CHW": 141.70263425694253}}