{"HIK": {"TAW": 132.93469766130005, "DIH": 310.51127377409085}}