{"HKU": {"SYP": 127.24850057141461, "KET": 96.90589917396525}}