{"HOK": {"KOW": 193.6654991765726}, "HOM": {"YMT": 110.1485171125682, "HUH": 139.879626, "TKW": 131.3119393036239, "WHA": 85.42968183313235}}