{"JOR": {"TST": 104.91815318908903, "YMT": 121.51424701198293}}