{"K18-D020": {"K18-D030": 57.690184874802796}, "K18-U020": {"K18-U030": 65.08695173196729}, "K18-U010": {"K18-U020": 231.99746339073437}, "K17-U010": {"K17-U020": 263.9944308711408}, "K17-U030": {"K17-U040": 47.05902988292886}, "K17-D020": {"K17-D030": 63.46498010622899}, "K17-U020": {"K17-U030": 153.3529301322023}, "K12-D020": {"K12-D030": 373.18606316533175}, "K12-D030": {"K12-D040": 17.14213240638906}, "K12-U020": {"K12-U030": 225.53002705785048}, "K18-D010": {"K18-D020": 253.99715851713546}, "K17-D010": {"K17-D020": 344.6616711243571}, "K12-U010": {"K12-U020": 272.77026653601655}, "K12-D010": {"K12-D020": 165.90216255505493}}