{"K51-D230": {"K51-D240": 87.50336046051275}, "K52A-D140": {"K52A-D150": 109.76112185754513}, "K53-U080": {"K53-U090": 84.18970341553728}, "K51-U090": {"K51-U100": 168.30388321332003}, "K52A-U070": {"K52A-U080": 88.49890162161508}, "K52A-D170": {"K52A-D180": 98.52692038741759}, "K53-U100": {"K53-U110": 70.50796985051053}, "K51A-D190": {"K51A-D200": 205.03724103204695}, "K52-nU150": {"K52-nU160": 90.95428723849548}, "K51A-U230": {"K51A-U240": 36.207087506504706}, "K51-U160": {"K51-U170": 113.3283479500498}, "K52A-D060": {"K52A-D070": 134.85268568172276}, "K53-D030": {"K53-D040": 74.40929428532698}, "K52A-D150": {"K52A-D160": 101.35763620627286}, "K53-D010": {"K53-D015": 107.82493809618984}, "K54-U070": {"K54-D010": 184.47985983626896}, "K51A-D150": {"K51A-D160": 122.21001352434965}, "K52A-D120": {"K52A-D130": 51.26597733765311}, "K52-nD130": {"K52-nD140": 85.93774485901652}, "K51A-D030": {"K51A-D040": 42.45816883223959}, "K51A-D230": {"K51A-D240": 150.55394074726118}, "K51-D240": {"K51-D250": 140.14296351830453}, "K53-D015": {"K53-D020": 52.41667747394674}, "K52A-D080": {"K52A-D090": 65.3398370869441}, "K52-nU100": {"K52-nU110": 184.3217742387176}, "K53-D040": {"K53-D050": 80.43307655950603}, "K53-D120": {"K53-D130": 69.14881878114792}, "K53-U060": {"K53-U070": 71.06865274417214}, "K53-U110": {"K53-U120": 94.62595130263755}, "K52A-D040": {"K52A-D050": 14.264569791931711}, "K51-U210": {"K51-U220": 50.682672849136}, "K51-U010": {"K51-U020": 31.58221010684685}, "K52A-U150": {"K52A-U160": 38.50288788495989}, "K53-D050": {"K53-D060": 92.07361932312503}, "K52-nU260": {"K52-nU270": 45.83072400198313}, "K53-D110": {"K53-D120": 188.60973251086753}, "K51A-U240": {"K51A-U250": 72.59048478335171}, "K51A-D140": {"K51A-D150": 77.69324553557587}, "K51A-U090": {"K51A-U100": 158.71107029945102}, "K53-U130": {"K53-U140": 58.05260245223485}, "K54-U010": {"K54-U020": 76.50431400949324}, "K52-nD190": {"K52-nD200": 191.48309488561293}, "K51-D070": {"K51-D080": 67.2609603178649}, "K51A-U060": {"K51A-U070": 330.5434385627999}, "K53-D020": {"K53-D030": 107.0357942835476}, "K51-D270": {"K51-D280": 90.67565663235821}, "K52-nD220": {"K52-nD230": 137.82591220907545}, "K51A-U190": {"K51A-U200": 67.82872353210635}, "K52-nU300": {"K52-nU310": 43.08703888746642}, "K51-U050": {"K51-U060": 275.25060679637136}, "K53-U050": {"K53-U060": 159.97682023237894}, "K51A-D100": {"K51A-D110": 55.65573639120777}, "K52-nD100": {"K52-nD110": 65.98388874090239}, "K51A-D220": {"K51A-D230": 133.6649991248989}, "K52A-U015": {"K52A-U020": 155.94531445473052}, "K52-nU210": {"K52-nU220": 72.23527682884367}, "K51-D060": {"K51-D070": 59.17379335624005}, "K51-U110": {"K51-U120": 144.27999128799996}, "K51-D020": {"K51-D030": 61.228120956904704}, "K51-U100": {"K51-U110": 215.0550645098594}, "K51A-D240": {"K51A-D250": 61.38673391089492}, "K53-U120": {"K53-U130": 68.57845802355276}, "K52-nU060": {"K52-nU070": 190.09434535037002}, "K52-nU190": {"K52-nU200": 142.3620436677349}, "K52-nU110": {"K52-nU120": 164.0819925569769}, "K53-D100": {"K53-D110": 79.34859245691393}, "K54-U050": {"K54-U060": 391.50773828096334}, "K51-U040": {"K51-U050": 121.3499080156427}, "K51A-U140": {"K51A-U150": 63.67621372296943}, "K52-nU010": {"K52-nU020": 35.695871292537056}, "K52A-U010": {"K52A-U015": 299.7642225173764}, "K52A-U020": {"K52A-U030": 87.24787236606475}, "K53-U030": {"K53-U040": 236.52712297793272}, "K51A-U100": {"K51A-U110": 228.59158169405924}, "K52A-U080": {"K52A-U090": 70.91439047793656}, "K53-D140": {"K53-D150": 180.96972661338225}, "K51-D110": {"K51-D120": 55.01212400517122}, "K52-nU240": {"K52-nU250": 64.386484918998}, "K54-U020": {"K54-U030": 151.40712623315176}, "K51-D260": {"K51-D270": 58.034591794287145}, "K51A-U170": {"K51A-U180": 71.06440387371842}, "K52A-U120": {"K52A-U130": 59.68281299113945}, "K51A-U220": {"K51A-U230": 82.10954594853794}, "K53-U070": {"K53-U080": 52.831814897467765}, "K52-nU230": {"K52-nU240": 84.14438371903887}, "K51-U150": {"K51-U160": 104.90603095321289}, "K52-nU140": {"K52-nU150": 180.43857630621912}, "K53-D070": {"K53-D080": 45.04675898553881}, "K53-U040": {"K53-U050": 135.1967471591868}, "K53-D060": {"K53-D070": 168.64443519788455}, "K51-U070": {"K51-U080": 239.03096696676494}, "K51-D010": {"K51-D020": 76.80798203100001}, "K51-D090": {"K51-D100": 99.9651164659859}, "K51A-D180": {"K51A-D190": 134.73249479690213}, "K52-nD080": {"K52-nD090": 66.56441304909251}, "K52-nD170": {"K52-nD180": 104.9544670614008}, "K52A-D160": {"K52A-D170": 148.04660097567248}, "K51A-D080": {"K51A-D090": 160.70678593647352}, "K53-D090": {"K53-D100": 47.671082585538436}, "K52-nD090": {"K52-nD100": 58.59866632453268}, "K51A-D060": {"K51A-D070": 81.53909565101613}, "K54-D040": {"K54-D050": 185.14409701487685}, "K52A-D030": {"K52A-D040": 20.458826091163232}, "K52-nD230": {"K52-nD240": 162.3283980801794}, "K52-nD040": {"K52-nD050": 28.553171830248697}, "K54-U040": {"K54-U050": 189.2269811972484}, "K52-nU040": {"K52-nU050": 74.19439905899341}, "K53-D080": {"K53-D090": 50.15916460261194}, "K52-nU220": {"K52-nU230": 104.52254885909099}, "K53-D130": {"K53-D140": 127.98563465271093}, "K52-nD250": {"K52-nD260": 190.22466727118925}, "K52-nU090": {"K52-nU100": 136.32145234049102}, "K52-nU160": {"K52-nU170": 42.78121034480892}, "K51-D120": {"K51-D130": 56.73561745710856}, "K51-U220": {"K51-U230": 69.40506163211057}, "K54-D050": {"K54-D060": 96.71115361476969}, "K51A-U020": {"K51A-U030": 113.47420003361078}, "K52A-D010": {"K52A-D020": 324.0854038280116}, "K52-nU030": {"K52-nU040": 144.33836108577643}, "K52A-U130": {"K52A-U140": 60.041052344699075}, "K54-U060": {"K54-U070": 237.30745849482128}, "K52A-U090": {"K52A-U100": 98.10733020110476}, "K51-D180": {"K51-D190": 189.4217747450415}, "K51A-U180": {"K51A-U190": 97.5648581034293}, "K52A-D020": {"K52A-D030": 26.303863497180828}, "K58-U026": {"K58-U030": 136.1547}, "K58-U150": {"K58-U160": 266.20000000000005}, "K58-U040": {"K58-U050": 123.2}, "K58-U200": {"K58-U210": 67.10000000000001}, "K58-U070": {"K58-U080": 129.8}, "K54-D020": {"K54-D030": 216.63417444786472}, "K54-U030": {"K54-U040": 135.92401049222553}, "K52A-U030": {"K52A-U040": 44.22552084381175}, "K51-D220": {"K51-D230": 280.13992315916005}, "K54-D060": {"K54-D070": 149.5338513223452}, "K51-D200": {"K51-D210": 140.0428351876336}, "K51A-U040": {"K51A-U050": 129.5939861033326}, "K52A-D050": {"K52A-D060": 30.593327775570486}, "K51A-U110": {"K51A-U120": 139.75596685494122}, "K52-nD180": {"K52-nD190": 142.146267144982}, "K53-U140": {"K53-D010": 86.77949261284519}, "K51A-U030": {"K51A-U040": 69.61716882881107}, "K52A-U170": {"K52A-U180": 318.82771180898175}, "K51A-D200": {"K51A-D210": 280.21839240842195}, "K53-U020": {"K53-U030": 177.63409493248545, "K53-D160": 731.2045790006898}, "K51-U060": {"K51-U070": 323.0816353459966}, "K52A-U040": {"K52A-U050": 125.45795446079978}, "K51-U180": {"K51-U190": 114.12741578230671}, "K51A-D110": {"K51A-D120": 52.88716324672244}, "K52A-D090": {"K52A-D100": 52.383603806375255}, "K51A-D040": {"K51A-D050": 97.68819627632053}, "K52A-U050": {"K52A-U060": 56.006883184167364}, "K52-nD150": {"K52-nD160": 103.95874084023998}, "K53-U010": {"K53-U020": 267.18850308708994, "K53-D180": 746.7465552051565}, "K53-U090": {"K53-U100": 123.52787646116599}, "K52A-U140": {"K52A-U150": 167.5905227768874}, "K51-U170": {"K51-U180": 78.65514858277294}, "K54-D010": {"K54-D020": 191.72589654055253}, "K51-D100": {"K51-D110": 170.51506952308142}, "K52-nD140": {"K52-nD150": 116.33565868115882}, "K58-D030": {"K58-D040": 86.72400000000002}, "K52-nD240": {"K52-nD250": 159.8365510492554}, "K51A-D250": {"K51A-D260": 96.2988753643704}, "K51A-D260": {"K51A-D270": 68.80602893269813}, "K52-nD160": {"K52-nD170": 165.49933874216373}, "K52-nU020": {"K52-nU030": 108.17321403728788}, "K51A-D170": {"K51A-D180": 156.9480908665715}, "K51-D050": {"K51-D060": 56.654681998242324}, "K51A-U070": {"K51A-U080": 224.3890418735354}, "K52-nD270": {"K52-nD280": 101.19083318253095}, "K52-nD030": {"K52-nD040": 34.66470903997751},