{"K75P-D010": {"K75P-D020": 133.21765476981636}, "K75P-U040": {"K75P-U050": 110.74453345494665}, "K75P-U130": {"K75P-U140": 43.403641363701496}, "K76-U030": {"K76-U040": 295.47931826758634}, "K75P-U090": {"K75P-U100": 40.651682897689035}, "K76-U040": {"K76-U050": 177.94728575844843}, "K73-U080": {"K73-U110": 414.0952049330541, "K73-U090": 306.0987643183524}, "K73-U060": {"K73-U070": 142.69719154451585}, "K76-U010": {"K76-U020": 30.10109897019194}, "K73-D150": {"K73-D160": 46.13897631951518}, "K74-U040": {"K74-U050": 153.06558948330832}, "K75P-U080": {"K75P-U090": 46.426668865682004}, "K75A-D010": {"K75A-D020": 230.1232151397118}, "K76-D010": {"K76-D020": 349.2790010836312}, "K75A-D070": {"K75A-D080": 43.71960746192374}, "K75A-D030": {"K75A-D040": 49.525195676927524}, "K73-D030": {"K73-D040": 127.05225335852883}, "K74-U050": {"K74-U060": 241.35441039860007}, "K73-U040": {"K73-U050": 117.0491047671051, "K73-U060": 229.14055333242308}, "K75P-U140": {"K75P-D010": 148.1697651238822}, "K73-U090": {"K73-U100": 112.80591170708476}, "K73-U070": {"K73-U080": 156.34889669836858}, "K73-U030": {"K73-U040": 93.45895983109506}, "K74-D090": {"K74-U011": 72.21675608388634}, "K73-U100": {"K73-U110": 276.15728037144515}, "K75P-D070": {"K75P-D080": 94.43586741867894}, "K74-D040": {"K74-D050": 82.42744602651997}, "K75A-D020": {"K75A-D030": 23.535479692320813}, "K75P-U060": {"K75P-U070": 27.79132708080212}, "K75P-U020": {"K75P-U030": 109.31172606631887}, "K75P-D060": {"K75P-D070": 182.84932273249336}, "K75P-D040": {"K75P-D050": 165.18306889254944}, "K75A-D040": {"K75A-D050": 56.569503985845174}, "K75P-U100": {"K75P-U110": 57.25324784539134}, "K76-D030": {"K76-D040": 64.14524823587314}, "K74-D030": {"K74-D040": 131.70083892995257}, "K73-U050": {"K73-U060": 114.65593019200264}, "K74-D060": {"K74-D070": 157.3029163926435}, "K73-D110": {"K73-D120": 81.22613321478315}, "K74-D080": {"K74-D090": 156.08287006477934}, "K74-U011": {"K74-D100": 171.97924959143717}, "K74-U080": {"K74-U090": 233.13290472009908}, "K76-D020": {"K76-D030": 131.818556994127}, "K73-D090": {"K73-D100": 89.81935068939478}, "K73-D020": {"K73-D030": 125.05253691143814}, "K73-D100": {"K73-D110": 200.9514954612568}, "K75A-D050": {"K75A-D060": 71.69393006066004}, "K74-D070": {"K74-D080": 246.48740631799996}, "K73-D040": {"K73-D050": 82.75451943479631}, "K73-D070": {"K73-D080": 171.64171125241637}, "K75A-D080": {"K75A-D090": 101.32784707632095}, "K74-U060": {"K74-U070": 122.50188519309002}, "K73-U110": {"K73-U120": 249.31817234528359}, "K74-U090": {"K74-U100": 232.57906567480995}, "K75A-U030": {"K75A-D010": 233.7286048765046}, "K75P-D030": {"K75P-D040": 115.19736190657916}, "K75P-U120": {"K75P-U130": 62.23056488485948}, "K74-D100": {"K74-D110": 87.80595288301524}, "K73-U010": {"K73-U020": 63.984304335892645}, "K75A-U010": {"K75A-U020": 48.42405025061015}, "K74-U001": {"K74-U004": 144.6009392302994}, "K75A-D110": {"K75A-U011": 172.2579212856302}, "K75P-D050": {"K75P-D060": 74.77613135432398}, "K74-U030": {"K74-U040": 283.18373471236424}, "K75P-D020": {"K75P-D030": 37.644725496760756}, "K75P-D080": {"K75P-U011": 144.23660630971125}, "K74-U070": {"K74-U080": 175.040846849898}, "K75A-U020": {"K75A-U030": 137.38592811166754}, "K76-U020": {"K76-U030": 167.19994171906558}, "K75P-U010": {"K75P-U020": 90.90487782101738}, "K74-D110": {"K74-U002": 175.7310532349}, "K73-U020": {"K73-U030": 179.37137608216375}, "K75P-U030": {"K75P-U040": 141.4299663061971}, "K74-U010": {"K74-U020": 152.03148489258803}, "K73-D050": {"K73-D070": 100.28922698981367}, "K75A-D060": {"K75A-D070": 40.303068982579234}, "K75P-U050": {"K75P-U060": 153.93186693172575}, "K75A-D090": {"K75A-D100": 53.42009784769766}, "K75A-D100": {"K75A-D110": 100.07190306223339}, "K75P-U110": {"K75P-U120": 90.7600497596334}, "K74-D020": {"K74-D030": 148.521903133252}, "K73-D140": {"K73-D150": 187.94650064942223}, "K74-D010": {"K74-D020": 149.8540467757487}, "K75P-U070": {"K75P-U080": 108.90356467492798}, "K73-D130": {"K73-D140": 134.66022837612152}, "K74-D050": {"K74-D060": 93.21790768186371}, "K74-U004": {"K74-U007": 92.59572612594964}, "K74-U020": {"K74-U030": 127.76253945217294}, "K73-D080": {"K73-D090": 265.1698805792457}, "K73-D010": {"K73-D020": 88.61536213857605}, "K74-U007": {"K74-U010": 231.55839174896477}, "K73-D120": {"K73-D130": 101.95350788979808}, "K74-U100": {"K74-D010": 106.493263826}}