{"KAT": {"SUW": 103.61406864795302, "DIH": 137.723736680194}}