{"KSR": {"TWW": 635.3357234322332, "YUL": 230.9398180668113}}