{"KWH": {"TWH": 130.46435339521707, "KWF": 129.07055136642967}, "KWT": {"LAT": 127.05916468229898, "NTK": 114.31053137683102}, "KWF": {"KWH": 121.87418233314682, "LAK": 165.93644562890782}}