{"LAT": {"YAT": 125.02375650816111, "KWT": 101.02481559919191}, "LAK": {"TSY": 192.58679327294905, "NAC": 248.84003857560282, "MEF": 128.80604357596528, "KWF": 72.94462180258202}}