{"LCK": {"MEF": 109.32896151184305, "CSW": 128.55938473130104}}