{"LET": {"WCH": 148.27074002862287, "SOH": 105.98356677112606}}