{"LOP": {"TIS": 181.58460645350436, "YUL": 119.34816268762643}, "LOF": {"WTS": 110.48973003578158, "KOT": 116.29335504272248}, "LOW": {"SHS": 219.10641267661376}}