{"MEF": {"TWW": 342.33999222801197, "LAK": 139.15575529653188, "NAC": 182.63546460180675, "LCK": 127.69526690086866}}