{"MKK": {"HUH": 194.10760040154665, "KOT": 153.9509995611882}}