{"NAC": {"LAK": 266.42936547719694, "AUS": 221.74623609749352, "OLY": 98.05435128256649, "MEF": 182.24841504420527}}