{"NOP": {"QUB": 123.56319548838431, "FOH": 98.9575579587572}}