{"NTK": {"KOB": 99.89304140662652, "KWT": 72.019461576678}}