{"OLY": {"NAC": 129.44983237489834, "KOW": 130.80446183434725}}