{"QUB": {"YAT": 256.38260765764335, "TAK": 122.3079522465976, "NOP": 123.85857388593612}}