{"SHM": {"TSH": 209.34122901303743, "CIO": 87.68917277748858}, "SHS": {"FAN": 148.59183541857496, "LMC": 474.74819236273714, "LOW": 261.75478957028747}, "SHT": {"FOT": 145.4187176259226, "TAW": 157.66945920304448}, "SHW": {"CEN": 118.24040419747773, "SYP": 168.3201543}}