{"SSP": {"CSW": 121.69697660650873, "PRE": 120.89609874101954}}