{"STW": {"CKT": 115.6106284285504, "CIO": 136.91742413006037}}