{"SUN": {"DIS": 198.58233387484285, "TUC": 823.8868848281829, "TSY": 461.50853742229066}, "SUW": {"TKW": 131.7448193139328, "KAT": 122.99696448650579}}