{"SWH": {"TAK": 119.5889804325059, "SKW": 121.57329715476646}}