{"TIK": {"YAT": 139.2120784881599, "TKO": 207.26878047848442}, "TIH": {"CAB": 120.39353886081192, "FOH": 101.44935769644329}, "TIS": {"SIH": 331.62703959559445, "LOP": 187.25341093743725}}