{"TKO": {"LHP": 130.58203876844374, "TIK": 230.08903114731515, "HAH": 156.89637795112154}, "TKW": {"HOM": 115.8099495630286, "SUW": 108.45034082845402}}