{"TSY": {"KOW": 487.3727614189946, "AIR": 1460.8341970635586, "LAK": 194.5814917804409, "SUN": 767.5783169263071}, "TSW": {"TWH": 68.32297359266937}, "TSH": {"SHM": 216.61394550056033, "HEO": 131.62534412091946}, "TST": {"JOR": 76.32538335384847, "ADM": 171.367579193501}}