{"TUC": {"SUN": 851.8186742715716}, "TUM": {"SIH": 145.32446966196443}}