{"UNI": {"FOT": 194.87106469057304, "TAP": 400.78904982998034}}