{"WCH": {"OCP": 102.6323778942542, "LET": 175.33898768219575}}