{"WTS": {"LOF": 118.1209977357149, "DIH": 98.17142559036931}}