{"YMT": {"HOM": 165.02370835838965, "MOK": 111.50108889805901, "JOR": 120.99273919051033}}