{"YUL": {"KSR": 243.44288552804466, "LOP": 103.16211052600002}}