{"1": {"2": 362.1552434805109, "6": 311.3355878216291}}