{"5": {"6": 153.2548607850489, "305": 78.10107593227062}}