{"AUS": {"ETS": 136.2417223992, "NAC": 208.09193816349313}}