{"CHH": {"KOB": 118.47943108068834, "DIH": 122.17843359732208}, "CHW": {"HFC": 105.43601714285712}}