{"CIO": {"STW": 125.3257139644337, "SHM": 128.6527975108423}}