{"CSW": {"LCK": 123.7796211152859, "SSP": 130.1619987805913}}