{"EXC": {"HUH": 151.5650508530566, "ADM": 75.09123787801708}}