{"HAH": {"TKO": 159.12543159244416, "POA": 129.0782352862298}}