{"HEO": {"MOS": 136.1320885737341, "TSH": 141.11408606698976}}