{"HOK": {"KOW": 182.43966781518847}, "HOM": {"TKW": 120.44687918926256, "WHA": 76.21613994161326, "YMT": 134.9963173186009, "HUH": 126.445059298406}}