{"HUH": {"MKK": 201.21597247082306, "EXC": 183.21601238023703, "HOM": 127.5706231410107, "ETS": 170.57923694162997}}