{"JOR": {"TST": 115.8005993238653, "YMT": 131.19322938097133}}