{"K68-D160": {"K68-D170": 84.43425620407336}, "K65-U170": {"K65-U180": 51.95605444126602}, "K66-D210": {"K66-D220": 144.2230956738474}, "K66-U050": {"K66-U060": 40.0667351914966}, "K68-D180": {"K68-D190": 26.862605670017427}, "K66-U040": {"K66-U050": 124.42779987141974}, "K65-U110": {"K65-U120": 110.03871225439954}, "K68-D100": {"K68-D110": 85.2540281621848}, "K66-U070": {"K66-U080": 182.35566620446565}, "K65-U030": {"K65-U040": 106.69518639049673}, "K66-U010": {"K66-U020": 128.13484285257618}, "K65-D010": {"K65-D020": 41.087088648849075}, "K68-U070": {"K68-U080": 35.165347118894616}, "K68-D060": {"K68-D070": 90.0646180520036}, "K66-D070": {"K66-D080": 38.51710103523752}, "K66-U130": {"K66-U140": 56.44071720167434}, "K66-U200": {"K66-U210": 64.17667927466695}, "K65-D070": {"K65-D080": 93.96588727057193}, "K68-U030": {"K68-U040": 29.171159116625084}, "K66-U150": {"K66-U160": 60.40152447888946}, "K66-D090": {"K66-D100": 30.29640079905776}, "K66-D010": {"K66-D020": 15.345378885386804}, "K68-D130": {"K68-D140": 66.89527019780999}, "K65-D050": {"K65-D060": 61.68599159247144}, "K66-U090": {"K66-U100": 56.98433353477806}, "K66-D100": {"K66-D110": 34.50558309390645}, "K66-U160": {"K66-U170": 48.520970838071555}, "K66-U110": {"K66-U120": 89.77163209202016}, "K66-U140": {"K66-U150": 55.85273868107633}, "K66-D180": {"K66-D190": 62.64605727341094}, "K65-U100": {"K65-U110": 139.54222045750376}, "K66-U180": {"K66-U190": 66.1173859237193}, "K66-D120": {"K66-D130": 57.39698698023972}, "K65-D110": {"K65-D120": 121.38201681188187}, "K66-D050": {"K66-D060": 28.492630299869784}, "K66-D220": {"K66-D230": 76.220542471249}, "K65-U140": {"K65-U150": 94.95240326325639}, "K65-D030": {"K65-D040": 52.000023690031696}, "K65-U150": {"K65-U160": 60.17089864203954}, "K68-D070": {"K68-D080": 199.52011402125459}, "K65-D130": {"K65-D140": 73.92103864664998}, "K68-U140": {"K68-U150": 34.79581157250001}, "K65-D120": {"K65-D130": 58.388304255720435}, "K65-U180": {"K65-U190": 79.01943985434768}, "K65-U210": {"K65-U220": 90.26220908146588}, "K68-D140": {"K68-D150": 28.001730844646197}, "K68-D120": {"K68-D130": 165.735271315592}, "K68-D110": {"K68-D120": 90.3603745}, "K68-D170": {"K68-D180": 42.597384444923705}, "K68-U080": {"K68-U090": 50.3744571571681}, "K66-D030": {"K66-D040": 72.72565184403442}, "K65-D140": {"K65-D150": 95.24451954065123}, "K65-D150": {"K65-D160": 98.54114261245991}, "K66-D150": {"K66-D160": 82.39823946827454}, "K66-D110": {"K66-D120": 26.980442594926522}, "K65-U050": {"K65-U060": 105.83785389819334}, "K66-U100": {"K66-U110": 73.00832592059193}, "K65-D020": {"K65-D030": 71.31671161148171}, "K66-U190": {"K66-U200": 72.46923595501976}, "K65-U070": {"K65-U080": 72.27803853928329}, "K65-D080": {"K65-D090": 44.01949644475281}, "K66-D130": {"K66-D140": 29.951421913920008}, "K68-U060": {"K68-U070": 69.35813310673001}, "K65-D100": {"K65-D110": 193.060478925601}, "K65-D160": {"K65-D170": 141.07658621632413}, "K66-D200": {"K66-D210": 118.62975098330108}, "K65-U010": {"K65-U020": 290.792290329938}, "K65-D180": {"K65-D190": 109.10304867075186}, "K66-U080": {"K66-U090": 173.85005703138035}, "K66-D190": {"K66-D200": 70.40110176781243}, "K66-U210": {"K66-U220": 46.963847790458}, "K65-U220": {"K65-U230": 81.4783920482343}, "K66-U020": {"K66-U030": 178.28257830722458}, "K65-U120": {"K65-U130": 208.91939230500824}, "K68-U110": {"K68-U120": 177.33093829, "K68-D090": 560.01}, "K68-U100": {"K68-U110": 194.81848882030832}, "K65-D090": {"K65-D100": 90.80215973007651}, "K68-U170": {"K68-D010": 148.29728157430452}, "K65-D040": {"K65-D050": 63.25815766948405}, "K68-D020": {"K68-D030": 77.63668784957432}, "K65-U090": {"K65-U100": 58.96183447925169}, "K65-U020": {"K65-U030": 127.57628696285}, "K66-D160": {"K66-D170": 136.21904761509148}, "K68-D090": {"K68-D100": 149.51313529458503}, "K65-U060": {"K65-U070": 41.34858692430997}, "K68-U020": {"K68-U030": 36.2275830331925}, "K66-D020": {"K66-D030": 63.01229929689997}, "K68-D040": {"K68-D050": 92.039675738717}, "K65-U200": {"K65-U210": 61.83972859727894}, "K68-D050": {"K68-D060": 55.6121206113693}, "K65-U130": {"K65-U140": 95.66120544893482}, "K66-D230": {"K66-D240": 88.62020955161418}, "K68-D150": {"K68-D160": 54.76721311987158}, "K65-U190": {"K65-U200": 42.750995767889506}, "K65-D170": {"K65-D180": 88.50064279875144}, "K68-U130": {"K68-U140": 149.25641716798}, "K68-U160": {"K68-U170": 80.13087004665002}, "K66-U120": {"K66-U130": 52.8285681538717}, "K68-D080": {"K68-D090": 73.41717280193389}, "K66-U030": {"K66-U040": 170.14802083309502}, "K66-D080": {"K66-D090": 42.88458522119784}, "K66-U170": {"K66-U180": 33.83130607562959}, "K65-U040": {"K65-U050": 94.97852533404811}, "K68-U120": {"K68-U130": 157.578375549}, "K66-D060": {"K66-D070": 86.1991996953056}, "K68-D030": {"K68-D040": 78.161396968}, "K66-U060": {"K66-U070": 184.61806295322197}, "K66-D170": {"K66-D180": 190.5269095327427}, "K68-U150": {"K68-U160": 80.81500523400001}, "K65-U080": {"K65-U090": 126.85772983214285}, "K65-D060": {"K65-D070": 69.03579992488048}, "K68-U040": {"K68-U050": 52.55618816282576}, "K66-D140": {"K66-D150": 89.41382165000228}, "K68-D200": {"K68-U011": 64.77025322100569}, "K66-D040": {"K66-D050": 32.39124354325358}, "K68-D190": {"K68-D200": 40.17881579468823}, "K68-U010": {"K68-U020": 93.55642291449188}, "K68-D010": {"K68-D020": 50.223661886000016}, "K65-U160": {"K65-U170": 58.59962160293374}, "K68-U090": {"K68-U100": 121.29633427089998}, "K68-U050": {"K68-U060": 52.19929295947647}}