{"K73-D070": {"K73-D080": 166.18389358718105}, "K76-D020": {"K76-D030": 140.95868425058967}, "K75A-D050": {"K75A-D060": 67.05299466824036}, "K75P-D060": {"K75P-D070": 181.93185275217243}, "K75P-U130": {"K75P-U140": 35.899465531288186}, "K73-U070": {"K73-U080": 144.71800234961498}, "K73-U060": {"K73-U070": 118.15734182757208}, "K73-U010": {"K73-U020": 70.12486111495988}, "K73-U020": {"K73-U030": 176.98731936246406}, "K73-U110": {"K73-U120": 224.7077255418862}, "K75A-D030": {"K75A-D040": 49.22306137091098}, "K75P-U140": {"K75P-D010": 139.2127398710805}, "K73-U040": {"K73-U050": 103.09349205653518, "K73-U060": 192.03090760617238}, "K76-U020": {"K76-U030": 157.58850566422933}, "K73-U050": {"K73-U060": 92.04092639976888}, "K75P-D020": {"K75P-D030": 39.57786780359948}, "K75P-U050": {"K75P-U060": 179.23149310702425}, "K73-U080": {"K73-U090": 282.9921110262844, "K73-U110": 449.346530589302}, "K75P-D070": {"K75P-D080": 80.31786814347495}, "K76-U040": {"K76-U050": 156.3460288123374}, "K76-D010": {"K76-D020": 315.7541209174673}, "K76-D030": {"K76-D040": 86.50601624466483}, "K75A-D090": {"K75A-D100": 40.559047070836975}, "K75P-U080": {"K75P-U090": 46.851711192380066}, "K73-U100": {"K73-U110": 241.29079614876673}, "K75A-D080": {"K75A-D090": 77.82150447361745}, "K75A-D060": {"K75A-D070": 37.74296853160431}, "K76-U030": {"K76-U040": 288.15868110478306}, "K73-U030": {"K73-U040": 81.45369758467208}, "K75A-U030": {"K75A-D010": 235.64699692288931}, "K75A-U010": {"K75A-U020": 47.477021496657805}, "K75P-D010": {"K75P-D020": 135.1155820236827}, "K73-D130": {"K73-D140": 135.7985553682984}, "K73-D100": {"K73-D110": 183.57196986508893}, "K75P-U020": {"K75P-U030": 105.48808199975875}, "K75P-U060": {"K75P-U070": 27.21403430559108}, "K75P-D080": {"K75P-U011": 119.49683464853206}, "K75P-D040": {"K75P-D050": 160.7718092456545}, "K75P-U090": {"K75P-U100": 40.55102073398366}, "K75P-U120": {"K75P-U130": 61.879822987128094}, "K75A-D010": {"K75A-D020": 205.15792795554034}, "K75P-D050": {"K75P-D060": 75.15607958889265}, "K75A-D040": {"K75A-D050": 54.7223325924537}, "K73-D110": {"K73-D120": 96.4845585273003}, "K73-U090": {"K73-U100": 93.14588825050171}, "K73-D090": {"K73-D100": 85.23099851252857}, "K73-D040": {"K73-D050": 73.20884900661795}, "K76-U010": {"K76-U020": 20.280315518149003}, "K75A-D020": {"K75A-D030": 23.808240123714825}, "K73-D140": {"K73-D150": 193.01827776290017}, "K75P-U110": {"K75P-U120": 84.48520754845266}, "K73-D020": {"K73-D030": 84.43713732152113}, "K73-D010": {"K73-D020": 77.60263175386771}, "K75A-D070": {"K75A-D080": 32.63697247035805}, "K75P-U010": {"K75P-U020": 83.56152393745029}, "K73-D120": {"K73-D130": 101.20625488203466}, "K75A-D100": {"K75A-D110": 90.19577721434386}, "K73-D030": {"K73-D040": 127.45393887303237}, "K75P-U040": {"K75P-U050": 110.59343410998989}, "K75A-U020": {"K75A-U030": 156.2179637014805}, "K75P-D030": {"K75P-D040": 109.7719200534397}, "K75P-U070": {"K75P-U080": 116.4230421718732}, "K75A-D110": {"K75A-U011": 146.19572449585476}, "K73-D080": {"K73-D090": 259.7170938545597}, "K75P-U100": {"K75P-U110": 59.153738521286}, "K73-D150": {"K73-D160": 41.77508145734682}, "K74-D020": {"K74-D030": 145.02339764528094}, "K73-D050": {"K73-D070": 101.89853742987785}, "K75P-U030": {"K75P-U040": 125.64753228973466}}