{"KWF": {"LAK": 169.45618454814147, "KWH": 132.04604980380262}, "KWT": {"LAT": 125.03410579652999, "NTK": 125.60382424721304}, "KWH": {"KWF": 132.6242471607572, "TWH": 142.7059467765086}}