{"LET": {"WCH": 180.84334661677866, "SOH": 104.58209120381166}}