{"LOW": {"SHS": 231.7180236583577}, "LOF": {"KOT": 129.84448467544078, "WTS": 133.53521856975104}, "LOP": {"TIS": 179.2760320385372, "YUL": 119.05956059445998}}