{"MOS": {"HEO": 135.42200221002997, "WKS": 141.08978296543177}, "MOK": {"YMT": 129.65837476927638, "PRE": 127.71011513973978}}