{"NTK": {"KWT": 114.28424887581654, "KOB": 126.46513825367711}}