{"QUB": {"YAT": 265.42287212670453, "NOP": 117.44879779118237, "TAK": 129.46123799375573}}