{"SIH": {"TIS": 369.23778513062933, "TUM": 154.44352676596446}}