{"SKW": {"HFC": 153.59158941608467, "SWH": 110.3710720450384}, "SKM": {"PRE": 126.49006508377344, "KOT": 117.62530370590282}}