{"SSP": {"CSW": 122.53559056814363, "PRE": 125.34685546628425}}