{"STW": {"CKT": 126.37348178543223, "CIO": 130.4240785402533}}