{"SWH": {"SKW": 125.25624932958661, "TAK": 131.38771499495584}}