{"TAW": {"KOT": 292.2033295747957, "HIK": 141.48992470466, "SHT": 128.6926690001565, "CKT": 124.25445753511553}, "TAP": {"UNI": 355.6652342323963, "TWO": 178.5083442388328}, "TAK": {"QUB": 129.126065487, "SWH": 122.60797380155266}}