{"TIK": {"TKO": 233.7719627765151, "YAT": 137.5381037037725}, "TIH": {"FOH": 113.39114818583039, "CAB": 112.72767723040329}, "TIS": {"LOP": 177.9447366496701, "SIH": 354.2790683003826}}