{"TKO": {"HAH": 185.28255236409422, "LHP": 131.2020939089349, "TIK": 190.13793471971042}, "TKW": {"HOM": 126.91878705508199, "SUW": 82.1592753068}}