{"TSY": {"KOW": 465.49775407458566, "SUN": 706.5262571161477, "AIR": 1510.1266347764788, "LAK": 193.4152301241414}, "TSH": {"HEO": 123.64923583787461, "SHM": 210.6120645800347}, "TSW": {"TWH": 82.54711486049068}, "TST": {"ADM": 182.7179830956239, "JOR": 96.86581362848513}}