{"TUM": {"SIH": 145.15629132339384}, "TUC": {"SUN": 727.7797052945394}}