{"UNI": {"TAP": 350.05154683469993, "FOT": 189.78325145904537}}