{"WTS": {"DIH": 129.75978845452218, "LOF": 130.79404282378283}}