{"HAH": {"TKO": 123.43732126898817, "POA": 110.45296881566374}}