{"HEO": {"TSH": 138.76515436004303, "MOS": 128.6849960842482}}