{"HKU": {"SYP": 117.20627710200286, "KET": 94.12176276551125}}