{"JOR": {"TST": 111.78550057533865, "YMT": 124.50732486358297}}