{"K76-D010": {"K76-D020": 170.4163076452477}, "K74-D020": {"K74-D030": 145.02482908781022}, "K76-U030": {"K76-U040": 163.10085364394328}, "K73-U080": {"K73-U110": 151.50090014603524}}