{"KOT": {"SKM": 142.47121659984867, "MKK": 190.95488501286175, "TAW": 270.74947333484647, "LOF": 100.48549464550001}, "KOW": {"HOK": 177.7421002169706, "TSY": 449.37902163315687, "OLY": 139.3689853548533}, "KOB": {"CHH": 155.06731650830847}}