{"KSR": {"YUL": 249.7157144219487, "TWW": 665.9084216878822}}