{"LAK": {"KWF": 141.10709822210396, "TSY": 199.03206117752345, "NAC": 268.42777009913567, "MEF": 137.015876716264}, "LAT": {"YAT": 83.0809600764849, "KWT": 123.25206033046848}}