{"LCK": {"MEF": 127.86815166264255, "CSW": 111.42599309651253}}