{"LET": {"WCH": 159.49111928748846, "SOH": 103.39530110605965}}