{"LOW": {"SHS": 261.7548282971277}, "LOP": {"YUL": 132.0, "TIS": 194.61574390969352}, "LOF": {"KOT": 130.83446978885019, "WTS": 112.51840479353716}}