{"MKK": {"HUH": 338.02780372021175, "KOT": 164.80414485132218}}