{"MOK": {"YMT": 111.70159338630503, "PRE": 80.80846709369337}, "MOS": {"HEO": 157.2978469768366, "WKS": 165.12024047506185}}