{"OCP": {"WCH": 114.39005114226919, "ADM": 287.63195556791214}}