{"OLY": {"NAC": 131.24482734044557, "KOW": 132.36526255631307}}