{"SHW": {"CEN": 109.09430357148968, "SYP": 119.4473437729578}, "SHT": {"TAW": 176.40176144960816, "FOT": 250.14265571416922}, "SHS": {"FAN": 157.62247764565893, "LOW": 261.75481672194667, "LMC": 589.5224720501091}, "SHM": {"CIO": 132.19326709229804, "TSH": 243.36325284123473}}