{"SIH": {"TIS": 317.6933198764812, "TUM": 154.44793678310293}}