{"SKW": {"HFC": 202.80712022952426, "SWH": 106.88961184110003}, "SKM": {"KOT": 115.07290571526237, "PRE": 102.60947993000002}}