{"SSP": {"CSW": 132.32892309203527, "PRE": 128.75417330188094}}