{"STW": {"CKT": 141.89444526997494, "CIO": 164.15370000000001}}