{"SUN": {"DIS": 198.58233387484285, "TUC": 823.8869464681718, "TSY": 540.0190619063333}, "SUW": {"KAT": 120.80511158559894, "TKW": 152.96946149926003}}