{"TIS": {"LOP": 197.21803713748108, "SIH": 315.6939956210241}, "TIK": {"YAT": 160.44635161959744, "TKO": 143.25210022595678}, "TIH": {"FOH": 97.07766058500569, "CAB": 110.30991940737113}}