{"TST": {"JOR": 132.00039542690007, "ADM": 199.57055919577414}, "TSY": {"KOW": 441.41730677326416, "SUN": 454.3203296553311, "AIR": 1582.5448596863832, "LAK": 198.7667326444525}, "TSH": {"SHM": 235.982160532165, "HEO": 124.47277278757834}, "TSW": {"TWH": 112.36297941940241}}