{"TUC": {"SUN": 447.9159263893238}, "TUM": {"SIH": 157.9720767975391}}