{"YAT": {"QUB": 263.63511941431864, "TIK": 185.27144435699432, "LAT": 153.99819165521802}}