{"YMT": {"MOK": 122.93311158843969, "HOM": 165.03583727158713, "JOR": 132.04941836313145}}