{"1": {"6": 168.7923962068267, "2": 56.6311998191473}}