{"5": {"305": 83.43750634194978, "6": 119.99689105431007, "56": 66.0}}