{"ETS": {"HUH": 161.23170138780975, "AUS": 181.211034909739}}