{"EXC": {"HUH": 179.8838347820202, "ADM": 76.30166772594924}}