{"HEO": {"TSH": 129.9450572044439, "MOS": 138.12283212281355}}