{"HFC": {"SKW": 152.8421997994351, "CHW": 148.41248427767917}}