{"HIK": {"DIH": 316.4608552726024, "TAW": 144.5042125601819}}