{"K12-D020": {"K12-D030": 339.79127219685085}, "K12-U020": {"K12-U030": 213.65163616544933}, "K12-D030": {"K12-D040": 112.30636477488338}, "K12-U010": {"K12-U020": 307.17752359332417}, "K12-D010": {"K12-D020": 163.61382980953954}, "K17-D020": {"K17-D030": 75.20644999999999}, "K17-U010": {"K17-U020": 238.610922}, "K14-D010": {"K14-D020": 244.5345057265102}, "K14-D020": {"K14-D030": 11.611004090400002}, "K18-U010": {"K18-U020": 222.83453500000002}, "K18-D010": {"K18-D020": 249.5322005000001}, "K17-U030": {"K17-U040": 45.936}, "K18-D020": {"K18-D030": 41.390249999999995}, "K18-U020": {"K18-U030": 62.716829999999995}, "K17-U020": {"K17-U030": 164.23000000000002}, "K17-D010": {"K17-D020": 293.26000000000005}}