{"K75A-D020": {"K75A-D030": 27.51003504281287}, "K74-U040": {"K74-U050": 151.68586282964162}, "K75A-U030": {"K75A-D010": 242.88234212562097}, "K75A-D100": {"K75A-D110": 98.20174129817795}, "K73-D150": {"K73-D160": 41.24751386304326}, "K76-U010": {"K76-U020": 13.527130945974685}, "K73-D030": {"K73-D040": 115.37095720569354}, "K73-U040": {"K73-U060": 239.23515514313482, "K73-U050": 115.47580453861258}, "K75A-U020": {"K75A-U030": 134.4604264308863}, "K73-U110": {"K73-U120": 243.0838120045933}, "K73-D110": {"K73-D120": 60.18699591733328}, "K76-D020": {"K76-D030": 128.93994048554026}, "K73-U030": {"K73-U040": 99.58975558327606}, "K73-U060": {"K73-U070": 152.11631423411887}, "K73-U080": {"K73-U090": 295.23353317452603, "K73-U110": 290.25393349834087}, "K73-D050": {"K73-D070": 94.6883333891492}, "K73-U090": {"K73-U100": 114.13995180734932}, "K75P-D020": {"K75P-D030": 37.22513433425614}, "K74-D030": {"K74-D040": 136.10312791467624}, "K75P-D070": {"K75P-D080": 87.33496420076794}, "K76-D010": {"K76-D020": 317.21297057230595}, "K75A-D040": {"K75A-D050": 57.87711624009772}, "K76-U030": {"K76-U040": 310.2508094815352}, "K74-U060": {"K74-U070": 148.89798009399198}, "K74-U070": {"K74-U080": 164.06582822597517}, "K75P-D010": {"K75P-D020": 124.10664245219125}, "K75P-U080": {"K75P-U090": 43.88813070263305}, "K75P-U030": {"K75P-U040": 124.92743504303021}, "K73-D010": {"K73-D020": 70.1748828382247}, "K73-D120": {"K73-D130": 105.96634905439086}, "K73-D080": {"K73-D090": 253.0462154533027}, "K75P-D050": {"K75P-D060": 89.90083469772142}, "K76-D030": {"K76-D040": 63.21725241942994}, "K76-U020": {"K76-U030": 181.0604270124781}, "K75P-U100": {"K75P-U110": 56.65455462870267}, "K73-U070": {"K73-U080": 154.34406912756833}, "K74-D080": {"K74-D090": 180.0828036306048}, "K75P-U070": {"K75P-U080": 98.07320795011304}, "K75P-U050": {"K75P-U060": 147.1796021802442}, "K73-U050": {"K73-U060": 112.94000999150872}, "K74-U100": {"K74-D010": 100.1518454966617}, "K73-D070": {"K73-D080": 161.08357454680623}, "K74-D100": {"K74-D110": 78.8719898696574}, "K75A-U010": {"K75A-U020": 43.37906622838102}, "K75P-U090": {"K75P-U100": 69.8442096554534}, "K75P-D030": {"K75P-D040": 109.90724168706006}, "K75A-D080": {"K75A-D090": 102.24691579871514}, "K73-U100": {"K73-U110": 255.12049494517686}, "K75A-D090": {"K75A-D100": 52.75777364800889}, "K74-U020": {"K74-U030": 130.8800219176298}, "K74-U001": {"K74-U004": 137.7245751666023}, "K75P-U040": {"K75P-U050": 110.69917736425035}, "K75P-U110": {"K75P-U120": 88.22011556993965}, "K74-U011": {"K74-D100": 180.06031896561885}, "K73-D140": {"K73-D150": 204.89516206304955}, "K74-U050": {"K74-U060": 238.79958942207486}, "K75P-U060": {"K75P-U070": 31.434055232685843}, "K75A-D070": {"K75A-D080": 48.11235825034007}, "K75P-U140": {"K75P-D010": 158.69198600100813}, "K75P-D080": {"K75P-U011": 139.66482818899664}, "K75P-U120": {"K75P-U130": 64.49352758459753}, "K74-D110": {"K74-U002": 170.6268501343349}, "K73-U010": {"K73-U020": 69.01344861783117}, "K74-U090": {"K74-U100": 191.38470393861755}, "K75A-D060": {"K75A-D070": 32.54109064125833}, "K74-D020": {"K74-D030": 148.421903133252}, "K75P-U130": {"K75P-U140": 44.39966667707451}, "K75A-D050": {"K75A-D060": 80.89487317069748}, "K75P-U020": {"K75P-U030": 117.67319924503231}, "K75P-D060": {"K75P-D070": 178.41274484992238}, "K73-U020": {"K73-U030": 188.0801180357978}, "K76-U040": {"K76-U050": 175.5119950577008}, "K74-D060": {"K74-D070": 166.00819646223044}, "K75P-D040": {"K75P-D050": 165.09326062498246}, "K73-D090": {"K73-D100": 80.3938596083128}, "K75A-D110": {"K75A-U011": 171.04256179529594}, "K73-D020": {"K73-D030": 82.56456460841255}, "K73-D040": {"K73-D050": 72.56125206269}, "K73-D100": {"K73-D110": 172.50153146226438}, "K75A-D030": {"K75A-D040": 46.99411587435198}, "K74-U004": {"K74-U007": 103.49187467984359}, "K73-D130": {"K73-D140": 135.46762614077392}, "K74-D090": {"K74-U011": 71.11086938578282}, "K74-U007": {"K74-U010": 246.94774275039384}, "K75P-U010": {"K75P-U020": 96.43307471200893}, "K74-U030": {"K74-U040": 263.7351863001546}, "K74-D050": {"K74-D060": 83.76518303034763}, "K75A-D010": {"K75A-D020": 184.5890068366983}, "K74-U080": {"K74-U090": 224.39154471114904}, "K74-D010": {"K74-D020": 145.7351696075295}, "K74-D040": {"K74-D050": 68.86000916599372}, "K74-U010": {"K74-U020": 134.26363005092153}, "K74-D070": {"K74-D080": 230.12100085091555}}