{"KOT": {"MKK": 134.00284137682868, "SKM": 122.25036562687016, "TAW": 306.2255822581798, "LOF": 130.99906945213147}, "KOW": {"HOK": 177.74210021784248, "TSY": 496.79353840247114, "OLY": 131.90636756446287}, "KOB": {"CHH": 161.14955866998258, "NTK": 117.789161230739}}