{"KSR": {"TWW": 645.389363105965, "YUL": 245.11191257106333}}