{"KWT": {"LAT": 125.87312086807974, "NTK": 125.75642284536136}, "KWH": {"KWF": 131.82898728492563, "TWH": 129.8527127497311}, "KWF": {"LAK": 179.00364530819087, "KWH": 131.81621466875066}}