{"LAK": {"NAC": 262.1185734819131, "MEF": 132.2376610686451, "TSY": 195.06911812282138, "KWF": 137.89057910434124}, "LAT": {"YAT": 122.18481537004513, "KWT": 128.2532335558519}}