{"LOW": {"SHS": 224.7999511346681}, "LOF": {"WTS": 126.23051519239989, "KOT": 122.88828954822979}, "LOP": {"YUL": 125.8311576670474, "TIS": 182.74923430867105}}