{"MKK": {"KOT": 137.18421425252615, "HUH": 195.5529191569772}}