{"NAC": {"OLY": 103.85089387782712, "MEF": 185.14139195889663, "LAK": 255.4771648072623, "AUS": 209.46450029559134}}