{"OCP": {"WCH": 130.72398317069351, "ADM": 287.6319548437342}}