{"SHS": {"LOW": 261.75488762913403, "FAN": 153.16834440075172, "LMC": 462.78181960721474}, "SHT": {"TAW": 176.9879803540324, "FOT": 154.95181270836784}, "SHM": {"TSH": 217.6464634339622, "CIO": 115.92807483479729}, "SHW": {"CEN": 124.5755677596344, "SYP": 146.47631478073902}}