{"SSP": {"CSW": 124.78536697783038, "PRE": 134.55856615359062}}