{"STW": {"CIO": 134.9709859660164, "CKT": 119.74272387649066}}