{"SUN": {"DIS": 198.58233387484285, "TSY": 425.3404124355362, "TUC": 823.886990047069}, "SUW": {"TKW": 135.75843667840553, "KAT": 122.74061266234489}}