{"TSY": {"LAK": 197.09732400632402, "SUN": 773.2832368338206, "KOW": 526.684618448013, "AIR": 1470.0754988820995}, "TST": {"ADM": 186.8598535907733, "JOR": 112.78631185684269}, "TSH": {"HEO": 128.14407863313625, "SHM": 221.8630298223925}, "TSW": {"TWH": 57.79418135811078}}