{"UNI": {"TAP": 400.1106360613368, "FOT": 195.85433879706886}}