{"WCH": {"LET": 162.63279674963076, "OCP": 118.57127887880347}}