{"WTS": {"DIH": 126.35261987618506, "LOF": 125.97396203575686}}