{"YMT": {"MOK": 110.15479396101114, "HOM": 196.64995269976913, "JOR": 119.10045988830295}}