{"YUL": {"KSR": 227.03926690152267, "LOP": 126.09913601820861}}