{"AIR": {"TSY": 1562.0124404021672, "AWE": 141.18014979929828}}