{"AUS": {"NAC": 211.16677124534718, "ETS": 138.77046807649353}}