{"CIO": {"SHM": 132.72926936063806, "STW": 144.87668291169769}}