{"CSW": {"LCK": 131.88677908514344, "SSP": 130.93221951056654}}