{"EXC": {"HUH": 141.2713093554227, "ADM": 84.79307212259657}}