{"HAH": {"TKO": 157.9247371714935, "POA": 125.1249967296174}}