{"HIK": {"DIH": 312.17387548973454, "TAW": 146.06737238337922}}