{"HKU": {"SYP": 124.30950748301964, "KET": 99.4904939555793}}