{"HUH": {"EXC": 231.4566603390927, "MKK": 225.04941797376145, "HOM": 132.28150781849203, "ETS": 194.48138110813966}}