{"K18-D020": {"K18-D030": 59.81767039077463}, "K18-U020": {"K18-U030": 58.206899819835044}, "K17-D020": {"K17-D030": 30.12556481524851}, "K17-D010": {"K17-D020": 271.78569004446683}, "K18-U010": {"K18-U020": 233.1573263381751}, "K18-D010": {"K18-D020": 258.7204819081678}, "K17-U030": {"K17-U040": 28.03153601890669}, "K17-U010": {"K17-U020": 252.91882289277996}, "K17-U020": {"K17-U030": 116.35946667129288}}