{"K51-U080": {"K51-U090": 82.5}, "K53-D060": {"K53-D070": 95.03282117704836}, "K53-D100": {"K53-D110": 54.30017520867127}, "K52-nD270": {"K52-nD280": 66.74571799000002}, "K51-D280": {"K51-D290": 63.20798517000001}, "K53-U120": {"K53-U130": 54.75056529611912}, "K51-U240": {"K51-U250": 98.52628257876029}, "K53-U090": {"K53-U100": 78.18948472931046}, "K52A-D060": {"K52A-D070": 129.34768316859828}, "K51-U230": {"K51-U240": 35.991849610113306}, "K52A-U170": {"K52A-U180": 275.331311594271}, "K53-U100": {"K53-U110": 51.99329152208095}, "K52-nU240": {"K52-nU250": 50.345346}, "K53-D020": {"K53-D030": 87.68498741749819}, "K52-nU280": {"K52-nU290": 44.61626251}, "K53-D150": {"K53-D160": 116.49146442902588}, "K52A-U140": {"K52A-U150": 160.35850776269055}, "K53-U140": {"K53-D010": 73.75880039773024}, "K53-D050": {"K53-D060": 49.68832705007291}, "K54-D020": {"K54-D030": 132.857934307684}, "K53-D130": {"K53-D140": 61.04118266489786}, "K52A-D010": {"K52A-D020": 277.22560826262145}, "K52-nU270": {"K52-nU280": 165.9205169431013}, "K53-U060": {"K53-U070": 52.70243598267628}, "K53-U020": {"K53-U030": 132.72779685, "K53-D160": 207.90000000000003}, "K53-D015": {"K53-D020": 41.86902976015225}, "K51-U150": {"K51-U160": 67.28771909500001}, "K53-D110": {"K53-D120": 119.42800923509355}, "K53-D140": {"K53-D150": 103.26582852458253}, "K52-nU230": {"K52-nU240": 55.88371360000001}, "K53-D040": {"K53-D050": 63.258330806797304}, "K53-D070": {"K53-D080": 67.32005194086}, "K53-D120": {"K53-D130": 22.36106820489386}, "K52-nD060": {"K52-nD070": 129.34768316859828}, "K51-U180": {"K51-U190": 109.30836000000002}, "K53-U050": {"K53-U060": 117.46866123032427}, "K53-D080": {"K53-D090": 29.61639892363222}, "K51-D260": {"K51-D270": 50.76750987000001}, "K53-D010": {"K53-D015": 83.64025266710287}, "K51-U160": {"K51-U170": 84.2394529}, "K52-nU300": {"K52-nU310": 53.27764948}, "K53-U080": {"K53-U090": 54.53401613145546}, "K53-D090": {"K53-D100": 28.503831692722684}, "K51-U190": {"K51-U200": 69.6380705160976}, "K53-U030": {"K53-U040": 142.176818}, "K53-U130": {"K53-U140": 42.62139485968548}, "K52-nD240": {"K52-nD250": 151.48737999999997}, "K51-D210": {"K51-D220": 129.2893593}, "K52-nU220": {"K52-nU230": 88.61600000000001}, "K53-U110": {"K53-U120": 77.66873623930154}, "K53-U070": {"K53-U080": 34.53056813879046}, "K51-D240": {"K51-D250": 97.68531000000002}, "K51-D250": {"K51-D260": 150.49826550000003}, "K51-U110": {"K51-U120": 85.3655}, "K51-U140": {"K51-U150": 41.813036000000004}, "K53-D030": {"K53-D040": 50.62220463031276}, "K51-U170": {"K51-U180": 64.215233913101}, "K51-D270": {"K51-D280": 75.6234699757986}, "K51-U220": {"K51-U230": 47.95908557396281}, "K52-nD220": {"K52-nD230": 93.50000000000001}, "K54-U050": {"K54-U060": 320.1}, "K51-D100": {"K51-D110": 104.83000000000001}, "K51-U100": {"K51-U110": 149.60000000000002}, "K51-D170": {"K51-D180": 67.10000000000001}, "K54-U060": {"K54-U070": 184.36}, "K51-U020": {"K51-U030": 79.34703699999997}, "K51-U210": {"K51-U220": 96.072913990339}, "K51-D230": {"K51-D240": 68.43760000000002}, "K54-D030": {"K54-D040": 60.50000000000001}, "K54-D050": {"K54-D060": 64.9}, "K54-U030": {"K54-U040": 74.80000000000001}, "K51-U010": {"K51-U020": 30.800000000000004}, "K52-nD260": {"K52-nD270": 37.93274559000001}, "K51-U030": {"K51-U040": 49.38725000000001}, "K51-D140": {"K51-D150": 26.400000000000002}, "K51-U040": {"K51-U050": 114.27217890000001}, "K51-D020": {"K51-D030": 48.400000000000006}, "K54A-D030": {"K54A-D040": 77.27779584645441}, "K54A-D040": {"K54A-D050": 125.85252049857301}, "K53-U040": {"K53-U050": 101.04623434741703}, "K54A-D020": {"K54A-D030": 160.22488488619823}, "K51-U130": {"K51-U140": 56.26025340530001}, "K54A-U040": {"K54A-U050": 113.45230470400004}, "K51-D050": {"K51-D060": 38.5}, "K51-D040": {"K51-D050": 50.6}, "K54A-D010": {"K54A-D020": 208.89061292959045}, "K54A-U030": {"K54A-U040": 98.59243471547161}, "K54A-U010": {"K54A-U020": 77.99280093000002}, "K51-U070": {"K51-U080": 185.9}, "K51-D160": {"K51-D170": 16.5}, "K54A-U020": {"K54A-U030": 111.998018}, "K52-nU210": {"K52-nU220": 71.4773514}, "K51-U090": {"K51-U100": 131.417}, "K52-nU260": {"K52-nU270": 54.34274999999999}, "K51-U200": {"K51-U210": 75.5104236701}, "K52-nD250": {"K52-nD260": 160.0188}, "K52-nU200": {"K52-nU210": 74.47}, "K52-nU180": {"K52-nU190": 42.790000000000006}, "K51-U120": {"K51-U130": 117.49932412000003}, "K52-nU250": {"K52-nU260": 67.3255}, "K52-nD290": {"K52-nD300": 86.79629000000001}, "K52-nD280": {"K52-nD290": 81.2275}, "K52-nD230": {"K52-nD240": 138.815}, "K51-D220": {"K51-D230": 223.08}, "K52-nU290": {"K52-nU300": 54.1298}, "K52-nD210": {"K52-nD220": 173.8}, "K52-nD200": {"K52-nD210": 146.3}, "K53-D160": {"K53-U011": 167.9849238272057}, "K53-U010": {"K53-U020": 251.90000000000003}, "K52-nU190": {"K52-nU200": 94.60000000000001}}