{"K76-U030": {"K76-U040": 163.10085409602937}, "K73-D100": {"K73-D110": 171.699}, "K75P-D050": {"K75P-D060": 74.70580000000002}, "K73-U080": {"K73-U110": 151.50094631706298}, "K76-D010": {"K76-D020": 170.41630764001826}, "K73-D150": {"K73-D160": 34.82139490285}, "K75P-D080": {"K75P-U011": 102.75944668000004}, "K73-D140": {"K73-D150": 174.34321546851308}, "K73-D130": {"K73-D140": 127.54954740000001}, "K73-D090": {"K73-D100": 86.1575}, "K74-D020": {"K74-D030": 145.02339764528094}, "K73-D120": {"K73-D130": 107.16102019114001}, "K75P-D060": {"K75P-D070": 176.78713000000002}, "K75P-D070": {"K75P-D080": 76.024740917}, "K73-D110": {"K73-D120": 65.77382524999999}, "K75P-D020": {"K75P-D030": 32.0}, "K73-D080": {"K73-D090": 267.2}, "K75P-D030": {"K75P-D040": 113.30000000000001}, "K75P-D040": {"K75P-D050": 141.9}}