{"KOW": {"HOK": 177.74210021785535, "TSY": 529.5120022476292, "OLY": 134.5251011727763}, "KOB": {"NTK": 131.40340945959196, "CHH": 192.0078487459968}, "KOT": {"TAW": 325.9332781591206, "LOF": 128.46247997891697, "SKM": 131.43430488860875, "MKK": 198.27903504089028}}