{"KSR": {"YUL": 236.8070134814101, "TWW": 712.0168259252407}}