{"KWT": {"NTK": 125.4522716176122, "LAT": 128.60481260403358}, "KWF": {"LAK": 140.01734031034596, "KWH": 128.64409321846253}, "KWH": {"TWH": 148.46156163528417, "KWF": 129.80577763393384}}