{"LAK": {"TSY": 196.95024304420798, "NAC": 235.07985384456325, "MEF": 133.55292357862234, "KWF": 130.7336739512237}, "LAT": {"KWT": 129.27765610143678, "YAT": 122.30276140040019}}