{"LCK": {"MEF": 130.70283590096574, "CSW": 129.399445261935}}