{"MEF": {"LCK": 131.5332617867212, "TWW": 335.4733864620615, "NAC": 188.9123167317618, "LAK": 137.43875895855408}}