{"MOK": {"PRE": 130.4610424753419, "YMT": 127.09803967817015}, "MOS": {"HEO": 141.64620558933012, "WKS": 165.2017313499268}}