{"NOP": {"FOH": 129.07719690438586, "QUB": 131.93851466528588}}