{"NTK": {"KWT": 116.030588302713, "KOB": 130.91521366851373}}