{"OCP": {"ADM": 287.63195485723134, "WCH": 132.07990517169517}}