{"OLY": {"KOW": 131.63398847502106, "NAC": 132.56898994680935}}