{"PRE": {"MOK": 132.05846761461572, "SKM": 129.40420873762207, "SSP": 129.83852469009415}}