{"QUB": {"YAT": 263.921530250817, "NOP": 128.51555651708105, "TAK": 129.89467807958866}}