{"SHW": {"SYP": 132.30023525075327, "CEN": 125.48455084763957}, "SHT": {"FOT": 207.5977060443457, "TAW": 198.99832557113137}, "SHS": {"FAN": 159.40862515515005, "LOW": 261.7549210748556, "LMC": 477.89222782514355}, "SHM": {"TSH": 245.43763902785318, "CIO": 128.11723363687008}}