{"SKW": {"HFC": 153.37826749344197, "SWH": 110.60956842570485}, "SKM": {"PRE": 130.67348410005803, "KOT": 133.16720389359355}}