{"STW": {"CIO": 133.20912435988336, "CKT": 142.19228361680217}}