{"SYP": {"SHW": 148.72698251538836, "HKU": 114.25694030896753}}