{"TAW": {"KOT": 329.67106142529167, "SHT": 176.59922616463072, "CKT": 224.75366766227776, "HIK": 171.01451901660002}, "TAK": {"QUB": 130.9010904272527, "SWH": 129.43246383324612}, "TAP": {"TWO": 206.23982785031248, "UNI": 438.7858811874172}}