{"TIK": {"YAT": 137.24688072997657, "TKO": 302.5779643473327}, "TIH": {"FOH": 89.00633794525135, "CAB": 130.4826255441508}, "TIS": {"SIH": 338.23772948940785, "LOP": 185.2126234630973}}