{"TKO": {"LHP": 130.68834328370536, "TIK": 281.3955622074637, "HAH": 253.15236335668015}, "TKW": {"HOM": 134.6390241055074, "SUW": 130.03181129081554}}