{"TSY": {"KOW": 452.646134784927, "LAK": 195.9741496624386, "AIR": 1619.9020138291078, "SUN": 540.4900157340796}, "TST": {"ADM": 196.13217926207736, "JOR": 102.00242571269872}, "TSW": {"TWH": 88.5229366501778}, "TSH": {"SHM": 235.02076304614994, "HEO": 136.2034435277695}}