{"UNI": {"TAP": 387.3422146279853, "FOT": 199.1911546760554}}