{"WAC": {"ADM": 131.9294305541765, "CAB": 177.8442542586523}}