{"WTS": {"DIH": 130.73909169312262, "LOF": 129.13979008631583}}