{"YAT": {"TIK": 138.06584241299095, "LAT": 157.16942578125568, "QUB": 257.3711468819718}}