{"CHW": {"HFC": 59.55722882281682}, "CHH": {"KOB": 60.878784072458664, "DIH": 97.8609806523926}}