{"CIO": {"STW": 124.16315749187997, "SHM": 72.907023966}}