{"CKT": {"STW": 129.15718917000004, "TAW": 108.855719858006}}