{"CSW": {"SSP": 117.85896506568497, "LCK": 70.25656188154922}}