{"ETS": {"AUS": 101.38895272368002, "HUH": 143.02291}}