{"FOT": {"UNI": 178.22716943599445, "SHT": 155.99773008636035}, "FOH": {"NOP": 81.64615337810001, "TIH": 116.97519053560227}}