{"HIK": {"TAW": 144.51941158200003, "DIH": 292.2125743045453}}