{"HKU": {"SYP": 85.47555817492405, "KET": 97.24352652309412}}