{"HUH": {"MKK": 151.29995614768114, "EXC": 190.90373991073474, "ETS": 153.95633864318967, "HOM": 112.51689404973004}}