{"K53-U130": {"K53-U140": 49.71604165087114}, "K53-D160": {"K53-D170": 716.3377177619805, "K53-U011": 199.42420789402271}, "K54-U040": {"K54-U050": 153.65072071956476}, "K54-D060": {"K54-D070": 154.3724598331736}, "K51A-U130": {"K51A-U140": 75.49622883254816}, "K51A-D140": {"K51A-D150": 68.61551487515112}, "K53-U120": {"K53-U130": 80.17931795798218}, "K58-D200": {"K58-D210": 79.09}, "K52-nU250": {"K52-nU260": 74.52248485686808}, "K52-nU030": {"K52-nU040": 131.14131927986364}, "K53-D080": {"K53-D090": 48.671356873452694}, "K58-U190": {"K58-U200": 149.95530000000002}, "K51A-U030": {"K51A-U040": 69.71582622229191}, "K52-nD010": {"K52-nD020": 17.697367393137995}, "K51-U050": {"K51-U060": 273.7812096658289}, "K51-D150": {"K51-D160": 155.15251547074365}, "K51A-D200": {"K51A-D210": 291.35337129474476}, "K53-D050": {"K53-D060": 85.3277162910043}, "K52-nU200": {"K52-nU210": 77.54003526982902}, "K51A-D180": {"K51A-D190": 131.43313436127167}, "K53-U100": {"K53-U110": 79.4812157037073}, "K51-U170": {"K51-U180": 77.105981289997}, "K51-U130": {"K51-U140": 76.71809604860913}, "K54-U020": {"K54-U030": 123.96031790966313}, "K54-U030": {"K54-U040": 131.52656255004894}, "K51A-D110": {"K51A-D120": 50.147208500925544}, "K51-D010": {"K51-D020": 92.74644165483842}, "K52-nU190": {"K52-nU200": 134.91487970741733}, "K51A-D220": {"K51A-D230": 126.99095106246959}, "K51A-U210": {"K51A-U220": 82.75368954006316}, "K58-U150": {"K58-U160": 177.32407}, "K51-U090": {"K51-U100": 169.5443964126693}, "K53-D070": {"K53-D080": 49.310884733088244}, "K52-nU180": {"K52-nU190": 84.37029183405568}, "K53-U070": {"K53-U080": 55.41682794370729}, "K58-D130": {"K58-D140": 120.91672999999996}, "K58-U160": {"K58-U170": 145.6235}, "K51-D060": {"K51-D070": 66.28265155008381}, "K51A-U170": {"K51A-U180": 81.18370457515314}, "K51A-D150": {"K51A-D160": 82.20039853168565}, "K58-D100": {"K58-D110": 182.4889}, "K52-nU160": {"K52-nU170": 42.79018591779934}, "K58-D150": {"K58-D160": 74.28564000000001}, "K51-D130": {"K51-D140": 51.53183424596409}, "K51A-D030": {"K51A-D040": 43.76208571957949}, "K51A-U230": {"K51A-U240": 48.22099552457105}, "K58-D070": {"K58-D080": 101.49148900000003}, "K51-D280": {"K51-D290": 80.80004252344267}, "K52-nD240": {"K52-nD250": 160.82813491532679}, "K52A-U140": {"K52A-U150": 160.36005717648064}, "K58-U010": {"K58-U020": 57.69500000000001}, "K53-U090": {"K53-U100": 106.44321714266304}, "K53-D180": {"K53-D190": 77.39218302553569}, "K53-U060": {"K53-U070": 67.62686628824159}, "K53-U010": {"K53-U020": 253.9968446494503, "K53-D180": 617.2589075599699}, "K52A-U170": {"K52A-U180": 275.33766764909865}, "K58-U020": {"K58-U023": 86.95713547323001}, "K54-U060": {"K54-U070": 211.16908630745078}, "K51-U070": {"K51-U080": 180.0651669305478}, "K52-nU050": {"K52-nU060": 256.32317783739484}, "K53-D015": {"K53-D020": 50.21767482448723}, "K53-D110": {"K53-D120": 151.88126175245247}, "K52-nU220": {"K52-nU230": 84.53119540554403}, "K58-D040": {"K58-D050": 112.11245869999998}, "K53-D010": {"K53-D015": 101.5638515184418}, "K52-nU150": {"K52-nU160": 90.16361232930694}, "K53-D100": {"K53-D110": 76.06728985163961}, "K52-nD190": {"K52-nD200": 183.96063326294683}, "K52-nD060": {"K52-nD070": 130.31588428172276}, "K52-nU270": {"K52-nU280": 166.42706325874997}, "K53-U140": {"K53-D010": 91.28021516104161}, "K51A-D260": {"K51A-D270": 73.86149558270527}, "K52-nU120": {"K52-nU140": 99.97447359050003}, "K51-D020": {"K51-D030": 61.18700684616654}, "K51A-D230": {"K51A-D240": 186.3011065066468}, "K58-D090": {"K58-D100": 133.58840000000004}, "K53-U080": {"K53-U090": 82.50778006892887}, "K52-nD090": {"K52-nD100": 68.65736319926006}, "K54-U050": {"K54-U060": 329.60947086980843}, "K58-U100": {"K58-U110": 87.64683048000002}, "K51-U040": {"K51-U050": 117.15293879906099}, "K53-D120": {"K53-D130": 71.68242591807702}, "K51A-D020": {"K51A-D030": 84.28473023247972}, "K51-D120": {"K51-D130": 48.5113489210422}, "K54-U070": {"K54-D010": 149.93581436495248}, "K51-U030": {"K51-U040": 79.2311805448016}, "K51A-D210": {"K51A-D220": 81.8604051551338}, "K51-D170": {"K51-D180": 76.03868224229856}, "K54-D040": {"K54-D050": 174.92796693135446}, "K53-U110": {"K53-U120": 98.11035448350282}, "K51A-U090": {"K51A-U100": 175.4161918790387}, "K52-nU090": {"K52-nU100": 98.72556827327216}, "K58-U130": {"K58-U140": 93.91910000000001}, "K51-D250": {"K51-D260": 186.62983869118756}, "K51A-D040": {"K51A-D050": 90.34961608930385}, "K58-D050": {"K58-D060": 171.96230645}, "K51-D040": {"K51-D050": 51.51045123706001}, "K52-nU230": {"K52-nU240": 79.02745555141072}, "K52-nD210": {"K52-nD220": 246.59203546999998}, "K52-nD270": {"K52-nD280": 107.5921542696}, "K54-D050": {"K54-D060": 96.21818979666581}, "K51A-U070": {"K51A-U080": 198.98198239187406}, "K54-D020": {"K54-D030": 156.97171655490803}, "K53-D150": {"K53-D160": 155.50109126899946}, "K52-nU210": {"K52-nU220": 77.93355246580992}, "K58-D190": {"K58-D193": 216.63498384000007}, "K54-D010": {"K54-D020": 256.8804146946271}, "K58-U040": {"K58-U050": 74.063}, "K58-D080": {"K58-D090": 131.64863800000006}, "K51A-U180": {"K51A-U190": 96.97570846137427}, "K51-U190": {"K51-U200": 83.37302897451227}, "K51A-D250": {"K51A-D260": 87.7570098714852}, "K51A-D070": {"K51A-D080": 89.74030423083003}, "K51A-U240": {"K51A-U250": 79.37756252018754}, "K53-D130": {"K53-D140": 66.29056355263238}, "K58-U140": {"K58-U150": 159.83359810000002}, "K58-D010": {"K58-D020": 17.5516}, "K52-nD120": {"K52-nD130": 42.321621237887236}, "K51-U180": {"K51-U190": 110.22513697206753}, "K52-nD070": {"K52-nD080": 120.05009574034432}, "K54-D030": {"K54-D040": 83.56843799204844}, "K51A-U160": {"K51A-U170": 76.58571194550855}, "K52-nU010": {"K52-nU020": 98.02663881099998}, "K58-D120": {"K58-D130": 170.89256800000004}, "K58-D140": {"K58-D150": 42.246475909000004}, "K53-U030": {"K53-U040": 242.25401889133454}, "K51-D050": {"K51-D060": 72.32414618}, "K53-D140": {"K53-D150": 151.97577895101384}, "K58-D030": {"K58-D040": 71.60164}, "K51-U100": {"K51-U110": 241.04995780102496}, "K58-U120": {"K58-U130": 122.62140000000002}, "K51-U080": {"K51-U090": 173.8229071009112}, "K51-D160": {"K51-D170": 85.55482857979536}, "K52-nD230": {"K52-nD240": 166.36056733}, "K58-U110": {"K58-U120": 166.68300000000002}, "K51-D100": {"K51-D110": 161.05176418399998}, "K51-U110": {"K51-U120": 139.46715364614815}, "K58-U030": {"K58-U040": 335.5}, "K52-nD160": {"K52-nD170": 141.22727736719654}, "K51-U200": {"K51-U210": 93.25642268828513}, "K53-U040": {"K53-U050": 135.39779578735084}, "K52-nD080": {"K52-nD090": 83.44063903502594}, "K53-D090": {"K53-D100": 47.796291654621804}, "K51-D190": {"K51-D200": 159.73707889959127}, "K58-D193": {"K58-D196": 59.922842100000004}, "K51-U010": {"K51-U020": 32.10169122918326}, "K51A-U050": {"K51A-U060": 271.0894131455488}, "K51A-D100": {"K51A-D110": 46.35941558635281}, "K58-U180": {"K58-U190": 142.59289}, "K53-D040": {"K53-D050": 71.60605901946944}, "K53-U020": {"K53-U030": 172.16391291736613, "K53-D160": 867.6927735191819}, "K51A-D010": {"K51A-D020": 57.37200106338781}, "K52-nU110": {"K52-nU120": 158.58418916440553}, "K51A-U020": {"K51A-U030": 95.78025481078272}, "K52-nU080": {"K52-nU090": 91.15672090377915}, "K51A-D080": {"K51A-D090": 167.43968248044774}, "K51A-U010": {"K51A-U020": 55.784943479115405}, "K52-nD050": {"K52-nD060": 36.64256681580749}, "K58-D180": {"K58-D190": 316.81100000000004}, "K51-D030": {"K51-D040": 36.565470146217514}, "K51A-D170": {"K51A-D180": 151.78074999854647}, "K51A-U100": {"K51A-U110": 253.95224882990073}, "K58-U090": {"K58-U100": 165.39600000000002}, "K52A-D010": {"K52A-D020": 277.22506227079356}, "K51A-U190": {"K51A-U200": 77.9829773778238}, "K51A-D120": {"K51A-D140": 147.5699874502239}, "K52-nD280": {"K52-nD290": 93.82930279587879}, "K52-nU240": {"K52-nU250": 52.511859092111}, "K52-nD150": {"K52-nD160": 85.15289409}, "K52-nD020": {"K52-nD030": 19.9855056319449}, "K51A-U200": {"K51A-U210": 51.01186651061}, "K51A-U110": {"K51A-U120": 136.88072844319623}, "K51A-U040": {"K51A-U050": 123.44654829370013},