{"K73-U110": {"K73-U120": 233.25323889214184}, "K73-U060": {"K73-U070": 131.9458964161518}, "K75P-U040": {"K75P-U050": 107.78764564387168}, "K74-D030": {"K74-D040": 132.98893544}, "K75A-D080": {"K75A-D090": 93.55860014683796}, "K76-D010": {"K76-D020": 247.69741000540844}, "K75P-D010": {"K75P-D020": 138.01855424643762}, "K76-U020": {"K76-U030": 153.63736470006796}, "K73-U040": {"K73-U050": 110.60842944132628, "K73-U060": 220.14879080374627}, "K75P-D070": {"K75P-D080": 87.7981298502881}, "K75A-U030": {"K75A-D010": 243.012014601701}, "K75A-D110": {"K75A-U011": 190.0840003183786}, "K76-D030": {"K76-D040": 81.25086282208868}, "K75P-D030": {"K75P-D040": 112.4918806724595}, "K76-U030": {"K76-U040": 251.97495732947283}, "K75P-U070": {"K75P-U080": 110.11584120732034}, "K73-D110": {"K73-D120": 95.93709876841413}, "K73-U050": {"K73-U060": 103.49993554429996}, "K73-U090": {"K73-U100": 110.16091425020129}, "K76-U040": {"K76-U050": 175.35318336920324}, "K75P-U050": {"K75P-U060": 194.30306092388176}, "K73-U010": {"K73-U020": 74.84385296964128}, "K75P-U140": {"K75P-D010": 152.32813486476545}, "K75P-U100": {"K75P-U110": 61.534639351153416}, "K75A-U010": {"K75A-U020": 45.165660558144694}, "K73-U070": {"K73-U080": 161.35069839831948}, "K76-U010": {"K76-U020": 21.463912885010068}, "K75P-D020": {"K75P-D030": 36.14632777996348}, "K73-U080": {"K73-U110": 327.57991153581077, "K73-U090": 288.04218198041616}, "K75A-D020": {"K75A-D030": 31.715221877078005}, "K75A-D010": {"K75A-D020": 200.02271141073038}, "K75P-U130": {"K75P-U140": 46.73389819525236}, "K73-D130": {"K73-D140": 143.40399177415011}, "K75P-U060": {"K75P-U070": 28.242114045539847}, "K73-D020": {"K73-D030": 93.10757425858836}, "K73-U030": {"K73-U040": 95.05650470386175}, "K74-D090": {"K74-U011": 77.230582411749}, "K73-D010": {"K73-D020": 79.28214539594822}, "K75P-D040": {"K75P-D050": 177.26741488375566}, "K73-D050": {"K73-D070": 107.63795820532214}, "K75P-D080": {"K75P-U011": 145.31080406664532}, "K73-U100": {"K73-U110": 264.63538368600837}, "K73-D070": {"K73-D080": 183.77146926377395}, "K75P-U110": {"K75P-U120": 96.02021992768172}, "K75P-U080": {"K75P-U090": 46.660844363441704}, "K75P-D060": {"K75P-D070": 206.39828279522368}, "K74-U060": {"K74-U070": 146.4824901}, "K75A-D090": {"K75A-D100": 44.96553464949766}, "K74-D010": {"K74-D020": 165.70081376328653}, "K74-U070": {"K74-U080": 138.78870115700005}, "K74-D060": {"K74-D070": 167.52724722176967}, "K75A-U020": {"K75A-U030": 171.88995184610218}, "K74-D110": {"K74-U002": 178.9302291362165}, "K75P-D050": {"K75P-D060": 78.53687695479366}, "K74-D040": {"K74-D050": 90.63914764870051}, "K75P-U090": {"K75P-U100": 38.62548485476293}, "K73-D120": {"K73-D130": 112.04198737696485}, "K76-D020": {"K76-D030": 125.41815877462709}, "K73-D100": {"K73-D110": 208.33521205599922}, "K73-D030": {"K73-D040": 130.16886694991004}, "K73-D150": {"K73-D160": 59.56424983817601}, "K75P-U120": {"K75P-U130": 64.03311934044685}, "K75A-D030": {"K75A-D040": 50.839377167224285}, "K73-D040": {"K73-D050": 81.40535105660074}, "K75P-U010": {"K75P-U020": 97.52553115985104}, "K74-D070": {"K74-D080": 269.04283865475975}, "K73-D090": {"K73-D100": 86.3201402087403}, "K75P-U030": {"K75P-U040": 134.29165021012835}, "K75A-D100": {"K75A-D110": 102.61133797338682}, "K75P-U020": {"K75P-U030": 102.74615518431696}, "K74-U011": {"K74-D100": 187.8106831684561}, "K74-U100": {"K74-D010": 113.11608149993404}, "K73-U020": {"K73-U030": 210.3944010848379}, "K74-U004": {"K74-U007": 90.2}, "K75A-D070": {"K75A-D080": 34.59401181502249}, "K74-U080": {"K74-U090": 229.26045999999997}, "K75A-D050": {"K75A-D060": 67.63665116245573}, "K74-D050": {"K74-D060": 109.84798}, "K73-D080": {"K73-D090": 267.0578826982102}, "K75A-D040": {"K75A-D050": 59.386877595024224}, "K74-U040": {"K74-U050": 165.45319999999998}, "K75A-D060": {"K75A-D070": 42.16042587095025}, "K74-D020": {"K74-D030": 148.52105788075283}, "K74-D100": {"K74-D110": 96.56714803617481}, "K74-U030": {"K74-U040": 285.48893999999996}, "K74-U090": {"K74-U100": 213.60856157660004}, "K73-D140": {"K73-D150": 226.94754273563612}, "K74-D080": {"K74-D090": 180.75092559438892}, "K74-U007": {"K74-U010": 228.8}, "K74-U050": {"K74-U060": 253.806417909}, "K74-U010": {"K74-U020": 160.689012}, "K75S-U011": {"K75S-U020": 863.61}, "K75S-U040": {"K75S-D010": 26.17538}, "K75S-U030": {"K75S-U040": 119.12335710000002}, "K74-U020": {"K74-U030": 177.10000000000002}, "K75S-D020": {"K75S-D030": 204.04340000000002}, "K75S-D030": {"K75S-U011": 148.78218299999997}, "K75S-U020": {"K75S-U030": 184.47000000000003}, "K75S-U010": {"K75S-U020": 45.10000000000001}, "K76S-D030": {"K76S-D050": 340.45000000000005}, "K76S-D020": {"K76S-D030": 158.081}}