{"KAT": {"SUW": 119.77186300000002, "DIH": 146.439777822675}}