{"KSR": {"YUL": 241.02854972587738, "TWW": 600.2590863321777}}