{"KWF": {"LAK": 149.81641592941895, "KWH": 75.32502022054982}, "KWH": {"KWF": 95.78151255164181, "TWH": 109.29281926031085}, "KWT": {"NTK": 123.4767209647604, "LAT": 97.93197657872872}}