{"LCK": {"CSW": 108.44145676613262, "MEF": 97.4927605432113}}