{"LOW": {"SHS": 202.38204126420993}, "LOF": {"KOT": 116.9583723356242, "WTS": 87.7544218038012}, "LOP": {"TIS": 167.43990753926383, "YUL": 95.16022402810668}}