{"MKK": {"KOT": 115.95770606686592, "HUH": 186.5997702795873}}