{"MOK": {"PRE": 113.03421028480125, "YMT": 108.63823256126493}, "MOS": {"WKS": 166.54343307735198, "HEO": 123.74048215266002}}