{"OCP": {"ADM": 287.631972508657, "WCH": 132.6692373105757}}