{"PRE": {"SSP": 92.75220928715729, "MOK": 119.44366987234643, "SKM": 95.44422421963188}}