{"QUB": {"YAT": 234.40694461729996, "TAK": 103.26162354839751, "NOP": 120.83509839992124}}