{"SSP": {"CSW": 74.69629458635306, "PRE": 99.37382441789713}}