{"SYP": {"SHW": 100.22075043150406, "HKU": 82.77418592312964}}