{"TAW": {"KOT": 310.8847794781799, "SHT": 90.78469384025506, "CKT": 143.20579284000002, "HIK": 131.55455049}, "TAP": {"UNI": 337.9856873839468, "TWO": 225.89584555230357}, "TAK": {"SWH": 80.52415041319867, "QUB": 84.33472666022627}}