{"TKO": {"HAH": 146.96354451224462, "LHP": 132.04074521038427, "TIK": 177.88258845823614}, "TKW": {"SUW": 122.60218396830003, "HOM": 160.01199764660004}}