{"TSW": {"TWH": 53.79439276121796}, "TSY": {"LAK": 195.19143399276984, "AIR": 1471.9861190962442, "KOW": 430.9655282965808, "SUN": 606.2598796369122}, "TST": {"JOR": 70.55830302579008, "ADM": 142.61602215459868}, "TSH": {"SHM": 211.60419250306683, "HEO": 121.3832004}}