{"UNI": {"TAP": 338.6625703100709, "FOT": 189.14959514989835}}