{"WAC": {"ADM": 92.38685473509297, "CAB": 102.84992305652057}}