{"WCH": {"LET": 170.56836506451094, "OCP": 122.31308290223112}}