{"WTS": {"LOF": 127.65438756822687, "DIH": 104.77689271569552}}