{"YMT": {"JOR": 71.2882395944637, "MOK": 106.42258329966369, "HOM": 172.60829372746525}}