{"YUL": {"KSR": 245.34246197796074, "LOP": 76.82555992600001}}