{"5": {"305": 110.25411827532544, "6": 115.80038405122518}}