{"CHH": {"DIH": 85.27425128473648, "KOB": 57.078085850134336}, "CHW": {"HFC": 98.82160342191854}}