{"CIO": {"STW": 131.43866999999997, "SHM": 127.66773700000002}}