{"CKT": {"TAW": 117.630054211535, "STW": 131.33161841902933}}