{"ETS": {"HUH": 105.61629201624135, "AUS": 88.39305068220001}}