{"HAH": {"TKO": 132.00405524388833, "POA": 128.14586507068162}}