{"HEO": {"TSH": 124.30969669068, "MOS": 96.24371597992035}}