{"HFC": {"SKW": 89.5256021500566, "CHW": 125.18127568916972}}