{"HIK": {"DIH": 253.65880082983776, "TAW": 97.41275700000001}}