{"HKU": {"SYP": 97.2289415443308, "KET": 96.00182321555671}}