{"HOK": {"KOW": 180.74096707531007}, "HOM": {"YMT": 119.8865684985036, "TKW": 137.90056953997, "WHA": 65.25915447684919, "HUH": 111.08269917656}}