{"JOR": {"TST": 85.85164531020293, "YMT": 89.11186131266864}}