{"K18-U020": {"K18-U030": 58.12845974036763}, "K12-U010": {"K12-U020": 273.71625802275173}, "K17-D020": {"K17-D030": 47.55191735682771}, "K17-D010": {"K17-D020": 327.7065808226647}, "K12-D020": {"K12-D030": 358.0107200618532}, "K18-U010": {"K18-U020": 227.88136409017693}, "K18-D020": {"K18-D030": 74.08397816826565}, "K12-U020": {"K12-U030": 245.08784902845028}, "K17-U030": {"K17-U040": 31.08587814512643}, "K12-D010": {"K12-D020": 168.18040425695943}, "K17-U010": {"K17-U020": 243.14366748437456}, "K17-U020": {"K17-U030": 130.07089244012778}, "K18-D010": {"K18-D020": 261.11638572969036}, "K12-D030": {"K12-D040": 116.13575970773726}}