{"K58-D193": {"K58-D196": 60.65840000000001}, "K58-D090": {"K58-D100": 145.21241031000005}, "K53-D050": {"K53-D060": 88.45121375892236}, "K51-U120": {"K51-U130": 152.44682261567053}, "K52A-D130": {"K52A-D140": 126.4990861}, "K53-D120": {"K53-D130": 79.69792652322164}, "K51A-D250": {"K51A-D260": 102.11291587648134}, "K53-U030": {"K53-U040": 251.02776247594792}, "K53-D100": {"K53-D110": 77.86397670222513}, "K52-nD200": {"K52-nD210": 143.44499273545497}, "K53-D160": {"K53-D170": 404.3255148228659, "K53-U011": 197.35000143377974}, "K52A-D170": {"K52A-D180": 169.79365259999997}, "K52-nU160": {"K52-nU170": 42.58886267396737}, "K51-U030": {"K51-U040": 84.50429129255596}, "K54-U040": {"K54-U050": 166.90865275001514}, "K52-nD290": {"K52-nD300": 95.50751824464251}, "K58-D180": {"K58-D190": 306.25336500000003}, "K52-nU150": {"K52-nU160": 102.00504262000001}, "K51A-U240": {"K51A-U250": 76.36386115268661}, "K51A-U220": {"K51A-U230": 86.8637530938249}, "K52-nU180": {"K52-nU190": 87.04345746458037}, "K53-D015": {"K53-D020": 51.844465696329415}, "K51-U210": {"K51-U220": 115.83013934996343}, "K51A-D160": {"K51A-D170": 177.40905436984343}, "K58-D200": {"K58-D210": 75.101268}, "K51A-D170": {"K51A-D180": 159.73865197455004}, "K51A-U210": {"K51A-U220": 77.45889038124592}, "K51A-D110": {"K51A-D120": 55.13637508874515}, "K58-U040": {"K58-U050": 108.24550000000002}, "K54-U030": {"K54-U040": 145.86515215459644}, "K53-U100": {"K53-U110": 78.35631973011759}, "K51-U160": {"K51-U170": 119.36991621020593}, "K58-D120": {"K58-D130": 150.348}, "K58-U026": {"K58-U030": 134.662}, "K51-D060": {"K51-D070": 67.6531157818861}, "K54-D060": {"K54-D070": 154.90677979405064}, "K52-nD160": {"K52-nD170": 158.61215838044}, "K58-U110": {"K58-U120": 158.4}, "K53-U080": {"K53-U090": 84.68927254364647}, "K53-U070": {"K53-U080": 61.19235994392879}, "K58-D030": {"K58-D040": 87.54906655000002}, "K53-D130": {"K53-D140": 71.60788808350985}, "K52A-U140": {"K52A-U150": 160.35887203763247}, "K51-U140": {"K51-U150": 59.82070339615983}, "K58-D196": {"K58-D200": 98.93125}, "K51-U230": {"K51-U240": 54.59488240430136}, "K52-nD110": {"K52-nD120": 199.00698330000003}, "K51A-U040": {"K51A-U050": 126.36739324856337}, "K51-D170": {"K51-D180": 86.16656853470721}, "K51A-U130": {"K51A-U140": 76.10742244625767}, "K53-U010": {"K53-U020": 258.7318576465234, "K53-D180": 1667.6766473047567}, "K51-U010": {"K51-U020": 33.21309674281259}, "K52-nU100": {"K52-nU110": 161.84149366}, "K51-U150": {"K51-U160": 93.9097885463789}, "K53-D180": {"K53-D190": 79.55664470522012}, "K58-D040": {"K58-D050": 101.04246471}, "K53-D030": {"K53-D040": 76.62369014799535}, "K53-D070": {"K53-D080": 51.51277858173612}, "K52A-U170": {"K52A-U180": 275.3428540851627}, "K53-U020": {"K53-U030": 183.00383540423442, "K53-D160": 756.7141479324591}, "K51A-U150": {"K51A-U160": 120.29656616953181}, "K54-U010": {"K54-U020": 78.92046390801563}, "K52-nD190": {"K52-nD200": 233.66552936586268}, "K58-U023": {"K58-U026": 80.66740000000001}, "K51-U020": {"K51-U030": 115.84654290713124}, "K51-U080": {"K51-U090": 186.445087592}, "K53-D110": {"K53-D120": 186.08479468182145}, "K52A-D070": {"K52A-D080": 128.20473810000004}, "K53-U060": {"K53-U070": 78.3872533025287}, "K52A-D110": {"K52A-D120": 154.94836179570007}, "K51-D250": {"K51-D260": 175.72842888200955}, "K53-D010": {"K53-D015": 108.30567600207571}, "K51-U130": {"K51-U140": 82.49842740334886}, "K53-D170": {"K53-D180": 320.92114933}, "K51A-D220": {"K51A-D230": 146.1349560543}, "K51-D150": {"K51-D160": 193.11541491966668}, "K58-U120": {"K58-U130": 129.88137183999999}, "K52A-D010": {"K52A-D020": 277.223496381524}, "K58-D190": {"K58-D193": 200.068}, "K58-D080": {"K58-D090": 127.85123999999999}, "K52-nD150": {"K52-nD160": 104.23231579590792}, "K54-D020": {"K54-D030": 214.3226091565297}, "K51A-D150": {"K51A-D160": 91.50439051407345}, "K54-D040": {"K54-D050": 178.94052241700234}, "K52-nU190": {"K52-nU200": 134.35015478740854}, "K52-nU250": {"K52-nU260": 75.86836281829619}, "K58-U160": {"K58-U170": 130.72844400000002}, "K51-U200": {"K51-U210": 86.97741804343111}, "K58-U060": {"K58-U070": 200.72305}, "K52-nU140": {"K52-nU150": 223.3866175937714}, "K53-D080": {"K53-D090": 51.08450240674224}, "K52-nU220": {"K52-nU230": 80.69988230064692}, "K51-D220": {"K51-D230": 238.86280041427153}, "K51-U090": {"K51-U100": 177.0270064598906}, "K52-nU230": {"K52-nU240": 84.00620246523725}, "K52-nU070": {"K52-nU080": 96.73188701037886}, "K58-U170": {"K58-U180": 180.94879000000003}, "K52-nD070": {"K52-nD080": 141.53238772236213}, "K51A-U140": {"K51A-U150": 53.49861381714321}, "K52-nU290": {"K52-nU300": 38.530872883452254}, "K52-nU300": {"K52-nU310": 56.3749978}, "K52-nD230": {"K52-nD240": 168.0792091354328}, "K53-U130": {"K53-U140": 60.80820194076834}, "K53-D020": {"K53-D030": 107.0082157316635}, "K53-U140": {"K53-D010": 93.29457511732481}, "K51A-U200": {"K51A-U210": 57.64023908021081}, "K54-D050": {"K54-D060": 97.87626060398063}, "K52-nD120": {"K52-nD130": 68.63346270000001}, "K51-U220": {"K51-U230": 68.70407926611104}, "K52-nU240": {"K52-nU250": 54.92322531940001}, "K51-D160": {"K51-D170": 93.58825773}, "K53-U050": {"K53-U060": 151.2076522439483}, "K58-U200": {"K58-U210": 72.35799999999999}, "K58-U150": {"K58-U160": 186.26663}, "K58-D020": {"K58-D030": 127.60571999999999}, "K51-U050": {"K51-U060": 286.10515400625684}, "K58-U090": {"K58-U100": 169.90930000000003}, "K51A-D180": {"K51A-D190": 158.02886169437335}, "K53-D150": {"K53-D160": 163.12947846035493}, "K51A-D060": {"K51A-D070": 77.15711247060055}, "K53-D060": {"K53-D070": 192.39385725635697}, "K52-nD060": {"K52-nD070": 134.69935909080306}, "K51-D080": {"K51-D090": 120.04409453489286}, "K51-D230": {"K51-D240": 83.80365605092712}, "K51A-D020": {"K51A-D030": 130.0447720021626}, "K54-U070": {"K54-D010": 181.88888943681258}, "K51A-U170": {"K51A-U180": 84.81255673099464}, "K53-U110": {"K53-U120": 97.89165145275379}, "K53-U040": {"K53-U050": 154.12790386692095}, "K53-U120": {"K53-U130": 77.02208346123562}, "K52-nU110": {"K52-nU120": 166.27799209371997}, "K52-nU080": {"K52-nU090": 98.15785310862032}, "K52-nD030": {"K52-nD040": 31.0274045781534}, "K52A-D180": {"K52A-D190": 235.4016423}, "K51-U240": {"K51-U250": 119.94990277090992}, "K51A-D260": {"K51A-D270": 74.07308868749001}, "K58-D110": {"K58-D120": 257.29}, "K58-U050": {"K58-U060": 54.0419}, "K51A-U100": {"K51A-U110": 256.334895606912}, "K52-nD260": {"K52-nD270": 65.36681382338621}, "K52-nU260": {"K52-nU270": 63.86038972299999}, "K51A-D080": {"K51A-D090": 182.52524868826214}, "K51-D090": {"K51-D100": 99.27047365956524}, "K51A-U230": {"K51A-U240": 47.71449404612295}, "K51-D130": {"K51-D140": 57.28624248410803}, "K52-nD130": {"K52-nD140": 116.68999645599999}, "K51A-U160": {"K51A-U170": 79.04413009293505}, "K52A-D060": {"K52A-D070": 129.7526233665646}, "K51-D140": {"K51-D150": 85.0622915938516}, "K58-D170": {"K58-D180": 154.5544}, "K51-D190": {"K51-D200": 158.169}, "K52-nD180": {"K52-nD190": 123.02930933}, "K51A-U070": {"K51A-U080": 202.3103549025108}, "K51A-D240": {"K51A-D250": 63.46906557229594}, "K52-nD140": {"K52-nD150": 127.09467862718002}, "K51-U190": {"K51-U200": 83.67514239857523}, "K58-D130": {"K58-D140": 100.22684430000001}, "K51A-D230": {"K51A-D240": 174.279591794395}, "K52-nD280": {"K52-nD290": 89.99450110814676}, "K52-nU270": {"K52-nU280": 164.01343455601977}, "K58-U130": {"K58-U140": 135.3}, "K58-U180": {"K58-U190": 139.5306}, "K51-U110": {"K51-U120": 146.71425316213725}, "K51A-D120": {"K51A-D140": 141.7141508118802}, "K51A-U120": {"K51A-U130": 155.43323886286458}, "K52-nD210": {"K52-nD220": 256.25044062464633}, "K51-D020": {"K51-D030": 67.98753909617277}, "K58-U070": {"K58-U080": 122.21000000000001}, "K51-D030": {"K51-D040": 42.7397932}, "K58-U100": {"K58-U110": 90.47005035860002}, "K51-U040": {"K51-U050": 134.35837384457508}, "K51-D210": {"K51-D220": 172.38508784895}, "K52-nU090": {"K52-nU100": 108.78095296055376}, "K51-U170": {"K51-U180": 84.67041911378922}, "K53-D040": {"K53-D050": 72.40971897898542},