{"K66-D100": {"K66-D110": 48.8489404834319}, "K68-D130": {"K68-D140": 63.678889110448594}, "K65A-U100": {"K65A-U110": 60.08801889235766}, "K65-U070": {"K65-U080": 78.43391870986822}, "K68-D160": {"K68-D170": 87.8377040641561}, "K66-U150": {"K66-U160": 57.30541161917428}, "K65A-D010": {"K65A-D020": 54.9719191388895}, "K68-U070": {"K68-U080": 52.27205183081488}, "K65A-U090": {"K65A-U100": 71.60219383257521}, "K66-U040": {"K66-U050": 155.80652344209003}, "K66-U010": {"K66-U020": 141.2849212535522}, "K65-U160": {"K65-U170": 61.27032789455272}, "K65-U120": {"K65-U130": 198.6868026710369}, "K65A-U020": {"K65A-U030": 195.70145482815647}, "K65-U030": {"K65-U040": 106.83765800360399}, "K68-U170": {"K68-D010": 159.33373723800003}, "K65-U140": {"K65-U150": 95.55367531570162}, "K66-D070": {"K66-D080": 50.582148445198406}, "K65-U180": {"K65-U190": 76.28237356000072}, "K65A-D040": {"K65A-D050": 103.54168754954863}, "K65-U190": {"K65-U200": 49.02868345777501}, "K65-D170": {"K65-D180": 102.50223226458202}, "K65-D160": {"K65-D170": 171.07042036482852}, "K66-U090": {"K66-U100": 63.13514978335519}, "K65-U060": {"K65-U070": 51.72656780845}, "K68-D170": {"K68-D180": 43.37532790319254}, "K65-D020": {"K65-D030": 85.19695587688557}, "K68-D080": {"K68-D090": 101.13593601551003}, "K68-D040": {"K68-D050": 122.57416994386001}, "K65A-U110": {"K65A-U120": 79.0984635805715}, "K65A-U120": {"K65A-U130": 84.64934892154358}, "K68-U050": {"K68-U060": 69.4962788303549}, "K66-U070": {"K66-U080": 237.29957673307723}, "K66-D220": {"K66-D230": 80.70875364113526}, "K65-U040": {"K65-U050": 91.25238215098261}, "K66-D180": {"K66-D190": 80.74140855466823}, "K65A-U010": {"K65A-U020": 75.04963279335485}, "K68-D090": {"K68-D100": 158.38787066587113}, "K65A-D080": {"K65A-D090": 59.351351820309695}, "K66-U060": {"K66-U070": 170.06913053982717}, "K65-D100": {"K65-D110": 267.0515442287444}, "K65-U020": {"K65-U030": 158.26187938192862}, "K66-D200": {"K66-D210": 138.50843003743745}, "K68-U130": {"K68-U140": 189.81220500000003}, "K68-D030": {"K68-D040": 107.74213571392261}, "K66-D050": {"K66-D060": 43.85208671493773}, "K66-D080": {"K66-D090": 62.3604251853483}, "K66-U140": {"K66-U150": 49.98173227125019}, "K65-D150": {"K65-D160": 106.11905603851878}, "K68-D140": {"K68-D150": 36.35294336569}, "K68-D180": {"K68-D190": 35.26704942181625}, "K66-U180": {"K66-U190": 68.46330610715181}, "K65-U090": {"K65-U100": 58.32145658901654}, "K65-U110": {"K65-U120": 119.91307130157045}, "K65-D070": {"K65-D080": 119.4580441559638}, "K65A-U030": {"K65A-U040": 28.545167143185246}, "K66-U080": {"K66-U090": 178.65267915503966}, "K65A-U040": {"K65A-U050": 88.11840148817637}, "K66-D020": {"K66-D030": 78.73191044050762}, "K65-D090": {"K65-D100": 122.608296574}, "K65A-D050": {"K65A-D060": 72.21652879709933}, "K65-D010": {"K65-D020": 43.7855041686868}, "K66-U160": {"K66-U170": 53.98185667879699}, "K65-D080": {"K65-D090": 91.43672063501944}, "K65-D040": {"K65-D050": 92.22003471195235}, "K65A-U050": {"K65A-U060": 51.67973128579281}, "K65A-U080": {"K65A-U090": 73.71635274991279}, "K68-U160": {"K68-U170": 75.882272310339}, "K65-U080": {"K65-U090": 196.884238349004}, "K66-U120": {"K66-U130": 63.003449356}, "K65-U150": {"K65-U160": 60.51053667312423}, "K68-D020": {"K68-D030": 126.50606554000001}, "K65-D110": {"K65-D120": 127.6895002901515}, "K65A-D030": {"K65A-D040": 84.04085097237555}, "K65-U050": {"K65-U060": 129.74390022}, "K68-U120": {"K68-U130": 196.73916578}, "K66-U050": {"K66-U060": 55.28739906477351}, "K66-D040": {"K66-D050": 33.56727270258604}, "K65-D060": {"K65-D070": 92.88416288545196}, "K68-D060": {"K68-D070": 108.21608519562172}, "K65-U100": {"K65-U110": 169.01043982633786}, "K65-D130": {"K65-D140": 124.8552795713787}, "K68-D200": {"K68-U011": 64.35447224194999}, "K66-U100": {"K66-U110": 82.70479887100555}, "K66-U210": {"K66-U220": 46.82417072840504}, "K66-D160": {"K66-D170": 149.80059245139336}, "K65A-U070": {"K65A-U080": 50.47376444221622}, "K68-U060": {"K68-U070": 101.44970251756742}, "K66-U200": {"K66-U210": 58.47135676402073}, "K68-D010": {"K68-D020": 50.11364202699337}, "K65-U130": {"K65-U140": 34.11716427442926}, "K65A-U060": {"K65A-U070": 55.800761543061924}, "K65-U220": {"K65-U230": 90.2575456007865}, "K65A-D090": {"K65A-D100": 132.02385897663225}, "K66-D210": {"K66-D220": 163.40594125021468}, "K65-D030": {"K65-D040": 76.33773727932984}, "K68-U150": {"K68-U160": 80.72284475200001}, "K66-D190": {"K66-D200": 100.97842481428482}, "K68-U110": {"K68-U120": 221.60820345527503, "K68-D090": 306.90000000000003}, "K65-U170": {"K65-U180": 62.26813054}, "K65A-D020": {"K65A-D030": 92.30093994901156}, "K66-U130": {"K66-U140": 53.84615488780687}, "K66-D090": {"K66-D100": 43.157997792053884}, "K65A-D070": {"K65A-D080": 129.49267051610786}, "K68-U020": {"K68-U030": 58.51559789137887}, "K66-D110": {"K66-D120": 39.17066220231173}, "K66-D150": {"K66-D160": 95.9149849272744}, "K68-D190": {"K68-D200": 45.38888797014988}, "K66-D010": {"K66-D020": 15.280924449814771}, "K68-U040": {"K68-U050": 68.02210629247756}, "K66-D120": {"K66-D130": 71.80357749289598}, "K68-U140": {"K68-U150": 53.868245278100005}, "K65-D180": {"K65-D190": 130.13348028159507}, "K65A-D060": {"K65A-D070": 94.02593583725994}, "K66-U030": {"K66-U040": 210.90942341828745}, "K66-D030": {"K66-D040": 80.38870293778325}, "K65-D140": {"K65-D150": 126.10255707338214}, "K66-U170": {"K66-U180": 37.696916272473416}, "K68-D120": {"K68-D130": 195.8351739454867}, "K66-D170": {"K66-D180": 221.09757138501158}, "K66-U190": {"K66-U200": 71.33340212852788}, "K66-U020": {"K66-U030": 213.03640263355447}, "K68-D050": {"K68-D060": 78.68213048753718}, "K66-D060": {"K66-D070": 42.76499958046988}, "K68-U090": {"K68-U100": 149.58830949134816}, "K65-D120": {"K65-D130": 69.59804869534346}, "K65-U200": {"K65-U210": 73.51387181954892}, "K66-D130": {"K66-D140": 37.6486048946883}, "K66-D230": {"K66-D240": 97.91203267650678}, "K65-D050": {"K65-D060": 77.89578015948054}, "K68-D100": {"K68-D110": 89.81084390568262}, "K68-U080": {"K68-U090": 59.445263400804734}, "K68-U030": {"K68-U040": 33.35055810412125}, "K68-U100": {"K68-U110": 213.127041629844}, "K66-D140": {"K66-D150": 92.83017215598541}, "K65A-D100": {"K65A-D110": 244.4096321072631}, "K65-U210": {"K65-U220": 82.9600388465442}, "K66-U110": {"K66-U120": 43.36633470790499}, "K65-U010": {"K65-U020": 278.250963008}, "K68-D150": {"K68-D160": 71.344331598866}, "K68-D110": {"K68-D120": 102.05125039600003}, "K68-D070": {"K68-D080": 225.551804900471}, "K68-U010": {"K68-U020": 95.05342710200001}}