{"K73-D080": {"K73-D090": 251.54298539806337}, "K73-U060": {"K73-U070": 143.95584214198053}, "K75A-D080": {"K75A-D090": 141.52191613532204}, "K75A-D020": {"K75A-D030": 36.897788544381726}, "K73-U080": {"K73-U090": 295.0482130136215, "K73-U110": 271.5485372682976}, "K75P-U130": {"K75P-U140": 49.17580902131876}, "K73-U110": {"K73-U120": 245.59764772658136}, "K73-U070": {"K73-U080": 172.3077293162004}, "K75P-U110": {"K75P-U120": 98.79608189874327}, "K75A-U020": {"K75A-U030": 154.53697086445982}, "K73-U090": {"K73-U100": 124.62495674579228}, "K75P-D010": {"K75P-D020": 154.71018593040245}, "K75A-D110": {"K75A-U011": 209.042548287098}, "K73-U050": {"K73-U060": 115.0828492412688}, "K75A-D100": {"K75A-D110": 105.50266139420037}, "K74-D040": {"K74-D050": 81.83745012638812}, "K75P-D040": {"K75P-D050": 182.38786145202454}, "K76-D030": {"K76-D040": 84.91678610122412}, "K76-D010": {"K76-D020": 187.8249525240567}, "K76-U020": {"K76-U030": 165.99627169486342}, "K75P-U100": {"K75P-U110": 63.217133607075155}, "K75P-U080": {"K75P-U090": 51.59631540989439}, "K73-D090": {"K73-D100": 96.7682378190129}, "K73-U030": {"K73-U040": 99.49516478857875}, "K76-D020": {"K76-D030": 135.8075672424995}, "K75P-D070": {"K75P-D080": 99.07647468439146}, "K73-U010": {"K73-U020": 73.08062586689672}, "K75A-U010": {"K75A-U020": 54.15110971695217}, "K73-U040": {"K73-U050": 121.40073414572589, "K73-U060": 238.1492640433982}, "K75P-U020": {"K75P-U030": 106.44214670152232}, "K73-D140": {"K73-D150": 246.31987961554591}, "K76-U030": {"K76-U040": 275.03081770492554}, "K76-U010": {"K76-U020": 12.846275159230355}, "K74-U030": {"K74-U040": 287.31877250985616}, "K75P-D050": {"K75P-D060": 89.14067470484562}, "K75A-D010": {"K75A-D020": 228.80727950089312}, "K75P-D030": {"K75P-D040": 111.21592299905933}, "K76-U040": {"K76-U050": 166.03032248895866}, "K75A-D050": {"K75A-D060": 77.40550430781734}, "K73-U020": {"K73-U030": 204.07829358680533}, "K74-D070": {"K74-D080": 248.54282963608472}, "K75P-D020": {"K75P-D030": 35.9450630969685}, "K74-D050": {"K74-D060": 111.59623194224204}, "K73-D110": {"K73-D120": 86.54980377346953}, "K75P-U030": {"K75P-U040": 131.88328995811435}, "K75P-U140": {"K75P-D010": 160.42310999403216}, "K74-U004": {"K74-U007": 98.59884292789602}, "K74-U010": {"K74-U020": 161.31281681439486}, "K73-D150": {"K73-D160": 56.445486230744336}, "K73-D050": {"K73-D070": 115.94881779434081}, "K74-D080": {"K74-D090": 186.41755146957203}, "K75A-U030": {"K75A-D010": 248.18010620366482}, "K73-D130": {"K73-D140": 159.7392576185034}, "K75P-U060": {"K75P-U070": 32.401373635187625}, "K74-D030": {"K74-D040": 132.0277802667876}, "K74-U040": {"K74-U050": 178.15829858111002}, "K75P-D060": {"K75P-D070": 209.83532577983487}, "K75P-U090": {"K75P-U100": 46.03599591619342}, "K75A-D090": {"K75A-D100": 52.41006082374848}, "K74-U100": {"K74-D010": 132.75577710166837}, "K73-D030": {"K73-D040": 136.1236484010234}, "K73-U100": {"K73-U110": 298.0148227803929}, "K73-D070": {"K73-D080": 193.8939732204787}, "K75A-D060": {"K75A-D070": 54.43669879831928}, "K73-D010": {"K73-D020": 82.35853344068059}, "K74-U060": {"K74-U070": 169.32359555585134}, "K74-U011": {"K74-D100": 189.9363150735187}, "K73-D100": {"K73-D110": 205.37614394244173}, "K74-D060": {"K74-D070": 185.28456513167757}, "K74-U001": {"K74-U004": 140.44784538615278}, "K74-D090": {"K74-U011": 83.15124683845802}, "K74-U020": {"K74-U030": 148.98930222714282}, "K73-D040": {"K73-D050": 80.72903704141166}, "K74-D010": {"K74-D020": 167.71985969060236}, "K75P-U120": {"K75P-U130": 72.32406091009072}, "K75P-U040": {"K75P-U050": 120.89044926355703}, "K74-U007": {"K74-U010": 256.74403062034975}, "K73-D020": {"K73-D030": 97.06443337473561}, "K74-U080": {"K74-U090": 251.7906808441681}, "K75P-U070": {"K75P-U080": 106.84669194741305}, "K74-D100": {"K74-D110": 93.74383647949942}, "K75P-D080": {"K75P-U011": 149.172944910867}, "K75A-D070": {"K75A-D080": 53.00192722639163}, "K74-U050": {"K74-U060": 272.77441995542586}, "K75A-D040": {"K75A-D050": 58.38095246426595}, "K74-D110": {"K74-U002": 189.13703433931227}, "K74-D020": {"K74-D030": 157.67895209267755}, "K75A-D030": {"K75A-D040": 52.89869413072976}, "K75P-U050": {"K75P-U060": 189.75246660514017}, "K75P-U010": {"K75P-U020": 102.49571641300804}, "K74-U090": {"K74-U100": 240.16888378559997}, "K74-U070": {"K74-U080": 160.8404118529}, "K73-D120": {"K73-D130": 113.94824015545916}, "K75S-U020": {"K75S-U030": 107.06300000000002}, "K75S-D020": {"K75S-D030": 185.10800000000003}, "K75S-D030": {"K75S-U011": 188.46300000000002}, "K75S-D010": {"K75S-D020": 131.01000000000002}, "K75S-U010": {"K75S-U020": 44.440000000000005}, "K75S-U030": {"K75S-U040": 160.60000000000002}, "K76S-D020": {"K76S-D030": 155.43}, "K75S-U040": {"K75S-D010": 51.7}, "K76S-D030": {"K76S-D050": 336.6}}