{"KWF": {"LAK": 120.05887789464052, "KWH": 91.9970455298429}, "KWH": {"KWF": 71.97804960156041, "TWH": 92.31259947487736}, "KWT": {"LAT": 115.40668516884512, "NTK": 93.6734897071572}}