{"LCK": {"MEF": 82.46953511645442, "CSW": 76.70101774444285}}