{"LET": {"WCH": 134.76942521393238, "SOH": 108.96553396839374}}