{"LOW": {"SHS": 239.82943477199552}, "LOP": {"TIS": 157.52465905438163, "YUL": 127.77063036000001}, "LOF": {"KOT": 96.33021832910124, "WTS": 106.83239703316549}}