{"MEF": {"TWW": 313.2033312705235, "LAK": 124.04475529653186, "NAC": 176.60690154737546, "LCK": 90.95584943334003}}