{"MKK": {"KOT": 131.4671339873176, "HUH": 193.10449563138621}}