{"MOK": {"YMT": 118.86707191842478, "PRE": 102.46595702962466}, "MOS": {"WKS": 169.32404044372163, "HEO": 122.202242187}}