{"NOP": {"FOH": 69.38140808272694, "QUB": 124.95068510396113}}