{"NTK": {"KOB": 91.22279671225138, "KWT": 60.52027062569748}}