{"OLY": {"NAC": 124.37829145730996, "KOW": 128.91465631196422}}