{"SHT": {"FOT": 155.30643732995193, "TAW": 150.90101565088375}, "SHW": {"CEN": 96.68868285157023, "SYP": 68.758017348197}, "SHS": {"LMC": 481.9552218670639, "FAN": 116.6174028644848, "LOW": 261.75493247375704}, "SHM": {"CIO": 119.83339923840597, "TSH": 212.75085494205777}}