{"SIH": {"TIS": 296.9920734965621, "TUM": 154.45979989193663}}