{"SSP": {"PRE": 103.93452623655953, "CSW": 92.54648546811774}}