{"SUW": {"TKW": 123.92610055815268, "KAT": 97.56549753890258}, "SUN": {"DIS": 198.58233387484285, "TSY": 530.4922417670584, "TUC": 823.8867667771831}}