{"SWH": {"SKW": 106.4655259812168, "TAK": 50.593078872549995}}