{"TIK": {"TKO": 167.78052218701626, "YAT": 121.96588310464338}, "TIH": {"FOH": 29.8150212, "CAB": 80.93490157089988}, "TIS": {"SIH": 362.46798555602794, "LOP": 155.29441513853715}}