{"TKO": {"LHP": 130.58289814973793, "TIK": 173.74964865008045, "HAH": 99.29485804627339}, "TKW": {"HOM": 103.983539748, "SUW": 114.73157119782317}}