{"UNI": {"FOT": 173.3667747018638, "TAP": 350.59622271440645}}