{"WCH": {"LET": 160.7614878577644, "OCP": 107.13010114163845}}