{"WTS": {"DIH": 80.49418256228827, "LOF": 106.53165456383306}}