{"YAT": {"TIK": 121.4923462104769, "LAT": 139.1826292300372, "QUB": 216.59548087393554}}