{"YMT": {"JOR": 81.67584908637681, "MOK": 114.22151200834257, "HOM": 176.93942017450726}}