{"1": {"6": 227.8234768313202, "2": 140.51544187933496}}