{"AIR": {"TSY": 1597.1976613315437, "AWE": 102.64025586037516}}