{"AUS": {"NAC": 209.83599032737698, "ETS": 144.98052}}