{"CHH": {"DIH": 125.82061626819282, "KOB": 146.14562480839697}, "CHW": {"HFC": 101.33091995573429}}