{"CIO": {"STW": 127.5267850067734, "SHM": 118.48144763341278}}