{"CKT": {"STW": 116.1020120971393, "TAW": 119.13707188416501}}