{"DIS": {"SUN": 198.58233387484285}, "DIH": {"CHH": 128.45002600885283, "HIK": 315.8814636741215, "WTS": 127.04168851629629, "KAT": 147.0001207416516}}