{"FOT": {"SHT": 172.49855957282358, "UNI": 169.92412159224102}, "FOH": {"TIH": 125.09603276499543, "NOP": 129.10169782387095}}