{"HFC": {"SKW": 146.11961298555337, "CHW": 138.9329350168183}}