{"HOM": {"TKW": 130.30856174748334, "YMT": 139.5050656533194, "HUH": 124.65880391369929, "WHA": 85.8879554287619}, "HOK": {"KOW": 192.8423634006492}}