{"HUH": {"EXC": 192.21572353658695, "MKK": 225.06177758146933, "HOM": 127.72376770746637, "ETS": 178.9584955450432}}