{"JOR": {"YMT": 125.94347146358332, "TST": 127.55787994922518}}