{"K52A-U140": {"K52A-U150": 165.18134271152582}, "K53-U020": {"K53-U030": 135.32491610993614, "K53-D160": 788.1200408240677}, "K51A-D220": {"K51A-D230": 134.09870470941098}, "K51A-D010": {"K51A-D020": 52.59558325339424}, "K52-nD230": {"K52-nD240": 159.99412398333047}, "K54-D030": {"K54-D040": 58.69885003037158}, "K52A-U120": {"K52A-U130": 66.46604616145802}, "K52A-D050": {"K52A-D060": 34.355216309661046}, "K52A-D070": {"K52A-D080": 92.68493379811022}, "K51A-U140": {"K51A-U150": 53.377440802459034}, "K54-D060": {"K54-D070": 142.71231087712562}, "K52-nD020": {"K52-nD030": 31.94681973993308}, "K52A-U020": {"K52A-U030": 82.14635478925285}, "K52-nU290": {"K52-nU300": 28.51183248262903}, "K51-D180": {"K51-D190": 185.42298953333906}, "K53-U090": {"K53-U100": 121.96893273184885}, "K54-D010": {"K54-D020": 113.56129290731027}, "K51-U100": {"K51-U110": 202.23090920154044}, "K52A-U130": {"K52A-U140": 61.894922427011565}, "K51-D210": {"K51-D220": 186.53570532312787}, "K52-nU230": {"K52-nU240": 81.5241163479987}, "K53-D090": {"K53-D100": 54.624022183519216}, "K51A-U170": {"K51A-U180": 75.16578572207172}, "K51A-D100": {"K51A-D110": 54.69919577728765}, "K53-U140": {"K53-D010": 81.56106017120453}, "K52-nU070": {"K52-nU080": 111.23860990679195}, "K53-U130": {"K53-U140": 43.43817731366368}, "K51A-D240": {"K51A-D250": 53.40688699210464}, "K52-nU200": {"K52-nU210": 74.53577999429746}, "K53-D140": {"K53-D150": 185.22108821769743}, "K52-nU140": {"K52-nU150": 160.59184021299214}, "K53-U070": {"K53-U080": 46.23926378696328}, "K53-D070": {"K53-D080": 43.14680925188602}, "K53-D030": {"K53-D040": 81.9585284611131}, "K52A-D030": {"K52A-D040": 30.70784663252279}, "K52-nD120": {"K52-nD130": 41.84921230047165}, "K52A-U090": {"K52A-U100": 93.73840613910428}, "K51A-U030": {"K51A-U040": 58.272068078089546}, "K52-nD140": {"K52-nD150": 110.19069933026913}, "K52A-U015": {"K52A-U020": 155.2574578194086}, "K53-U080": {"K53-U090": 70.01925652046377}, "K52A-U110": {"K52A-U120": 53.18510526594504}, "K53-U100": {"K53-U110": 69.88821801404565}, "K51A-U010": {"K51A-U020": 52.000748576933994}, "K54-U070": {"K54-D010": 148.8424597343108}, "K53-U120": {"K53-U130": 71.18511313761715}, "K52-nU030": {"K52-nU040": 137.39028467279303}, "K51-D070": {"K51-D080": 73.06118666053133}, "K51-D090": {"K51-D100": 100.23625789792939}, "K54-D050": {"K54-D060": 83.01367601350151}, "K51A-U180": {"K51A-U190": 95.18613093075801}, "K51A-U210": {"K51A-U220": 75.53332683703698}, "K51A-D260": {"K51A-D270": 61.03116940679988}, "K51A-D200": {"K51A-D210": 288.37324156574505}, "K51-D130": {"K51-D140": 61.04054769719634}, "K51-U020": {"K51-U030": 123.7744025884733}, "K51-D250": {"K51-D260": 141.18598804738764}, "K53-U060": {"K53-U070": 66.74592718998103}, "K51-D030": {"K51-D040": 39.20493654628511}, "K52A-D090": {"K52A-D100": 51.35369013649766}, "K51-D190": {"K51-D200": 165.19849900955222}, "K53-U010": {"K53-U020": 230.99146690041866, "K53-D180": 1734.3961023001254}, "K51-U170": {"K51-U180": 69.96897561858214}, "K53-D080": {"K53-D090": 60.110158418904646}, "K52A-U080": {"K52A-U090": 73.5831306909935}, "K51-U140": {"K51-U150": 55.60605088133567}, "K54-U010": {"K54-U020": 91.51220344987067}, "K51A-D110": {"K51A-D120": 57.55248399532193}, "K53-D110": {"K53-D120": 175.7436612214148}, "K52A-D130": {"K52A-D140": 88.70598463528226}, "K54-D020": {"K54-D030": 192.1182488924303}, "K53-D020": {"K53-D030": 117.47331025232548}, "K53-U050": {"K53-U060": 137.6691468095836}, "K54-U030": {"K54-U040": 123.47374192137154}, "K51A-D030": {"K51A-D040": 46.52920547355542}, "K51A-D090": {"K51A-D100": 51.797784587329616}, "K51A-D140": {"K51A-D150": 79.70301223244772}, "K51-U130": {"K51-U140": 71.4053571328679}, "K51A-D060": {"K51A-D070": 80.53390862422131}, "K52-nD070": {"K52-nD080": 93.87165375495181}, "K51-U190": {"K51-U200": 77.09176522593607}, "K52A-U070": {"K52A-U080": 73.04389570160893}, "K54-U020": {"K54-U030": 193.51772185938503}, "K51-D110": {"K51-D120": 48.122595161948745}, "K52-nU110": {"K52-nU120": 152.5907873964151}, "K52A-U060": {"K52A-U070": 138.99738453103245}, "K51-D080": {"K51-D090": 115.09781340387333}, "K51-D050": {"K51-D060": 64.09810142923416}, "K53-D015": {"K53-D020": 53.55781231202379}, "K54-U050": {"K54-U060": 370.23836546986547}, "K51-U120": {"K51-U130": 142.90017286520816}, "K52A-D160": {"K52A-D170": 158.29853862079716}, "K52-nD210": {"K52-nD220": 198.85072104021793}, "K52A-D100": {"K52A-D110": 50.755640877325995}, "K51A-D160": {"K51A-D170": 178.12830265070505}, "K52A-U150": {"K52A-U160": 37.994440662801004}, "K53-U030": {"K53-U040": 200.2764733842128}, "K53-D130": {"K53-D140": 115.18250962300814}, "K51-D160": {"K51-D170": 70.74634865887083}, "K53-D050": {"K53-D060": 96.6391997373125}, "K51-U240": {"K51-U250": 112.08710846996726}, "K54-U060": {"K54-U070": 208.19410485295015}, "K51A-D230": {"K51A-D240": 134.75583856058086}, "K52A-D060": {"K52A-D070": 128.48729813619542}, "K52A-D150": {"K52A-D160": 101.66173562413296}, "K51-U230": {"K51-U240": 44.09707371872148}, "K51A-U120": {"K51A-U130": 145.3209573724247}, "K52-nU040": {"K52-nU050": 73.61615900531092}, "K51A-U220": {"K51A-U230": 81.9602491592126}, "K51-D170": {"K51-D180": 119.0550699746}, "K52A-U100": {"K52A-U110": 63.45355170930553}, "K51-U060": {"K51-U070": 273.1793786631904}, "K51A-D210": {"K51A-D220": 75.7170318834812}, "K52-nU280": {"K52-nU290": 40.093610647256334}, "K51A-U100": {"K51A-U110": 205.93640820680866}, "K53-D040": {"K53-D050": 75.04210342998942}, "K52-nU160": {"K52-nU170": 41.66096905901188}, "K51A-D180": {"K51A-D190": 137.77832399409908}, "K52A-D120": {"K52A-D130": 43.731462780382614}, "K51-U090": {"K51-U100": 138.46880382019373}, "K51-D220": {"K51-D230": 277.2444921242742}, "K52A-U040": {"K52A-U050": 113.7663122311347}, "K51-D020": {"K51-D030": 60.46897053868088}, "K52A-D170": {"K52A-D180": 97.98483747324926}, "K52-nU170": {"K52-nU180": 129.48704618253765}, "K52-nU050": {"K52-nU060": 248.277196582555}, "K52-nD050": {"K52-nD060": 33.84073688740146}, "K52-nD260": {"K52-nD270": 50.41011587077636}, "K52-nD160": {"K52-nD170": 168.21021945511342}, "K52-nU190": {"K52-nU200": 129.97536880011825}, "K52-nU080": {"K52-nU090": 81.06604165773577}, "K52-nU240": {"K52-nU250": 52.29610216115397}, "K51A-D020": {"K51A-D030": 120.02825727997387}, "K52A-D040": {"K52A-D050": 22.41954922692735}, "K51-U030": {"K51-U040": 67.25288701994963}, "K51-D060": {"K51-D070": 58.099857442754534}, "K51A-U020": {"K51A-U030": 125.52516240159612}, "K51-U010": {"K51-U020": 31.57993570593066}, "K52-nD200": {"K52-nD210": 131.0046256957101}, "K51-D200": {"K51-D210": 133.15442986074433}, "K51A-U050": {"K51A-U060": 276.3172692321105}, "K53-D060": {"K53-D070": 159.69486106243818}, "K52-nD250": {"K52-nD260": 178.99797194049296}, "K51-D010": {"K51-D020": 68.80497588675573}, "K51-U150": {"K51-U160": 72.91395847539194}, "K51A-U080": {"K51A-U090": 163.71734551456933}, "K52-nU220": {"K52-nU230": 91.69696608655403}, "K52-nU090": {"K52-nU100": 133.50558140831112}, "K52-nU300": {"K52-nU310": 41.49589376024427}, "K52A-D080": {"K52A-D090": 65.62888004122034}, "K53-U040": {"K53-U050": 131.29167293763456}, "K52-nD060": {"K52-nD070": 132.08066018172275}, "K51-D100": {"K51-D110": 175.05014989655612}, "K53-D120": {"K53-D130": 70.4640276243457}, "K51A-U190": {"K51A-U200": 69.85778802027407}, "K51A-U240": {"K51A-U250": 70.17326405454843}, "K51A-U160": {"K51A-U170": 76.22617657884678}, "K51A-D050": {"K51A-D060": 81.98946201758156}, "K51-U040": {"K51-U050": 132.86893918947962}, "K52-nD270": {"K52-nD280": 95.31468031053728}, "K52-nU260": {"K52-nU270": 50.87083401403761}, "K52-nD010": {"K52-nD020": 18.992488596012855}, "K52-nU210": {"K52-nU220": 76.239565075054}, "K52-nD190": {"K52-nD200": 165.94106102834763}, "K51-D280": {"K51-D290": 66.44888826464634}, "K51-D140": {"K51-D150": 91.09224836634573}, "K51-U200": {"K51-U210": 85.26769076887209}, "K51-U050": {"K51-U060": 283.6709468330991}, "K52-nD150": {"K52-nD160": 114.22931916789386}, "K52-nD240": {"K52-nD250": 154.2064546074851},