{"K65-D140": {"K65-D150": 111.61927939762957}, "K68-U090": {"K68-U100": 150.78817619151468}, "K65-U150": {"K65-U160": 44.68106467411777}, "K68-D100": {"K68-D110": 76.17234835772845}, "K66-U110": {"K66-U120": 35.28243901134606}, "K66-D050": {"K66-D060": 58.02813612461132}, "K66-D210": {"K66-D220": 148.3059378345912}, "K66-D010": {"K66-D020": 52.72015260761161}, "K66-D060": {"K66-D070": 54.661879168395885}, "K65-D020": {"K65-D030": 81.79171242401611}, "K68-D030": {"K68-D040": 90.68843364712279}, "K68-U150": {"K68-U160": 78.59160949957212}, "K66-U190": {"K66-U200": 65.2591156400354}, "K66-U070": {"K66-U080": 200.1386199423095}, "K66-U030": {"K66-U040": 157.5575187018936}, "K66-U020": {"K66-U030": 209.799065578111}, "K66-D160": {"K66-D170": 155.32624200388221}, "K68-D150": {"K68-D160": 50.21800890100654}, "K68-U130": {"K68-U140": 157.5385154768118}, "K65-D040": {"K65-D050": 65.04586087213775}, "K68-U030": {"K68-U040": 24.12360550957108}, "K68-D060": {"K68-D070": 95.97484440922013}, "K66-U140": {"K66-U150": 39.737664547589475}, "K66-U080": {"K66-U090": 173.69003880286283}, "K65-D150": {"K65-D160": 117.81882888555681}, "K65-U050": {"K65-U060": 97.50160948429769}, "K66-D070": {"K66-D080": 56.66605242620299}, "K66-D030": {"K66-D040": 85.41790510145836}, "K65-D110": {"K65-D120": 125.21789144801201}, "K68-U170": {"K68-D010": 156.0402457931788}, "K66-U160": {"K66-U170": 44.82435242198541}, "K65-D100": {"K65-D110": 231.47265555399446}, "K68-U010": {"K68-U020": 91.83460996412003}, "K65-U140": {"K65-U150": 92.09697827213192}, "K65-U040": {"K65-U050": 85.32842999311151}, "K65-D160": {"K65-D170": 153.6548393433944}, "K65-U010": {"K65-U020": 263.9957471522975}, "K65-U160": {"K65-U170": 45.78093442739109}, "K68-D040": {"K68-D050": 108.44912362000002}, "K66-U090": {"K66-U100": 45.42012612290729}, "K65-D090": {"K65-D100": 113.99668857916933}, "K65-U210": {"K65-U220": 70.27109438811814}, "K65-U100": {"K65-U110": 160.60463131875008}, "K68-D110": {"K68-D120": 83.03531297015755}, "K68-U120": {"K68-U130": 144.43681500193003}, "K66-D180": {"K66-D190": 78.86490953396161}, "K65-U130": {"K65-U140": 26.10029957185207}, "K65-U070": {"K65-U080": 55.43996911976056}, "K66-D140": {"K66-D150": 116.77086503552682}, "K65-D130": {"K65-D140": 90.11687713298215}, "K68-U020": {"K68-U030": 38.968651779529495}, "K66-D090": {"K66-D100": 51.42271770088223}, "K65-U190": {"K65-U200": 42.29246882270604}, "K68-D050": {"K68-D060": 63.716664882402924}, "K66-D150": {"K66-D160": 109.51713727543843}, "K65-D010": {"K65-D020": 39.34556306700881}, "K65-U180": {"K65-U190": 68.43811283434681}, "K66-U040": {"K66-U050": 123.87794042479365}, "K65-D080": {"K65-D090": 71.94105886657756}, "K66-U150": {"K66-U160": 54.684010097931704}, "K65-U090": {"K65-U100": 52.37414145944304}, "K65-D060": {"K65-D070": 94.70177539325665}, "K68-D130": {"K68-D140": 52.22029956634773}, "K68-U050": {"K68-U060": 44.959193520087574}, "K65-D050": {"K65-D060": 54.16110900450104}, "K66-U210": {"K66-U220": 126.2796106858636}, "K65-U170": {"K65-U180": 41.93577540068423}, "K65-D170": {"K65-D180": 110.32085155248106}, "K65-D070": {"K65-D080": 131.8540782053682}, "K66-D190": {"K66-D200": 87.60918095851011}, "K66-U170": {"K66-U180": 45.14667260889685}, "K66-U200": {"K66-U210": 58.078702268764744}, "K68-U160": {"K68-U170": 70.43486016573142}, "K65-U080": {"K65-U090": 130.77696376156896}, "K66-D110": {"K66-D120": 52.42533986283934}, "K68-U100": {"K68-U110": 167.74955903714232}, "K66-D130": {"K66-D140": 41.34523643208692}, "K66-D220": {"K66-D230": 78.7447636804579}, "K68-D020": {"K68-D030": 76.29938992714162}, "K68-D140": {"K68-D150": 34.54818047399198}, "K65-D030": {"K65-D040": 74.51286740484306}, "K66-U130": {"K66-U140": 53.903261966383084}, "K66-D100": {"K66-D110": 65.08170976010192}, "K66-U100": {"K66-U110": 68.1143113914806}, "K68-U140": {"K68-U150": 42.38932615868738}, "K68-D180": {"K68-D190": 29.68444323443925}, "K68-U070": {"K68-U080": 23.471963557734803}, "K66-D120": {"K66-D130": 75.67209963847806}, "K65-U060": {"K65-U070": 34.131089777374335}, "K68-D160": {"K68-D170": 71.50418693864198}, "K68-D170": {"K68-D180": 43.41897410728779}, "K65-U200": {"K65-U210": 59.980768487437366}, "K68-U060": {"K68-U070": 101.53342956550856}, "K65-U110": {"K65-U120": 105.50783350881628}, "K66-U010": {"K66-U020": 121.51881730320443}, "K68-D010": {"K68-D020": 54.124218853234744}, "K65-U030": {"K65-U040": 94.70852251773087}, "K65-D180": {"K65-D190": 121.55801333584773}, "K66-D080": {"K66-D090": 79.76519481877315}, "K65-U120": {"K65-U130": 170.3508062041215}, "K66-D230": {"K66-D240": 86.67702308360208}, "K65-D120": {"K65-D130": 77.6632616304668}, "K68-D200": {"K68-U011": 68.960579934305}, "K68-D090": {"K68-D100": 140.74120926304695}, "K66-U060": {"K66-U070": 150.65644891476686}, "K68-U110": {"K68-U120": 199.548519300656, "K68-D090": 830.9400000000002}, "K66-D170": {"K66-D180": 224.6662126758792}, "K65-U020": {"K65-U030": 129.78667024429757}, "K66-D020": {"K66-D030": 76.13915110594786}, "K66-U050": {"K66-U060": 46.208308943949085}, "K65-U220": {"K65-U230": 71.49356272289486}, "K66-U180": {"K66-U190": 60.68673860749529}, "K68-D120": {"K68-D130": 159.44513151714378}, "K66-D040": {"K66-D050": 56.456708997447514}, "K66-U120": {"K66-U130": 53.00558685348108}, "K66-D200": {"K66-D210": 137.5821280712504}, "K68-U080": {"K68-U090": 38.06597202150998}, "K68-D190": {"K68-D200": 48.33861557513087}, "K68-U040": {"K68-U050": 45.369178914889474}, "K68-D080": {"K68-D090": 86.25069170414346}, "K68-D070": {"K68-D080": 194.44661548047344}, "K65A-D080": {"K65A-D090": 55.00000000000001}, "K65A-D100": {"K65A-D110": 261.05640000000005}, "K65A-U110": {"K65A-U120": 77.0}, "K65A-D040": {"K65A-D050": 82.5}, "K65A-U100": {"K65A-U110": 56.1}, "K65A-U120": {"K65A-U130": 85.80000000000001}, "K66A-U070": {"K66A-U080": 227.78024499999998}, "K66A-U090": {"K66A-U100": 44.0}, "K66A-U130": {"K66A-U140": 60.830000000000005}, "K66A-U120": {"K66A-U130": 57.86}, "K66A-U050": {"K66A-U060": 65.3125}, "K66A-U010": {"K66A-U020": 539.396}, "K66A-U160": {"K66A-U170": 18.26}, "K66A-U020": {"K66A-U030": 244.97000000000003}, "K66A-U100": {"K66A-U110": 68.09}, "K66A-U060": {"K66A-U070": 219.8834}, "K66A-U200": {"K66A-U205": 126.90700000000001}, "K66A-U150": {"K66A-U160": 58.443000000000005}, "K66A-U080": {"K66A-U090": 182.71}, "K66A-U110": {"K66A-U120": 28.93}, "K66A-U040": {"K66A-U050": 138.90800000000002}, "K66A-U190": {"K66A-U200": 60.50000000000001}, "K66A-U170": {"K66A-U180": 27.951000000000004}, "K66A-U140": {"K66A-U150": 49.17}}