{"KSR": {"YUL": 238.83525881550912, "TWW": 712.0168259252407}}