{"LET": {"WCH": 140.935244912688, "SOH": 98.08977183481385}}