{"LOP": {"TIS": 190.24382609075187, "YUL": 119.94231806203197}, "LOF": {"WTS": 128.93351580422038, "KOT": 110.54310847523728}, "LOW": {"SHS": 226.61758699220132}}