{"MOK": {"YMT": 121.11328857664273, "PRE": 130.3254574751955}, "MOS": {"WKS": 167.53024746722264, "HEO": 132.58029590623292}}