{"OLY": {"KOW": 130.2960636920204, "NAC": 131.03469500807986}}