{"PRE": {"SSP": 121.36574982793391, "MOK": 126.30913433186379, "SKM": 126.20732136382557}}