{"QUB": {"TAK": 123.17816199257038, "YAT": 264.7150378669549, "NOP": 130.9600695517586}}