{"SHM": {"TSH": 213.4546987798636, "CIO": 111.67754645466475}, "SHT": {"FOT": 154.08238336078156, "TAW": 166.40255978458612}, "SHS": {"FAN": 151.52674197129105, "LOW": 261.75490599345557, "LMC": 448.4739649862586}, "SHW": {"CEN": 125.8931286487015, "SYP": 144.6901618887839}}