{"SIH": {"TUM": 154.4564493996075, "TIS": 357.6578373629971}}