{"SSP": {"PRE": 123.02151522943261, "CSW": 117.42222102250369}}