{"STW": {"CIO": 138.00582856822604, "CKT": 119.71240314838796}}