{"SUN": {"DIS": 198.58233387484285, "TUC": 823.8869897126071, "TSY": 608.8065406741559}, "SUW": {"TKW": 137.9081551716047, "KAT": 108.6756339914649}}