{"SWH": {"TAK": 129.8379849790287, "SKW": 111.02246222148126}}