{"SYP": {"SHW": 161.17228967325713, "HKU": 104.13757514192847}}