{"TIK": {"TKO": 281.41632106813694, "YAT": 137.89710565497217}, "TIH": {"FOH": 97.75340857721474, "CAB": 126.09436558451546}, "TIS": {"LOP": 176.8927609606913, "SIH": 352.2773345621199}}