{"TWW": {"MEF": 320.6885808650039, "KSR": 712.0208043208028}, "TWO": {"FAN": 313.0845006736858, "TAP": 169.0270482761306}, "TWH": {"TSW": 78.35970723934396, "KWH": 103.46715962649691}}