{"WTS": {"DIH": 123.25882938639829, "LOF": 122.68510323820036}}