{"CHH": {"DIH": 134.364451889849, "KOB": 129.82098534752566}, "CHW": {"HFC": 177.21477201551517}}