{"CIO": {"STW": 146.93862078696148, "SHM": 147.64132105040002}}