{"CSW": {"LCK": 130.2690789905793, "SSP": 101.4261295831863}}