{"EXC": {"HUH": 161.21346265311644, "ADM": 59.69012292379356}}