{"HEO": {"MOS": 128.6849960842482, "TSH": 138.00792939167786}}