{"HFC": {"SKW": 128.79948829058955, "CHW": 137.73724054901498}}