{"HKU": {"SYP": 117.04926299790195, "KET": 94.45764590445523}}