{"HOK": {"KOW": 184.69027102082146}, "HOM": {"TKW": 153.24873743296055, "YMT": 161.21356920460613, "WHA": 76.89480775612142, "HUH": 134.77975978970002}}