{"HUH": {"ETS": 487.22668002544907, "EXC": 232.76388748046944, "MKK": 152.96986282558765, "HOM": 135.66779240000005}}