{"KAT": {"DIH": 153.81391445245288, "SUW": 131.53161663521}}