{"KSR": {"YUL": 246.82437029881606, "TWW": 644.8901394895504}}