{"LAT": {"YAT": 82.97109689566932, "KWT": 124.3690267828204}, "LAK": {"TSY": 198.09125838165326, "KWF": 141.16162923843814, "NAC": 251.4159138793156, "MEF": 150.68364876436138}}