{"LET": {"WCH": 159.48112556372683, "SOH": 102.87151059048358}}