{"LOF": {"WTS": 111.76528474083084, "KOT": 130.23186762343562}, "LOW": {"SHS": 261.75481672194667}, "LOP": {"YUL": 130.13148608862554, "TIS": 197.0294626625284}}