{"MEF": {"LAK": 160.31202630165262, "TWW": 307.01952350294863, "NAC": 183.3330480366661, "LCK": 103.63784057319852}}