{"MOK": {"YMT": 111.63521101824445, "PRE": 78.8836114171317}, "MOS": {"HEO": 156.26825750132647, "WKS": 152.15015981650404}}