{"NAC": {"LAK": 262.2475636810738, "OLY": 122.91944022197762, "MEF": 191.9067746390815, "AUS": 204.10025865268977}}