{"NOP": {"QUB": 125.1129345461602, "FOH": 101.6246057832213}}