{"NTK": {"KOB": 128.4979633475911, "KWT": 123.92434609347103}}