{"OLY": {"KOW": 132.0094812883553, "NAC": 132.91493890638512}}