{"SIH": {"TUM": 154.45979989193663, "TIS": 332.29607520529254}}