{"SWH": {"TAK": 94.84948911364995, "SKW": 127.90026028720891}}