{"SYP": {"HKU": 107.26098370379991, "SHW": 134.55839688114332}}