{"TSH": {"SHM": 237.22383029622864, "HEO": 124.8437641235}, "TSY": {"AIR": 1582.2226675683933, "LAK": 196.2223680655556, "KOW": 421.24541075726466, "SUN": 378.8331475248823}, "TSW": {"TWH": 109.46194046146213}, "TST": {"JOR": 127.17912898565969, "ADM": 197.97902327476362}}