{"TUC": {"SUN": 384.12965664336747}, "TUM": {"SIH": 163.22260145372402}}