{"TWH": {"KWH": 126.69354774471829, "TSW": 85.11617314004529}, "TWW": {"KSR": 244.02501681630537, "MEF": 301.35849327678545}, "TWO": {"FAN": 307.38021863788344, "TAP": 155.6369383222813}}