{"UNI": {"FOT": 230.89796440501846, "TAP": 421.5930892058297}}