{"WAC": {"ADM": 121.76563826589901, "CAB": 132.030120836764}}