{"WCH": {"LET": 172.63473304354937, "OCP": 119.8872149315278}}