{"WTS": {"LOF": 120.0025914977127, "DIH": 110.57526859826169}}