{"YAT": {"TIK": 176.35168345845787, "QUB": 262.2691576724551, "LAT": 153.56842867208985}}