{"AIR": {"TSY": 1713.7891003588368, "AWE": 104.66746554127806}}