{"AUS": {"NAC": 182.92204128209264, "ETS": 168.29088064641996}}