{"CHH": {"DIH": 135.45905043105458, "KOB": 129.96378785789403}, "CHW": {"HFC": 175.6775062196445}}