{"CKT": {"STW": 141.26795921982773, "TAW": 137.13012666473395}}