{"DIS": {"SUN": 198.58233387484285}, "DIH": {"HIK": 302.83485773306904, "WTS": 120.03843757580141, "KAT": 179.52843676000003, "CHH": 114.56939149743656}}