{"ETS": {"HUH": 386.2679683076081, "AUS": 183.27137474998244}}