{"HFC": {"SKW": 131.23529562846463, "CHW": 127.36614569996004}}