{"HKU": {"SYP": 116.94748834324469, "KET": 91.26549306026939}}