{"HOK": {"KOW": 190.74847814884185}, "HOM": {"YMT": 161.37221228414552, "TKW": 152.36680740525998, "WHA": 81.15282217376401, "HUH": 133.62562937000004}}