{"HUH": {"HOM": 135.80113641084574, "MKK": 173.47039490992043, "EXC": 232.95158194099508, "ETS": 490.746013678158}}