{"JOR": {"TST": 112.73021709448861, "YMT": 124.50917623187847}}