{"KAT": {"DIH": 154.5087599628685, "SUW": 130.06649249000003}}