{"KSR": {"YUL": 246.43626876104221, "TWW": 665.2130283948597}}