{"KWF": {"LAK": 110.30912115106905, "KWH": 116.66774807029446}, "KWT": {"NTK": 105.1669407922, "LAT": 120.04492578466497}, "KWH": {"KWF": 110.26422087450787, "TWH": 162.18120886959727}}