{"LET": {"WCH": 159.49316914574882, "SOH": 102.83201103292929}}