{"MEF": {"TWW": 307.97215566460534, "LCK": 104.45425021998626, "NAC": 185.75328975540202, "LAK": 144.84803449922947}}