{"NAC": {"LAK": 263.1873298088179, "OLY": 217.53247132920637, "AUS": 206.13405720346077, "MEF": 200.1320152326288}}