{"OCP": {"ADM": 287.6319565601101, "WCH": 114.37945186939005}}