{"OLY": {"NAC": 132.0619150784781, "KOW": 135.59282959838677}}