{"PRE": {"MOK": 104.43948915699016, "SKM": 105.5368679991612, "SSP": 147.8031631414384}}