{"QUB": {"YAT": 253.5336355976599, "NOP": 119.02479350470671, "TAK": 87.93122888793803}}