{"SHT": {"TAW": 177.0113987861348, "FOT": 246.3637460587322}, "SHM": {"CIO": 132.96811976200004, "TSH": 239.99292068963632}, "SHS": {"LMC": 573.3674537994563, "LOW": 261.7548565289942, "FAN": 155.2516831326394}, "SHW": {"CEN": 108.83178161315595, "SYP": 119.13342270480068}}