{"SKW": {"SWH": 107.79176833079191, "HFC": 201.79901938156175}, "SKM": {"PRE": 102.22518086897001, "KOT": 114.83539858351983}}