{"SSP": {"CSW": 132.69213725943342, "PRE": 126.80059832257177}}