{"SYP": {"HKU": 107.1871955812401, "SHW": 136.66215211429636}}