{"TAP": {"TWO": 137.7718153, "UNI": 417.8378121643089}, "TAW": {"SHT": 120.387515506, "KOT": 336.32948515629494, "CKT": 142.19405060181174, "HIK": 172.34083435845716}, "TAK": {"QUB": 117.50172683979285, "SWH": 106.85260815065115}}