{"TKO": {"LHP": 130.53636239132646, "TIK": 148.92048273388872, "HAH": 132.0}, "TKW": {"HOM": 136.7347253136606, "SUW": 130.44457848119998}}