{"TSY": {"KOW": 437.34801848634396, "SUN": 465.34457160777913, "LAK": 197.80201136308625, "AIR": 1579.416175625126}, "TST": {"ADM": 200.91876374801984, "JOR": 130.17408012521}, "TSH": {"SHM": 236.44279059040474, "HEO": 126.17520603304686}, "TSW": {"TWH": 109.95574641531593}}