{"UNI": {"TAP": 425.3336691287901, "FOT": 230.5202942483861}}