{"WAC": {"ADM": 123.77504956655022, "CAB": 134.45271986344306}}