{"WCH": {"OCP": 119.89865343306057, "LET": 172.6985524435459}}