{"YUL": {"LOP": 126.86166473047578, "KSR": 247.99616665224713}}