{"AIR": {"TSY": 1538.7978725142855, "AWE": 153.25135479776267}}