{"AUS": {"NAC": 209.33991177762428, "ETS": 169.4933806830904}}