{"CIO": {"STW": 144.46527199565998, "SHM": 132.87443922886195}}