{"CSW": {"LCK": 128.42351005233348, "SSP": 129.72843645347433}}