{"DIS": {"SUN": 198.58233387484285}, "DIH": {"HIK": 307.666550852265, "CHH": 129.71713042415956, "WTS": 129.83584103531183, "KAT": 171.33538481069996}}