{"EXC": {"HUH": 219.96022275759978, "ADM": 102.89317862012891}}