{"FOT": {"UNI": 238.56054477640427, "SHT": 175.68105378237374}, "FOH": {"TIH": 122.11421142815625, "NOP": 125.07546222691467}}