{"HFC": {"SKW": 139.77440304950625, "CHW": 110.65362319237988}}