{"HKU": {"SYP": 125.91538614786207, "KET": 100.03459875346508}}