{"HOK": {"KOW": 191.83190921759075}, "HOM": {"TKW": 141.701198199, "YMT": 165.2620299251397, "WHA": 83.48196857876646, "HUH": 147.20557873869}}