{"K17-U030": {"K17-U040": 28.63180045617126}, "K18-U010": {"K18-U020": 225.75616593418968}, "K18-D010": {"K18-D020": 200.98567426994185}, "K17-D010": {"K17-D020": 257.3114836313199}, "K17-D020": {"K17-D030": 27.514368693040048}, "K18-U020": {"K18-U030": 53.77823781391462}, "K18-D020": {"K18-D030": 108.88660695111776}, "K17-U020": {"K17-U030": 114.44299458176928}, "K17-U010": {"K17-U020": 217.57789866076305}}