{"K76-D010": {"K76-D020": 170.4163076446524}, "K73-D140": {"K73-D150": 154.41600000000003}, "K73-D150": {"K73-D160": 43.24841347189001}, "K75P-D050": {"K75P-D060": 73.7}, "K76-U030": {"K76-U040": 163.10085264835737}, "K73-U080": {"K73-U110": 151.50090014603524}, "K73-D110": {"K73-D120": 76.02917414619999}, "K73-D090": {"K73-D100": 83.20345400000001}, "K74-D020": {"K74-D030": 145.02444116688483}, "K73-D120": {"K73-D130": 105.54862192600004}, "K73-D130": {"K73-D140": 123.85204479999997}, "K73-D100": {"K73-D110": 168.74}, "K75P-D080": {"K75P-U011": 107.6174}, "K75P-U130": {"K75P-U140": 23.1}, "K75P-D070": {"K75P-D080": 75.83068939999998}, "K75P-D060": {"K75P-D070": 136.136}}