{"KSR": {"YUL": 246.79149767195787, "TWW": 517.1583055405953}}