{"KWH": {"TWH": 144.8655036159201, "KWF": 133.03775327200043}, "KWF": {"KWH": 130.5374659296728, "LAK": 163.4891577613684}, "KWT": {"NTK": 120.87410080242462, "LAT": 129.29529842062732}}