{"LCK": {"CSW": 130.6112512776116, "MEF": 130.84963219606385}}