{"LET": {"WCH": 160.60050376442095, "SOH": 111.69585881288637}}