{"NAC": {"LAK": 255.9236103643504, "OLY": 88.96139582272087, "MEF": 184.39360285589956, "AUS": 209.45276926108522}}