{"NOP": {"QUB": 131.55903270893003, "FOH": 130.14777067712382}}