{"NTK": {"KWT": 122.73914454998598, "KOB": 131.55794158445823}}