{"OCP": {"ADM": 287.6319567536797, "WCH": 132.45057365838997}}