{"PRE": {"MOK": 130.72468112747183, "SKM": 125.5191525579091, "SSP": 129.47916688283127}}