{"SHS": {"LOW": 261.7548038606344, "LMC": 506.2154318147144, "FAN": 149.27234607511033}, "SHW": {"CEN": 113.82033100109614, "SYP": 132.02170550926863}, "SHT": {"TAW": 186.52032672942624, "FOT": 189.46913776266507}, "SHM": {"CIO": 122.64432588167674, "TSH": 238.53258817265828}}