{"SIH": {"TIS": 355.6391503329994, "TUM": 154.45279484480142}}