{"TAW": {"KOT": 324.1050365014371, "SHT": 230.9779948647509, "CKT": 182.41877451606626, "HIK": 165.1607835657}, "TAP": {"UNI": 416.1674380378619, "TWO": 232.29852166107693}, "TAK": {"SWH": 114.50264627379326, "QUB": 128.54828800158776}}