{"TIS": {"LOP": 174.54229466121544, "SIH": 316.60392885684615}, "TIK": {"TKO": 190.74566914584838, "YAT": 134.72055786262078}, "TIH": {"FOH": 93.08832842865975, "CAB": 131.28828468664682}}