{"TKO": {"LHP": 132.2458146987282, "TIK": 201.67068910441571, "HAH": 244.92787283508278}, "TKW": {"HOM": 136.5121746470387, "SUW": 125.4402049650569}}