{"TSY": {"LAK": 195.05467560274627, "AIR": 1595.8328953384985, "SUN": 534.619094843563, "KOW": 550.440249952933}, "TSH": {"HEO": 129.9701167785941, "SHM": 230.3215421628201}, "TST": {"JOR": 125.60481235694351, "ADM": 194.843499771756}, "TSW": {"TWH": 98.06216328488476}}