{"TUC": {"SUN": 673.390420938088}, "TUM": {"SIH": 152.19372962376497}}