{"TWO": {"FAN": 340.17118056328974, "TAP": 201.0549645974533}, "TWH": {"KWH": 140.46428377707488, "TSW": 68.71220912118625}, "TWW": {"KSR": 712.0168259252407, "MEF": 311.65420549876694}}