{"UNI": {"FOT": 198.63657895871754, "TAP": 394.14578058637096}}