{"WCH": {"OCP": 150.01498829204985, "LET": 191.14409293426712}}