{"YAT": {"QUB": 250.23766760035824, "TIK": 136.6867827739184, "LAT": 166.99431050969753}}