{"YUL": {"KSR": 249.1052551456939, "LOP": 126.11381672914563}}