{"AIR": {"TSY": 1715.8514732908293, "AWE": 96.11244704354837}}