{"CSW": {"LCK": 130.69653504007653, "SSP": 102.60097874330002}}