{"DIS": {"SUN": 198.58233387484285}, "DIH": {"HIK": 299.9004696996491, "KAT": 179.6079546078928, "WTS": 118.77669682873702, "CHH": 112.83104088025462}}