{"ETS": {"AUS": 183.70000000000002, "HUH": 399.4914780378271}}