{"HAH": {"POA": 123.60812602993815, "TKO": 128.0843057207377}}