{"HFC": {"SKW": 130.95593551296253, "CHW": 133.17517231853958}}