{"HOK": {"KOW": 190.83058445111683}, "HOM": {"TKW": 152.80322657033375, "YMT": 162.3021612064419, "WHA": 82.88930094427954, "HUH": 136.11314488669134}}