{"HUH": {"MKK": 165.6212524084385, "EXC": 232.97220520600413, "ETS": 491.34124561251986, "HOM": 135.34547087289923}}