{"K76-U030": {"K76-U040": 163.1008537304512}, "K76-D010": {"K76-D020": 170.4163077064641}, "K74-D020": {"K74-D030": 145.02444116688483}, "K73-U080": {"K73-U110": 151.50093933210437}}