{"KOW": {"OLY": 135.71669011085535, "HOK": 177.74210021781388, "TSY": 423.9686701847237}, "KOT": {"TAW": 281.2737358918054, "MKK": 199.41008532030662, "LOF": 100.48549464550001, "SKM": 142.65603590622055}, "KOB": {"CHH": 154.06865617878265}}