{"KSR": {"YUL": 250.10126095398283, "TWW": 686.92987669428}}