{"LAK": {"NAC": 260.48760690542224, "KWF": 141.3606482714734, "MEF": 137.01424357596528, "TSY": 198.6207555083958}, "LAT": {"YAT": 82.95367569629305, "KWT": 124.77391169408452}}