{"LOP": {"TIS": 192.90523117991364, "YUL": 129.38843515308}, "LOW": {"SHS": 261.7548565289942}, "LOF": {"WTS": 112.83847584653577, "KOT": 131.23529562846463}}