{"MOS": {"HEO": 157.1497210271978, "WKS": 171.52420081129634}, "MOK": {"PRE": 77.56562520096313, "YMT": 112.01688316039011}}