{"NAC": {"OLY": 170.81857782135145, "AUS": 204.85065587277177, "LAK": 259.98974831000476, "MEF": 200.62038374377863}}