{"NTK": {"KOB": 129.62177290167224, "KWT": 126.83520381910007}}