{"OCP": {"WCH": 114.39899993154975, "ADM": 287.6319548497744}}