{"SHM": {"CIO": 132.91911037926826, "TSH": 243.36238554538627}, "SHS": {"LOW": 261.7548387147906, "LMC": 590.1940108737462, "FAN": 155.2516885270769}, "SHW": {"SYP": 119.47359946543205, "CEN": 109.6149083311573}, "SHT": {"FOT": 209.20059288369458, "TAW": 176.94940780027247}}