{"SSP": {"CSW": 132.4923761498736, "PRE": 127.37048464128311}}