{"SUN": {"DIS": 198.58233387484285, "TUC": 823.8869291490585, "TSY": 542.9003782795526}, "SUW": {"TKW": 153.07251534933403, "KAT": 121.56392049680532}}