{"SWH": {"SKW": 127.95944413592213, "TAK": 93.15094453430113}}