{"SYP": {"HKU": 107.71844553936087, "SHW": 136.78792705377123}}