{"TUM": {"SIH": 158.3890123513832}, "TUC": {"SUN": 507.24274462564}}