{"TWW": {"MEF": 310.73774677747707, "KSR": 527.19100330423}, "TWH": {"KWH": 126.78419297024645, "TSW": 91.71859121269219}, "TWO": {"TAP": 156.1446533595463, "FAN": 313.64232482412973}}