{"UNI": {"TAP": 414.1616251596521, "FOT": 230.82069521203593}}