{"WAC": {"CAB": 134.77052533169996, "ADM": 123.67489836579816}}