{"YAT": {"TIK": 177.43219575743845, "LAT": 154.2056804620159, "QUB": 264.1023038211828}}