{"YMT": {"JOR": 132.33412598672285, "MOK": 123.18093822081812, "HOM": 165.34821847709708}}