{"YUL": {"KSR": 246.7634348025184, "LOP": 128.56110676027578}}