{"AIR": {"TSY": 1639.9217526197692, "AWE": 134.83441414119545}}