{"CIO": {"SHM": 147.50134645665625, "STW": 146.630115}}