{"EXC": {"HUH": 192.64420433356844, "ADM": 101.4903600800028}}