{"HEO": {"MOS": 123.39333441028676, "TSH": 138.95007770000004}}