{"HFC": {"SKW": 130.30780053940327, "CHW": 961.6162168271087}}