{"HKU": {"SYP": 115.61402016598034, "KET": 98.15939772065184}}