{"HOK": {"KOW": 161.65386196227246}, "HOM": {"YMT": 173.45756651394998, "TKW": 153.25598259999998, "WHA": 84.98089643899323, "HUH": 130.44170000000003}}