{"HUH": {"MKK": 195.08650995159616, "EXC": 225.15196478693065, "HOM": 135.58643600000005, "ETS": 475.6004006799999}}