{"JOR": {"YMT": 123.76380072340253, "TST": 112.85723578656985}}