{"KAT": {"DIH": 153.17841018200002, "SUW": 129.354929}}