{"KOT": {"TAW": 271.26517423558016, "MKK": 180.70034446209428, "LOF": 122.04093987414399, "SKM": 887.0295787882653}, "KOW": {"HOK": 177.7421002172104, "OLY": 127.81186563162939, "TSY": 548.4228182873211}, "KOB": {"NTK": 133.5167665158024, "CHH": 156.51170279653837}}