{"KWH": {"KWF": 109.70537037124, "TWH": 140.27288779994453}, "KWF": {"LAK": 112.40636726759965, "KWH": 108.81513533209541}, "KWT": {"NTK": 119.25559320706493, "LAT": 120.98377381129299}}