{"LAK": {"MEF": 132.09320093432163, "NAC": 279.8852456521895, "KWF": 138.87051925200635, "TSY": 187.4577650123727}, "LAT": {"YAT": 99.48021682037314, "KWT": 125.0318747734776}}