{"LCK": {"MEF": 129.89461753826959, "CSW": 109.36994914585723}}