{"MEF": {"TWW": 342.078137370259, "NAC": 181.18242773210736, "LCK": 107.98374551986652, "LAK": 137.4040287267224}}