{"MOK": {"PRE": 113.3512802959815, "YMT": 114.16046158616867}, "MOS": {"HEO": 158.40000000000003, "WKS": 159.41607344953226}}