{"NTK": {"KOB": 131.22669139085033, "KWT": 131.86655555699002}}