{"OLY": {"KOW": 126.73316657956525, "NAC": 130.78939153084025}}