{"PRE": {"SSP": 140.11764145941282, "MOK": 113.32725638309493, "SKM": 115.33231588849314}}