{"SIH": {"TIS": 348.2505050160319, "TUM": 154.4567844488404}}