{"SKW": {"HFC": 195.54211264237603, "SWH": 109.43257569523503}, "SKM": {"KOT": 126.71606910730796, "PRE": 108.56848988499999}}