{"STW": {"CIO": 159.04198385492998, "CKT": 138.054575098709}}