{"TAK": {"QUB": 117.68618103388376, "SWH": 109.82422306779657}, "TAW": {"SHT": 78.00315740100265, "KOT": 333.672066073981, "CKT": 144.01916110386847, "HIK": 183.59082041300005}, "TAP": {"UNI": 415.6605515884934, "TWO": 141.47}}