{"TKO": {"LHP": 128.5902815189715, "HAH": 168.70115511425806, "TIK": 122.18000833325398}, "TKW": {"HOM": 138.24924894, "SUW": 131.3622708}}