{"TST": {"ADM": 184.9228933089384, "JOR": 91.5170684511957}, "TSY": {"SUN": 643.2500441872427, "AIR": 1512.2106737850038, "KOW": 561.0506893051828, "LAK": 189.47323778409975}, "TSW": {"TWH": 100.92043712817713}, "TSH": {"SHM": 229.83403592748414, "HEO": 129.1912988345995}}