{"UNI": {"FOT": 225.022036100392, "TAP": 417.70299866969856}}