{"WAC": {"CAB": 141.49873800970587, "ADM": 124.9423962944973}}