{"WTS": {"LOF": 121.7424853039652, "DIH": 108.86873912835244}}