{"YMT": {"MOK": 107.70703223115436, "HOM": 164.31454423205577, "JOR": 132.34194023758624}}