{"5": {"6": 109.77117831028647, "305": 86.59114849048521}}