{"AIR": {"TSY": 1533.7558085006135, "AWE": 219.92398402717168}}