{"AUS": {"NAC": 212.54942740247898, "ETS": 63.86326781999999}}