{"CHH": {"DIH": 85.22198427528349, "KOB": 114.46473586845875}, "CHW": {"HFC": 100.66461766229999}}