{"CIO": {"SHM": 119.36776494421258, "STW": 129.96318540755}}