{"DIS": {"SUN": 198.58233387484285}, "DIH": {"HIK": 301.1156647566818, "KAT": 82.13908264156139, "CHH": 47.620286224800005, "WTS": 94.65025371500421}}