{"FOH": {"NOP": 118.03636646668556, "TIH": 96.34540171324247}, "FOT": {"SHT": 157.37228984608493, "UNI": 176.39410449050527}}