{"HEO": {"TSH": 121.41390125549177, "MOS": 123.533663}}