{"HFC": {"SKW": 114.91464607505961, "CHW": 121.29974475969729}}