{"HKU": {"SYP": 106.98702397551783, "KET": 95.93911420590993}}