{"HOK": {"KOW": 175.12180944459396}, "HOM": {"TKW": 137.98899278323694, "YMT": 107.04049009237019, "WHA": 83.80214992181072, "HUH": 106.73545687475703}}