{"HUH": {"MKK": 169.7905790644856, "EXC": 196.6565901287692, "HOM": 131.60824991400006, "ETS": 127.38577558527001}}