{"JOR": {"TST": 102.94967675592257, "YMT": 84.77443289583728}}