{"K58-D060": {"K58-D070": 176.18626762330007}, "K52A-D110": {"K52A-D120": 189.2177113072812}, "K53-D010": {"K53-D015": 111.04622508507472}, "K58-U170": {"K58-U180": 231.95040000000003}, "K51A-D240": {"K51A-D250": 61.679526839887124}, "K52-nD040": {"K52-nD050": 21.760788414368882}, "K53-D140": {"K53-D150": 166.25101694704435}, "K58-U190": {"K58-U200": 141.16839}, "K52-nD060": {"K52-nD070": 130.0516233665646}, "K52A-U140": {"K52A-U150": 160.35957660438373}, "K52-nU090": {"K52-nU100": 112.91401260699999}, "K51A-D230": {"K51A-D240": 184.18550871665786}, "K53-D100": {"K53-D110": 77.19277311964825}, "K52-nD070": {"K52-nD080": 142.71844983271697}, "K53-U050": {"K53-U060": 152.1453014153042}, "K53-U090": {"K53-U100": 122.673224127507}, "K53-U060": {"K53-U070": 73.9467468991725}, "K58-D200": {"K58-D210": 81.00213}, "K51A-D160": {"K51A-D170": 175.17867441193175}, "K58-U030": {"K58-U040": 314.5329}, "K53-U110": {"K53-U120": 103.7234118500151}, "K53-D090": {"K53-D100": 53.835985650692145}, "K51A-U160": {"K51A-U170": 77.31148344999566}, "K54-U030": {"K54-U040": 145.12608763141534}, "K58-D110": {"K58-D120": 276.2232187}, "K53-U020": {"K53-U030": 190.417022172418, "K53-D160": 634.2844208926713}, "K51-U170": {"K51-U180": 86.28836052728387}, "K51-U230": {"K51-U240": 54.83842818848816}, "K53-U070": {"K53-U080": 62.66660943489613}, "K53-U080": {"K53-U090": 91.31939277086462}, "K58-U130": {"K58-U140": 109.83940000000003}, "K53-D070": {"K53-D080": 51.61528848440851}, "K53-U130": {"K53-U140": 63.573907311045176}, "K51-D150": {"K51-D160": 179.88148017762347}, "K51A-U170": {"K51A-U180": 88.18008308685923}, "K51A-D190": {"K51A-D200": 216.1312034497273}, "K54-D060": {"K54-D070": 158.05906907462156}, "K54-D050": {"K54-D060": 104.24656630024188}, "K52-nU200": {"K52-nU210": 82.41700244718359}, "K58-D100": {"K58-D110": 212.0378623}, "K52-nU100": {"K52-nU110": 174.81127762835}, "K51-U100": {"K51-U110": 245.55114144410314}, "K51-U120": {"K51-U130": 148.50135791691068}, "K51-D080": {"K51-D090": 119.214406633399}, "K51A-U200": {"K51A-U210": 54.40361813296715}, "K51-U220": {"K51-U230": 70.17680765698032}, "K53-D020": {"K53-D030": 107.31803008950078}, "K51-U150": {"K51-U160": 100.96896482202001}, "K52A-D060": {"K52A-D070": 131.04291485173843}, "K51A-U150": {"K51A-U160": 122.68889983994889}, "K51A-U180": {"K51A-U190": 103.27516120152129}, "K52-nD220": {"K52-nD230": 142.72096787411422}, "K51A-U100": {"K51A-U110": 249.60836260679147}, "K52-nD050": {"K52-nD060": 41.35810727719001}, "K52-nD240": {"K52-nD250": 154.13195111866648}, "K58-D120": {"K58-D130": 152.9229416}, "K53-D130": {"K53-D140": 77.2276697415509}, "K51-D050": {"K51-D060": 73.52334753821773}, "K52-nU170": {"K52-nU180": 130.94164869469319}, "K52-nD150": {"K52-nD160": 97.82969119566039}, "K58-D150": {"K58-D160": 87.67}, "K52-nU010": {"K52-nU020": 34.222967995900014}, "K54-D030": {"K54-D040": 82.51073576636476}, "K58-U100": {"K58-U110": 95.80334852000001}, "K54-D040": {"K54-D050": 186.54671804752033}, "K54-U070": {"K54-D010": 185.0185071852431}, "K53-U010": {"K53-U020": 267.95882106460414, "K53-D180": 1251.6508801296554}, "K53-U120": {"K53-U130": 81.44017643242532}, "K51A-U030": {"K51A-U040": 79.17921474997296}, "K51-D010": {"K51-D020": 86.79712768704671}, "K51A-D100": {"K51A-D110": 46.527375837223424}, "K54-U050": {"K54-U060": 349.6675482140392}, "K51-D060": {"K51-D070": 72.259898101721}, "K53-U100": {"K53-U110": 81.88238041696845}, "K54-U020": {"K54-U030": 142.39937840203143}, "K52-nU290": {"K52-nU300": 44.748623708000004}, "K51A-D220": {"K51A-D230": 142.169157707912}, "K52-nD020": {"K52-nD030": 22.285635039360002}, "K51-D020": {"K51-D030": 64.10573183318209}, "K53-D170": {"K53-D180": 327.4914830000001}, "K58-D080": {"K58-D090": 120.98977}, "K51-D090": {"K51-D100": 99.25165804942915}, "K51A-U130": {"K51A-U140": 81.56455926501809}, "K51-D180": {"K51-D190": 183.91125604099997}, "K58-D140": {"K58-D150": 48.07286000000001}, "K53-U030": {"K53-U040": 231.886461285019}, "K51A-D110": {"K51A-D120": 55.33321954508332}, "K58-D020": {"K58-D030": 108.43800000000002}, "K54-D020": {"K54-D030": 204.6482860752861}, "K58-D040": {"K58-D050": 104.1865}, "K58-D010": {"K58-D020": 104.36443159999999}, "K58-U160": {"K58-U170": 155.51690000000002}, "K51-U180": {"K51-U190": 111.55251300732141}, "K58-U023": {"K58-U026": 57.629}, "K51A-U020": {"K51A-U030": 95.63959136302421}, "K51-D210": {"K51-D220": 246.0599484916892}, "K52-nU060": {"K52-nU070": 180.72702999999998}, "K58-U070": {"K58-U080": 133.03217543000002}, "K54-U040": {"K54-U050": 158.41788064610242}, "K53-D080": {"K53-D090": 51.203770607113526}, "K51A-D040": {"K51A-D050": 91.83693412796646}, "K53-U040": {"K53-U050": 163.4853333894758}, "K51A-U080": {"K51A-U090": 184.75903989603012}, "K51-D230": {"K51-D240": 87.6983222067002}, "K52-nD090": {"K52-nD100": 100.11505303555862}, "K51A-U210": {"K51A-U220": 80.49129536715115}, "K51-U070": {"K51-U080": 192.61559925144581}, "K53-D150": {"K53-D160": 166.71461702005345}, "K52A-D180": {"K52A-D190": 220.23161919000003}, "K52-nD200": {"K52-nD210": 143.30773482788}, "K58-D160": {"K58-D170": 235.1245369}, "K52-nD210": {"K52-nD220": 249.15270314149598}, "K51A-D120": {"K51A-D140": 147.94605975774266}, "K58-D190": {"K58-D193": 155.65}, "K52-nD280": {"K52-nD290": 98.5775394501002}, "K58-U090": {"K58-U100": 145.97}, "K51A-U070": {"K51A-U080": 202.136347064894}, "K53-D180": {"K53-D190": 86.91212054164882}, "K52A-D150": {"K52A-D160": 88.8986467635}, "K52-nD170": {"K52-nD180": 144.37032588818616}, "K58-U020": {"K58-U023": 98.09961370000002}, "K51A-D180": {"K51A-D190": 141.2330981094}, "K51-D280": {"K51-D290": 81.7370378445589}, "K51-D040": {"K51-D050": 52.708400229433344}, "K51A-D210": {"K51A-D220": 89.03314031685503}, "K52-nU250": {"K52-nU260": 95.9632099279974}, "K51-U050": {"K51-U060": 282.4313574342126}, "K53-D030": {"K53-D040": 75.81729026792955}, "K54-D010": {"K54-D020": 267.7992554257324}, "K58-U120": {"K58-U130": 145.13023800000005}, "K52-nU080": {"K52-nU090": 92.971106795}, "K51-U130": {"K51-U140": 83.36564867264394}, "K51-U010": {"K51-U020": 34.11395169}, "K51-U040": {"K51-U050": 126.61945285841337}, "K58-U080": {"K58-U090": 78.90377000000001}, "K52-nU300": {"K52-nU310": 52.960443785569666}, "K51-D250": {"K51-D260": 178.57613373735745}, "K52-nU270": {"K52-nU280": 164.34430439151515}, "K51-D260": {"K51-D270": 62.45514018543438}, "K58-U040": {"K58-U050": 90.02807}, "K51-U140": {"K51-U150": 61.00314972078062}, "K53-D040": {"K53-D050": 75.74208438080728}, "K58-U150": {"K58-U160": 205.883425}, "K51-U060": {"K51-U070": 306.0546783910951}, "K51A-U240": {"K51A-U250": 76.14247287767999}, "K58-D193": {"K58-D196": 64.14996984000001}, "K58-D090": {"K58-D100": 140.16420000000002}, "K52-nD250": {"K52-nD260": 196.85246321312383}, "K53-D060": {"K53-D070": 207.82045016261617}, "K53-D050": {"K53-D060": 93.62503161505762}, "K51A-D060": {"K51A-D070": 84.10753981391204}, "K52-nU160": {"K52-nU170": 45.424119676056094}, "K52-nU110": {"K52-nU120": 178.79526183526187}, "K52-nU190": {"K52-nU200": 134.60906382626908}, "K51-U160": {"K51-U170": 113.03336284751035}, "K52-nU140": {"K52-nU150": 208.9771099504}, "K51A-D260": {"K51A-D270": 80.342099154229}, "K52-nU240": {"K52-nU250": 55.252170897679015}, "K54-U010": {"K54-U020": 80.5865321097743}, "K53-D120": {"K53-D130": 89.74902574887324}, "K53-D015": {"K53-D020": 53.98788290023182}, "K51-D100": {"K51-D110": 189.80260211853}, "K58-D180": {"K58-D190": 342.067}, "K51-U110": {"K51-U120": 157.92624427965043}, "K58-D030": {"K58-D040": 123.44361700000002}, "K52A-D130": {"K52A-D140": 120.76290445999999}, "K52-nU040": {"K52-nU050": 73.33013013883482}, "K52A-D140": {"K52A-D150": 129.48427241640002}, "K51A-U090": {"K51A-U100": 190.45239252259722}, "K52-nU150": {"K52-nU160": 97.94505482208794}, "K52-nD190": {"K52-nD200": 259.310210929}, "K51A-D070": {"K51A-D080": 95.53905761076267}, "K51A-U050": {"K51A-U060": 287.04681710710366}, "K52-nD010": {"K52-nD020": 14.825698622083658}, "K52-nD120": {"K52-nD130": 32.72336911440367},