{"K65A-D050": {"K65A-D060": 76.1361127009331}, "K65A-D100": {"K65A-D110": 258.04935989292915}, "K65-U010": {"K65-U020": 269.76834619662804}, "K65-U020": {"K65-U030": 161.4874657398331}, "K66-D170": {"K66-D180": 224.7630303859663}, "K65-D180": {"K65-D190": 129.56118286280693}, "K65A-U040": {"K65A-U050": 86.7744045186133}, "K66-U040": {"K66-U050": 137.139657496903}, "K68-D070": {"K68-D080": 233.42128859313007}, "K66-D150": {"K66-D160": 84.8529008290648}, "K65-U190": {"K65-U200": 52.06651613039928}, "K68-D140": {"K68-D150": 32.34348265374366}, "K66-D180": {"K66-D190": 87.2344659080668}, "K65A-D040": {"K65A-D050": 105.4651024729264}, "K68-D200": {"K68-U011": 64.14581730938292}, "K65A-U100": {"K65A-U110": 66.13082397278015}, "K65-U090": {"K65-U100": 60.0860229759943}, "K66-U130": {"K66-U140": 55.66889771990144}, "K66-U080": {"K66-U090": 140.00897681280037}, "K65-D110": {"K65-D120": 127.89840713932918}, "K66-D090": {"K66-D100": 39.505828672922654}, "K65-U150": {"K65-U160": 62.40767666221386}, "K65A-U020": {"K65A-U030": 208.4218065572963}, "K65A-U090": {"K65A-U100": 55.85184342373839}, "K65-D080": {"K65-D090": 58.55339579878389}, "K66-D130": {"K66-D140": 44.021623020256825}, "K65A-U080": {"K65A-U090": 81.4323025263342}, "K66-D080": {"K66-D090": 54.120750690025794}, "K65-U040": {"K65-U050": 96.5051059075694}, "K65A-D070": {"K65A-D080": 123.88517976828204}, "K65-D070": {"K65-D080": 120.30874479069855}, "K65A-U050": {"K65A-U060": 58.37129305036823}, "K65-D030": {"K65-D040": 69.13494285439546}, "K66-D230": {"K66-D240": 105.21559185605238}, "K65A-D030": {"K65A-D040": 77.73143531474243}, "K66-U150": {"K66-U160": 62.4597170827328}, "K65A-U030": {"K65A-U040": 28.6281789247172}, "K68-D160": {"K68-D170": 88.67514602547001}, "K65-U060": {"K65-U070": 50.434113675106474}, "K66-D060": {"K66-D070": 43.517298274321796}, "K66-D100": {"K66-D110": 45.73757960013818}, "K66-D050": {"K66-D060": 40.47302399381565}, "K65A-U120": {"K65A-U130": 85.36312137585307}, "K65-D130": {"K65-D140": 129.44649416263957}, "K65A-D060": {"K65A-D070": 94.83013549316206}, "K68-U120": {"K68-U130": 207.144682865}, "K68-D030": {"K68-D040": 115.05149616000001}, "K65-D010": {"K65-D020": 40.92839807007073}, "K66-D210": {"K66-D220": 148.6242231419911}, "K65-D020": {"K65-D030": 91.02003547699042}, "K66-U090": {"K66-U100": 62.06456497339303}, "K65-U100": {"K65-U110": 164.6131651454573}, "K65-D100": {"K65-D110": 259.3057182558051}, "K68-U130": {"K68-U140": 175.26256096}, "K65-D060": {"K65-D070": 87.98617032569737}, "K65-D040": {"K65-D050": 76.82163947214124}, "K66-U110": {"K66-U120": 49.68063395731701}, "K68-U080": {"K68-U090": 66.8733637}, "K65A-U010": {"K65A-U020": 74.86906409848771}, "K65-D150": {"K65-D160": 115.20347606677896}, "K65-U050": {"K65-U060": 116.89924520140968}, "K65A-D020": {"K65A-D030": 86.97969689159598}, "K68-U110": {"K68-U120": 215.78379071679996, "K68-D090": 196.45999999999998}, "K65-D120": {"K65-D130": 71.45107041775267}, "K66-U070": {"K66-U080": 164.8641240834906}, "K66-D120": {"K66-D130": 63.614397541664005}, "K65-U070": {"K65-U080": 79.44959870431873}, "K68-U050": {"K68-U060": 61.505379948834936}, "K66-D030": {"K66-D040": 78.62686327669904}, "K66-U210": {"K66-U220": 51.97789660187466}, "K68-D100": {"K68-D110": 87.65119617515076}, "K68-D150": {"K68-D160": 59.04857479482702}, "K65-U120": {"K65-U130": 188.8816638488707}, "K68-D120": {"K68-D130": 194.95555232000004}, "K66-U200": {"K66-U210": 63.58822188705032}, "K65-D140": {"K65-D150": 125.4495335623923}, "K68-D180": {"K68-D190": 34.382869054088495}, "K65A-U060": {"K65A-U070": 59.16392661335412}, "K65-U200": {"K65-U210": 65.79694644593073}, "K65A-D010": {"K65A-D020": 50.68918390545892}, "K68-D020": {"K68-D030": 124.74121142999999}, "K68-U170": {"K68-D010": 172.17186437143005}, "K65-D050": {"K65-D060": 75.11690612419747}, "K66-U140": {"K66-U150": 52.735602523530545}, "K66-D200": {"K66-D210": 136.34035765789434}, "K65A-U070": {"K65A-U080": 55.628912209495084}, "K68-D080": {"K68-D090": 113.3528352438055}, "K68-U060": {"K68-U070": 92.38557729761911}, "K65-U030": {"K65-U040": 123.12985535119292}, "K65-U080": {"K65-U090": 181.39091526093517}, "K68-U020": {"K68-U030": 58.84034169308852}, "K66-D010": {"K66-D020": 16.07379123840832}, "K66-U190": {"K66-U200": 73.75219074952133}, "K65-U160": {"K65-U170": 59.361292928273336}, "K65A-U110": {"K65A-U120": 82.35444219677943}, "K66-D020": {"K66-D030": 77.2363062507082}, "K66-D190": {"K66-D200": 92.38153036265416}, "K66-U030": {"K66-U040": 219.1298067813364}, "K68-U030": {"K68-U040": 29.940735077990006}, "K65-U210": {"K65-U220": 85.87108421217688}, "K66-D140": {"K66-D150": 108.8878485208425}, "K66-U160": {"K66-U170": 52.89587521365917}, "K66-U100": {"K66-U110": 81.47252300600003}, "K68-U140": {"K68-U150": 49.684070344814}, "K68-D010": {"K68-D020": 52.18346272486004}, "K65A-D090": {"K65A-D100": 121.34514989454365}, "K66-U180": {"K66-U190": 72.22004032458868}, "K65-U170": {"K65-U180": 52.73549140240002}, "K65A-D080": {"K65A-D090": 53.285687349403894}, "K68-D190": {"K68-D200": 52.787367956535306}, "K66-U060": {"K66-U070": 199.5843245416975}, "K66-U010": {"K66-U020": 134.78689390730966}, "K68-D170": {"K68-D180": 49.07776219674713}, "K66-U170": {"K66-U180": 38.44428496088089}, "K66-D040": {"K66-D050": 39.570953110014074}, "K68-U010": {"K68-U020": 96.52521077178714}, "K65-D160": {"K65-D170": 158.94102569074374}, "K66-D160": {"K66-D170": 146.05264761079474}, "K65-D170": {"K65-D180": 105.51185847662778}, "K66-D110": {"K66-D120": 62.538453115586265}, "K66-U050": {"K66-U060": 51.97578134957007}, "K65-D090": {"K65-D100": 114.38299114022001}, "K68-D060": {"K68-D070": 105.663882637434}, "K68-U090": {"K68-U100": 149.2895230560336}, "K65-U140": {"K65-U150": 95.6148913814059}, "K68-D090": {"K68-D100": 168.1517458845458}, "K66-U120": {"K66-U130": 64.52418450089546}, "K66-U020": {"K66-U030": 165.8901976509}, "K68-U100": {"K68-U110": 294.337561034}, "K65-U220": {"K65-U230": 74.49667736476206}, "K66-D070": {"K66-D080": 50.23607671858012}, "K65-U180": {"K65-U190": 81.35474102071129}, "K65-U110": {"K65-U120": 125.34178193634507}, "K68-U150": {"K68-U160": 96.97918600000003}, "K68-U070": {"K68-U080": 52.3747679768}, "K68-D110": {"K68-D120": 112.51612767177201}, "K66-D220": {"K66-D230": 79.36110313016802}, "K65-U130": {"K65-U140": 32.43316138585467}, "K68-D050": {"K68-D060": 73.98864050000002}, "K68-U160": {"K68-U170": 83.63966713096804}, "K68-D040": {"K68-D050": 117.9755401352}, "K68-U040": {"K68-U050": 79.67460176929998}, "K68-D130": {"K68-D140": 63.93796476807999}}