{"KAT": {"DIH": 85.31427027480001, "SUW": 127.27770000000001}}