{"KOB": {"CHH": 109.4545001461004, "NTK": 47.9199309765}, "KOW": {"HOK": 177.74210016397328, "OLY": 128.14638779418493, "TSY": 530.7899746841134}, "KOT": {"TAW": 271.606289594555, "LOF": 84.77444133719017, "MKK": 151.66808445400437, "SKM": 85.66321216755199}}