{"KSR": {"TWW": 587.9800035473186, "YUL": 237.26950384716375}}