{"LCK": {"MEF": 81.31149736713648, "CSW": 81.31305207718404}}