{"LOW": {"SHS": 207.68074171395534}, "LOP": {"YUL": 117.04847526447001, "TIS": 165.3857473123776}, "LOF": {"WTS": 78.10583060191442, "KOT": 75.86226637377985}}