{"NAC": {"OLY": 96.88786415677608, "AUS": 205.69194241673216, "LAK": 276.7523032342139, "MEF": 180.49594191820472}}