{"NTK": {"KOB": 68.48783942484887, "KWT": 45.75855603798132}}