{"OLY": {"NAC": 128.27928865096283, "KOW": 130.46898314751894}}