{"PRE": {"MOK": 110.0727648383048, "SSP": 68.32940010719999, "SKM": 102.49333988387998}}