{"SKM": {"KOT": 92.48813837717167, "PRE": 87.80174532752415}, "SKW": {"SWH": 39.60098882377904, "HFC": 100.1798194896773}}