{"SYP": {"SHW": 90.7478996696825, "HKU": 45.236170618520774}}