{"TAP": {"UNI": 411.81686765191637, "TWO": 172.42938997233972}, "TAK": {"QUB": 85.63485536884885, "SWH": 106.38767045822351}, "TAW": {"SHT": 107.05348056305779, "KOT": 288.7832751079278, "CKT": 139.007317227, "HIK": 143.51460635300003}}