{"TIK": {"TKO": 218.13060591795153, "YAT": 132.8858561248612}, "TIH": {"FOH": 36.813262861320005, "CAB": 91.48138873572212}, "TIS": {"LOP": 177.23030532392292, "SIH": 362.22549830929836}}