{"TKO": {"TIK": 238.04816633765614, "HAH": 147.3802058329738, "LHP": 131.9866835152131}, "TKW": {"SUW": 69.860443866, "HOM": 123.60611768600002}}