{"TSY": {"KOW": 419.96976961795224, "AIR": 1384.5412019126875, "LAK": 191.04189073594904, "SUN": 689.9074652826705}, "TSH": {"HEO": 66.81907319999999, "SHM": 208.71224325276017}, "TST": {"ADM": 158.26110674363582, "JOR": 49.38296945036011}, "TSW": {"TWH": 60.94872899207542}}