{"TWO": {"TAP": 177.52130261709408, "FAN": 335.3629907041777}, "TWW": {"KSR": 712.0309122549204, "MEF": 290.4639152737383}, "TWH": {"KWH": 80.84224937678633, "TSW": 72.21560040708172}}