{"UNI": {"TAP": 380.5994519355344, "FOT": 187.49471484162024}}