{"WAC": {"ADM": 89.70519561868736, "CAB": 131.27265367540295}}