{"WCH": {"LET": 160.29634119639576, "OCP": 100.05309756006088}}