{"YMT": {"HOM": 102.82699697295504, "JOR": 68.82215002928095, "MOK": 89.13681167692933}}