{"YUL": {"LOP": 115.81078204607999, "KSR": 222.5523377339351}}