{"1": {"6": 222.35451314337428, "2": 405.02524543053994}}