{"AUS": {"NAC": 205.3364330749028, "ETS": 134.79771024967198}}