{"CKT": {"TAW": 91.94881968604054, "STW": 128.872766}}