{"CSW": {"SSP": 107.75793024805321, "LCK": 67.5036957422796}}