{"DIS": {"SUN": 198.58233387484285}, "DIH": {"WTS": 115.17103084608001, "HIK": 315.575126496592, "CHH": 110.26400231007835, "KAT": 153.00880545714006}}