{"FOT": {"SHT": 149.33496075709547, "UNI": 128.39428013716898}, "FOH": {"TIH": 80.47108088639831, "NOP": 73.70075247320088}}