{"HEO": {"MOS": 108.111612, "TSH": 131.76826740000007}}