{"HFC": {"CHW": 290.9554668520729, "SKW": 110.93533479225466}}