{"HIK": {"DIH": 266.0804609960733, "TAW": 98.92340336050799}}