{"HKU": {"SYP": 90.52789846476401, "KET": 95.14941712566724}}