{"HUH": {"MKK": 170.96148986333418, "HOM": 95.12869929000001, "EXC": 185.39525338354557, "ETS": 40.47938928000001}}