{"JOR": {"TST": 84.59256911280895, "YMT": 92.2350938885275}}