{"K18-U020": {"K18-U030": 64.57024644198597}, "K12-D030": {"K12-D040": 98.38726610022738}, "K18-D020": {"K18-D030": 49.27598303137711}, "K18-U010": {"K18-U020": 224.26736568964407}, "K12-D020": {"K12-D030": 356.92035701769373}, "K18-D010": {"K18-D020": 255.648498505001}, "K12-D010": {"K12-D020": 166.80091497396364}, "K17-D020": {"K17-D030": 33.48108228752506}, "K17-U030": {"K17-U040": 32.61292903858647}, "K12-U010": {"K12-U020": 278.84566443790675}, "K12-U020": {"K12-U030": 242.50654890361528}, "K17-U020": {"K17-U030": 135.94344679456262}, "K17-D010": {"K17-D020": 312.1274752072839}, "K17-U010": {"K17-U020": 275.2740062321609}}