{"K51-D030": {"K51-D040": 38.64926539049529}, "K53-D080": {"K53-D090": 44.80906664290988}, "K52-nU290": {"K52-nU300": 41.78938396351652}, "K51A-U170": {"K51A-U180": 79.27468679037307}, "K52-nD120": {"K52-nD130": 47.2869380435254}, "K51-U090": {"K51-U100": 157.09670542610002}, "K53-U140": {"K53-D010": 89.00542569055585}, "K53-U040": {"K53-U050": 143.744081743078}, "K51A-D170": {"K51A-D180": 150.33704941672946}, "K58-D140": {"K58-D150": 42.922}, "K58-D160": {"K58-D170": 224.565}, "K51-D070": {"K51-D080": 57.598243272429116}, "K52-nU210": {"K52-nU220": 81.332587590553}, "K53-D140": {"K53-D150": 151.4831183182401}, "K51-U020": {"K51-U030": 102.57084229199504}, "K53-D100": {"K53-D110": 75.376056077938}, "K52-nD140": {"K52-nD150": 107.04143337527003}, "K53-D120": {"K53-D130": 68.98849952137623}, "K51A-D090": {"K51A-D100": 55.56632131733603}, "K51-U010": {"K51-U020": 36.29732447947968}, "K53-U100": {"K53-U110": 81.89050981554165}, "K58-U020": {"K58-U023": 86.174}, "K52A-D060": {"K52A-D070": 129.34768316859828}, "K58-U100": {"K58-U110": 86.33193030000002}, "K51-D100": {"K51-D110": 176.4590552685758}, "K58-D193": {"K58-D196": 72.60000000000001}, "K51A-D260": {"K51A-D270": 84.12326983732031}, "K52-nD220": {"K52-nD230": 143.477322022437}, "K52-nD050": {"K52-nD060": 35.12201447660848}, "K53-U090": {"K53-U100": 107.55913331744016}, "K51-U140": {"K51-U150": 54.670228942895804}, "K54-D050": {"K54-D060": 101.90920135204397}, "K53-U050": {"K53-U060": 148.42172771943046}, "K52-nU200": {"K52-nU210": 83.8614104423536}, "K51-U220": {"K51-U230": 66.37309477519479}, "K51A-D160": {"K51A-D170": 164.09257934283636}, "K51-D240": {"K51-D250": 143.96497820209999}, "K51A-U210": {"K51A-U220": 84.97853780520698}, "K51-U170": {"K51-U180": 68.7938422583464}, "K51-D130": {"K51-D140": 62.74561112493001}, "K52-nU070": {"K52-nU080": 94.56122190354674}, "K51A-U150": {"K51A-U160": 115.5303441540979}, "K54-D020": {"K54-D030": 132.8569054835536}, "K52-nD290": {"K52-nD300": 103.77604604399997}, "K53-U080": {"K53-U090": 87.37705595272223}, "K52-nU180": {"K52-nU190": 88.7232535506979}, "K58-U010": {"K58-U020": 50.21586574400001}, "K53-D015": {"K53-D020": 52.53660968962155}, "K51-U110": {"K51-U120": 139.38284318763138}, "K54-U020": {"K54-U030": 115.72524769785582}, "K53-U070": {"K53-U080": 56.131347686138234}, "K52-nD270": {"K52-nD280": 99.81952256381506}, "K51A-D140": {"K51A-D150": 65.90209424898211}, "K52-nU090": {"K52-nU100": 90.25620370711323}, "K53-U130": {"K53-U140": 54.065296176926736}, "K51-U030": {"K51-U040": 75.25701408345039}, "K53-U060": {"K53-U070": 71.65174460396285}, "K51A-U200": {"K51A-U210": 57.047712645706476}, "K58-U110": {"K58-U120": 144.192917}, "K51A-D060": {"K51A-D070": 68.19836312031951}, "K53-D010": {"K53-D015": 104.33415896604716}, "K51A-D120": {"K51A-D140": 135.86967635604287}, "K54-U050": {"K54-U060": 328.6840462059528}, "K53-D040": {"K53-D050": 71.45029054101958}, "K53-U020": {"K53-U030": 178.24269623092675, "K53-D160": 850.3373615135255}, "K52-nU140": {"K52-nU150": 214.46065210007336}, "K51A-U050": {"K51A-U060": 283.9799492846365}, "K53-D170": {"K53-D180": 315.58702000000005}, "K54-U010": {"K54-U020": 68.68455903482128}, "K51-D040": {"K51-D050": 52.36490111515815}, "K53-D060": {"K53-D070": 157.6315146853247}, "K51A-D200": {"K51A-D210": 292.5730372614814}, "K53-U120": {"K53-U130": 79.20440097816439}, "K58-D060": {"K58-D070": 148.19024000000002}, "K52-nU230": {"K52-nU240": 74.30124620232623}, "K58-D196": {"K58-D200": 86.24594000000002}, "K52A-U140": {"K52A-U150": 160.35918734098524}, "K52-nU020": {"K52-nU030": 99.75275202015571}, "K58-U050": {"K58-U060": 37.95}, "K51A-D180": {"K51A-D190": 130.40264686141217}, "K51A-U180": {"K51A-U190": 89.98862771796146}, "K52-nU080": {"K52-nU090": 91.04578741760866}, "K54-D060": {"K54-D070": 150.16402823377308}, "K51-U150": {"K51-U160": 94.66773173530554}, "K53-D030": {"K53-D040": 74.36710731921502}, "K53-U010": {"K53-U020": 261.75153566808046, "K53-D180": 697.603986113375}, "K58-D100": {"K58-D110": 180.366692}, "K53-D130": {"K53-D140": 67.08302981766575}, "K58-D170": {"K58-D180": 142.56}, "K52-nD170": {"K52-nD180": 119.40269362791624}, "K51A-U140": {"K51A-U150": 51.24236662313459}, "K58-U090": {"K58-U100": 183.71384801000005}, "K58-U023": {"K58-U026": 61.08663000000003}, "K58-U080": {"K58-U090": 71.4765634}, "K51-U040": {"K51-U050": 111.3353227973611}, "K53-D090": {"K53-D100": 44.92785079759902}, "K52-nU010": {"K52-nU020": 36.399979418}, "K58-D190": {"K58-D193": 221.452}, "K51-U160": {"K51-U170": 108.28962834086072}, "K58-D180": {"K58-D190": 306.68660000000006}, "K53-U110": {"K53-U120": 91.76062698362307}, "K51A-D230": {"K51A-D240": 177.19215748398742}, "K54-U060": {"K54-U070": 209.70296330666946}, "K58-U120": {"K58-U130": 110.00000000000001}, "K58-U140": {"K58-U150": 145.03719999999998}, "K58-D030": {"K58-D040": 46.671240000000004}, "K51A-D010": {"K51A-D020": 58.5509651897557}, "K58-D010": {"K58-D020": 19.779100000000007}, "K51A-U030": {"K51A-U040": 72.94993795677817}, "K51-U120": {"K51-U130": 156.03170608059966}, "K52A-U170": {"K52A-U180": 275.33624672570244}, "K51-D200": {"K51-D210": 129.15059714040007}, "K51-D170": {"K51-D180": 86.09657645331}, "K51A-U040": {"K51A-U050": 119.97697472385121}, "K52-nD030": {"K52-nD040": 25.998934506350633}, "K51A-D070": {"K51A-D080": 87.30966330029324}, "K58-U026": {"K58-U030": 120.77450000000002}, "K52-nU270": {"K52-nU280": 171.13984334898427}, "K53-D110": {"K53-D120": 159.44756484751804}, "K51-D270": {"K51-D280": 103.19712075101852}, "K51-U180": {"K51-U190": 109.76645532514746}, "K58-D070": {"K58-D080": 123.95900000000002}, "K58-U060": {"K58-U070": 189.58499999999998}, "K51A-U120": {"K51A-U130": 154.56712303017216}, "K52-nD100": {"K52-nD110": 57.871194834140205}, "K52-nD180": {"K52-nD190": 176.23922480580666}, "K51A-U160": {"K51A-U170": 77.83173743835367}, "K54-D010": {"K54-D020": 212.92584099410115}, "K51-U230": {"K51-U240": 57.89255525592402}, "K52-nD080": {"K52-nD090": 98.35949886887518}, "K53-D020": {"K53-D030": 100.96777010342548}, "K52-nD230": {"K52-nD240": 164.008770932534}, "K51-D160": {"K51-D170": 79.34152590000001}, "K51A-U240": {"K51A-U250": 78.2664834053791}, "K51A-D250": {"K51A-D260": 100.6124146687585}, "K52-nU040": {"K52-nU050": 64.59405997261912}, "K51-D110": {"K51-D120": 58.706872763161776}, "K51-U130": {"K51-U140": 75.80541947930604}, "K52-nD160": {"K52-nD170": 144.086716429339}, "K52-nU160": {"K52-nU170": 43.5054143824522}, "K51-U200": {"K51-U210": 90.84871364861175}, "K51-D220": {"K51-D230": 275.86510547959995}, "K51A-D150": {"K51A-D160": 76.2158965456559}, "K52-nD010": {"K52-nD020": 17.51234559961261}, "K51A-U220": {"K51A-U230": 90.82438537940445}, "K54-U030": {"K54-U040": 127.37269076536973}, "K51A-D080": {"K51A-D090": 162.61818410109}, "K51-U100": {"K51-U110": 249.34308888340598}, "K51-U190": {"K51-U200": 79.45551778974881}, "K53-U030": {"K53-U040": 241.8219966406487}, "K52-nD060": {"K52-nD070": 128.31242343422562}, "K54-D040": {"K54-D050": 181.89408587990607}, "K53-D050": {"K53-D060": 80.88897894785359}, "K51A-U190": {"K51A-U200": 78.9671567901583}, "K53-D190": {"K53-U011": 410.62673229015235}, "K52-nU100": {"K52-nU110": 164.06730572901012}, "K52-nD130": {"K52-nD140": 99.37882783239999}, "K51A-D020": {"K51A-D030": 105.38502707977936}, "K52-nD210": {"K52-nD220": 239.95985774769997}, "K51A-U110": {"K51A-U120": 136.4716505506883}, "K51-D080": {"K51-D090": 121.04631751765412}, "K52-nU050": {"K52-nU060": 250.33755744719002}, "K54-U040": {"K54-U050": 148.73208114578202}, "K51-D050": {"K51-D060": 64.83337527699999}, "K51-D260": {"K51-D270": 58.59576288450275}, "K54-U070": {"K54-D010": 162.14646448580666}, "K58-D200": {"K58-D210": 91.5651}, "K51-U240": {"K51-U250": 112.22637643439502}, "K51-D280": {"K51-D290": 83.1402301428673}, "K52-nU260": {"K52-nU270": 40.697612366}, "K58-D050": {"K58-D060": 220.22000000000003}, "K51-D060": {"K51-D070": 65.7228593605258}, "K51-U070": {"K51-U080": 190.32493910735457}, "K52A-D010": {"K52A-D020": 277.22448091413315},