{"K74-D060": {"K74-D070": 159.22616476459217}, "K73-U070": {"K73-U080": 163.84595635460036}, "K73-U010": {"K73-U020": 69.07847196945154}, "K74-D010": {"K74-D020": 164.49232165917}, "K75P-U060": {"K75P-U070": 53.15964821019069}, "K73-U080": {"K73-U110": 301.81705557260585, "K73-U090": 285.1106460904092}, "K74-U011": {"K74-D100": 186.8646518670352}, "K75P-U110": {"K75P-U120": 100.5058871805337}, "K74-U070": {"K74-U080": 151.75612100000006}, "K73-D150": {"K73-D160": 74.75602455404076}, "K73-D070": {"K73-D080": 179.76636992815992}, "K76-U040": {"K76-U050": 179.86897007441996}, "K75P-U120": {"K75P-U130": 69.98592980756064}, "K76-U030": {"K76-U040": 246.30728033195982}, "K76-U010": {"K76-U020": 17.061383027805594}, "K73-U030": {"K73-U040": 88.74721664204051}, "K75A-D010": {"K75A-D020": 211.30092296483934}, "K76-U020": {"K76-U030": 160.70739089402522}, "K75A-D020": {"K75A-D030": 29.17374723824924}, "K75P-U080": {"K75P-U090": 50.27104419323477}, "K73-D090": {"K73-D100": 90.41218049817202}, "K75P-D010": {"K75P-D020": 138.38448191067602}, "K76-D020": {"K76-D030": 134.79812826318204}, "K75A-U010": {"K75A-U020": 47.51477116653247}, "K73-D100": {"K73-D110": 203.27482285346747}, "K75P-U130": {"K75P-U140": 44.52105235229102}, "K76-D010": {"K76-D020": 243.31069364422734}, "K73-D130": {"K73-D140": 156.0108840049158}, "K73-U060": {"K73-U070": 129.32566082834978}, "K73-U090": {"K73-U100": 114.26113328418117}, "K73-U110": {"K73-U120": 252.73437642031496}, "K75A-D070": {"K75A-D080": 39.741223384757575}, "K73-D120": {"K73-D130": 110.35337354511557}, "K75P-U010": {"K75P-U020": 102.42728747781277}, "K73-U040": {"K73-U050": 113.54120119906263, "K73-U060": 208.88372925426432}, "K75P-U140": {"K75P-D010": 156.61807916269544}, "K74-U060": {"K74-U070": 149.71640199499998}, "K75P-D020": {"K75P-D030": 36.25480980236305}, "K74-D050": {"K74-D060": 104.30060020761857}, "K73-D110": {"K73-D120": 96.59901315036686}, "K74-D070": {"K74-D080": 263.5773059591}, "K75A-D090": {"K75A-D100": 42.79556021366129}, "K73-D020": {"K73-D030": 112.94863792844112}, "K76-D030": {"K76-D040": 78.11345484012138}, "K75P-D050": {"K75P-D060": 85.48411116324695}, "K75A-D050": {"K75A-D060": 74.8719708052135}, "K75P-U050": {"K75P-U060": 198.2896291109236}, "K75P-D060": {"K75P-D070": 220.859384836826}, "K73-U050": {"K73-U060": 101.04145748573535}, "K73-D080": {"K73-D090": 261.4434612561654}, "K73-D050": {"K73-D070": 102.58018498184387}, "K74-U090": {"K74-U100": 215.62073316095402}, "K75P-D070": {"K75P-D080": 92.23633993469431}, "K75A-D080": {"K75A-D090": 84.84782690686893}, "K75A-D060": {"K75A-D070": 44.12214399920485}, "K75P-U020": {"K75P-U030": 102.22373271758488}, "K74-D090": {"K74-U011": 78.10213430360002}, "K74-D030": {"K74-D040": 111.77134031639612}, "K75A-U030": {"K75A-D010": 244.8727193051747}, "K73-D040": {"K73-D050": 79.68753300904397}, "K73-U100": {"K73-U110": 262.61847489363447}, "K75P-D080": {"K75P-U011": 143.04768680696378}, "K75P-U090": {"K75P-U100": 43.10154844534074}, "K73-U020": {"K73-U030": 218.0879830528833}, "K75P-U030": {"K75P-U040": 126.45931590976572}, "K75A-D040": {"K75A-D050": 57.86904045615296}, "K73-D030": {"K73-D040": 129.1272769461588}, "K75P-U040": {"K75P-U050": 105.80303683411671}, "K75P-U070": {"K75P-U080": 115.5903064361278}, "K75P-U100": {"K75P-U110": 66.30731353197706}, "K75A-D030": {"K75A-D040": 52.11915524977318}, "K75A-U020": {"K75A-U030": 164.08991711073867}, "K73-D140": {"K73-D150": 229.5363035423144}, "K75P-D030": {"K75P-D040": 109.56583638434222}, "K74-D110": {"K74-U002": 194.79750443526856}, "K73-D010": {"K73-D020": 86.10318172203293}, "K75A-D110": {"K75A-U011": 180.20136191505011}, "K74-U080": {"K74-U090": 227.15149732}, "K74-D040": {"K74-D050": 88.13335117976399}, "K75A-D100": {"K75A-D110": 95.11638795029788}, "K74-U040": {"K74-U050": 189.00064150000003}, "K74-U030": {"K74-U040": 286.77}, "K74-D020": {"K74-D030": 149.42105788075284}, "K75P-D040": {"K75P-D050": 166.7423991697277}, "K74-D100": {"K74-D110": 94.26841021596084}, "K74-D080": {"K74-D090": 187.58074354223808}, "K74-U050": {"K74-U060": 234.84633040000003}, "K74-U020": {"K74-U030": 112.28799999999998}, "K74-U100": {"K74-D010": 116.89782500000001}, "K74-U010": {"K74-U020": 152.24}, "K74-U007": {"K74-U010": 266.20000000000005}, "K75S-D030": {"K75S-U011": 201.94691244046004}, "K75S-D010": {"K75S-D020": 132.682}, "K75S-U040": {"K75S-D010": 64.27672867000001}, "K75S-D020": {"K75S-D030": 175.63479011364}, "K75S-U020": {"K75S-U030": 186.62380000000002}, "K75S-U010": {"K75S-U020": 42.57000000000001}, "K75S-U030": {"K75S-U040": 123.20000000000002}, "K76S-D020": {"K76S-D030": 145.20000000000002}}