{"KAT": {"DIH": 137.53612553255698, "SUW": 135.057934}}