{"KWH": {"KWF": 121.22317177434851, "TWH": 43.36586065997493}, "KWF": {"KWH": 72.75900786404806, "LAK": 131.81487512526195}, "KWT": {"LAT": 110.05348048508941, "NTK": 107.20568787858596}}