{"LCK": {"MEF": 90.03419583066058, "CSW": 123.88687514325099}}