{"LET": {"WCH": 139.75605464486705, "SOH": 101.87795877441735}}