{"MEF": {"LAK": 124.28314357596525, "NAC": 168.9501519589697, "TWW": 343.96028357474535, "LCK": 99.17016322656562}}