{"MOK": {"PRE": 109.71893513310138, "YMT": 121.16232695181984}, "MOS": {"HEO": 118.7921147069, "WKS": 148.57152369096303}}