{"OCP": {"ADM": 287.63196098634023, "WCH": 131.0990657730552}}