{"SIH": {"TIS": 327.7342352996995, "TUM": 154.44912309398632}}