{"SSP": {"PRE": 111.11016835881651, "CSW": 75.66708435354752}}