{"SWH": {"TAK": 99.16286389447124, "SKW": 56.03515125189656}}