{"SYP": {"SHW": 80.8711105101419, "HKU": 78.20659431537163}}