{"TKO": {"TIK": 208.7700782125315, "LHP": 133.47350318351897, "HAH": 86.41049084597485}, "TKW": {"HOM": 134.94866113, "SUW": 77.940418852}}