{"TSY": {"KOW": 536.8015940123379, "AIR": 1400.390837949287, "LAK": 187.30125481191166, "SUN": 666.3073534271481}, "TSH": {"SHM": 209.23534508524457, "HEO": 137.5523203816}, "TST": {"JOR": 49.13029284219648, "ADM": 174.52685899513764}, "TSW": {"TWH": 64.19543628194315}}