{"UNI": {"FOT": 189.5295832613036, "TAP": 341.52165710451237}}