{"WAC": {"CAB": 137.3458086280853, "ADM": 74.81676611099266}}