{"YAT": {"QUB": 219.730683609275, "TIK": 119.33667577221095, "LAT": 153.17545805155387}}