{"YMT": {"MOK": 95.2110276244014, "HOM": 174.1160602644086, "JOR": 95.8246996604415}}