{"1": {"2": 60.977690498903215, "6": 214.31169200978258}}