{"5": {"305": 83.49529142784789, "6": 113.91027802071422}}