{"AIR": {"TSY": 1503.2781338032476, "AWE": 142.4440757385771}}