{"AUS": {"ETS": 145.44285950107, "NAC": 215.10311177762424}}