{"CHH": {"KOB": 114.11412875250994, "DIH": 129.78036812768738}, "CHW": {"HFC": 78.99148169331288}}