{"CKT": {"TAW": 99.09927253112332, "STW": 129.36424251534004}}