{"ETS": {"AUS": 191.05116161314373, "HUH": 175.66315778000003}}