{"HAH": {"TKO": 161.43128960013, "POA": 120.07352391340358}}