{"HFC": {"SKW": 152.51691575706894, "CHW": 226.6530634224524}}