{"HKU": {"SYP": 122.49333003374542, "KET": 101.87594273285495}}