{"K52-nU270": {"K52-nU280": 163.1348976904002}, "K51-U170": {"K51-U180": 76.80292797824298}, "K53-D090": {"K53-D100": 53.56836250260021}, "K54-D020": {"K54-D030": 209.05248069144037}, "K51A-U120": {"K51A-U130": 147.31587267331767}, "K53-U110": {"K53-U120": 93.34284080821658}, "K52A-U120": {"K52A-U130": 67.12615199915463}, "K52-nU120": {"K52-nU140": 122.28551050990231}, "K52-nU160": {"K52-nU170": 54.54084299357727}, "K53-U010": {"K53-U020": 256.7186837293278, "K53-D180": 1008.7912044596221}, "K51-D280": {"K51-D290": 68.70476883199244}, "K51-U210": {"K51-U220": 52.02605012600721}, "K51-U010": {"K51-U020": 40.406496671408426}, "K51A-D190": {"K51A-D200": 187.74748853002384}, "K53-D190": {"K53-U011": 424.10294536225183}, "K53-D070": {"K53-D080": 49.4995385896595}, "K51A-D180": {"K51A-D190": 137.36411685654775}, "K51A-D240": {"K51A-D250": 57.830791659355285}, "K51A-U180": {"K51A-U190": 94.38225841741831}, "K52-nU020": {"K52-nU030": 98.45264576689301}, "K52A-D040": {"K52A-D050": 15.176939181280293}, "K52A-D170": {"K52A-D180": 108.36669365160637}, "K53-U030": {"K53-U040": 217.89755784571352}, "K51-D040": {"K51-D050": 52.401773024029026}, "K51A-U160": {"K51A-U170": 86.18019063523683}, "K51A-U200": {"K51A-U210": 57.847208465478204}, "K51-D230": {"K51-D240": 83.42623604410169}, "K52A-D060": {"K52A-D070": 132.77587343422562}, "K51A-D050": {"K51A-D060": 79.38837091894445}, "K51-D270": {"K51-D280": 92.88043018420171}, "K51-U060": {"K51-U070": 286.3412894018819}, "K53-U040": {"K53-U050": 134.98671445099313}, "K53-D080": {"K53-D090": 53.2260690210024}, "K51A-D230": {"K51A-D240": 157.54410024383566}, "K53-U020": {"K53-U030": 146.05261501204416, "K53-D160": 626.1780152812933}, "K51-D110": {"K51-D120": 62.95701003955786}, "K52A-D020": {"K52A-D030": 26.368165194919975}, "K52A-D130": {"K52A-D140": 85.72733179459678}, "K52A-U090": {"K52A-U100": 89.1444604681167}, "K53-U100": {"K53-U110": 69.59664046719377}, "K51-U090": {"K51-U100": 146.26244830034327}, "K51A-D260": {"K51A-D270": 67.76203800289085}, "K52-nU180": {"K52-nU190": 67.76987114875487}, "K51-D010": {"K51-D020": 80.12343669891285}, "K51-U220": {"K51-U230": 70.89780794217782}, "K52A-D010": {"K52A-D020": 300.5025560437142}, "K51-D070": {"K51-D080": 61.478324845383895}, "K52A-U150": {"K52A-U160": 36.364253038941655}, "K52A-D120": {"K52A-D130": 42.060297358574886}, "K53-U130": {"K53-U140": 72.78781353820253}, "K52A-U050": {"K52A-U060": 58.71496944416212}, "K52A-U070": {"K52A-U080": 80.64138109417509}, "K51A-U040": {"K51A-U050": 128.00106825115503}, "K54-U050": {"K54-U060": 345.60337238837207}, "K51-D030": {"K51-D040": 39.770967969435986}, "K51A-D020": {"K51A-D030": 107.96515171468022}, "K53-U140": {"K53-D010": 84.05648130645402}, "K53-U050": {"K53-U060": 142.1271869825142}, "K54-D040": {"K54-D050": 168.10793206018306}, "K54-D050": {"K54-D060": 97.03525477925538}, "K51-D260": {"K51-D270": 54.548880593042135}, "K52-nU040": {"K52-nU050": 76.75478064889144}, "K51-U160": {"K51-U170": 117.15899333712608}, "K51A-U210": {"K51A-U220": 70.72414457194076}, "K51-D170": {"K51-D180": 113.83027403122398}, "K54-D010": {"K54-D020": 124.12562444586615}, "K51-U130": {"K51-U140": 73.80318498064796}, "K51A-U050": {"K51A-U060": 264.9781989176946}, "K52A-D050": {"K52A-D060": 30.217725608290543}, "K52-nU150": {"K52-nU160": 95.56392484367231}, "K52-nU190": {"K52-nU200": 137.2720908205443}, "K54-D030": {"K54-D040": 67.41891627956305}, "K52-nD190": {"K52-nD200": 165.26428600684653}, "K53-U080": {"K53-U090": 77.73034794238414}, "K51A-D220": {"K51A-D230": 131.9064824330474}, "K51A-D070": {"K51A-D080": 98.5886098387092}, "K52-nD160": {"K52-nD170": 160.3784082984276}, "K51A-U010": {"K51A-U020": 44.85835747603578}, "K51A-U030": {"K51A-U040": 74.89905593586741}, "K51-D140": {"K51-D150": 81.2744611029811}, "K53-D140": {"K53-D150": 175.33465508753116}, "K53-U070": {"K53-U080": 57.68171362259288}, "K53-D015": {"K53-D020": 49.91097476300796}, "K52-nU030": {"K52-nU040": 136.37975462686}, "K51A-D200": {"K51A-D210": 275.6529760746762}, "K51A-D080": {"K51A-D090": 181.3709369314155}, "K52A-U170": {"K52A-U180": 275.3369197946796}, "K53-D150": {"K53-D160": 163.9367828237437}, "K52-nU210": {"K52-nU220": 76.8747070204935}, "K51A-U080": {"K51A-U090": 178.89511598726162}, "K52-nU050": {"K52-nU060": 256.13844575003924}, "K51A-U150": {"K51A-U160": 117.48416582310304}, "K52A-U015": {"K52A-U020": 147.56393825900398}, "K52-nU290": {"K52-nU300": 31.68062056532794}, "K51-U190": {"K51-U200": 77.27999207402709}, "K52A-D180": {"K52A-D190": 106.8910368841641}, "K52-nU250": {"K52-nU260": 69.28827175171573}, "K51-D120": {"K51-D130": 57.88670195284144}, "K51-U020": {"K51-U030": 116.66920596942562}, "K52-nD110": {"K52-nD120": 159.82272156134542}, "K52-nD080": {"K52-nD090": 63.436263096995745}, "K58-D190": {"K58-D193": 92.4}, "K51A-D100": {"K51A-D110": 53.46179722264287}, "K54-U020": {"K54-U030": 170.22431369898263}, "K53-D020": {"K53-D030": 99.7053424980573}, "K53-U060": {"K53-U070": 73.4002404877932}, "K51-U100": {"K51-U110": 212.00594329928884}, "K52A-D110": {"K52A-D120": 143.55868867972205}, "K51-D180": {"K51-D190": 176.96188709222892}, "K52-nD220": {"K52-nD230": 132.39836983769382}, "K51A-D040": {"K51A-D050": 92.2353693797503}, "K52A-D140": {"K52A-D150": 90.14717125072521}, "K53-D050": {"K53-D060": 89.99963790045246}, "K51-D220": {"K51-D230": 266.8219034963311}, "K52-nD250": {"K52-nD260": 182.63838489823954}, "K52-nU170": {"K52-nU180": 131.53502464939655}, "K52-nD280": {"K52-nD290": 97.82838743619251}, "K52-nU090": {"K52-nU100": 122.84616700596243}, "K53-D130": {"K53-D140": 108.10003241353039}, "K51-U230": {"K51-U240": 48.591806794103675}, "K52-nU240": {"K52-nU250": 61.042469560333814}, "K52-nD140": {"K52-nD150": 118.32111584100207}, "K52-nD070": {"K52-nD080": 113.49303976332496}, "K52A-U160": {"K52A-U170": 25.80673904140543}, "K54-U060": {"K54-U070": 214.83032190323806}, "K51-U030": {"K51-U040": 75.28315172755956}, "K52-nD270": {"K52-nD280": 105.26077208751421}, "K54-U070": {"K54-D010": 148.21920066540255}, "K52-nU280": {"K52-nU290": 44.08447002928152}, "K52-nU100": {"K52-nU110": 189.45535172541344}, "K52A-D090": {"K52A-D100": 49.25519320992812}, "K52A-U100": {"K52A-U110": 83.08647014753808}, "K52A-D030": {"K52A-D040": 17.68074910233232}, "K51-D130": {"K51-D140": 59.380933542746995}, "K52-nD210": {"K52-nD220": 215.19440073500465}, "K51-U080": {"K51-U090": 169.37998252176357}, "K51-U110": {"K51-U120": 134.80657717386913}, "K52-nD100": {"K52-nD110": 62.57877180253981}, "K52-nD260": {"K52-nD270": 65.5982633099161}, "K52A-U020": {"K52A-U030": 88.37235269776859}, "K53-U120": {"K53-U130": 65.96581712304366}, "K52A-D080": {"K52A-D090": 67.14678346787107}, "K51A-D060": {"K51A-D070": 84.67863774578439}, "K52-nD060": {"K52-nD070": 131.38776172937588}, "K51A-D160": {"K51A-D170": 193.02359460296702}, "K52A-D100": {"K52A-D110": 60.36900655717869}, "K51A-U240": {"K51A-U250": 69.51846217081436}, "K51A-D120": {"K51A-D140": 142.3232808083148}, "K51A-U090": {"K51A-U100": 140.84217669668269}, "K51-U120": {"K51-U130": 151.39267970565055}, "K51-D240": {"K51-D250": 135.92934501432222}, "K52-nD020": {"K52-nD030": 31.55648272522215}, "K54-U010": {"K54-U020": 119.46509632371722}, "K54-D060": {"K54-D070": 148.22937779793835}, "K53-U090": {"K53-U100": 125.85750582482396}, "K51A-D150": {"K51A-D160": 108.53995635426716}, "K53-D030": {"K53-D040": 77.45926909060279}, "K52-nU060": {"K52-nU070": 183.45139086201002}, "K52A-D150": {"K52A-D160": 85.3185670429494}, "K52-nU230": {"K52-nU240": 83.86966135802861}, "K51A-U170": {"K51A-U180": 74.11071013996839}, "K52-nD290": {"K52-nD300": 97.86922231963624}, "K53-D010": {"K53-D015": 112.38397471773067}, "K52A-U010": {"K52A-U015": 237.52282133399882}, "K51A-D250": {"K51A-D260": 100.35004771476136}, "K51A-D110": {"K51A-D120": 53.464881538595}, "K53-D040": {"K53-D050": 85.20989053925855}, "K51A-U070": {"K51A-U080": 229.48143021883774}, "K51A-U230": {"K51A-U240": 34.99544147406606}, "K52A-U140": {"K52A-U150": 160.35918734098524},