{"K73-D110": {"K73-D120": 87.35685436074502}, "K75P-U070": {"K75P-U080": 110.0174840306094}, "K73-U070": {"K73-U080": 153.48602374725132}, "K76-D010": {"K76-D020": 296.03907249213927}, "K73-U050": {"K73-U060": 118.75393063748882}, "K73-U010": {"K73-U020": 66.93953183071545}, "K76-U030": {"K76-U040": 283.90202821519244}, "K75P-U120": {"K75P-U130": 65.78734966699318}, "K75P-D010": {"K75P-D020": 130.15089564042577}, "K73-U040": {"K73-U050": 110.12491437758335, "K73-U060": 217.2926491027526}, "K73-U080": {"K73-U110": 222.70117853656302, "K73-U090": 298.2529240528338}, "K76-U010": {"K76-U020": 37.39814210263841}, "K75A-U020": {"K75A-U030": 125.53912590002926}, "K75A-D040": {"K75A-D050": 51.11274512690774}, "K74-U050": {"K74-U060": 230.34547207681595}, "K74-U080": {"K74-U090": 228.77121499275478}, "K75P-D080": {"K75P-U011": 132.14441293764142}, "K73-D050": {"K73-D070": 108.61955555378589}, "K73-D090": {"K73-D100": 80.53625132899772}, "K75P-D030": {"K75P-D040": 118.59489462544995}, "K75P-U130": {"K75P-U140": 38.87580969354822}, "K73-D040": {"K73-D050": 74.84326181770118}, "K73-U030": {"K73-U040": 90.54043154343739}, "K75A-D010": {"K75A-D020": 229.33084189219502}, "K75P-U080": {"K75P-U090": 43.028066842144916}, "K73-U090": {"K73-U100": 106.03233225020529}, "K75P-D070": {"K75P-D080": 97.71076502989378}, "K73-U100": {"K73-U110": 253.5913961280922}, "K74-U011": {"K74-D100": 161.97876960842854}, "K76-D020": {"K76-D030": 128.7273982059783}, "K76-D030": {"K76-D040": 52.3938346109662}, "K73-D120": {"K73-D130": 103.349643430933}, "K73-D140": {"K73-D150": 183.35092999031107}, "K73-D150": {"K73-D160": 59.96259705755851}, "K75P-U060": {"K75P-U070": 25.6416022810409}, "K75P-D020": {"K75P-D030": 33.77108259571757}, "K75A-D090": {"K75A-D100": 50.108797632723615}, "K74-U100": {"K74-D010": 121.57055180849639}, "K73-D020": {"K73-D030": 101.44432725482281}, "K74-U040": {"K74-U050": 167.58249635376052}, "K75P-D040": {"K75P-D050": 171.75990505069097}, "K74-U070": {"K74-U080": 168.3127264523}, "K73-D100": {"K73-D110": 187.27032331176022}, "K74-U004": {"K74-U007": 109.451989086}, "K75A-D060": {"K75A-D070": 37.30821372883951}, "K75A-D080": {"K75A-D090": 130.61710465579046}, "K75A-D030": {"K75A-D040": 45.65532922625548}, "K74-D090": {"K74-U011": 73.97630836848768}, "K75A-U010": {"K75A-U020": 45.862536914448576}, "K76-U040": {"K76-U050": 180.07372149789808}, "K75P-D050": {"K75P-D060": 84.53936628304147}, "K75P-U100": {"K75P-U110": 60.449966397708785}, "K74-D050": {"K74-D060": 100.43452344038383}, "K73-U110": {"K73-U120": 230.08657546830273}, "K73-U060": {"K73-U070": 132.40677096748408}, "K75P-U010": {"K75P-U020": 95.4531072015224}, "K73-D080": {"K73-D090": 255.56256279946942}, "K75P-D060": {"K75P-D070": 174.50473902215555}, "K75P-U050": {"K75P-U060": 142.34584957534585}, "K73-D130": {"K73-D140": 140.38233504551792}, "K75A-D100": {"K75A-D110": 95.8452533125642}, "K74-D010": {"K74-D020": 160.83413518191955}, "K73-D070": {"K73-D080": 171.39268695656105}, "K74-D080": {"K74-D090": 158.3194101138227}, "K75P-U040": {"K75P-U050": 104.40971694290576}, "K75P-U030": {"K75P-U040": 124.01660965859753}, "K74-D110": {"K74-U002": 166.8515087778}, "K74-D100": {"K74-D110": 86.74359296511211}, "K73-D010": {"K73-D020": 78.19966728503567}, "K74-D060": {"K74-D070": 147.4039715530518}, "K75A-D050": {"K75A-D060": 74.63879114537787}, "K75P-U090": {"K75P-U100": 38.27355837108871}, "K74-D070": {"K74-D080": 238.5915984406974}, "K75A-D110": {"K75A-U011": 167.14677625749997}, "K76-U020": {"K76-U030": 174.5020425699353}, "K75A-D020": {"K75A-D030": 25.477766081736682}, "K75A-D070": {"K75A-D080": 197.4533355003292}, "K73-D030": {"K73-D040": 117.98350179033191}, "K74-D020": {"K74-D030": 148.22174253527714}, "K75P-U140": {"K75P-D010": 137.40946052018427}, "K74-U007": {"K74-U010": 257.3930633938372}, "K74-U020": {"K74-U030": 134.57161377438175}, "K74-U010": {"K74-U020": 162.37174201149998}, "K75P-U110": {"K75P-U120": 86.68910356844921}, "K74-D040": {"K74-D050": 74.87707602506127}, "K75P-U020": {"K75P-U030": 115.50994284410106}, "K74-U030": {"K74-U040": 280.6090145863021}, "K74-U090": {"K74-U100": 219.5799109884719}, "K75A-U030": {"K75A-D010": 240.7470371015216}, "K73-U020": {"K73-U030": 170.1572598304195}, "K74-D030": {"K74-D040": 110.975206727}, "K74-U060": {"K74-U070": 141.7653454674549}, "K74-U001": {"K74-U004": 129.49252185369542}}