{"KAT": {"SUW": 126.81898983182543, "DIH": 138.9578741507124}}