{"KOT": {"MKK": 145.356778804023, "SKM": 127.31275266511042, "TAW": 285.2513133718565, "LOF": 130.1549139726865}, "KOW": {"HOK": 177.74210021307996, "TSY": 530.5820818160848, "OLY": 129.79134148747545}, "KOB": {"NTK": 128.85267966543063, "CHH": 182.97809068134114}}