{"LAT": {"KWT": 126.00406882775266, "YAT": 132.40696138511015}, "LAK": {"TSY": 192.3384754708506, "MEF": 130.1303305113824, "NAC": 259.5119407680064, "KWF": 162.21942044177376}}