{"LCK": {"CSW": 126.01470896923324, "MEF": 132.42233178045655}}