{"LOW": {"SHS": 231.3012193297267}, "LOP": {"YUL": 123.72764518202, "TIS": 180.01544679072327}, "LOF": {"KOT": 130.3841958435699, "WTS": 126.42073732042002}}