{"MEF": {"LAK": 136.3533758509375, "NAC": 185.7234526969476, "TWW": 337.47866395009714, "LCK": 130.0686552002217}}