{"MKK": {"HUH": 194.50602181098503, "KOT": 131.51635228689133}}