{"NAC": {"MEF": 184.38770231171117, "LAK": 258.3781321737815, "AUS": 218.1539360974935, "OLY": 86.38945258022211}}