{"NOP": {"QUB": 130.2065649585623, "FOH": 127.21720918049024}}