{"NTK": {"KWT": 119.94976863534491, "KOB": 126.96461346088373}}