{"OCP": {"ADM": 287.6319550794679, "WCH": 130.03241803065868}}