{"PRE": {"SKM": 132.42122666992432, "SSP": 126.8935043530732, "MOK": 124.9993675726482}}