{"SHS": {"FAN": 142.4291700277401, "LOW": 261.75489614961236, "LMC": 464.9963241452535}, "SHT": {"FOT": 159.49758375415018, "TAW": 169.73773761144102}, "SHM": {"TSH": 225.19246343396216, "CIO": 127.81475660690003}, "SHW": {"CEN": 118.1534836234443, "SYP": 142.00974771637863}}