{"SSP": {"PRE": 134.22021006725333, "CSW": 122.24333882228032}}