{"STW": {"CKT": 129.52864114049453, "CIO": 132.89579703003304}}