{"SUN": {"DIS": 198.58233387484285, "TUC": 823.8869291490585, "TSY": 587.5098397685184}, "SUW": {"TKW": 132.254101372893, "KAT": 105.26046179805999}}