{"SYP": {"HKU": 114.68481524992913, "SHW": 115.20190727731702}}