{"TKO": {"TIK": 188.0303635972861, "LHP": 132.6306577592211, "HAH": 193.6098760262895}, "TKW": {"SUW": 127.27764142108488, "HOM": 134.76743631442014}}