{"TUC": {"SUN": 822.6576174302281}, "TUM": {"SIH": 151.4342107845877}}