{"WAC": {"ADM": 125.43419811389553, "CAB": 180.36836746210003}}