{"WCH": {"OCP": 127.4134521011608, "LET": 200.68533847231603}}