{"WTS": {"LOF": 130.56332669446005, "DIH": 117.42137609976403}}