{"1": {"6": 55.345685892650806, "2": 186.45681813051576}}