{"AIR": {"TSY": 1666.1326075317581, "AWE": 99.46207187661005}}