{"AUS": {"NAC": 191.88868441204986, "ETS": 170.75350797939996}}