{"CHW": {"HFC": 159.37946545665338}, "CHH": {"KOB": 128.3458654474627, "DIH": 132.74130662847554}}