{"CIO": {"SHM": 134.15362036965445, "STW": 145.27948078530113}}