{"CSW": {"SSP": 103.97335466015033, "LCK": 130.65467747187122}}