{"DIS": {"SUN": 198.58233387484285}, "DIH": {"HIK": 304.9004911032683, "CHH": 114.4443568127811, "KAT": 174.97687842904008, "WTS": 118.84863128822867}}