{"ETS": {"HUH": 412.7482666661229, "AUS": 179.43837091869923}}