{"FOT": {"UNI": 185.08738415378306, "SHT": 185.34418979846643}, "FOH": {"NOP": 139.68188703836483, "TIH": 101.67067151610851}}