{"HAH": {"TKO": 132.69781835734673, "POA": 130.36294743466016}}