{"HEO": {"TSH": 136.20010382350353, "MOS": 118.59178106768309}}