{"HIK": {"DIH": 305.09913631372143, "TAW": 181.50000000000003}}