{"HKU": {"SYP": 115.8782069318124, "KET": 95.47437945479562}}