{"HOK": {"KOW": 182.4865058165755}, "HOM": {"TKW": 152.73999999999998, "YMT": 162.0919420731292, "WHA": 81.27880838065978, "HUH": 251.14506799699993}}