{"JOR": {"TST": 110.60388256865535, "YMT": 122.15938033731223}}