{"K18-D010": {"K18-D020": 246.18401139649654}, "K18-D020": {"K18-D030": 109.22204631921882}, "K12-D030": {"K12-D040": 14.306424519776254}, "K18-U010": {"K18-U020": 185.53031354392562}, "K17-U010": {"K17-U020": 286.1183619510158}, "K17-U030": {"K17-U040": 31.937381848581225}, "K17-U020": {"K17-U030": 127.57135439151693}, "K17-D010": {"K17-D020": 314.3892414131591}, "K12-U010": {"K12-U020": 261.9814732107128}, "K12-U020": {"K12-U030": 180.8166857611099}, "K17-D020": {"K17-D030": 65.15465115443409}, "K12-D010": {"K12-D020": 139.58065560342945}, "K12-D020": {"K12-D030": 305.7010162518404}, "K18-U020": {"K18-U030": 54.274914362089405}}