{"K52-nD070": {"K52-nD080": 130.3122357491851}, "K53-U060": {"K53-U070": 72.65147055574148}, "K53-U050": {"K53-U060": 137.63266751112147}, "K54-U020": {"K54-U030": 120.72819144391428}, "K53-D050": {"K53-D060": 66.76808927335183}, "K51-D230": {"K51-D240": 77.62700000000001}, "K54-D040": {"K54-D050": 142.78445541941105}, "K52-nU080": {"K52-nU090": 84.57804030279001}, "K53-U090": {"K53-U100": 107.43280414375245}, "K52-nD230": {"K52-nD240": 157.971}, "K53-D130": {"K53-D140": 83.01137990000001}, "K53-U070": {"K53-U080": 45.72635730833828}, "K51-D270": {"K51-D280": 80.79500000000002}, "K51-D260": {"K51-D270": 80.20320000000001}, "K51-U040": {"K51-U050": 126.51454386192984}, "K51-U020": {"K51-U030": 52.5969239916746}, "K51-U070": {"K51-U080": 177.9194158832025}, "K52-nD020": {"K52-nD030": 47.092558193842315}, "K52A-U140": {"K52A-U150": 160.35980424379807}, "K52A-U170": {"K52A-U180": 275.3350957777515}, "K51-U140": {"K51-U150": 53.40235477420001}, "K54-U030": {"K54-U040": 125.38935077962203}, "K51-U160": {"K51-U170": 114.03820999999998}, "K53-D020": {"K53-D030": 103.60045096495064}, "K51-D140": {"K51-D150": 71.29067881508404}, "K53-D110": {"K53-D120": 132.73156600000002}, "K51-D150": {"K51-D160": 152.17193849708298}, "K53-D060": {"K53-D070": 125.97583401386547}, "K54-U050": {"K54-U060": 324.5052176393748}, "K52-nD210": {"K52-nD220": 182.02549199999999}, "K53-U100": {"K53-U110": 60.284105876386455}, "K51-U050": {"K51-U060": 239.92527993455715}, "K52-nD060": {"K52-nD070": 129.22245159080302}, "K53-U040": {"K53-U050": 109.83499541908611}, "K53-D015": {"K53-D020": 50.54121169995086}, "K52-nD010": {"K52-nD020": 21.186939686}, "K53-U140": {"K53-D010": 83.55933764333159}, "K53-D010": {"K53-D015": 94.94241319567072}, "K53-U130": {"K53-U140": 58.120584579587124}, "K52-nD100": {"K52-nD110": 64.94928562663168}, "K52-nD130": {"K52-nD140": 93.61505502128}, "K52A-D010": {"K52A-D020": 277.22448091413315}, "K51-U030": {"K51-U040": 61.449149013517136}, "K53-U010": {"K53-U020": 240.31064819618277}, "K51-U080": {"K51-U090": 157.1872803948}, "K53-U080": {"K53-U090": 66.23855001702444}, "K53-U120": {"K53-U130": 60.54678321608342}, "K52-nD170": {"K52-nD180": 108.03809170000004}, "K54-U010": {"K54-U020": 114.62593042910646}, "K58-D010": {"K58-D020": 20.020000000000003}, "K52-nD140": {"K52-nD150": 112.06658820491705}, "K51-U100": {"K51-U110": 188.59377304005494}, "K58-D030": {"K58-D040": 17.6}, "K53-U020": {"K53-U030": 138.44458660908518, "K53-D160": 2553.1000000000004}, "K53-D070": {"K53-D080": 47.30878635953}, "K51-D200": {"K51-D210": 122.24647591312001}, "K52A-D060": {"K52A-D070": 129.34768316859828}, "K51-D100": {"K51-D110": 130.04790352231265}, "K51-D190": {"K51-D200": 142.40008953}, "K51-U190": {"K51-U200": 80.61439664224496}, "K54-D030": {"K54-D040": 58.10730348024059}, "K51-U120": {"K51-U130": 150.91465165553984}, "K51-D210": {"K51-D220": 130.52947500000005}, "K53-U110": {"K53-U120": 85.60786939132008}, "K52-nD150": {"K52-nD160": 106.57000422187998}, "K52-nU180": {"K52-nU190": 78.80334}, "K58-U010": {"K58-U020": 63.80000000000001}, "K52-nU270": {"K52-nU280": 160.3587376188347}, "K54-D020": {"K54-D030": 160.593986385852}, "K52-nU040": {"K52-nU050": 71.60158158852286}, "K52-nD240": {"K52-nD250": 161.902653}, "K52-nU020": {"K52-nU030": 85.4828046116}, "K54-U040": {"K54-U050": 137.39939768634284}, "K51-D030": {"K51-D040": 37.25125756522801}, "K52-nU170": {"K52-nU180": 127.02791749999999}, "K52-nU220": {"K52-nU230": 84.76523}, "K52-nD160": {"K52-nD170": 144.85075221213006}, "K53-U030": {"K53-U040": 173.04082342177307}, "K52-nU070": {"K52-nU080": 104.59431439427242}, "K52-nD090": {"K52-nD100": 65.02403427860199}, "K51-U150": {"K51-U160": 82.77049060150001}, "K51-U210": {"K51-U220": 53.28044040000001}, "K51-D040": {"K51-D050": 57.87670806693459}, "K51-D160": {"K51-D170": 68.30870501335463}, "K51-D060": {"K51-D070": 56.93887221203141}, "K52-nD040": {"K52-nD050": 39.65011474061091}, "K52-nU050": {"K52-nU060": 236.83870959599994}, "K52-nU190": {"K52-nU200": 150.72200000000004}, "K52-nD050": {"K52-nD060": 36.74063803199731}, "K51-D090": {"K51-D100": 68.27953426870002}, "K51-D120": {"K51-D130": 55.94723570838298}, "K53-D090": {"K53-D100": 44.99508829197771}, "K51-D010": {"K51-D020": 94.78957543927692}, "K54-D060": {"K54-D070": 161.961830174}, "K52-nU100": {"K52-nU110": 167.70119844945998}, "K52-nD080": {"K52-nD090": 65.50930644219999}, "K54-U060": {"K54-U070": 187.02558804963945}, "K51-U010": {"K51-U020": 73.470224427702}, "K51-D050": {"K51-D060": 56.94733316548358}, "K52-nU060": {"K52-nU070": 119.47566952516199}, "K52-nU090": {"K52-nU100": 104.04519064539431}, "K52-nU010": {"K52-nU020": 98.9812452741609}, "K52-nU150": {"K52-nU160": 88.02704202500001}, "K51-U230": {"K51-U240": 56.781780000000005}, "K51-U110": {"K51-U120": 135.76740557140903}, "K51-D020": {"K51-D030": 47.87898728272275}, "K52-nD110": {"K52-nD120": 140.4117446}, "K51-U240": {"K51-U250": 117.82199}, "K53-D030": {"K53-D040": 75.5903390016}, "K52-nD030": {"K52-nD040": 48.74011456199999}, "K51-D130": {"K51-D140": 51.000682289438224}, "K58-D020": {"K58-D030": 143.0}, "K58-D050": {"K58-D060": 167.09}, "K51-U060": {"K51-U070": 232.01577284780078}, "K54-D050": {"K54-D060": 73.5946729451}, "K53-D100": {"K53-D110": 78.83105001821502}, "K53-D040": {"K53-D050": 82.34678777333892}, "K52-nD120": {"K52-nD130": 41.247220391607996}, "K54-D010": {"K54-D020": 90.24339708353406}, "K51-D070": {"K51-D080": 62.517832216181226}, "K58-U020": {"K58-U023": 148.5}, "K51-D080": {"K51-D090": 109.80055022098195}, "K52-nD290": {"K52-nD300": 91.30000000000001}, "K52-nD190": {"K52-nD200": 138.93968165560003}, "K51-U180": {"K51-U190": 105.22699951541195}, "K51-U130": {"K51-U140": 70.7760226668}, "K52-nD180": {"K52-nD190": 133.51070677023867}, "K51-D110": {"K51-D120": 42.740666935729344}, "K51-D180": {"K51-D190": 155.8760115915724}, "K52-nU210": {"K52-nU220": 81.3708384}, "K54A-U010": {"K54A-U020": 99.50872589297724}, "K54A-U040": {"K54A-U050": 135.62276136435395}, "K54A-D030": {"K54A-D040": 64.26453701084034}, "K54A-D010": {"K54A-D020": 101.65471270992398}, "K54-U070": {"K54-D010": 126.36329561236627}, "K54A-D040": {"K54A-D050": 126.98614021394124}, "K54A-U030": {"K54A-U040": 105.29039052894605}, "K54A-U020": {"K54A-U030": 145.247445386425}, "K54A-D020": {"K54A-D030": 142.76739238813613}, "K51-D250": {"K51-D260": 133.452}, "K52-nD280": {"K52-nD290": 76.31}, "K52-nU030": {"K52-nU040": 120.39766456800001}, "K51-D220": {"K51-D230": 287.60600000000005}, "K52-nD260": {"K52-nD270": 59.09406000000001}, "K52-nD200": {"K52-nD210": 118.60379300000002}, "K51-D170": {"K51-D180": 93.73334183037801}, "K52-nU140": {"K52-nU150": 205.95450307330003}, "K53-D140": {"K53-D150": 157.88815400000004}, "K52-nU110": {"K52-nU120": 161.43139539999999}, "K53-D120": {"K53-D130": 79.734091}, "K51-U090": {"K51-U100": 141.04053610813068}, "K52-nU160": {"K52-nU170": 63.820800999999996}, "K51-U220": {"K51-U230": 67.789504347}, "K53-D080": {"K53-D090": 40.021477275760006}, "K52-nU120": {"K52-nU140": 113.1276}, "K51-D240": {"K51-D250": 141.7}, "K52-nU230": {"K52-nU240": 118.14000000000001}, "K52-nD220": {"K52-nD230": 120.02500000000002}, "K51-D280": {"K51-D290": 66.66000000000001}, "K51-U200": {"K51-U210": 85.80000000000001}, "K52-nU250": {"K52-nU260": 102.74000000000001}, "K52-nU260": {"K52-nU270": 118.80000000000001}, "K51-U170": {"K51-U180": 68.1088781}, "K52-nD270": {"K52-nD280": 77.0}, "K52-nU240": {"K52-nU250": 75.711}, "K53*-U010": {"K53*-U020": 189.02825449122489}, "K53*-U020": {"K53*-U030": 87.09577288170001}, "K53-D150": {"K53-D160": 126.50000000000001}}