{"K75P-U010": {"K75P-U020": 82.25032036217208}, "K73-U080": {"K73-U110": 364.3448771878103, "K73-U090": 287.8860856621991}, "K75P-D030": {"K75P-D040": 98.73431899504044}, "K73-U060": {"K73-U070": 133.6629873833304}, "K75P-U080": {"K75P-U090": 38.65008385224964}, "K74-U004": {"K74-U007": 94.67472566698665}, "K73-U050": {"K73-U060": 114.62175842850706}, "K76-D020": {"K76-D030": 109.68873992113689}, "K76-D010": {"K76-D020": 336.1900873275163}, "K75P-D020": {"K75P-D030": 39.532790862777595}, "K73-U090": {"K73-U100": 111.84096019717508}, "K75P-U120": {"K75P-U130": 58.59470253408291}, "K73-U110": {"K73-U120": 238.42993563112395}, "K73-U030": {"K73-U040": 90.55150776876897}, "K76-D030": {"K76-D040": 37.08709213298798}, "K75P-D040": {"K75P-D050": 146.24356590602315}, "K73-U100": {"K73-U110": 257.38895521616166}, "K74-U020": {"K74-U030": 119.60245670600003}, "K76-U020": {"K76-U030": 171.58566169767636}, "K73-D100": {"K73-D110": 200.90137097659994}, "K75A-D050": {"K75A-D060": 95.9770005162887}, "K73-D050": {"K73-D070": 91.59349270666236}, "K74-U050": {"K74-U060": 220.98245043335956}, "K76-U030": {"K76-U040": 323.2570921696968}, "K75P-U100": {"K75P-U110": 61.766683807934875}, "K73-U040": {"K73-U050": 101.84097710322476, "K73-U060": 231.86392315271556}, "K75P-U090": {"K75P-U100": 38.07242215195487}, "K75P-D050": {"K75P-D060": 53.27067475861992}, "K76-U040": {"K76-U050": 213.8703030428194}, "K75P-D070": {"K75P-D080": 77.21336421638303}, "K75A-U030": {"K75A-D010": 222.01878362241123}, "K76-U010": {"K76-U020": 100.45410615790408}, "K75P-U040": {"K75P-U050": 91.72525607830764}, "K75A-U020": {"K75A-U030": 125.68794679926248}, "K75A-D030": {"K75A-D040": 59.466716964160696}, "K73-D140": {"K73-D150": 214.33788400329}, "K73-U010": {"K73-U020": 89.10127098946819}, "K75P-U070": {"K75P-U080": 120.40684928414382}, "K75P-U060": {"K75P-U070": 28.125287174307026}, "K73-U070": {"K73-U080": 140.89579544444638}, "K75A-D070": {"K75A-D080": 51.91955255920001}, "K73-D020": {"K73-D030": 59.52616268788146}, "K75P-D080": {"K75P-U011": 128.46081584729728}, "K75P-U050": {"K75P-U060": 102.76789163329313}, "K74-U090": {"K74-U100": 242.87428856000002}, "K73-U020": {"K73-U030": 180.32698144319647}, "K74-D020": {"K74-D030": 145.0260911569394}, "K75A-U010": {"K75A-U020": 42.51182925615708}, "K74-U030": {"K74-U040": 286.6432314020087}, "K74-U011": {"K74-D100": 104.50000000000001}, "K74-U001": {"K74-U004": 115.79698842879948}, "K73-D130": {"K73-D140": 125.14824867299998}, "K75A-D100": {"K75A-D110": 96.19983001}, "K75P-U020": {"K75P-U030": 111.97781055464182}, "K75P-D060": {"K75P-D070": 156.31615490996273}, "K75P-D010": {"K75P-D020": 99.10048152469253}, "K75P-U110": {"K75P-U120": 100.28573107317656}, "K73-D080": {"K73-D090": 251.30338869766288}, "K74-D010": {"K74-D020": 159.69140000000002}, "K73-D040": {"K73-D050": 65.52265191687009}, "K73-D090": {"K73-D100": 82.12042248098905}, "K75A-D110": {"K75A-U011": 161.59}, "K75A-D010": {"K75A-D020": 192.45517173811882}, "K75P-U140": {"K75P-D010": 149.22095088493316}, "K75P-U030": {"K75P-U040": 113.67234094002686}, "K74-U100": {"K74-D010": 107.84700000000002}, "K74-U010": {"K74-U020": 153.80205266358263}, "K73-D030": {"K73-D040": 112.0765797327825}, "K73-D110": {"K73-D120": 52.0403728933}, "K75A-D060": {"K75A-D070": 39.81627975379}, "K74-D030": {"K74-D040": 108.02000000000001}, "K73-D010": {"K73-D020": 66.11206122049398}, "K74-U007": {"K74-U010": 252.8818472820774}, "K75A-D090": {"K75A-D100": 52.77309373291901}, "K75A-D020": {"K75A-D030": 23.1015255645}, "K75P-U130": {"K75P-U140": 42.55860810527726}, "K73-D070": {"K73-D080": 165.3064834057791}, "K75A-D040": {"K75A-D050": 58.851022671999985}, "K74-U070": {"K74-U080": 136.07}, "K74-U040": {"K74-U050": 172.28531543}, "K74-D060": {"K74-D070": 151.69}, "K73-D150": {"K73-D160": 34.69236599999999}, "K74-U080": {"K74-U090": 184.14846479999997}, "K75A-D080": {"K75A-D090": 77.91958919999999}, "K74-D040": {"K74-D050": 54.45}, "K73-D120": {"K73-D130": 89.0375}, "K74-D090": {"K74-U011": 66.0}, "K74-U060": {"K74-U070": 154.8358}, "K74-D050": {"K74-D060": 91.30000000000001}}