{"KAT": {"DIH": 153.71391900199998, "SUW": 132.38550709999998}}