{"KOT": {"SKM": 140.91657788491858, "TAW": 268.66120683767997, "MKK": 206.7300751095072, "LOF": 114.0609965741493}, "KOW": {"TSY": 441.69517418891684, "HOK": 177.74210017857536, "OLY": 138.10232056545223}, "KOB": {"CHH": 147.8887046821571, "NTK": 125.17494000000002}}