{"KSR": {"TWW": 558.0529950535495, "YUL": 246.26306966639328}}