{"KWF": {"KWH": 117.22934761326167, "LAK": 110.92423760935048}, "KWT": {"NTK": 107.00835463298745, "LAT": 118.12896071538353}, "KWH": {"TWH": 158.29491942178976, "KWF": 109.46495151088246}}