{"LCK": {"CSW": 111.07671366463141, "MEF": 128.46532067553818}}