{"LOW": {"SHS": 229.91126371714455}, "LOP": {"YUL": 123.58862198813051, "TIS": 191.08545189165088}, "LOF": {"WTS": 111.69649432746205, "KOT": 128.4150235423421}}