{"MKK": {"KOT": 164.3247349559721, "HUH": 323.78802226045383}}