{"MOS": {"HEO": 153.79204168320607, "WKS": 159.25743703505742}, "MOK": {"PRE": 77.88707111476474, "YMT": 113.03991155607847}}