{"NAC": {"OLY": 141.26111188227318, "MEF": 196.27898727470702, "LAK": 257.84564614601044, "AUS": 213.1890697349766}}