{"OCP": {"WCH": 114.04405187451418, "ADM": 287.6319691474291}}