{"OLY": {"KOW": 133.7655178463805, "NAC": 129.9135239030628}}