{"PRE": {"SSP": 144.9874307365045, "MOK": 99.92476456973063, "SKM": 104.17345762072935}}