{"QUB": {"YAT": 266.0292460331969, "NOP": 122.2873256285648, "TAK": 96.2295875178}}