{"SKW": {"SWH": 107.21522382082364, "HFC": 184.16577695117616}, "SKM": {"PRE": 99.5784915919956, "KOT": 115.25638073715149}}