{"SWH": {"SKW": 126.13062574937257, "TAK": 95.7994153198861}}