{"UNI": {"TAP": 397.2210199105939, "FOT": 228.74176423568844}}