{"WAC": {"ADM": 122.08669879223528, "CAB": 130.46955753470965}}