{"WTS": {"DIH": 105.8386320730705, "LOF": 122.39753849430913}}