{"1": {"6": 246.07979860899354, "2": 307.82245108327663}}