{"5": {"305": 83.51656181774862, "6": 127.54382437531972}}