{"AIR": {"TSY": 1496.564160965369, "AWE": 131.34459981989636}}