{"CHH": {"KOB": 107.17414835964105, "DIH": 93.59676232444983}, "CHW": {"HFC": 102.72797975756149}}