{"CSW": {"LCK": 81.52931585685299, "SSP": 108.14779110565011}}