{"DIS": {"SUN": 198.58233387484285}, "DIH": {"KAT": 69.61792932380001, "WTS": 81.5302311942679, "CHH": 80.39940648326727, "HIK": 286.40785987001357}}