{"ETS": {"HUH": 118.16264777227369, "AUS": 160.08425847000004}}