{"EXC": {"HUH": 178.89782280488512, "ADM": 71.95036246095869}}