{"FOT": {"SHT": 139.41523763650918, "UNI": 167.15258112674164}, "FOH": {"TIH": 108.83723481707673, "NOP": 73.12356212319291}}