{"HEO": {"TSH": 135.38590880100003, "MOS": 124.87947999999999}}