{"HFC": {"SKW": 104.37754519202736, "CHW": 122.21537651595108}}