{"HIK": {"DIH": 241.2115225274653, "TAW": 131.97020000000003}}