{"HKU": {"SYP": 106.08845325625839, "KET": 92.79728863513711}}