{"HOK": {"KOW": 202.6883312098677}, "HOM": {"TKW": 122.66639456445748, "YMT": 130.08373788913318, "HUH": 131.41376132121331, "WHA": 78.00563414068534}}