{"HUH": {"MKK": 157.21688932705985, "EXC": 191.12047422396512, "ETS": 123.79488, "HOM": 105.70404410094454}}