{"JOR": {"TST": 90.92434276915493, "YMT": 76.30656140943856}}