{"K17-U010": {"K17-U020": 289.7053030329373}, "K17-D020": {"K17-D030": 30.744441718709062}, "K18-D020": {"K18-D030": 62.47603431103717}, "K12-U020": {"K12-U030": 250.78258082183706}, "K18-U020": {"K18-U030": 68.29400804377927}, "K18-U010": {"K18-U020": 211.78555285934462}, "K17-U020": {"K17-U030": 148.59110122511888}, "K18-D010": {"K18-D020": 255.4055152218587}, "K12-D020": {"K12-D030": 369.94552313600127}, "K12-D030": {"K12-D040": 25.275080068486496}, "K12-D010": {"K12-D020": 173.96065027839288}, "K17-U030": {"K17-U040": 33.011953726437106}, "K12-U010": {"K12-U020": 257.62051068624044}, "K17-D010": {"K17-D020": 307.2455985648592}}