{"K75P-U070": {"K75P-U080": 114.63025097316006}, "K76-D020": {"K76-D030": 136.21312882914512}, "K75P-U060": {"K75P-U070": 30.252942011135083}, "K73-U010": {"K73-U020": 70.45926461543674}, "K75P-D010": {"K75P-D020": 136.38480249608463}, "K73-D110": {"K73-D120": 89.62658817698835}, "K73-D140": {"K73-D150": 225.7958930835167}, "K75A-D080": {"K75A-D090": 88.83765523153265}, "K73-U050": {"K73-U060": 104.31250032205162}, "K75A-D040": {"K75A-D050": 58.295114300146054}, "K73-U040": {"K73-U050": 109.10408951083244, "K73-U060": 215.60274694738064}, "K73-U070": {"K73-U080": 158.18618626850514}, "K74-D050": {"K74-D060": 115.50857204528343}, "K76-D030": {"K76-D040": 80.31213365022498}, "K75A-U020": {"K75A-U030": 166.98132340807348}, "K75P-D050": {"K75P-D060": 83.04068519332628}, "K73-U060": {"K73-U070": 135.4276398411567}, "K75A-D070": {"K75A-D080": 37.56309029158369}, "K76-U030": {"K76-U040": 268.6491127672011}, "K75P-U100": {"K75P-U110": 64.53985259050278}, "K75P-U090": {"K75P-U100": 46.090338155382796}, "K73-U100": {"K73-U110": 265.38314824286283}, "K76-U010": {"K76-U020": 17.889535086187994}, "K73-D070": {"K73-D080": 181.85440189227523}, "K73-D010": {"K73-D020": 80.05807597930016}, "K75P-D030": {"K75P-D040": 109.15504354841603}, "K73-U080": {"K73-U110": 224.87324644842892, "K73-U090": 284.3484050167038}, "K75P-U050": {"K75P-U060": 192.8274029212384}, "K75A-D090": {"K75A-D100": 47.29260847690476}, "K75P-D020": {"K75P-D030": 52.56594353018882}, "K76-U040": {"K76-U050": 174.83409021847905}, "K73-D100": {"K73-D110": 205.89574154652792}, "K74-D020": {"K74-D030": 155.6232396251962}, "K75A-D020": {"K75A-D030": 31.532908991223813}, "K75A-D110": {"K75A-U011": 161.69731579599573}, "K75A-D010": {"K75A-D020": 212.49175679049003}, "K76-D010": {"K76-D020": 240.88736285752293}, "K73-D020": {"K73-D030": 113.72807978197997}, "K75P-U110": {"K75P-U120": 100.92426409095783}, "K73-U110": {"K73-U120": 239.2149641936563}, "K75P-U080": {"K75P-U090": 45.820630830956084}, "K73-D150": {"K73-D160": 97.21508604704135}, "K73-D120": {"K73-D130": 108.66343529030048}, "K73-U090": {"K73-U100": 110.07635885763098}, "K75P-U140": {"K75P-D010": 152.0501697557141}, "K73-D050": {"K73-D070": 102.12519242658031}, "K75A-D060": {"K75A-D070": 45.98530000733163}, "K75P-D080": {"K75P-U011": 144.23129779815665}, "K73-D030": {"K73-D040": 129.51670225600452}, "K73-D040": {"K73-D050": 83.00452594383891}, "K76-U020": {"K76-U030": 156.94647276358805}, "K75P-U130": {"K75P-U140": 45.496397882949026}, "K75A-D100": {"K75A-D110": 94.37231961082574}, "K73-D090": {"K73-D100": 83.61644193263211}, "K73-U020": {"K73-U030": 194.52920111451135}, "K74-D060": {"K74-D070": 153.1427773307747}, "K74-U100": {"K74-D010": 119.2954590008}, "K74-D080": {"K74-D090": 174.58223258500075}, "K75A-U030": {"K75A-D010": 253.18582829657112}, "K73-D080": {"K73-D090": 260.77468842066025}, "K74-D070": {"K74-D080": 256.6266915220037}, "K74-D030": {"K74-D040": 129.1970514552707}, "K75P-U030": {"K75P-U040": 131.5201487432359}, "K75A-D050": {"K75A-D060": 72.58900682612503}, "K75P-U040": {"K75P-U050": 107.85959469041295}, "K75P-U010": {"K75P-U020": 94.21678001686902}, "K73-U030": {"K73-U040": 92.25657089395335}, "K75A-D030": {"K75A-D040": 55.80327580778559}, "K74-D090": {"K74-U011": 86.49597657044659}, "K74-D040": {"K74-D050": 89.37695964140826}, "K75A-U010": {"K75A-U020": 45.167995293958285}, "K74-D100": {"K74-D110": 88.36647485149201}, "K73-D130": {"K73-D140": 144.42817659226162}, "K74-U050": {"K74-U060": 229.84203385}, "K75P-D060": {"K75P-D070": 206.55682378987362}, "K75P-U120": {"K75P-U130": 64.82287104927859}, "K74-D010": {"K74-D020": 165.71533}, "K75P-D040": {"K75P-D050": 176.23597738556606}, "K74-D110": {"K74-U002": 211.94899417486886}, "K74-U090": {"K74-U100": 221.90661544787957}, "K75P-D070": {"K75P-D080": 95.42280986334438}, "K74-U080": {"K74-U090": 228.6416679}, "K74-U070": {"K74-U080": 151.11700299999995}, "K75P-U020": {"K75P-U030": 102.62586432459277}, "K74-U004": {"K74-U007": 74.80000000000001}, "K74-U020": {"K74-U030": 157.3}, "K74-U060": {"K74-U070": 153.554720734}, "K74-U011": {"K74-D100": 168.8093718380515}, "K74-U010": {"K74-U020": 143.88000000000002}, "K74-U040": {"K74-U050": 180.73000000000002}, "K74-U007": {"K74-U010": 248.60000000000002}, "K75S-U010": {"K75S-U020": 45.67806099999999}, "K75S-U020": {"K75S-U030": 182.60000000000002}, "K75S-D030": {"K75S-U011": 166.61370000000002}, "K75S-U040": {"K75S-D010": 60.50000000000001}, "K75S-D020": {"K75S-D030": 183.959446}, "K75S-D010": {"K75S-D020": 121.98999999999998}, "K75S-U030": {"K75S-U040": 125.57600000000005}}