{"KAT": {"SUW": 68.09970570720002, "DIH": 71.65687391179}}