{"KOT": {"MKK": 144.4391257781243, "SKM": 104.42668485612437, "TAW": 268.81805828578337, "LOF": 106.6499075195637}, "KOW": {"HOK": 177.74210006332282, "OLY": 143.1674517223706, "TSY": 540.5962897605411}, "KOB": {"CHH": 116.37639690565834, "NTK": 113.75357148353234}}