{"KSR": {"YUL": 233.49972960994455, "TWW": 575.2398599290639}}