{"KWF": {"KWH": 91.88447403384296, "LAK": 132.3880262751416}, "KWH": {"TWH": 120.17164038411939, "KWF": 117.88901673065145}, "KWT": {"NTK": 108.29645542860708, "LAT": 56.728805514}}