{"LET": {"WCH": 153.72117257696615, "SOH": 105.14888393456101}}