{"MEF": {"LCK": 111.3076911240668, "LAK": 111.18579801852043, "NAC": 176.50146431320545, "TWW": 261.92922699860117}}