{"MKK": {"KOT": 134.65834278559083, "HUH": 187.810230075318}}