{"OCP": {"ADM": 287.6320174554589, "WCH": 131.6763238140868}}