{"OLY": {"KOW": 129.42402000071053, "NAC": 126.5621230866476}}