{"SSP": {"CSW": 75.73909649192767, "PRE": 114.19143153537352}}