{"STW": {"CIO": 120.41505733265998, "CKT": 106.23299754674841}}