{"SUN": {"TSY": 511.25863712094434, "DIS": 198.58233387484285, "TUC": 823.8866481707106}, "SUW": {"KAT": 73.71691421780801, "TKW": 127.75729199999998}}