{"SYP": {"HKU": 94.26827895971725, "SHW": 103.07663692432838}}