{"TIK": {"TKO": 157.72359603012572, "YAT": 123.61593701014856}, "TIS": {"SIH": 337.39675631818125, "LOP": 180.1675725811398}, "TIH": {"CAB": 96.79518252533238, "FOH": 54.68956388884781}}