{"TKO": {"TIK": 163.7103360784885, "LHP": 131.70231239887215, "HAH": 119.80243351642218}, "TKW": {"HOM": 127.90669063740002, "SUW": 124.08721721227008}}