{"TSY": {"AIR": 1409.1398056833089, "LAK": 182.2521901037208, "SUN": 671.7925090159237, "KOW": 549.4131591752096}, "TST": {"ADM": 151.60892809940563, "JOR": 59.879831885340444}, "TSH": {"SHM": 196.96967405902257, "HEO": 119.7667035833294}, "TSW": {"TWH": 42.23727495138151}}