{"TWO": {"TAP": 185.58134748547485, "FAN": 254.00065792760134}, "TWW": {"MEF": 319.3675340533904, "KSR": 712.0168259252407}, "TWH": {"KWH": 65.40858719365205, "TSW": 69.03649083497513}}