{"UNI": {"TAP": 334.4103740152162, "FOT": 189.81091665718637}}