{"WAC": {"CAB": 128.14831083724712, "ADM": 93.96282358385831}}