{"WCH": {"OCP": 121.75235472360558, "LET": 173.45581146667786}}