{"YAT": {"TIK": 114.38032388586748, "LAT": 148.26787005858475, "QUB": 236.1895554262789}}