{"YMT": {"MOK": 95.75722030923524, "JOR": 96.44028947343625, "HOM": 172.9693326697166}}