{"1": {"2": 134.3744628554147, "6": 158.2458028040494}}