{"AUS": {"NAC": 179.09993356512553, "ETS": 101.19978}}