{"CHH": {"KOB": 112.32321061910143, "DIH": 79.71798393651817}, "CHW": {"HFC": 88.86612123259755}}