{"CIO": {"STW": 61.90830707691282, "SHM": 82.20104682600001}}