{"CSW": {"SSP": 92.4909783176507, "LCK": 102.10653533778788}}