{"DIS": {"SUN": 198.58233387484285}, "DIH": {"HIK": 318.4790508025964, "CHH": 86.96845655926913, "WTS": 97.91773746956308, "KAT": 60.46439084326721}}