{"ETS": {"HUH": 77.03879694831346, "AUS": 147.18445729614}}