{"FOT": {"UNI": 155.84834548302172, "SHT": 143.0007289164402}, "FOH": {"NOP": 57.27681697227799, "TIH": 68.59641117588279}}