{"HAH": {"TKO": 124.70541618599023, "POA": 120.08381611197721}}