{"HEO": {"MOS": 66.72637968893373, "TSH": 57.5874582}}