{"HIK": {"DIH": 281.19885086243784, "TAW": 62.438917522740006}}