{"HOK": {"KOW": 190.2060577670627}, "HOM": {"HUH": 121.33943858999373, "TKW": 73.11822518683732, "YMT": 127.28981632491889, "WHA": 81.69773658580715}}