{"HUH": {"EXC": 185.29765818975775, "MKK": 182.7167035048979, "HOM": 99.22266092322886, "ETS": 137.14272112573764}}