{"K53-D120": {"K53-D130": 74.04639004496202}, "K54-D040": {"K54-D050": 167.82076232915654}, "K51-D140": {"K51-D150": 75.45771599281014}, "K58-U170": {"K58-U180": 194.57350000000002}, "K51A-D260": {"K51A-D270": 69.35106091797945}, "K52A-D060": {"K52A-D070": 127.24205298172274}, "K58-U030": {"K58-U040": 288.89913140000004}, "K58-D060": {"K58-D070": 169.74089000000004}, "K58-U026": {"K58-U030": 110.66000000000001}, "K58-U130": {"K58-U140": 97.014258}, "K51A-D050": {"K51A-D060": 70.93879269085994}, "K53-D080": {"K53-D090": 57.25356446159901}, "K51-D250": {"K51-D260": 168.11493568160375}, "K52A-U100": {"K52A-U110": 88.17285593978559}, "K52-nU080": {"K52-nU090": 94.37419606593645}, "K51-D020": {"K51-D030": 54.565866424952695}, "K52A-U110": {"K52A-U120": 56.96268607270123}, "K53-U050": {"K53-U060": 135.88527712137386}, "K53-U060": {"K53-U070": 70.14078884532904}, "K53-D050": {"K53-D060": 84.76941817708844}, "K58-U090": {"K58-U100": 141.24}, "K51A-D230": {"K51A-D240": 134.50392900672466}, "K53-D130": {"K53-D140": 104.85779220980505}, "K51A-D090": {"K51A-D100": 57.274541067588856}, "K52-nU020": {"K52-nU030": 119.55422497946793}, "K53-U020": {"K53-U030": 141.21505465527503, "K53-D160": 717.6910191287435}, "K53-U030": {"K53-U040": 209.86325425236905}, "K51-U080": {"K51-U090": 165.54969956259373}, "K54-U060": {"K54-U070": 223.42173069070617}, "K51-D260": {"K51-D270": 62.78521238809672}, "K54-D050": {"K54-D060": 80.33308138725042}, "K52-nU050": {"K52-nU060": 275.6843117474948}, "K53-U100": {"K53-U110": 72.59172483697935}, "K53-D090": {"K53-D100": 53.606815595218336}, "K52A-D170": {"K52A-D180": 101.14644073702516}, "K58-U200": {"K58-U210": 63.25010999999999}, "K52A-D180": {"K52A-D190": 95.74063545591845}, "K52-nU100": {"K52-nU110": 168.19553483532485}, "K52A-U120": {"K52A-U130": 79.09779643673114}, "K58-U190": {"K58-U200": 157.57302}, "K51-U240": {"K51-U250": 115.92798562636426}, "K51A-U170": {"K51A-U180": 75.10463509477673}, "K52-nU150": {"K52-nU160": 103.485470225225}, "K54-D060": {"K54-D070": 135.83771157962184}, "K52A-U070": {"K52A-U080": 77.49517050315566}, "K52-nD260": {"K52-nD270": 54.7413713478125}, "K58-D140": {"K58-D150": 34.1}, "K52-nU170": {"K52-nU180": 144.3643694416676}, "K51A-U240": {"K51A-U250": 70.86007826696716}, "K52-nD220": {"K52-nD230": 133.39276690541604}, "K51A-D210": {"K51A-D220": 73.00677617769398}, "K52-nD250": {"K52-nD260": 181.16414910839657}, "K52-nD180": {"K52-nD190": 140.44172880058449}, "K51A-U130": {"K51A-U140": 71.9379938641399}, "K51A-D150": {"K51A-D160": 121.0919892453951}, "K52A-D140": {"K52A-D150": 102.26282210326727}, "K52-nD280": {"K52-nD290": 91.59376794523787}, "K51-D270": {"K51-D280": 121.29860446688299}, "K51A-U230": {"K51A-U240": 42.00172121282206}, "K58-U150": {"K58-U160": 167.541}, "K52-nD240": {"K52-nD250": 159.35415713278567}, "K58-U180": {"K58-U190": 105.16000000000001}, "K58-D010": {"K58-D020": 17.860931}, "K53-D100": {"K53-D110": 81.86567469315304}, "K53-U090": {"K53-U100": 124.3499716747144}, "K51A-U110": {"K51A-U120": 143.91101909089997}, "K53-U080": {"K53-U090": 82.17265427546988}, "K54-D010": {"K54-D020": 106.05939942762487}, "K51A-U150": {"K51A-U160": 117.51327866873359}, "K51-U120": {"K51-U130": 137.8132887421784}, "K52-nD110": {"K52-nD120": 169.79571158531002}, "K52-nU300": {"K52-nU310": 39.42000463080988}, "K52-nU240": {"K52-nU250": 80.17678040842245}, "K52-nD160": {"K52-nD170": 172.67515736900003}, "K52-nD190": {"K52-nD200": 165.53635346118344}, "K58-D050": {"K58-D060": 205.70000000000002}, "K53-U110": {"K53-U120": 95.16375626214081}, "K51-U200": {"K51-U210": 91.94489719313879}, "K51-U210": {"K51-U220": 56.40423521520779}, "K51-U160": {"K51-U170": 123.5691366406348}, "K58-D120": {"K58-D130": 133.991}, "K52-nD100": {"K52-nD110": 64.55789901642315}, "K58-U070": {"K58-U080": 132.154}, "K58-D180": {"K58-D190": 302.73650000000004}, "K52-nD060": {"K52-nD070": 135.02157789172276}, "K52-nU190": {"K52-nU200": 130.67528660289628}, "K51A-D180": {"K51A-D190": 130.60081569566344}, "K51-U170": {"K51-U180": 76.12906007442739}, "K53-U070": {"K53-U080": 52.15966107899554}, "K52A-D090": {"K52A-D100": 51.24958108701984}, "K58-U120": {"K58-U130": 133.92918}, "K51-D200": {"K51-D210": 130.6824675092608}, "K52-nD270": {"K52-nD280": 96.22192220419171}, "K58-D090": {"K58-D100": 146.047}, "K58-D110": {"K58-D120": 168.25268900000006}, "K51-D170": {"K51-D180": 107.13420353158583}, "K58-D130": {"K58-D140": 109.22999999999999}, "K53-U040": {"K53-U050": 129.17813131834873}, "K52A-D110": {"K52A-D120": 150.92595584080306}, "K51A-D120": {"K51A-D140": 140.0932145780681}, "K52-nU090": {"K52-nU100": 120.38281755632347}, "K52-nU210": {"K52-nU220": 79.21154547287526}, "K51-U050": {"K51-U060": 300.9726604125033}, "K53-U140": {"K53-D010": 80.0554301279282}, "K51A-U040": {"K51A-U050": 133.18737145665864}, "K52A-U015": {"K52A-U020": 154.3732495287592}, "K51A-U090": {"K51A-U100": 144.6156872675234}, "K52-nU060": {"K52-nU070": 177.25309219053446}, "K52A-D050": {"K52A-D060": 29.845618986319998}, "K51-U090": {"K51-U100": 143.91985345048775}, "K58-U140": {"K58-U150": 126.85200000000002}, "K52-nD040": {"K52-nD050": 36.137183746680336}, "K51A-U080": {"K51A-U090": 180.70103001502076}, "K51A-D030": {"K51A-D040": 41.335533738804315}, "K52-nU070": {"K52-nU080": 119.98825531053687}, "K51-U230": {"K51-U240": 48.204278622269726}, "K52-nD130": {"K52-nD140": 87.24457043887145}, "K53-U010": {"K53-U020": 236.19589042194167, "K53-D180": 1108.7540562856134}, "K52-nD200": {"K52-nD210": 145.27504849495}, "K58-U060": {"K58-U070": 158.86200000000002}, "K53-D030": {"K53-D040": 75.07434369636496}, "K53-D015": {"K53-D020": 50.35111569485196}, "K53-D110": {"K53-D120": 166.9102518804462}, "K54-U030": {"K54-U040": 127.5053136603417}, "K51A-U030": {"K51A-U040": 56.06458775384802}, "K58-U050": {"K58-U060": 41.70100000000001}, "K54-D030": {"K54-D040": 61.42564210256493}, "K53-U130": {"K53-U140": 62.9100705087918}, "K54-U040": {"K54-U050": 146.0531448878636}, "K52-nU220": {"K52-nU230": 96.6748013322117}, "K52A-U050": {"K52A-U060": 64.30225747154893}, "K51A-U100": {"K51A-U110": 205.72158304903888}, "K52-nD210": {"K52-nD220": 201.58091461840294}, "K51A-U160": {"K51A-U170": 80.86347945589453}, "K51A-D040": {"K51A-D050": 106.84965382573382}, "K54-U070": {"K54-D010": 152.48303289903936}, "K51A-U140": {"K51A-U150": 43.45656912342868}, "K51A-D070": {"K51A-D080": 86.67006397174822}, "K52A-D130": {"K52A-D140": 95.07751250308942}, "K52-nD140": {"K52-nD150": 109.1933331794859}, "K52-nD010": {"K52-nD020": 88.17072235018831}, "K51-D190": {"K51-D200": 176.49024910010203}, "K53-D010": {"K53-D015": 101.32791857788132}, "K51-U060": {"K51-U070": 317.88673257499994}, "K52A-U060": {"K52A-U070": 143.90547297656389}, "K53-D060": {"K53-D070": 171.63198832126724}, "K51-U140": {"K51-U150": 51.90113985447208}, "K52-nU290": {"K52-nU300": 30.876711745347315}, "K52A-D120": {"K52A-D130": 39.200878700970804}, "K54-U050": {"K54-U060": 365.42108874470813}, "K52A-U170": {"K52A-U180": 275.3330864461554}, "K52-nU270": {"K52-nU280": 163.52326860688672}, "K52-nU010": {"K52-nU020": 42.87619785333438}, "K52-nU250": {"K52-nU260": 95.77574084856157}, "K51-D240": {"K51-D250": 145.32599787145602}, "K53-U120": {"K53-U130": 65.94298864795306}, "K51A-D010": {"K51A-D020": 53.02857292040382}, "K52-nU200": {"K52-nU210": 85.53676096130002}, "K54-U010": {"K54-U020": 94.83344605328764}, "K51A-U190": {"K51A-U200": 69.580210443782}, "K52A-D070": {"K52A-D080": 99.05414218344754}, "K52A-U130": {"K52A-U140": 53.66452853378566}, "K54-U020": {"K54-U030": 175.2667698319288}, "K52A-D150": {"K52A-D160": 90.75484104859002}, "K52A-D030": {"K52A-D040": 28.989743127702347}, "K52-nU040": {"K52-nU050": 82.36193204496274}, "K53-D020": {"K53-D030": 104.14763629147232}, "K52A-D100": {"K52A-D110": 61.365562655926155}, "K52-nU260": {"K52-nU270": 83.75160613324988}, "K51-D110": {"K51-D120": 53.39565976733968}, "K51A-U050": {"K51A-U060": 290.0877283703686}, "K52-nD030": {"K52-nD040": 38.416364846446164}, "K51-U010": {"K51-U020": 36.362735369800426},