{"K68-D120": {"K68-D130": 182.58041770670292}, "K65A-U050": {"K65A-U060": 51.66708319999999}, "K66-D200": {"K66-D210": 143.95968489726528}, "K65-U210": {"K65-U220": 81.62417845893546}, "K66-D150": {"K66-D160": 98.12977914359674}, "K65-U060": {"K65-U070": 34.585397286440006}, "K68-U030": {"K68-U040": 24.75831800510986}, "K68-U040": {"K68-U050": 41.81615097385}, "K66-D170": {"K66-D180": 180.89186883717335}, "K65-U100": {"K65-U110": 157.42208413413636}, "K65-U010": {"K65-U020": 255.90928481651568}, "K66-D080": {"K66-D090": 74.57692502718673}, "K66-U120": {"K66-U130": 48.48352328156107}, "K68-U100": {"K68-U110": 177.06886831736202}, "K68-D160": {"K68-D170": 82.3110907723764}, "K66-D070": {"K66-D080": 63.02889615478515}, "K68-D100": {"K68-D110": 89.83572014473849}, "K68-D030": {"K68-D040": 89.1653915343}, "K65-D130": {"K65-D140": 115.48543287951925}, "K65-U160": {"K65-U170": 53.338413426210465}, "K66-D160": {"K66-D170": 147.73670894154856}, "K65-D180": {"K65-D190": 123.9938076083718}, "K65-D080": {"K65-D090": 71.6755670037431}, "K66-D020": {"K66-D030": 95.21107860240183}, "K66-U080": {"K66-U090": 183.804442844252}, "K65A-U090": {"K65A-U100": 90.75066886600003}, "K65-U200": {"K65-U210": 104.83447409196874}, "K66-U180": {"K66-U190": 62.111605610929146}, "K66-U010": {"K66-U020": 139.03438819076572}, "K66-D040": {"K66-D050": 47.696676394317635}, "K65-U090": {"K65-U100": 55.28570932615507}, "K68-U080": {"K68-U090": 43.62058487650445}, "K65-U140": {"K65-U150": 115.53543206520378}, "K66-D180": {"K66-D190": 90.41238209943144}, "K66-D050": {"K66-D060": 54.596413574474354}, "K65-D060": {"K65-D070": 97.10529784393103}, "K66-U130": {"K66-U140": 54.60081774912159}, "K65-U050": {"K65-U060": 105.95348553418094}, "K65-D150": {"K65-D160": 111.61631528186551}, "K68-U160": {"K68-U170": 71.93930152055802}, "K65A-U100": {"K65A-U110": 111.1605}, "K68-D070": {"K68-D080": 197.45095775092017}, "K66-D210": {"K66-D220": 161.71554423890547}, "K68-U070": {"K68-U080": 24.174563695719105}, "K65-U130": {"K65-U140": 54.53585690704252}, "K65-U170": {"K65-U180": 50.398724800269186}, "K65-D160": {"K65-D170": 150.9515296511032}, "K65-U080": {"K65-U090": 197.7324920184614}, "K66-D130": {"K66-D140": 51.04195928922497}, "K65-U110": {"K65-U120": 110.04637032617507}, "K65-D020": {"K65-D030": 84.89851724821239}, "K65-U120": {"K65-U130": 183.70218745619542}, "K66-U110": {"K66-U120": 37.18771739159495}, "K68-U170": {"K68-D010": 161.17624834881002}, "K65-U150": {"K65-U160": 54.87172357961856}, "K66-U170": {"K66-U180": 37.860004725723854}, "K66-U200": {"K66-U210": 60.728629423093444}, "K68-D090": {"K68-D100": 176.81747696332891}, "K65-U190": {"K65-U200": 70.01593230924598}, "K68-D060": {"K68-D070": 96.38543392250001}, "K65-D010": {"K65-D020": 45.09408699440028}, "K66-D220": {"K66-D230": 83.8003263660183}, "K68-D080": {"K68-D090": 88.84999861270846}, "K66-U050": {"K66-U060": 47.93106023587849}, "K68-U110": {"K68-U120": 217.43181447341004, "K68-D090": 711.9101000000002}, "K65-D030": {"K65-D040": 81.15892521277544}, "K66-U060": {"K66-U070": 157.92784081919783}, "K68-D170": {"K68-D180": 60.227575118916285}, "K66-U140": {"K66-U150": 44.8296014313487}, "K68-D200": {"K68-U011": 75.89805047272058}, "K65-U020": {"K65-U030": 121.69276357628314}, "K68-U120": {"K68-U130": 172.0093278118}, "K66-U070": {"K66-U080": 181.18184788110645}, "K66-D230": {"K66-D240": 89.03032950984775}, "K66-U160": {"K66-U170": 45.888827988996866}, "K68-U020": {"K68-U030": 25.834630155015}, "K65A-U120": {"K65A-U130": 89.72367935490001}, "K65A-U040": {"K65A-U050": 136.23567}, "K68-D020": {"K68-D030": 86.55831839600002}, "K65-D170": {"K65-D180": 101.6712073793464}, "K65-D040": {"K65-D050": 72.42115191488807}, "K65-U220": {"K65-U230": 92.44576907533084}, "K66-D140": {"K66-D150": 111.39622374336527}, "K65-D050": {"K65-D060": 58.468363906106426}, "K68-U150": {"K68-U160": 82.07667344787899}, "K66-U090": {"K66-U100": 54.39595039678288}, "K65-D090": {"K65-D100": 109.32589209767926}, "K68-D190": {"K68-D200": 61.43335244187775}, "K66-U150": {"K66-U160": 51.06383904134858}, "K66-D110": {"K66-D120": 49.12287379807688}, "K65-U040": {"K65-U050": 81.34548947465706}, "K66-U030": {"K66-U040": 186.02242656762579}, "K65-U070": {"K65-U080": 68.53820457493204}, "K66-U020": {"K66-U030": 239.36039084686877}, "K66-D120": {"K66-D130": 67.6193922555291}, "K66-U210": {"K66-U220": 56.911130163689236}, "K68-U090": {"K68-U100": 158.95255796072996}, "K65-D110": {"K65-D120": 120.61628948120467}, "K65-D100": {"K65-D110": 233.64836367315496}, "K66-D190": {"K66-D200": 97.07936312866056}, "K66-D100": {"K66-D110": 55.67715845750304}, "K68-U050": {"K68-U060": 44.36390872208262}, "K66-U100": {"K66-U110": 82.16215249453268}, "K68-U010": {"K68-U020": 97.53992954734437}, "K68-U060": {"K68-U070": 95.0928312875158}, "K65-D140": {"K65-D150": 115.20001535518824}, "K66-D090": {"K66-D100": 52.10885973026736}, "K66-U040": {"K66-U050": 130.85720069635062}, "K65A-U060": {"K65A-U070": 45.65069487}, "K65A-D100": {"K65A-D110": 225.53322000000003}, "K65A-D090": {"K65A-D100": 117.601}, "K68-U140": {"K68-U150": 42.186785500000006}, "K68-U130": {"K68-U140": 145.64479971330002}, "K68-D010": {"K68-D020": 46.282785774454496}, "K66-U190": {"K66-U200": 68.39149466299185}, "K65A-D070": {"K65A-D080": 170.70557890000006}, "K68-D150": {"K68-D160": 72.41303802899998}, "K66-D060": {"K66-D070": 54.696358171430106}, "K65A-D080": {"K65A-D090": 59.625423}, "K65-D120": {"K65-D130": 78.825258957177}, "K68-D140": {"K68-D150": 58.92312823994183}, "K68-D130": {"K68-D140": 57.57514089060002}, "K65-D070": {"K65-D080": 164.80798492873097}, "K66-D010": {"K66-D020": 14.343423031099373}, "K65-U030": {"K65-U040": 86.81783215804145}, "K66-D030": {"K66-D040": 85.49901261893899}, "K65A-U110": {"K65A-U120": 86.80489938000001}, "K65-U180": {"K65-U190": 76.46989465796345}, "K68-D110": {"K68-D120": 91.77927187000003}, "K68-D040": {"K68-D050": 102.72319327}, "K65A-D020": {"K65A-D030": 81.4}, "K65A-U080": {"K65A-U090": 81.8786}, "K68-D180": {"K68-D190": 35.7355240528499}, "K68-D050": {"K68-D060": 56.714806063773}, "K65A-U070": {"K65A-U080": 40.76073430000001}, "K65A-D060": {"K65A-D070": 101.17800000000001}, "K65A-D030": {"K65A-D040": 73.70800000000001}, "K65A-D050": {"K65A-D060": 57.2}, "K65A-D040": {"K65A-D050": 70.4}}