{"K73-U080": {"K73-U110": 192.8941654975048, "K73-U090": 291.41358560559127}, "K75A-D010": {"K75A-D020": 242.29128928713052}, "K76-U040": {"K76-U050": 199.90495018260407}, "K75P-U060": {"K75P-U070": 65.35746851611657}, "K73-U110": {"K73-U120": 234.0537998415328}, "K73-U070": {"K73-U080": 155.39941693127653}, "K73-D070": {"K73-D080": 186.41812279607853}, "K75P-D020": {"K75P-D030": 42.68543122247127}, "K75P-D040": {"K75P-D050": 161.52822974989616}, "K75A-U030": {"K75A-D010": 246.00673362572357}, "K75P-U050": {"K75P-U060": 166.47985847444355}, "K76-D020": {"K76-D030": 135.0529751026724}, "K73-D050": {"K73-D070": 107.74566831774919}, "K74-U001": {"K74-U004": 155.19600124038269}, "K75P-U100": {"K75P-U110": 65.35419714666207}, "K76-D030": {"K76-D040": 50.605981168547814}, "K75P-U130": {"K75P-U140": 45.46945969380474}, "K73-D150": {"K73-D160": 44.723681291194666}, "K75P-U110": {"K75P-U120": 92.29455733504012}, "K75P-D060": {"K75P-D070": 194.98565464121089}, "K76-U020": {"K76-U030": 160.56246952105917}, "K75P-U020": {"K75P-U030": 108.45450260844882}, "K73-D010": {"K73-D020": 75.13686197045932}, "K73-U030": {"K73-U040": 97.55127433917903}, "K75A-D090": {"K75A-D100": 56.85105694205972}, "K75A-D050": {"K75A-D060": 80.34996809759421}, "K73-U100": {"K73-U110": 271.12726069614183}, "K76-U010": {"K76-U020": 67.95733250371067}, "K75A-U020": {"K75A-U030": 139.18090001997314}, "K73-U050": {"K73-U060": 113.47917395357206}, "K75P-D080": {"K75P-U011": 152.1383716858556}, "K75A-D070": {"K75A-D080": 53.27455014705049}, "K73-U060": {"K73-U070": 142.7443906517688}, "K75P-U080": {"K75P-U090": 46.16219590694972}, "K74-D020": {"K74-D030": 148.62282509375194}, "K76-D010": {"K76-D020": 301.5656433727386}, "K75A-D030": {"K75A-D040": 71.51578372707515}, "K73-D130": {"K73-D140": 141.34083954979172}, "K75P-D030": {"K75P-D040": 134.5797956272643}, "K73-D090": {"K73-D100": 80.75803647097871}, "K76-U030": {"K76-U040": 275.9459640670064}, "K74-D060": {"K74-D070": 168.0105927889527}, "K75P-U090": {"K75P-U100": 38.90175064103245}, "K73-D110": {"K73-D120": 56.101809798769196}, "K75A-D110": {"K75A-U011": 192.0083045091729}, "K75A-D040": {"K75A-D050": 60.16693985131535}, "K73-D120": {"K73-D130": 105.17670362347117}, "K74-D080": {"K74-D090": 163.40859974893812}, "K73-D030": {"K73-D040": 126.81036800559518}, "K75P-D050": {"K75P-D060": 89.24263806368141}, "K73-U090": {"K73-U100": 124.91249626769498}, "K74-U030": {"K74-U040": 295.60564268426475}, "K75A-D100": {"K75A-D110": 110.9252790401521}, "K74-D090": {"K74-U011": 82.00815263940946}, "K73-D040": {"K73-D050": 83.57026600103795}, "K74-U004": {"K74-U007": 105.466164344805}, "K74-U010": {"K74-U020": 174.50287206327764}, "K74-U040": {"K74-U050": 180.99037499791743}, "K75P-U070": {"K75P-U080": 115.38608762405056}, "K74-D070": {"K74-D080": 258.6907774582281}, "K75A-D080": {"K75A-D090": 140.74328003272942}, "K74-D110": {"K74-U002": 173.86967909763584}, "K73-U010": {"K73-U020": 66.3358391909739}, "K74-U011": {"K74-D100": 177.8461253775976}, "K73-U040": {"K73-U050": 114.93499169383033, "K73-U060": 222.45203442736153}, "K75A-U010": {"K75A-U020": 42.6139345128506}, "K75P-D070": {"K75P-D080": 86.89788159269033}, "K75P-U010": {"K75P-U020": 93.64299654171575}, "K74-U070": {"K74-U080": 159.58928218328265}, "K75P-U140": {"K75P-D010": 159.19100971605715}, "K75P-U120": {"K75P-U130": 69.2402542324827}, "K75P-U040": {"K75P-U050": 118.221979614562}, "K73-U020": {"K73-U030": 195.64242541534819}, "K74-D040": {"K74-D050": 84.97783602582741}, "K73-D140": {"K73-D150": 211.02427066989003}, "K73-D020": {"K73-D030": 71.17073994110558}, "K74-D010": {"K74-D020": 142.88759699041262}, "K74-U090": {"K74-U100": 225.9555220672001}, "K75P-D010": {"K75P-D020": 142.4451650393584}, "K74-U020": {"K74-U030": 120.94597027330647}, "K74-U060": {"K74-U070": 135.9638288343527}, "K74-D100": {"K74-D110": 89.4743140393498}, "K74-D030": {"K74-D040": 148.39081481202072}, "K75P-U030": {"K75P-U040": 136.1227284269086}, "K75A-D060": {"K75A-D070": 44.157396091852874}, "K75A-D020": {"K75A-D030": 32.595832589415814}, "K73-D100": {"K73-D110": 194.37079795401215}, "K74-U100": {"K74-D010": 109.52358488120001}, "K73-D080": {"K73-D090": 249.19011565674322}, "K74-U080": {"K74-U090": 226.92275159052005}, "K74-D050": {"K74-D060": 98.1906271714794}, "K74-U007": {"K74-U010": 248.02605357162398}, "K74-U050": {"K74-U060": 209.13443720370006}, "K75S-U040": {"K75S-D010": 57.2}, "K75S-D020": {"K75S-D030": 176.0}, "K76S-U015": {"K76S-U020": 115.50000000000003}, "K76S-U020": {"K76S-U030": 128.70000000000002}}