{"KAT": {"DIH": 114.04542290279998, "SUW": 42.576026586}}