{"KOT": {"MKK": 160.39368419791592, "TAW": 263.4130713705102, "LOF": 85.77224182896923, "SKM": 80.04812095716858}, "KOW": {"TSY": 516.1179028986373, "OLY": 132.0928127449643, "HOK": 177.74210019906792}, "KOB": {"CHH": 128.99629576991404, "NTK": 53.41700537337672}}