{"KSR": {"TWW": 712.0217375247, "YUL": 227.46910831350016}}