{"KWH": {"TWH": 121.07486405388197, "KWF": 101.45158584761963}, "KWT": {"LAT": 63.11833827133758, "NTK": 90.48830585892345}, "KWF": {"LAK": 107.80784199227853, "KWH": 95.19355708215163}}