{"LOP": {"YUL": 100.91677046486032, "TIS": 184.3320265866842}, "LOF": {"KOT": 74.4792257422752, "WTS": 76.42508130121276}, "LOW": {"SHS": 248.81390872308256}}