{"MEF": {"TWW": 318.5274076781352, "LCK": 104.91878709952255, "NAC": 177.8754340091055, "LAK": 122.40837265634923}}