{"MKK": {"KOT": 142.90928031876814, "HUH": 192.8217626444004}}