{"MOK": {"PRE": 114.7795254893957, "YMT": 122.97864909602438}, "MOS": {"HEO": 101.29227579135967, "WKS": 165.41607355224983}}