{"OCP": {"WCH": 130.32244759819838, "ADM": 287.63195981435257}}