{"SHT": {"FOT": 151.0425860797214, "TAW": 161.1336716010823}, "SHS": {"FAN": 128.26060499146703, "LOW": 261.75478957028747, "LMC": 431.0629892610611}, "SHW": {"SYP": 51.8985328900064, "CEN": 87.66744530427493}, "SHM": {"TSH": 188.05164418365547, "CIO": 81.2462403460379}}