{"SIH": {"TIS": 365.7842253651298, "TUM": 154.45979989193663}}