{"SSP": {"CSW": 105.55661653363293, "PRE": 99.65889242731137}}