{"SWH": {"TAK": 73.29301465228563, "SKW": 81.00530857916019}}