{"SYP": {"HKU": 47.51378890291087, "SHW": 119.51778463707134}}