{"TKO": {"TIK": 235.36975470223643, "LHP": 132.77709147438347, "HAH": 115.3236281876332}, "TKW": {"HOM": 117.47460417900001, "SUW": 126.772078128}}