{"TUC": {"SUN": 765.9572281065817}, "TUM": {"SIH": 145.66179245150823}}