{"UNI": {"TAP": 380.6053961788567, "FOT": 191.92177549740626}}