{"WCH": {"OCP": 131.44137551787705, "LET": 139.92104257398404}}