{"WTS": {"DIH": 80.2876664983631, "LOF": 77.802567742612}}