{"5": {"6": 126.481939831233, "305": 79.4680635165438}}