{"CIO": {"SHM": 135.51541672469196, "STW": 128.88757656669716}}