{"CSW": {"LCK": 125.91181863065928, "SSP": 133.0308725779123}}