{"HAH": {"TKO": 149.62134256783503, "POA": 131.4899336497783}}