{"HEO": {"TSH": 128.40785616570003, "MOS": 113.55486871278148}}