{"HFC": {"SKW": 155.09633433583608, "CHW": 150.53111896876877}}