{"HKU": {"SYP": 129.5534817348376, "KET": 99.31800007423458}}