{"HOK": {"KOW": 186.97603566849412}, "HOM": {"HUH": 135.0275998684074, "TKW": 158.3123798238652, "WHA": 79.9688663186079, "YMT": 162.97834528177998}}