{"HUH": {"ETS": 183.75944263151476, "MKK": 168.02583364284405, "EXC": 194.31315317274414, "HOM": 125.1877038321874}}