{"K53-U090": {"K53-U100": 111.72496239658115}, "K53-D015": {"K53-D020": 50.22050914773611}, "K53-U140": {"K53-D010": 84.46423056349616}, "K51-U140": {"K51-U150": 47.79368936256888}, "K58-D070": {"K58-D080": 70.03315}, "K53-D090": {"K53-D100": 57.079796921666606}, "K52-nU050": {"K52-nU060": 262.92294456678576}, "K53-U110": {"K53-U120": 91.43797404439496}, "K51-D050": {"K51-D060": 63.60763700791831}, "K51-D110": {"K51-D120": 45.44303045351107}, "K52-nD260": {"K52-nD270": 61.161168147354}, "K53-U020": {"K53-U030": 150.4404895685226, "K53-D160": 1071.2791878832527}, "K58-U120": {"K58-U130": 146.5983333606}, "K58-D020": {"K58-D030": 107.69647726639998}, "K58-D130": {"K58-D140": 119.3169043}, "K52-nD010": {"K52-nD020": 18.57784269053964}, "K58-D060": {"K58-D070": 171.59701153100002}, "K53-D100": {"K53-D110": 75.68644309970911}, "K58-U023": {"K58-U026": 56.828307850557835}, "K51A-D080": {"K51A-D090": 164.7000346544362}, "K51-D160": {"K51-D170": 61.52220792489214}, "K53-U050": {"K53-U060": 136.23460444659068}, "K54-D060": {"K54-D070": 150.4178337158608}, "K51-U210": {"K51-U220": 108.62157290740936}, "K58-U110": {"K58-U120": 195.3539588}, "K54-U030": {"K54-U040": 125.06905660899076}, "K51-U100": {"K51-U110": 175.1180330307413}, "K52-nD080": {"K52-nD090": 71.50509627736578}, "K53-U080": {"K53-U090": 61.332609739239864}, "K58-U190": {"K58-U200": 126.61000000000001}, "K51-U170": {"K51-U180": 64.20658667496495}, "K51A-U070": {"K51A-U080": 179.53165479219098}, "K53-D060": {"K53-D070": 123.55091467162671}, "K53-U040": {"K53-U050": 103.45073296158395}, "K54-D020": {"K54-D030": 182.36967570628119}, "K51A-U100": {"K51A-U110": 204.0236056661}, "K51A-U060": {"K51A-U070": 361.0178839612146}, "K58-U200": {"K58-U210": 73.7}, "K53-U060": {"K53-U070": 66.0684753724385}, "K51A-D120": {"K51A-D140": 130.99475947298657}, "K58-U050": {"K58-U060": 32.135669500000006}, "K52-nD270": {"K52-nD280": 101.84052481244726}, "K51A-D170": {"K51A-D180": 151.62730000000002}, "K53-U070": {"K53-U080": 41.71883980596108}, "K58-D200": {"K58-D210": 62.20664999999999}, "K53-U100": {"K53-U110": 58.78075219680314}, "K58-U010": {"K58-U020": 46.11532663363998}, "K52-nD290": {"K52-nD300": 98.52363299890271}, "K53-U130": {"K53-U140": 49.04143511702987}, "K52-nD220": {"K52-nD230": 121.60817434951716}, "K51-U090": {"K51-U100": 148.69859303239275}, "K53-D140": {"K53-D150": 161.41460464207947}, "K52-nU150": {"K52-nU160": 87.48090499168497}, "K54-D030": {"K54-D040": 56.46610524153041}, "K51-U080": {"K51-U090": 140.22618936249765}, "K52-nU190": {"K52-nU200": 128.93405578348853}, "K52-nU180": {"K52-nU190": 88.07946108652942}, "K54-U020": {"K54-U030": 116.34011109450478}, "K51-U240": {"K51-U250": 118.97182806557551}, "K51-D210": {"K51-D220": 132.65502487785335}, "K58-D050": {"K58-D060": 208.96102311700002}, "K52-nD230": {"K52-nD240": 158.30217842087816}, "K52-nD160": {"K52-nD170": 146.43591761918415}, "K52-nU240": {"K52-nU250": 88.2027628050732}, "K58-U090": {"K58-U100": 193.09629922}, "K51A-U010": {"K51A-U020": 101.00431799334073}, "K53-U120": {"K53-U130": 61.86302977004467}, "K51-U230": {"K51-U240": 51.914669395648716}, "K53-D110": {"K53-D120": 141.07447300151276}, "K58-D140": {"K58-D150": 44.28436627835001}, "K51-D030": {"K51-D040": 38.346569008895}, "K58-D190": {"K58-D193": 146.0547}, "K51-D080": {"K51-D090": 115.11148961271074}, "K51-D170": {"K51-D180": 106.62056260511606}, "K51A-U030": {"K51A-U040": 63.54352921268827}, "K58-D180": {"K58-D190": 301.7955446}, "K53-U030": {"K53-U040": 193.4092803035906}, "K52-nD040": {"K52-nD050": 42.41457973138954}, "K53-D130": {"K53-D140": 103.41443712514544}, "K51A-D150": {"K51A-D160": 126.59092249941}, "K51-U030": {"K51-U040": 50.13770797422675}, "K51A-D220": {"K51A-D230": 165.44}, "K51-D090": {"K51-D100": 75.27890839197158}, "K51A-D090": {"K51A-D100": 59.73597068999999}, "K51A-U090": {"K51A-U100": 145.43388267}, "K58-D010": {"K58-D020": 23.017500000000002}, "K51-U180": {"K51-U190": 98.89099784531864}, "K53-D080": {"K53-D090": 47.11972370582971}, "K52-nD280": {"K52-nD290": 95.2724753532556}, "K51-D180": {"K51-D190": 165.2009000797346}, "K51A-D240": {"K51A-D250": 89.21440000000001}, "K52-nD060": {"K52-nD070": 132.25260024819542}, "K54-U070": {"K54-D010": 130.6320567345427}, "K54-U060": {"K54-U070": 194.07814375735933}, "K54-D010": {"K54-D020": 90.41908709728533}, "K52A-U140": {"K52A-U150": 160.35832157921377}, "K52-nD210": {"K52-nD220": 198.75874569403985}, "K51-U160": {"K51-U170": 103.94753297837796}, "K58-U030": {"K58-U040": 346.09535259573994}, "K52-nU210": {"K52-nU220": 83.17291198310421}, "K51-D060": {"K51-D070": 56.20393282051278}, "K58-U160": {"K58-U170": 124.46610000000001}, "K52A-U170": {"K52A-U180": 275.3320900505005}, "K52-nD140": {"K52-nD150": 107.4242163339048}, "K52-nD050": {"K52-nD060": 37.73396731508816}, "K53-D070": {"K53-D080": 41.91730376589139}, "K51-D200": {"K51-D210": 121.50501057137888}, "K53-D050": {"K53-D060": 69.31815713448125}, "K58-D040": {"K58-D050": 127.50165498564999}, "K51-D150": {"K51-D160": 141.51108029740408}, "K51-U190": {"K51-U200": 80.38806112485784}, "K53-D030": {"K53-D040": 67.81444853295541}, "K53-D020": {"K53-D030": 103.72550713560918}, "K52-nU270": {"K52-nU280": 180.62129729372876}, "K58-U130": {"K58-U140": 97.15490649700001}, "K52-nU120": {"K52-nU140": 104.54044416173606}, "K58-D196": {"K58-D200": 85.80000000000001}, "K51A-D030": {"K51A-D040": 49.29799224597885}, "K51A-D070": {"K51A-D080": 92.99623687832532}, "K51-U020": {"K51-U030": 112.62007619003073}, "K58-D110": {"K58-D120": 168.70733958320005}, "K58-D170": {"K58-D180": 141.37130699999997}, "K51A-U160": {"K51A-U170": 68.01309899999998}, "K51A-D060": {"K51A-D070": 88.970464258731}, "K51A-U130": {"K51A-U140": 91.7478069}, "K58-D120": {"K58-D130": 153.590962965}, "K51-D130": {"K51-D140": 52.316550053049795}, "K51-U110": {"K51-U120": 102.9405086507639}, "K54-D050": {"K54-D060": 71.96848299476774}, "K52-nU040": {"K52-nU050": 68.55840617527716}, "K58-U140": {"K58-U150": 117.33983690000002}, "K52-nU090": {"K52-nU100": 100.09052565780044}, "K51-U070": {"K51-U080": 157.5593564308684}, "K58-U180": {"K58-U190": 106.42940000000002}, "K52-nD120": {"K52-nD130": 41.09648389024165}, "K51-D240": {"K51-D250": 127.2831963774598}, "K51-U130": {"K51-U140": 63.2161482418998}, "K58-D030": {"K58-D040": 56.222553924647016}, "K58-D150": {"K58-D160": 73.26273449000001}, "K52-nU060": {"K52-nU070": 122.0422168754399}, "K52-nU300": {"K52-nU310": 35.373941122173946}, "K52-nD100": {"K52-nD110": 64.10326810968748}, "K52-nU220": {"K52-nU230": 81.21956585684961}, "K54-D040": {"K54-D050": 155.64588497418407}, "K52-nU030": {"K52-nU040": 132.9522762948869}, "K51-D190": {"K51-D200": 160.34529204040066}, "K53-U010": {"K53-U020": 247.08512921017763}, "K54-U010": {"K54-U020": 120.95756873933604}, "K54-U050": {"K54-U060": 332.21549158304737}, "K51-D260": {"K51-D270": 56.414609741801314}, "K51A-U040": {"K51A-U050": 117.98116599458358}, "K54-U040": {"K54-U050": 139.09480094249574}, "K52-nU160": {"K52-nU170": 63.34188217801388}, "K52-nU070": {"K52-nU080": 98.2642582704498}, "K51-D120": {"K51-D130": 51.374940410738304}, "K58-U026": {"K58-U030": 120.78292380000002}, "K51-D250": {"K51-D260": 132.3696673742892}, "K58-U170": {"K58-U180": 211.96999999999997}, "K52-nU110": {"K52-nU120": 161.8311031449505}, "K58-U060": {"K58-U070": 171.40703291085003}, "K58-U020": {"K58-U023": 177.20399712980355}, "K51-D220": {"K51-D230": 276.31886617278343}, "K52A-U130": {"K52A-U140": 60.50000000000001}, "K52A-D010": {"K52A-D020": 277.2256874735443}, "K52A-U090": {"K52A-U100": 90.2}, "K51-U060": {"K51-U070": 249.67945335775067}, "K51-D020": {"K51-D030": 53.55334283371546}, "K52-nU250": {"K52-nU260": 105.32227204591126}, "K52-nD170": {"K52-nD180": 94.28244938909702}, "K52-nU290": {"K52-nU300": 19.825105157128768}, "K52-nD250": {"K52-nD260": 187.96261072765193}, "K52-nU200": {"K52-nU210": 87.57951267190475}, "K52A-U100": {"K52A-U110": 80.30000000000001}, "K52-nD200": {"K52-nD210": 120.54645987408855}, "K51-U150": {"K51-U160": 70.23646741963823},