{"K66-U160": {"K66-U170": 38.438191099149805}, "K66-U030": {"K66-U040": 130.58850787600568}, "K66-D210": {"K66-D220": 150.37394264907047}, "K66-U200": {"K66-U210": 43.32176182646356}, "K66-U020": {"K66-U030": 192.1902058380118}, "K65-U180": {"K65-U190": 62.32873391603782}, "K66-D050": {"K66-D060": 55.45226145442676}, "K65-U160": {"K65-U170": 45.02448094787116}, "K65-D170": {"K65-D180": 75.53407156604213}, "K68-D130": {"K68-D140": 47.426682264620865}, "K65-U220": {"K65-U230": 73.22820103356278}, "K65-D030": {"K65-D040": 78.46019776366242}, "K68-D020": {"K68-D030": 73.26860913263936}, "K65-D140": {"K65-D150": 114.98573810086745}, "K68-D050": {"K68-D060": 45.10352074423366}, "K65-D120": {"K65-D130": 60.74471753800854}, "K65A-D050": {"K65A-D060": 51.7542976848036}, "K66-D220": {"K66-D230": 69.78992144227124}, "K65-U070": {"K65-U080": 53.622509518213576}, "K68-U010": {"K68-U020": 90.9194169465591}, "K65A-D070": {"K65A-D080": 123.8710950206968}, "K65-D010": {"K65-D020": 39.090961427328935}, "K65-D080": {"K65-D090": 70.31652187187758}, "K65-U120": {"K65-U130": 173.23813404113557}, "K66-U080": {"K66-U090": 167.82996697026493}, "K65A-U010": {"K65A-U020": 54.930660818257515}, "K65A-U100": {"K65A-U110": 80.21894285836193}, "K68-U110": {"K68-U120": 189.52038272489102, "K68-D090": 929.1700000000001}, "K65-U090": {"K65-U100": 47.30504035794214}, "K66-D030": {"K66-D040": 83.80010243542941}, "K65-U150": {"K65-U160": 45.44162967016492}, "K68-U050": {"K68-U060": 53.61833726513081}, "K66-D070": {"K66-D080": 53.78232502248134}, "K68-U090": {"K68-U100": 139.3230187415715}, "K65-D150": {"K65-D160": 108.25401677379651}, "K65-D020": {"K65-D030": 80.79004157699987}, "K68-U120": {"K68-U130": 128.88297420324773}, "K65-D130": {"K65-D140": 80.03894238639303}, "K66-U190": {"K66-U200": 42.776488402224196}, "K65-U050": {"K65-U060": 94.06144505215158}, "K66-D130": {"K66-D140": 44.21148296597907}, "K65-U140": {"K65-U150": 93.078007836036}, "K65A-D020": {"K65A-D030": 82.19995032421595}, "K66-D020": {"K66-D030": 69.23325020054722}, "K68-D200": {"K68-U011": 77.12442806580822}, "K66-D140": {"K66-D150": 83.21245879155579}, "K65-U040": {"K65-U050": 71.21877541663517}, "K65-D110": {"K65-D120": 115.47052153366451}, "K65A-D090": {"K65A-D100": 115.46587019147842}, "K65-U200": {"K65-U210": 62.11716187921735}, "K66-D100": {"K66-D110": 51.79355887022687}, "K66-D040": {"K66-D050": 53.4312095891766}, "K66-U170": {"K66-U180": 51.01543868886664}, "K65A-U090": {"K65A-U100": 58.78209750087806}, "K66-D120": {"K66-D130": 59.733532312038065}, "K65-U190": {"K65-U200": 53.31772742231633}, "K66-U130": {"K66-U140": 42.99077897778311}, "K66-U180": {"K66-U190": 41.50267636005842}, "K66-U090": {"K66-U100": 41.566848538207445}, "K66-D060": {"K66-D070": 53.0690438970196}, "K65-U110": {"K65-U120": 100.16159134408106}, "K68-D190": {"K68-D200": 54.21484927282601}, "K65-U030": {"K65-U040": 72.21977808148907}, "K66-U120": {"K66-U130": 33.98471726548896}, "K68-D140": {"K68-D150": 39.13219232965567}, "K65-D070": {"K65-D080": 117.7182157371411}, "K66-U050": {"K66-U060": 40.02732649983051}, "K66-U100": {"K66-U110": 83.44295282437133}, "K65A-D060": {"K65A-D070": 78.19394695836755}, "K65-D090": {"K65-D100": 104.80926125853716}, "K65A-U020": {"K65A-U030": 244.98915041269197}, "K65-D100": {"K65-D110": 219.89212009925055}, "K65-D060": {"K65-D070": 77.94400206630502}, "K68-U080": {"K68-U090": 40.699210520513105}, "K65A-U040": {"K65A-U050": 104.64223110675657}, "K68-U040": {"K68-U050": 96.44298985302044}, "K68-D160": {"K68-D170": 74.69135999882319}, "K66-D190": {"K66-D200": 76.31582407634015}, "K68-D150": {"K68-D160": 89.49982569645272}, "K66-U150": {"K66-U160": 31.730163333044963}, "K68-D110": {"K68-D120": 89.2023114653}, "K65-U210": {"K65-U220": 72.3675012930261}, "K66-D230": {"K66-D240": 83.62567470750363}, "K65A-D010": {"K65A-D020": 76.15290275141582}, "K65A-D030": {"K65A-D040": 61.31446170640279}, "K65A-D080": {"K65A-D090": 62.570015471108306}, "K65-U010": {"K65-U020": 243.30187116065244}, "K66-U070": {"K66-U080": 146.7242208569786}, "K65-U100": {"K65-U110": 125.08343280494213}, "K65A-U070": {"K65A-U080": 44.89431530251839}, "K66-U040": {"K66-U050": 123.14623234300002}, "K65A-U110": {"K65A-U120": 80.57936384780001}, "K65A-D040": {"K65A-D050": 53.86646541421277}, "K66-U110": {"K66-U120": 25.011927531557998}, "K68-U170": {"K68-D010": 163.08297284359966}, "K65-D160": {"K65-D170": 133.5777366531578}, "K66-D200": {"K66-D210": 112.3351229652765}, "K65-U170": {"K65-U180": 29.807356613579106}, "K66-D160": {"K66-D170": 116.84893567722133}, "K66-U210": {"K66-U220": 49.08323564696675}, "K66-D170": {"K66-D180": 152.2565682125045}, "K68-U030": {"K68-U040": 22.455941033208113}, "K66-U010": {"K66-U020": 123.08188491497931}, "K66-U140": {"K66-U150": 31.952654380545994}, "K65-U130": {"K65-U140": 26.827796264626965}, "K66-D010": {"K66-D020": 16.779360705321846}, "K65-U080": {"K65-U090": 125.15051688767794}, "K66-D090": {"K66-D100": 54.40717707918801}, "K66-D080": {"K66-D090": 67.28580436393085}, "K65A-U060": {"K65A-U070": 51.14843419716002}, "K65A-U120": {"K65A-U130": 89.7798}, "K68-U150": {"K68-U160": 78.65237037889904}, "K68-D120": {"K68-D130": 172.76247091196623}, "K66-U060": {"K66-U070": 131.80689362039217}, "K65-U020": {"K65-U030": 100.35944110934145}, "K65-D050": {"K65-D060": 53.47014440560376}, "K68-D100": {"K68-D110": 67.94658942319394}, "K65A-U030": {"K65A-U040": 40.592790687261996}, "K68-U160": {"K68-U170": 66.47391903149416}, "K65-D040": {"K65-D050": 60.58071612608662}, "K68-D060": {"K68-D070": 100.17186064809}, "K66-D110": {"K66-D120": 49.33737172635667}, "K68-U020": {"K68-U030": 37.22391956798844}, "K68-D180": {"K68-D190": 49.99861360902797}, "K68-U070": {"K68-U080": 23.22787184826719}, "K65A-D100": {"K65A-D110": 240.8746271445997}, "K68-U130": {"K68-U140": 142.691253095061}, "K65-D180": {"K65-D190": 103.94848548201512}, "K65A-U080": {"K65A-U090": 65.81835607516621}, "K68-D070": {"K68-D080": 184.58962206624642}, "K66-D180": {"K66-D190": 71.54842514352511}, "K66-D150": {"K66-D160": 66.96369631467391}, "K65A-U050": {"K65A-U060": 47.36789943915999}, "K68-D040": {"K68-D050": 132.395269700473}, "K68-D010": {"K68-D020": 47.81036816566855}, "K68-D170": {"K68-D180": 51.148031331128315}, "K68-U060": {"K68-U070": 100.42265805780893}, "K65-U060": {"K65-U070": 32.92246417088505}, "K68-U100": {"K68-U110": 142.2803019}, "K68-D090": {"K68-D100": 153.52469676676003}, "K68-U140": {"K68-U150": 36.9146733089702}, "K68-D080": {"K68-D090": 63.897301798000015}, "K68-D030": {"K68-D040": 60.623992009999995}}