{"K73-U050": {"K73-U060": 111.66983765178604}, "K75A-D050": {"K75A-D060": 93.18616254154048}, "K73-U040": {"K73-U060": 207.4874471197912, "K73-U050": 104.05019699559391}, "K74-U070": {"K74-U080": 145.76988219796027}, "K75P-D020": {"K75P-D030": 39.28718127114371}, "K73-U060": {"K73-U070": 129.05876952678952}, "K74-U060": {"K74-U070": 133.13917874459156}, "K75P-U100": {"K75P-U110": 64.4407145466746}, "K75P-D080": {"K75P-U011": 134.56285279835075}, "K73-D070": {"K73-D080": 173.42077164376923}, "K73-U110": {"K73-U120": 243.95229653411744}, "K75P-U040": {"K75P-U050": 93.45980407868201}, "K76-D020": {"K76-D030": 113.73437286371404}, "K75P-D050": {"K75P-D060": 79.24684995566317}, "K75P-U130": {"K75P-U140": 44.462519809784354}, "K73-D090": {"K73-D100": 85.25781573575827}, "K73-D130": {"K73-D140": 134.16216135500173}, "K73-D030": {"K73-D040": 114.51344216569916}, "K74-U001": {"K74-U004": 151.47989234598947}, "K75P-U010": {"K75P-U020": 91.2589050974861}, "K75A-D060": {"K75A-D070": 44.0861797330045}, "K73-D040": {"K73-D050": 68.38206620553683}, "K73-U080": {"K73-U110": 161.00932620384884, "K73-U090": 294.31905020620445}, "K76-U040": {"K76-U050": 155.03470999246025}, "K76-D010": {"K76-D020": 286.7514262753371}, "K73-U070": {"K73-U080": 155.18344254217325}, "K74-D110": {"K74-U002": 172.73472423550342}, "K75P-U120": {"K75P-U130": 59.77129961290602}, "K73-U090": {"K73-U100": 131.51246968623383}, "K73-D120": {"K73-D130": 105.80151918411134}, "K75P-U020": {"K75P-U030": 111.37931647146169}, "K76-D030": {"K76-D040": 51.170009759062026}, "K74-U090": {"K74-U100": 186.25292224260767}, "K75A-D090": {"K75A-D100": 50.497555447046174}, "K73-D050": {"K73-D070": 90.16618784362615}, "K74-U080": {"K74-U090": 193.96424385973043}, "K75A-D020": {"K75A-D030": 107.15928801386153}, "K73-U030": {"K73-U040": 96.36235937009153}, "K76-U010": {"K76-U020": 62.49382925933687}, "K75P-D060": {"K75P-D070": 178.54782792957855}, "K73-D020": {"K73-D030": 59.14466474777447}, "K75A-D080": {"K75A-D090": 87.5663229115051}, "K75A-D070": {"K75A-D080": 52.773204623526375}, "K75P-U110": {"K75P-U120": 94.20494457995278}, "K74-D010": {"K74-D020": 149.23253174060508}, "K75P-U140": {"K75P-D010": 147.1965986184186}, "K74-U030": {"K74-U040": 283.47202892360554}, "K76-U020": {"K76-U030": 159.45800310658197}, "K74-D020": {"K74-D030": 156.9197552450054}, "K73-D080": {"K73-D090": 256.4311512540103}, "K75A-U010": {"K75A-U020": 42.46400479662046}, "K73-D150": {"K73-D160": 37.19623525032027}, "K75P-U060": {"K75P-U070": 38.82603207637677}, "K74-U011": {"K74-D100": 163.5540636899789}, "K73-D010": {"K73-D020": 67.08201562165354}, "K75P-U030": {"K75P-U040": 114.39101709575694}, "K76-U030": {"K76-U040": 224.07754521731195}, "K74-U100": {"K74-D010": 108.6592582221543}, "K75P-U090": {"K75P-U100": 31.503894769978977}, "K73-U100": {"K73-U110": 248.55682568709318}, "K73-U020": {"K73-U030": 181.58527030608758}, "K75A-D100": {"K75A-D110": 94.90005084733681}, "K74-D060": {"K74-D070": 135.8366615263048}, "K75P-U080": {"K75P-U090": 73.51162092687177}, "K75A-D010": {"K75A-D020": 198.02114649581387}, "K73-D140": {"K73-D150": 212.84767594062228}, "K74-D040": {"K74-D050": 77.03333345600814}, "K75P-D040": {"K75P-D050": 171.27126415956346}, "K75P-U070": {"K75P-U080": 98.16411728641371}, "K73-U010": {"K73-U020": 71.16617512332407}, "K75P-D030": {"K75P-D040": 125.92669279688388}, "K75A-U020": {"K75A-U030": 125.86360529304599}, "K73-D100": {"K73-D110": 194.952589783297}, "K73-D110": {"K73-D120": 55.240468686194546}, "K75P-D070": {"K75P-D080": 87.17258642774864}, "K74-D080": {"K74-D090": 166.1690740937231}, "K74-U040": {"K74-U050": 152.85494065210614}, "K75A-D110": {"K75A-U011": 204.98211428448067}, "K74-U050": {"K74-U060": 226.85802526762185}, "K74-D090": {"K74-U011": 66.96980987596382}, "K74-D050": {"K74-D060": 91.02292283492737}, "K75A-D040": {"K75A-D050": 56.47029677387127}, "K75A-D030": {"K75A-D040": 57.48664350667823}, "K74-U010": {"K74-U020": 158.88027024941897}, "K74-U020": {"K74-U030": 130.77685570951297}, "K75P-U050": {"K75P-U060": 132.164701398386}, "K74-U007": {"K74-U010": 263.19480192580835}, "K74-U004": {"K74-U007": 100.40035286478107}, "K75P-D010": {"K75P-D020": 130.28004584564388}, "K75A-U030": {"K75A-D010": 218.70615337894773}, "K74-D100": {"K74-D110": 82.94255267403318}, "K74-D070": {"K74-D080": 236.7026343398756}, "K74-D030": {"K74-D040": 117.92424691242402}, "K75S-U040": {"K75S-D010": 58.87750000000001}, "K75S-U030": {"K75S-U040": 128.30400000000003}, "K73-U045": {"K73-U060": 170.5}, "K75S-D020": {"K75S-D030": 173.32668100000006}, "K75S-D010": {"K75S-D020": 249.24863656000002}, "K75S-U010": {"K75S-U020": 50.60000000000001}, "K75S-D030": {"K75S-U011": 200.15511999999998}, "K75S-U020": {"K75S-U030": 136.51000000000002}, "K76S-U020": {"K76S-U030": 192.50000000000003}, "K76S-U015": {"K76S-U020": 117.7}}