{"KAT": {"SUW": 122.2945507167996, "DIH": 155.14454234094381}}