{"KOW": {"TSY": 527.4382996103108, "HOK": 177.74210021713873, "OLY": 133.32116877246318}, "KOT": {"MKK": 148.75735771462908, "TAW": 272.0327074165683, "SKM": 130.35129423059442, "LOF": 126.83900507973412}, "KOB": {"CHH": 184.82012313698502, "NTK": 117.57000731307986}}