{"KWT": {"NTK": 128.15646862323848, "LAT": 127.88450281100612}, "KWH": {"TWH": 159.3307265415242, "KWF": 127.67694527334375}, "KWF": {"KWH": 118.63187985272073, "LAK": 176.91327145966326}}