{"LAK": {"TSY": 185.73453595259758, "NAC": 255.4205713708001, "MEF": 133.065202142703, "KWF": 134.2624094434707}, "LAT": {"YAT": 130.24851402304887, "KWT": 126.67158548164802}}