{"LOF": {"KOT": 126.0594795971189, "WTS": 123.66574176189833}, "LOP": {"TIS": 167.100590484025, "YUL": 119.10822442334714}, "LOW": {"SHS": 232.69420007642879}}