{"MKK": {"HUH": 169.88199831107406, "KOT": 134.61411731610443}}