{"NTK": {"KOB": 127.09708732831591, "KWT": 93.59936912387643}}