{"OLY": {"NAC": 134.38602768888063, "KOW": 129.19251636521062}}