{"PRE": {"MOK": 126.18901386640475, "SKM": 132.47597048213518, "SSP": 130.74450506394763}}