{"SHS": {"FAN": 126.05015514724587, "LMC": 489.5829850899737, "LOW": 261.75488762913403}, "SHT": {"TAW": 163.79849842982767, "FOT": 150.29727890505518}, "SHW": {"SYP": 132.37821522569897, "CEN": 116.51882008255004}, "SHM": {"TSH": 238.82540180252673, "CIO": 128.1356976001063}}