{"SIH": {"TUM": 154.45469321257505, "TIS": 380.4483996586373}}