{"SSP": {"PRE": 125.4020451708213, "CSW": 114.4674711386765}}