{"TKO": {"LHP": 131.67117809080776, "TIK": 168.97609487347498, "HAH": 176.1219313152551}, "TKW": {"SUW": 97.46345390047233, "HOM": 133.33682994221073}}