{"TSY": {"SUN": 606.3820591379656, "LAK": 192.93920054129478, "AIR": 1400.8446049917325, "KOW": 585.5779272726993}, "TST": {"ADM": 169.3868973890055, "JOR": 100.79903786746019}, "TSH": {"HEO": 148.49400203677473, "SHM": 222.6282505395663}, "TSW": {"TWH": 50.20426831168072}}