{"UNI": {"FOT": 194.38263168140287, "TAP": 409.8672557056117}}