{"YAT": {"QUB": 238.68624585820947, "TIK": 140.1472610181855, "LAT": 173.43297625083852}}