{"YUL": {"KSR": 253.03945775328967, "LOP": 125.1103261183021}}