{"5": {"305": 80.63096854786345, "6": 110.16330986348439}}