{"AIR": {"TSY": 1541.3127340083593, "AWE": 123.45639399504395}}