{"AUS": {"NAC": 201.69045487578532, "ETS": 153.1280823875881}}