{"CKT": {"STW": 128.33017670249689, "TAW": 105.22140054178803}}