{"DIS": {"SUN": 198.58233387484285}, "DIH": {"CHH": 111.72761177009463, "HIK": 305.9547246295237, "WTS": 110.02162139490201, "KAT": 140.269344}}