{"EXC": {"HUH": 164.78611576123407, "ADM": 74.16598331744896}}