{"HAH": {"TKO": 170.52934238211532, "POA": 129.2336097054951}}