{"HEO": {"MOS": 124.22343440085399, "TSH": 127.605856779534}}