{"HIK": {"TAW": 136.49860885573497, "DIH": 323.40017130454544}}