{"HKU": {"SYP": 124.59673423653562, "KET": 90.21556276792128}}