{"HUH": {"EXC": 193.24384518422622, "MKK": 220.20376711462904, "HOM": 127.14804769451743, "ETS": 193.28538394434574}}