{"JOR": {"YMT": 122.73867867056114, "TST": 124.489193177352}}