{"K18-D010": {"K18-D020": 255.30553708436574}, "K18-U020": {"K18-U030": 58.216499879646655}, "K12-U010": {"K12-U020": 279.2863055306729}, "K18-U010": {"K18-U020": 208.64107338288454}, "K12-D010": {"K12-D020": 160.46635594794688}, "K12-D020": {"K12-D030": 369.3954060218581}, "K12-D030": {"K12-D040": 61.0475882237234}, "K18-D020": {"K18-D030": 105.31188651220332}, "K17-U030": {"K17-U040": 30.06660062757412}, "K12-U020": {"K12-U030": 232.91176024644975}, "K17-U010": {"K17-U020": 252.4793259366677}, "K17-U020": {"K17-U030": 156.19410170554988}, "K17-D020": {"K17-D030": 44.394323723708396}, "K17-D010": {"K17-D020": 342.6039375097881}}