{"K66-U200": {"K66-U210": 65.77341009451135}, "K65-U070": {"K65-U080": 67.21741353172385}, "K66-U210": {"K66-U220": 57.10798492530496}, "K68-D130": {"K68-D140": 63.8393681986037}, "K65-U120": {"K65-U130": 164.98233926891427}, "K65A-D020": {"K65A-D030": 77.06217284125418}, "K65A-U110": {"K65A-U120": 73.76790829293635}, "K68-U100": {"K68-U110": 198.93346000000003}, "K65A-D100": {"K65A-D110": 185.4962907869761}, "K68-U030": {"K68-U040": 42.999906509449985}, "K65-U030": {"K65-U040": 124.85041801515695}, "K66-D230": {"K66-D240": 92.97412029149379}, "K65-U160": {"K65-U170": 59.8566399135298}, "K66-D210": {"K66-D220": 160.52620675725507}, "K65A-U080": {"K65A-U090": 60.87796983879855}, "K65A-D040": {"K65A-D050": 69.18134637113022}, "K66-D100": {"K66-D110": 49.96961540979633}, "K66-D060": {"K66-D070": 46.82606140624259}, "K65A-D070": {"K65A-D080": 114.61341472156502}, "K65-D070": {"K65-D080": 111.66009361310198}, "K65A-U030": {"K65A-U040": 28.107305705630505}, "K68-D190": {"K68-D200": 46.84649422352108}, "K68-U170": {"K68-D010": 149.9161617801}, "K66-D020": {"K66-D030": 73.5393704533482}, "K68-D040": {"K68-D050": 114.11002797900001}, "K65A-D080": {"K65A-D090": 55.34344471182884}, "K65-D180": {"K65-D190": 135.74207897316873}, "K65-D040": {"K65-D050": 67.68015319714765}, "K66-D190": {"K66-D200": 93.11632008558661}, "K66-U100": {"K66-U110": 95.70113507883458}, "K65A-D030": {"K65A-D040": 57.33694599455879}, "K66-U180": {"K66-U190": 67.58526974149319}, "K65A-U040": {"K65A-U050": 81.33636523168366}, "K65-D090": {"K65-D100": 114.88465146637134}, "K68-D110": {"K68-D120": 99.14294786517263}, "K66-U090": {"K66-U100": 58.54571845571478}, "K66-U060": {"K66-U070": 182.7554315333859}, "K65-U190": {"K65-U200": 53.369993691469745}, "K68-U110": {"K68-U120": 206.85429328, "K68-D090": 709.5000000000001}, "K66-U080": {"K66-U090": 171.11002723051578}, "K65-U210": {"K65-U220": 81.91925126122388}, "K65A-D050": {"K65A-D060": 74.42239243004255}, "K65-D110": {"K65-D120": 123.70894700525923}, "K65-D080": {"K65-D090": 59.73409404357473}, "K65A-D090": {"K65A-D100": 106.98762094371648}, "K65-D020": {"K65-D030": 84.30693867125571}, "K66-U070": {"K66-U080": 246.66958478134126}, "K68-U160": {"K68-U170": 79.9205241516}, "K65-D130": {"K65-D140": 106.8872116862099}, "K65-D170": {"K65-D180": 123.8953185329646}, "K65-D100": {"K65-D110": 213.96329356102692}, "K65-D050": {"K65-D060": 63.10025568049359}, "K68-U140": {"K68-U150": 49.2032500850508}, "K66-U030": {"K66-U040": 196.9138637549325}, "K66-D050": {"K66-D060": 46.88254116370581}, "K65-U130": {"K65-U140": 27.740327288824925}, "K65A-U060": {"K65A-U070": 49.99689237356408}, "K65A-U090": {"K65A-U100": 39.14228930161535}, "K65A-D010": {"K65A-D020": 115.61478279745742}, "K66-D200": {"K66-D210": 137.16621579690369}, "K66-D220": {"K66-D230": 83.9498535841317}, "K65A-U010": {"K65A-U020": 58.23727097997325}, "K65A-D060": {"K65A-D070": 77.34825558111217}, "K65-U200": {"K65-U210": 61.468876577866276}, "K66-U110": {"K66-U120": 42.06083463118431}, "K66-U120": {"K66-U130": 60.510490815627726}, "K65-U150": {"K65-U160": 57.21359618649849}, "K66-U020": {"K66-U030": 201.09793888202307}, "K65-D060": {"K65-D070": 76.92196170013482}, "K68-D080": {"K68-D090": 119.88554524886699}, "K65A-U020": {"K65A-U030": 180.92648379949546}, "K65-U050": {"K65-U060": 117.10398395436944}, "K66-U040": {"K66-U050": 147.86785758108027}, "K68-D030": {"K68-D040": 79.5235328464}, "K65A-U120": {"K65A-U130": 74.14451819865013}, "K68-U060": {"K68-U070": 105.91838317851989}, "K65-D150": {"K65-D160": 108.1395263630845}, "K66-U150": {"K66-U160": 62.15027234181198}, "K65-U170": {"K65-U180": 54.38742786895}, "K65-D010": {"K65-D020": 41.54373508262894}, "K65-U040": {"K65-U050": 89.423437966837}, "K68-D160": {"K68-D170": 77.651977472247}, "K66-D090": {"K66-D100": 42.751752242862615}, "K68-D010": {"K68-D020": 50.791966663161986}, "K66-D010": {"K66-D020": 38.581812738711136}, "K65-U090": {"K65-U100": 54.922488175470065}, "K65A-U100": {"K65A-U110": 50.7564719415719}, "K68-D140": {"K68-D150": 33.97116560279484}, "K66-D130": {"K66-D140": 39.12524044484334}, "K65-D160": {"K65-D170": 170.91717371791873}, "K65A-U050": {"K65A-U060": 52.66819773554617}, "K65-U080": {"K65-U090": 175.6804396974789}, "K66-D110": {"K66-D120": 43.43902411417357}, "K68-U010": {"K68-U020": 97.21652425589471}, "K66-D030": {"K66-D040": 79.95258746605349}, "K65-U010": {"K65-U020": 358.86856643}, "K68-D120": {"K68-D130": 176.916108155642}, "K68-U020": {"K68-U030": 54.24294669910288}, "K68-U080": {"K68-U090": 64.085708353}, "K65-U060": {"K65-U070": 38.60644590083834}, "K65-U020": {"K65-U030": 150.06831670770114}, "K65A-U070": {"K65A-U080": 65.81759752941032}, "K65-U140": {"K65-U150": 95.08345698500572}, "K65-D140": {"K65-D150": 113.23573752197589}, "K68-D020": {"K68-D030": 83.96974449846198}, "K65-U100": {"K65-U110": 167.90144246631328}, "K65-U220": {"K65-U230": 83.23863347316136}, "K68-U070": {"K68-U080": 40.51128}, "K66-U160": {"K66-U170": 51.223488114379926}, "K68-D050": {"K68-D060": 78.57269416604652}, "K66-D180": {"K66-D190": 71.38558488786855}, "K66-D150": {"K66-D160": 89.47255753444036}, "K65-D030": {"K65-D040": 60.71781496412011}, "K66-D080": {"K66-D090": 56.92523796652754}, "K66-U130": {"K66-U140": 61.16866088787803}, "K65-U110": {"K65-U120": 113.38186047313806}, "K66-U010": {"K66-U020": 136.79059858922795}, "K66-D070": {"K66-D080": 54.76227641490449}, "K68-D170": {"K68-D180": 45.19256551028091}, "K68-D090": {"K68-D100": 169.43481365867078}, "K68-U040": {"K68-U050": 56.030865221}, "K66-U140": {"K66-U150": 50.401050526367094}, "K66-D040": {"K66-D050": 41.73041012602338}, "K66-U190": {"K66-U200": 70.9926111740201}, "K66-D160": {"K66-D170": 149.48426590825648}, "K68-U090": {"K68-U100": 144.91832416168216}, "K68-D150": {"K68-D160": 58.95525168990368}, "K66-U170": {"K66-U180": 39.13751615591966}, "K66-D120": {"K66-D130": 73.07124119985842}, "K65-U180": {"K65-U190": 78.6108588738173}, "K66-D170": {"K66-D180": 226.1830861495951}, "K68-D070": {"K68-D080": 226.04687138545933}, "K68-U150": {"K68-U160": 84.66355594290003}, "K68-D060": {"K68-D070": 109.24002300000002}, "K68-U130": {"K68-U140": 176.60647776000002}, "K65-D120": {"K65-D130": 65.61343355082451}, "K66-D140": {"K66-D150": 98.61199167927943}, "K68-U050": {"K68-U060": 55.650235419000026}, "K68-D180": {"K68-D190": 29.645684628844986}, "K68-U120": {"K68-U130": 196.52018000000004}, "K66-U050": {"K66-U060": 50.02203643516041}, "K68-D100": {"K68-D110": 90.50757540110001}, "K68-D200": {"K68-U011": 77.482327851}, "K66A-D040": {"K66A-D050": 49.28000000000001}, "K66A-D060": {"K66A-D070": 53.57000000000001}, "K66A-D080": {"K66A-D090": 44.22}, "K66A-D025": {"K66A-D030": 129.91000000000003}, "K66A-D030": {"K66A-D040": 91.19000000000001}, "K66A-D170": {"K66A-D180": 212.3}, "K66A-D160": {"K66A-D170": 181.50000000000003}, "K66A-D130": {"K66A-D140": 50.6}, "K66A-D190": {"K66A-D200": 39.82000000000001}, "K66A-D110": {"K66A-D120": 45.1}, "K66A-D050": {"K66A-D060": 48.84000000000001}, "K66A-D220": {"K66A-D230": 75.9}, "K66A-D070": {"K66A-D080": 48.400000000000006}}