{"K73-U040": {"K73-U060": 213.99874985368425, "K73-U050": 113.93739718249256}, "K73-U110": {"K73-U120": 235.14291649092002}, "K73-D140": {"K73-D150": 212.1347988281074}, "K75P-U080": {"K75P-U090": 45.153185105191184}, "K75P-U060": {"K75P-U070": 25.326293727803964}, "K76-U030": {"K76-U040": 291.41244301958614}, "K76-U020": {"K76-U030": 167.02614220750797}, "K73-U050": {"K73-U060": 106.78401229991194}, "K75P-D020": {"K75P-D030": 32.43049062115726}, "K76-D010": {"K76-D020": 283.52687354462375}, "K75A-D020": {"K75A-D030": 26.79042690508126}, "K73-D010": {"K73-D020": 86.73511366558651}, "K73-D070": {"K73-D080": 182.6416712400529}, "K75P-D040": {"K75P-D050": 172.1410256721142}, "K73-U010": {"K73-U020": 67.56113129034716}, "K73-U090": {"K73-U100": 115.3832271463669}, "K74-D030": {"K74-D040": 142.37583892511773}, "K75A-D070": {"K75A-D080": 42.95511114414221}, "K73-U060": {"K73-U070": 136.59281546595162}, "K75P-D010": {"K75P-D020": 138.1847626820869}, "K76-U010": {"K76-U020": 23.80947094242714}, "K73-U080": {"K73-U110": 379.07013474228177, "K73-U090": 291.2166224627585}, "K76-D020": {"K76-D030": 137.33066355898322}, "K73-D100": {"K73-D110": 206.51672142941726}, "K75A-U020": {"K75A-U030": 138.0065295156142}, "K73-U020": {"K73-U030": 200.7416092084993}, "K73-U070": {"K73-U080": 162.7274394824968}, "K76-D030": {"K76-D040": 74.16984125281661}, "K73-U030": {"K73-U040": 88.91043494796507}, "K74-U080": {"K74-U090": 250.66292666774106}, "K75P-U130": {"K75P-U140": 38.335545884925594}, "K73-D150": {"K73-D160": 52.695884204218736}, "K74-U001": {"K74-U004": 137.39598316808582}, "K74-U030": {"K74-U040": 281.6759376427011}, "K75P-D060": {"K75P-D070": 181.7860519104716}, "K76-U040": {"K76-U050": 162.890165706723}, "K73-D040": {"K73-D050": 83.8404854237929}, "K73-D090": {"K73-D100": 87.14402772483838}, "K73-U100": {"K73-U110": 266.93773401263314}, "K74-U100": {"K74-D010": 110.42061334557074}, "K73-D030": {"K73-D040": 136.66332094493356}, "K75A-U010": {"K75A-U020": 44.84382560221429}, "K75A-D040": {"K75A-D050": 54.63241380416125}, "K74-D040": {"K74-D050": 82.77855922174624}, "K74-D080": {"K74-D090": 166.1525304145117}, "K75P-D030": {"K75P-D040": 116.18141707993998}, "K74-U007": {"K74-U010": 247.8810844871961}, "K75A-D080": {"K75A-D090": 97.75459963715487}, "K74-U050": {"K74-U060": 236.32066768627163}, "K74-D010": {"K74-D020": 154.5278569084825}, "K73-D080": {"K73-D090": 249.98185377050896}, "K73-D020": {"K73-D030": 130.52059467189207}, "K75P-U070": {"K75P-U080": 103.02246993568178}, "K74-U010": {"K74-U020": 154.52521908466127}, "K75P-U090": {"K75P-U100": 42.64906527295411}, "K75P-U140": {"K75P-D010": 147.3794538092621}, "K75P-D050": {"K75P-D060": 85.25091561468636}, "K75A-D030": {"K75A-D040": 53.78516336563332}, "K75P-U030": {"K75P-U040": 132.87595922628793}, "K75P-U040": {"K75P-U050": 112.21558236743192}, "K75A-D050": {"K75A-D060": 71.57756512408949}, "K75A-D060": {"K75A-D070": 44.6263638226298}, "K73-D130": {"K73-D140": 144.9926781046223}, "K73-D110": {"K73-D120": 94.69254484230348}, "K74-D060": {"K74-D070": 161.50275909020405}, "K75P-U110": {"K75P-U120": 95.37050991209682}, "K75P-U010": {"K75P-U020": 97.18540788760404}, "K75P-U120": {"K75P-U130": 68.11892688127742}, "K75P-D070": {"K75P-D080": 93.1175859623907}, "K75P-U050": {"K75P-U060": 162.35272621112068}, "K75A-D110": {"K75A-U011": 170.64735174853615}, "K74-D070": {"K74-D080": 229.53265748835094}, "K75P-U100": {"K75P-U110": 59.75480516002354}, "K74-D100": {"K74-D110": 92.49485190276789}, "K75A-D090": {"K75A-D100": 45.595942466784756}, "K74-U070": {"K74-U080": 163.1655039485587}, "K74-U020": {"K74-U030": 141.08146099777144}, "K75A-D010": {"K75A-D020": 226.53348372334221}, "K74-U040": {"K74-U050": 153.9182343508361}, "K75A-D100": {"K75A-D110": 107.4314850260469}, "K74-U060": {"K74-U070": 138.9370368957358}, "K75P-D080": {"K75P-U011": 143.63384550245317}, "K75A-U030": {"K75A-D010": 239.0190210451367}, "K74-U011": {"K74-D100": 183.47297528351888}, "K74-D020": {"K74-D030": 152.21895209267754}, "K74-U004": {"K74-U007": 91.61646389497528}, "K74-D050": {"K74-D060": 95.03914096148048}, "K74-D090": {"K74-U011": 81.501145212319}, "K73-D050": {"K73-D070": 102.60728597701538}, "K73-D120": {"K73-D130": 114.25569305707481}, "K74-U090": {"K74-U100": 217.42318763891004}, "K74-D110": {"K74-U002": 175.7278650254}, "K75P-U020": {"K75P-U030": 100.46342268259477}}