{"KAT": {"DIH": 129.27561541850224, "SUW": 121.39560190230002}}