{"KOT": {"TAW": 297.939880818985, "MKK": 149.55554951729948, "LOF": 111.75841215626846, "SKM": 96.06712863969594}, "KOW": {"HOK": 177.74209981897963, "OLY": 138.79731702194218, "TSY": 502.3577294674642}, "KOB": {"NTK": 107.84284658666805, "CHH": 124.01149185795786}}