{"KSR": {"YUL": 248.76309575135423, "TWW": 673.1266865390139}}