{"LET": {"WCH": 158.08151449896363, "SOH": 104.67278169323322}}