{"LOF": {"KOT": 107.23935987863425, "WTS": 105.5263755136065}, "LOW": {"SHS": 227.9496000084477}, "LOP": {"YUL": 125.63362575533998, "TIS": 180.29245702369354}}