{"MEF": {"TWW": 323.8838743046897, "LAK": 145.71439205658402, "LCK": 125.96393320862558, "NAC": 186.19853464724545}}