{"NTK": {"KWT": 86.4905798217413, "KOB": 107.61316712282874}}