{"OCP": {"WCH": 131.37722134678742, "ADM": 287.6320407404461}}