{"OLY": {"KOW": 132.36857732013817, "NAC": 133.24637350950115}}