{"PRE": {"SKM": 120.72348025808033, "SSP": 107.39532247085845, "MOK": 122.48011155520756}}