{"QUB": {"YAT": 257.92385676222625, "NOP": 126.98107775266412, "TAK": 107.96250235207916}}