{"SSP": {"PRE": 102.29468675737428, "CSW": 111.17693893903736}}