{"SUN": {"DIS": 198.58233387484285, "TUC": 823.8869141582536, "TSY": 393.59412690048856}, "SUW": {"KAT": 125.07786576641233, "TKW": 130.6012010588381}}