{"SWH": {"TAK": 121.35681472974356, "SKW": 63.817809661320005}}