{"SYP": {"HKU": 89.3740195415002, "SHW": 140.1045854793062}}