{"TIK": {"YAT": 134.39770243461254, "TKO": 201.52925059142075}, "TIH": {"FOH": 126.04768239887701, "CAB": 132.72939128508003}, "TIS": {"LOP": 184.15665879072327, "SIH": 355.7277182674785}}