{"TKO": {"LHP": 131.91797036949237, "TIK": 213.611649606967, "HAH": 153.99890193095138}, "TKW": {"HOM": 115.73814234395397, "SUW": 117.90588371999999}}