{"TUC": {"SUN": 797.6428786313011}, "TUM": {"SIH": 151.9272164261912}}