{"TWO": {"FAN": 314.5623805468721, "TAP": 184.00042455187034}, "TWH": {"KWH": 107.79969046602574, "TSW": 75.68763409315603}, "TWW": {"KSR": 503.55105123690043, "MEF": 332.9493172208522}}