{"WCH": {"OCP": 121.99439402260805, "LET": 178.9541565915322}}