{"YMT": {"MOK": 118.57887086439453, "JOR": 122.85295888944324, "HOM": 153.21170265518333}}