{"YUL": {"LOP": 119.65152626855358, "KSR": 244.8951954487656}}