{"AIR": {"TSY": 1575.2943552852562, "AWE": 122.77245479943251}}