{"CSW": {"LCK": 132.65722652209615, "SSP": 130.1317153485761}}