{"DIS": {"SUN": 198.58233387484285}, "DIH": {"KAT": 151.65475826928005, "HIK": 315.4916048887856, "CHH": 129.2411212768959, "WTS": 127.19442559396298}}