{"ETS": {"AUS": 193.6448512898241, "HUH": 186.18795092700003}}