{"EXC": {"HUH": 166.94829775231327, "ADM": 84.57263664243683}}