{"FOT": {"UNI": 182.7711762838307, "SHT": 176.75397004073778}, "FOH": {"TIH": 126.92546684151588, "NOP": 116.58272819432275}}