{"HAH": {"TKO": 160.05513049385928, "POA": 128.6950184940195}}