{"HEO": {"TSH": 133.64762062740002, "MOS": 120.52883671053003}}