{"HFC": {"SKW": 135.92043627535796, "CHW": 116.31745100280295}}