{"HIK": {"DIH": 332.4812354479307, "TAW": 141.44752494422434}}