{"HOM": {"HUH": 124.35693269999999, "YMT": 173.546371888281, "TKW": 151.24188446334801, "WHA": 81.73422457200265}, "HOK": {"KOW": 196.15838534704307}}