{"HUH": {"MKK": 230.15382939176925, "EXC": 216.64174240683982, "ETS": 183.41556559934543, "HOM": 133.15621339652998}}