{"K52-nD060": {"K52-nD070": 130.2366233665646}, "K51-D100": {"K51-D110": 111.75618702867999}, "K53-U110": {"K53-U120": 78.45645386665635}, "K51-D050": {"K51-D060": 39.94274154913417}, "K52-nD270": {"K52-nD280": 79.33333717307431}, "K54-D050": {"K54-D060": 72.15081295994881}, "K52-nU290": {"K52-nU300": 40.246586547629605}, "K51-U140": {"K51-U150": 45.851792894459706}, "K52-nD230": {"K52-nD240": 149.959209405087}, "K52-nU260": {"K52-nU270": 52.9556826916514}, "K51-D200": {"K51-D210": 108.51563882232074}, "K51-U170": {"K51-U180": 64.56470411090541}, "K53-D080": {"K53-D090": 31.64488741892769}, "K53-U140": {"K53-D010": 71.44723448937475}, "K51-D180": {"K51-D190": 117.63460633209093}, "K53-D120": {"K53-D130": 43.69255987901704}, "K53-U090": {"K53-U100": 77.10641441713645}, "K51-U150": {"K51-U160": 69.0015558777298}, "K53-U060": {"K53-U070": 50.8237900275775}, "K53-U050": {"K53-U060": 120.22447127099892}, "K52-nU270": {"K52-nU280": 176.9188479187963}, "K53-U100": {"K53-U110": 58.943058552103004}, "K51-U220": {"K51-U230": 147.64925882847697}, "K54-U040": {"K54-U050": 106.54212916910004}, "K53-D090": {"K53-D100": 31.61787610542105}, "K52-nU070": {"K52-nU080": 79.92014582026776}, "K52-nU250": {"K52-nU260": 55.857598021445895}, "K52-nD090": {"K52-nD100": 49.107257496310005}, "K53-D015": {"K53-D020": 44.004260774147795}, "K53-D060": {"K53-D070": 101.77405314249422}, "K52A-U140": {"K52A-U150": 160.35980424379807}, "K53-U040": {"K53-U050": 100.93572628004597}, "K52-nD030": {"K52-nD040": 20.039769443980003}, "K52-nU200": {"K52-nU210": 71.25961296205067}, "K51-U060": {"K51-U070": 251.16397057930303}, "K52A-D060": {"K52A-D070": 129.34768316859828}, "K52-nD190": {"K52-nD200": 113.14919064873523}, "K54-D040": {"K54-D050": 151.78672656553758}, "K53-D050": {"K53-D060": 55.487454691146546}, "K52-nD200": {"K52-nD210": 104.58336549320518}, "K53-U070": {"K53-U080": 39.72114542216229}, "K51-U200": {"K51-U210": 77.31614474025466}, "K51-D030": {"K51-D040": 38.25613355349588}, "K52A-D010": {"K52A-D020": 277.22448091413315}, "K53-D040": {"K53-D050": 60.31817139110963}, "K51-D140": {"K51-D150": 66.12451396752114}, "K53-D010": {"K53-D015": 80.11718121181464}, "K52-nU060": {"K52-nU070": 85.17382444062785}, "K52-nD260": {"K52-nD270": 55.107019201322984}, "K53-U010": {"K53-U020": 246.2254212536619}, "K51-U180": {"K51-U190": 87.13735137709499}, "K52-nU100": {"K52-nU110": 117.62014697770607}, "K53-D150": {"K53-D160": 116.54625281102508}, "K52-nD120": {"K52-nD130": 36.53530117412627}, "K51-U040": {"K51-U050": 101.81125055405457}, "K53-D140": {"K53-D150": 114.69517074335795}, "K53-D130": {"K53-D140": 102.03469435614053}, "K53-U080": {"K53-U090": 68.75719188381757}, "K53-U120": {"K53-U130": 54.903871623902226}, "K53-U030": {"K53-U040": 161.87591297926195}, "K51-U120": {"K51-U130": 115.63110847359277}, "K53-U020": {"K53-U030": 117.94528403459239, "K53-D160": 796.1708706694901}, "K52-nU300": {"K52-nU310": 41.223259140636564}, "K51-U050": {"K51-U060": 248.94268268524903}, "K53-D110": {"K53-D120": 124.75090641183586}, "K51-U110": {"K51-U120": 107.8599223694263}, "K52-nD170": {"K52-nD180": 86.95868879214001}, "K51-D270": {"K51-D280": 61.45447305447865}, "K52-nD240": {"K52-nD250": 130.86271142753085}, "K52-nU240": {"K52-nU250": 43.53070698858427}, "K54-U060": {"K54-U070": 177.76659999063003}, "K52-nD110": {"K52-nD120": 147.03917022959942}, "K52-nU190": {"K52-nU200": 114.29850065979353}, "K54-U020": {"K54-U030": 67.46849999999999}, "K52-nU180": {"K52-nU190": 55.76127028591882}, "K52-nU140": {"K52-nU150": 100.79948159475175}, "K51-D230": {"K51-D240": 66.07922101931622}, "K52-nU220": {"K52-nU230": 78.36194460881345}, "K51-D090": {"K51-D100": 72.25216755934152}, "K53-D030": {"K53-D040": 52.69006060343961}, "K52-nD220": {"K52-nD230": 100.02560455617929}, "K51-D210": {"K51-D220": 115.69088801921824}, "K51-U240": {"K51-U250": 99.64442507225874}, "K52-nU210": {"K52-nU220": 66.62859837111928}, "K52-nU110": {"K52-nU120": 125.8731311192599}, "K51-D120": {"K51-D130": 30.92437609160093}, "K54-D020": {"K54-D030": 208.9729765122608}, "K52-nU280": {"K52-nU290": 40.19975562827268}, "K52-nU120": {"K52-nU140": 78.0206775678552}, "K51-U080": {"K51-U090": 143.45780451178902}, "K52-nD070": {"K52-nD080": 97.73623559105229}, "K51-U030": {"K51-U040": 56.16535323948928}, "K52-nU090": {"K52-nU100": 94.93611500094569}, "K52-nD040": {"K52-nD050": 98.0070951158319}, "K52-nD160": {"K52-nD170": 122.60946336920574}, "K52-nU230": {"K52-nU240": 58.93672744014002}, "K54-U050": {"K54-U060": 279.75915122000004}, "K54-U010": {"K54-U020": 66.15419}, "K52-nD080": {"K52-nD090": 42.65612137600001}, "K54-U030": {"K54-U040": 89.74883947699998}, "K53-D070": {"K53-D080": 43.114118994135275}, "K51-D110": {"K51-D120": 43.82917192716661}, "K53-D020": {"K53-D030": 90.72960357853003}, "K54-D030": {"K54-D040": 65.94045924445659}, "K52-nU040": {"K52-nU050": 44.05326903}, "K52-nD280": {"K52-nD290": 76.21570539325953}, "K51-D060": {"K51-D070": 38.27320674}, "K53-D100": {"K53-D110": 54.779044778764444}, "K54-D010": {"K54-D020": 105.49648898563146}, "K51-D070": {"K51-D080": 43.83571623583309}, "K51-U130": {"K51-U140": 52.88231416038958}, "K51-D250": {"K51-D260": 167.19308248069115}, "K52-nD100": {"K52-nD110": 50.614384810000004}, "K52-nD180": {"K52-nD190": 115.34952708090495}, "K52-nU050": {"K52-nU060": 201.57131989776067}, "K52-nU010": {"K52-nU020": 33.30921541000001}, "K51-U090": {"K51-U100": 117.92112784669796}, "K51-U070": {"K51-U080": 168.98818553247102}, "K51-U100": {"K51-U110": 165.45326137141004}, "K53-U130": {"K53-U140": 45.13700107970142}, "K51-D020": {"K51-D030": 54.077424086096734}, "K51-D010": {"K51-D020": 77.18725372000003}, "K51-D190": {"K51-D200": 114.73251867060401}, "K52-nU160": {"K52-nU170": 30.840607260180548}, "K52-nD210": {"K52-nD220": 162.20555784855839}, "K52-nD050": {"K52-nD060": 28.565070199999997}, "K51-U230": {"K51-U240": 36.33585145963641}, "K51-U020": {"K51-U030": 78.96393577434}, "K52-nD150": {"K52-nD160": 44.134328152}, "K51-U190": {"K51-U200": 68.10948242312939}, "K52-nU150": {"K52-nU160": 70.24915070108446}, "K51-U160": {"K51-U170": 83.66890476485135}, "K52-nU030": {"K52-nU040": 95.93746738259568}, "K52-nU080": {"K52-nU090": 62.24463027724859}, "K52-nD140": {"K52-nD150": 96.10319459188119}, "K52A-U170": {"K52A-U180": 275.3301891049081}, "K51-D240": {"K51-D250": 108.99407130270299}, "K52-nU170": {"K52-nU180": 115.94845969911003}, "K52-nD250": {"K52-nD260": 144.0594757329029}, "K52-nD010": {"K52-nD020": 15.7227527896389}, "K51-D040": {"K51-D050": 35.35963540908}, "K51-D260": {"K51-D270": 45.67040882077148}, "K54-D060": {"K54-D070": 124.63661278519005}, "K54-U070": {"K54-D010": 119.48900766105703}, "K51-D170": {"K51-D180": 72.52088355529037}, "K51-D130": {"K51-D140": 36.014365025900005}, "K51-D220": {"K51-D230": 223.155637574958}, "K51-D280": {"K51-D290": 69.2650252607189}, "K52-nD130": {"K52-nD140": 75.72774344908002}, "K54A-U020": {"K54A-U030": 76.76996087125546}, "K52-nD290": {"K52-nD300": 89.9695193308323}, "K51-U010": {"K51-U020": 32.11296274991}, "K54A-D030": {"K54A-D040": 75.55052205052107}, "K54A-D020": {"K54A-D030": 159.00396662672833}, "K54A-U010": {"K54A-U020": 62.01000620188394}, "K51-U210": {"K51-U220": 36.93295610012728}, "K54A-D040": {"K54A-D050": 130.3613300283429}, "K54A-U030": {"K54A-U040": 100.84617235133827}, "K54A-D010": {"K54A-D020": 221.49820930387463}, "K54A-U040": {"K54A-U050": 122.94814624024346}, "K51-D160": {"K51-D170": 45.087184327403016}, "K51-D080": {"K51-D090": 85.2316692799}, "K52-nU020": {"K52-nU030": 63.61366487}, "K52-nD020": {"K52-nD030": 19.701000000000004}, "K51-D150": {"K51-D160": 150.91176000000002}, "K53-D160": {"K53-U011": 166.7443800476575}, "K53*-U010": {"K53*-U020": 199.10000000000002}}