{"KAT": {"SUW": 97.38647765700001, "DIH": 144.84558254024202}}