{"KOT": {"TAW": 303.5319213116771, "MKK": 186.52332029936997, "SKM": 131.28121041773468, "LOF": 111.99769233077942}, "KOW": {"OLY": 123.81906512624099, "TSY": 528.5286294546379, "HOK": 177.742100194661}, "KOB": {"NTK": 132.688862900753, "CHH": 191.98624403670274}}