{"KSR": {"TWW": 663.3480494389584, "YUL": 241.30793773393506}}