{"KWH": {"KWF": 127.42974346265119, "TWH": 148.3703636871301}, "KWF": {"LAK": 153.57662087299028, "KWH": 109.13488939865007}, "KWT": {"LAT": 124.88512603217426, "NTK": 109.41157906822859}}