{"LCK": {"CSW": 128.97891943314818, "MEF": 129.62978911727743}}