{"MOK": {"YMT": 129.56228091576787, "PRE": 126.57988018433255}, "MOS": {"HEO": 143.56353811123032, "WKS": 162.38708237855047}}