{"NOP": {"FOH": 128.88366718320077, "QUB": 129.8285074244183}}