{"NTK": {"KOB": 134.0472401174551, "KWT": 126.7129825836229}}