{"OLY": {"NAC": 132.06401051855983, "KOW": 131.0389217055617}}