{"PRE": {"SSP": 130.37815946425246, "MOK": 129.86060996865604, "SKM": 127.04531525494774}}