{"SHT": {"FOT": 166.77632508685346, "TAW": 191.16244974603453}, "SHS": {"FAN": 161.4123405390091, "LMC": 465.31134209879446, "LOW": 261.75484809068723}, "SHW": {"CEN": 111.2774489825417, "SYP": 146.19291084296262}, "SHM": {"TSH": 226.2919758433584, "CIO": 126.70120710985255}}