{"SIH": {"TIS": 356.2579007909789, "TUM": 154.44352676596446}}