{"SKW": {"SWH": 109.27436810719186, "HFC": 158.97344967794865}, "SKM": {"PRE": 129.33380276092515, "KOT": 135.21423915850764}}