{"SSP": {"PRE": 131.8867666468249, "CSW": 122.63583361532528}}