{"STW": {"CKT": 133.56453334362567, "CIO": 142.1403851914353}}