{"SWH": {"SKW": 131.7196978718111, "TAK": 122.77930775299515}}