{"SYP": {"HKU": 117.59772845313314, "SHW": 132.8691687230823}}