{"TAP": {"UNI": 428.06344170950535, "TWO": 202.08463696051572}, "TAW": {"KOT": 349.70677944477995, "SHT": 150.13669650349647, "HIK": 170.24685333886475, "CKT": 241.11514653359146}, "TAK": {"QUB": 129.9180616802882, "SWH": 125.773522770456}}