{"TKO": {"LHP": 131.9621136649989, "HAH": 214.739396405318, "TIK": 185.4737825585687}, "TKW": {"SUW": 130.08037289999996, "HOM": 138.267382604766}}