{"TWO": {"FAN": 359.8704932232136, "TAP": 227.7170238123981}, "TWW": {"MEF": 305.9553458983378, "KSR": 659.0151433327167}, "TWH": {"KWH": 142.29732273214609, "TSW": 71.0057147578249}}