{"WCH": {"LET": 191.8342508656624, "OCP": 151.40749213256615}}