{"YAT": {"TIK": 129.94488129819408, "QUB": 255.55610831994878, "LAT": 167.10303094159926}}