{"YMT": {"MOK": 110.05858196178592, "JOR": 130.8423206331448, "HOM": 186.9768987469203}}