{"YUL": {"KSR": 255.03618659537878, "LOP": 116.66164217039083}}