{"5": {"6": 113.35314416405788, "305": 82.5137536973342}}