{"AIR": {"TSY": 1638.2872810562756, "AWE": 121.12162704631268}}