{"CIO": {"STW": 125.5025494653552, "SHM": 123.9015017488471}}