{"ETS": {"AUS": 190.35248679482086, "HUH": 150.5449686629286}}