{"FOT": {"SHT": 164.75781959612132, "UNI": 192.99733064252294}, "FOH": {"TIH": 125.27803906471554, "NOP": 121.91145685776618}}