{"HAH": {"TKO": 166.05101782824858, "POA": 125.1148423544161}}