{"HEO": {"MOS": 126.25945688556769, "TSH": 127.30202165166001}}