{"HIK": {"DIH": 320.8988942950526, "TAW": 150.03320109927716}}