{"K17-U020": {"K17-U030": 145.1362657434743}, "K17-D010": {"K17-D020": 319.72519202276544}, "K18-U020": {"K18-U030": 61.70106671217634}, "K12-D020": {"K12-D030": 383.42760544791565}, "K17-D020": {"K17-D030": 38.95254769729282}, "K18-D020": {"K18-D030": 218.97376518690066}, "K12-D030": {"K12-D040": 148.99337782209668}, "K12-D010": {"K12-D020": 152.66403678725987}, "K18-D010": {"K18-D020": 256.5094327124637}, "K12-U010": {"K12-U020": 238.32409090184734}, "K18-U010": {"K18-U020": 216.21062629297384}, "K12-U020": {"K12-U030": 214.86405170238405}, "K17-U030": {"K17-U040": 46.175350573885225}, "K17-U010": {"K17-U020": 240.79073100282704}}