{"K53-U020": {"K53-U030": 140.11402836297296, "K53-D160": 596.2023363041399}, "K51-D280": {"K51-D290": 71.37375032578686}, "K52A-D020": {"K52A-D030": 112.20062202627949}, "K52A-U080": {"K52A-U090": 78.42650533325639}, "K52-nU060": {"K52-nU070": 169.91593055799908}, "K51-U100": {"K51-U110": 194.85850139826726}, "K52-nU230": {"K52-nU240": 96.69971321757406}, "K53-U010": {"K53-U020": 255.56997225151954, "K53-D180": 1320.621392440189}, "K52A-D050": {"K52A-D060": 30.805031634123374}, "K51-D070": {"K51-D080": 60.999966934735234}, "K53-U130": {"K53-U140": 70.8999524063829}, "K51A-U110": {"K51A-U120": 139.1570611381955}, "K53-U080": {"K53-U090": 72.27815932960425}, "K51A-D250": {"K51A-D260": 99.26206159137291}, "K53-U070": {"K53-U080": 57.897882149483564}, "K51-D230": {"K51-D240": 81.54596184476347}, "K51A-D060": {"K51A-D070": 86.44733715222678}, "K52A-D120": {"K52A-D130": 39.97976739643847}, "K51A-U020": {"K51A-U030": 107.49109640011065}, "K51A-U080": {"K51A-U090": 188.60259389323}, "K52A-D010": {"K52A-D020": 315.81214116556214}, "K53-U110": {"K53-U120": 96.97136009521972}, "K51A-U070": {"K51A-U080": 215.13013197767523}, "K52A-U170": {"K52A-U180": 275.3346051104672}, "K51-U090": {"K51-U100": 137.32744697828645}, "K54-D030": {"K54-D040": 75.65243421893841}, "K52-nD120": {"K52-nD130": 38.129450382856064}, "K54-U030": {"K54-U040": 121.75155451485917}, "K51-D120": {"K51-D130": 55.411168614342515}, "K52A-D180": {"K52A-D190": 116.3697542973146}, "K51A-U120": {"K51A-U130": 147.81805624170923}, "K53-U120": {"K53-U130": 71.46733774603356}, "K51-U160": {"K51-U170": 102.95113616301369}, "K52-nU070": {"K52-nU080": 105.40411947544501}, "K52A-U050": {"K52A-U060": 53.27139906821418}, "K54-D060": {"K54-D070": 145.52716231216044}, "K53-U140": {"K53-D010": 77.84749711277546}, "K52-nD260": {"K52-nD270": 51.936933532501676}, "K51A-U180": {"K51A-U190": 97.44677574076992}, "K53-U060": {"K53-U070": 75.66139418214519}, "K52A-D040": {"K52A-D050": 15.112502492500061}, "K52A-D030": {"K52A-D040": 21.051974461073243}, "K52-nU050": {"K52-nU060": 264.6031087605063}, "K51-U070": {"K51-U080": 204.34611360312243}, "K51-D210": {"K51-D220": 202.0527540952853}, "K51A-U040": {"K51A-U050": 123.95953788291283}, "K51A-D160": {"K51A-D170": 176.6775282218387}, "K53-D120": {"K53-D130": 79.6954633354649}, "K52-nD110": {"K52-nD120": 155.05250720415464}, "K51-U110": {"K51-U120": 142.5033472530625}, "K51A-U030": {"K51A-U040": 78.74586970856572}, "K52-nD190": {"K52-nD200": 153.77188102316777}, "K51A-U010": {"K51A-U020": 41.75404592759984}, "K52-nD240": {"K52-nD250": 156.92207353302942}, "K51-D150": {"K51-D160": 195.50716877184996}, "K52-nD040": {"K52-nD050": 32.77857302088373}, "K51-D270": {"K51-D280": 101.26680564603392}, "K51A-D080": {"K51A-D090": 167.95163498426038}, "K52A-U140": {"K52A-U150": 173.7881313445957}, "K52A-D090": {"K52A-D100": 51.759496527398426}, "K52-nU300": {"K52-nU310": 40.74348383338778}, "K51-U150": {"K51-U160": 83.52397154228987}, "K53-D170": {"K53-D180": 303.969151466048}, "K52-nU100": {"K52-nU110": 187.0887654621385}, "K53-D110": {"K53-D120": 190.91032215249226}, "K51A-D070": {"K51A-D080": 92.53432932526665}, "K52A-U110": {"K52A-U120": 57.70244192544493}, "K51A-U100": {"K51A-U110": 206.45316320869037}, "K52-nD220": {"K52-nD230": 142.22400651830884}, "K53-U040": {"K53-U050": 135.12481111234518}, "K51A-D100": {"K51A-D110": 54.05778920795169}, "K53-D190": {"K53-U011": 418.96886213314895}, "K51-U120": {"K51-U130": 144.18120748007584}, "K51-U130": {"K51-U140": 75.18561979205563}, "K51-U190": {"K51-U200": 79.6548522944445}, "K52-nD010": {"K52-nD020": 17.391804684666038}, "K52-nU180": {"K52-nU190": 66.08875696342223}, "K52A-U150": {"K52A-U160": 37.412614360049034}, "K51-D040": {"K51-D050": 50.5643361512126}, "K51A-D120": {"K51A-D140": 145.15913850481445}, "K52-nU210": {"K52-nU220": 76.11505019149209}, "K53-U090": {"K53-U100": 122.8024448360336}, "K51A-U140": {"K51A-U150": 126.09049810110828}, "K53-D140": {"K53-D150": 181.64825736884785}, "K52-nD180": {"K52-nD190": 132.79303570168315}, "K52-nU120": {"K52-nU140": 114.85209914519382}, "K51-D190": {"K51-D200": 165.5724698542329}, "K54-U070": {"K54-D010": 138.5961438475346}, "K52-nU090": {"K52-nU100": 129.437675609}, "K53-D020": {"K53-D030": 98.87711143285867}, "K52-nD090": {"K52-nD100": 57.081810840757974}, "K52-nD270": {"K52-nD280": 102.43555238617576}, "K52-nU170": {"K52-nU180": 139.4438177008846}, "K52A-D140": {"K52A-D150": 106.20251673349574}, "K52A-U060": {"K52A-U070": 148.73755502759732}, "K52A-U120": {"K52A-U130": 69.48691266153988}, "K51A-U160": {"K51A-U170": 83.80597478553548}, "K51A-U230": {"K51A-U240": 36.9540722638482}, "K54-U010": {"K54-U020": 65.32756568708896}, "K53-D070": {"K53-D080": 46.70582800227756}, "K51A-U150": {"K51A-U160": 119.53370367281775}, "K53-U050": {"K53-U060": 138.10552684092355}, "K52-nU030": {"K52-nU040": 149.3928452}, "K52-nD200": {"K52-nD210": 121.4823442822044}, "K51-D030": {"K51-D040": 35.65791091399999}, "K53-D050": {"K53-D060": 92.99117653834217}, "K52-nU290": {"K52-nU300": 36.33829877091039}, "K52-nU150": {"K52-nU160": 92.36555261131001}, "K52A-U130": {"K52A-U140": 55.920460703287986}, "K53-U100": {"K53-U110": 69.59342567368542}, "K53-D060": {"K53-D070": 177.81001969092873}, "K51-D260": {"K51-D270": 57.635575647468194}, "K54-U050": {"K54-U060": 331.20150373332723}, "K54-D020": {"K54-D030": 161.47150505648787}, "K51-D110": {"K51-D120": 66.91979631393001}, "K51-U200": {"K51-U210": 87.46943540140141}, "K53-U030": {"K53-U040": 210.95278710653056}, "K52-nU260": {"K52-nU270": 57.79844890723789}, "K51-D130": {"K51-D140": 57.29772427342753}, "K53-D100": {"K53-D110": 85.27660583106083}, "K52-nD210": {"K52-nD220": 219.40207912708064}, "K51A-U200": {"K51A-U210": 68.18716376413269}, "K52-nD060": {"K52-nD070": 128.59782343422563}, "K52A-D080": {"K52A-D090": 63.40991184315601}, "K51A-U050": {"K51A-U060": 272.04207549102784}, "K51A-D180": {"K51A-D190": 136.02028436564385}, "K53-D150": {"K53-D160": 158.18075681279396}, "K52-nD230": {"K52-nD240": 172.277581069}, "K52-nU080": {"K52-nU090": 87.56583563213255}, "K53-D040": {"K53-D050": 77.29800724656569}, "K51-D250": {"K51-D260": 164.265927466561}, "K51A-D170": {"K51A-D180": 155.88953321299334}, "K54-D040": {"K54-D050": 166.32408324704224}, "K51-U170": {"K51-U180": 84.62025385430191}, "K52-nD070": {"K52-nD080": 117.16334975106352}, "K51-U030": {"K51-U040": 83.16620067150268}, "K52A-D150": {"K52A-D160": 95.32199835140418}, "K52-nU280": {"K52-nU290": 46.245473215818876}, "K52-nU270": {"K52-nU280": 170.48187395236363}, "K52-nD030": {"K52-nD040": 38.760494197708496}, "K51A-D030": {"K51A-D040": 40.2476171954505}, "K53-D180": {"K53-D190": 84.30676797406247}, "K51-U220": {"K51-U230": 70.90972941833047}, "K52-nD080": {"K52-nD090": 62.2201024983264}, "K52A-U030": {"K52A-U040": 43.65471780889639}, "K51-U230": {"K51-U240": 53.08716210529808}, "K51A-D110": {"K51A-D120": 57.68218741792638}, "K52A-D060": {"K52A-D070": 134.34591454453175}, "K52A-D160": {"K52A-D170": 141.9017234900428}, "K51A-D220": {"K51A-D230": 129.2321482092911}, "K54-U020": {"K54-U030": 176.75187934535023}, "K53-D080": {"K53-D090": 52.756439337307064}, "K51-U210": {"K51-U220": 55.28643136882628}, "K51-U180": {"K51-U190": 106.45021159171873}, "K51A-D260": {"K51A-D270": 70.15570388137921}, "K52-nD100": {"K52-nD110": 62.65304463500822}, "K52A-D170": {"K52A-D180": 117.034096999811}, "K51-U010": {"K51-U020": 43.435257115823056}, "K51A-D230": {"K51A-D240": 146.4376421629892}, "K52-nU190": {"K52-nU200": 135.7607157552151}, "K53-D160": {"K53-D170": 369.9757015258504, "K53-U011": 183.73432160978493}, "K52A-U090": {"K52A-U100": 93.67684829845942}, "K51A-U190": {"K51A-U200": 81.45315098989093}, "K52-nU020": {"K52-nU030": 99.7094415306}, "K51A-D240": {"K51A-D250": 57.424811804822}, "K52A-D100": {"K52A-D110": 60.1378972981037}, "K52A-U010": {"K52A-U015": 222.84005018261732}, "K52-nD130": {"K52-nD140": 90.47779740655503}, "K52-nD290": {"K52-nD300": 98.87144755049752}, "K51A-U210": {"K51A-U220": 72.13475393515407},