{"K66-U110": {"K66-U120": 35.477015207760644}, "K66-U160": {"K66-U170": 48.380193467722876}, "K68-D040": {"K68-D050": 108.79901700121302}, "K66-D050": {"K66-D060": 56.93450507364925}, "K65-U160": {"K65-U170": 50.725744878892904}, "K66-D070": {"K66-D080": 56.3886967551795}, "K65-D080": {"K65-D090": 61.31191582473349}, "K65-D020": {"K65-D030": 81.66776085345816}, "K65-U210": {"K65-U220": 77.28079616045125}, "K65-U130": {"K65-U140": 68.60490872825383}, "K66-D030": {"K66-D040": 82.49393995337695}, "K65-U110": {"K65-U120": 101.37147024880684}, "K66-U140": {"K66-U150": 47.876392388345536}, "K66-D040": {"K66-D050": 48.48927126380486}, "K66-D120": {"K66-D130": 72.75838049723849}, "K66-D110": {"K66-D120": 45.37200101566037}, "K68-U070": {"K68-U080": 40.24084482515001}, "K66-U190": {"K66-U200": 69.46746651713106}, "K65-D100": {"K65-D110": 203.8876904025995}, "K65-D180": {"K65-D190": 119.75894851156048}, "K66-U050": {"K66-U060": 47.71732071430971}, "K66-D020": {"K66-D030": 69.88663879078044}, "K65-D030": {"K65-D040": 75.19267379755823}, "K65-D040": {"K65-D050": 76.4504952924339}, "K65-U140": {"K65-U150": 105.54419394902175}, "K66-D090": {"K66-D100": 52.00436389525805}, "K68-D130": {"K68-D140": 60.134399593844044}, "K65-D010": {"K65-D020": 41.86793934838671}, "K65-U050": {"K65-U060": 108.57532770884809}, "K68-D070": {"K68-D080": 201.91667815960002}, "K66-U020": {"K66-U030": 200.3063973631518}, "K65-D060": {"K65-D070": 97.2578288264303}, "K65-U190": {"K65-U200": 57.342358631075115}, "K65-U150": {"K65-U160": 57.99636764320354}, "K65-U060": {"K65-U070": 37.57319860675916}, "K66-U030": {"K66-U040": 172.16251962628553}, "K65-U040": {"K65-U050": 90.41332753011594}, "K65-U020": {"K65-U030": 146.12039049023494}, "K66-U090": {"K66-U100": 55.42453974088228}, "K68-U060": {"K68-U070": 97.55699593134503}, "K65-D050": {"K65-D060": 62.88115357935343}, "K66-D080": {"K66-D090": 62.23378504586083}, "K68-D110": {"K68-D120": 88.900307633719}, "K68-U140": {"K68-U150": 44.303068920000015}, "K68-U090": {"K68-U100": 184.85574223948126}, "K65-U200": {"K65-U210": 69.90086595442082}, "K65-U180": {"K65-U190": 76.40091438058862}, "K65-D150": {"K65-D160": 99.5592870944266}, "K66-U100": {"K66-U110": 80.23161530590912}, "K68-D060": {"K68-D070": 106.94171046009001}, "K66-D140": {"K66-D150": 104.83166411673145}, "K66-U210": {"K66-U220": 49.25895018576022}, "K68-D150": {"K68-D160": 71.13190515319516}, "K65-D120": {"K65-D130": 75.62224356747716}, "K66-D190": {"K66-D200": 85.46552713496692}, "K68-U030": {"K68-U040": 25.1450821206396}, "K66-D170": {"K66-D180": 207.9596624801649}, "K68-D200": {"K68-U011": 72.77739300935846}, "K68-D030": {"K68-D040": 94.65645550000002}, "K65-D110": {"K65-D120": 116.33906814826028}, "K65-D070": {"K65-D080": 138.5429327353337}, "K66-D200": {"K66-D210": 138.1035749071992}, "K65-U070": {"K65-U080": 70.27803169424897}, "K65-U080": {"K65-U090": 167.16776316561493}, "K68-D090": {"K68-D100": 158.6122935759347}, "K65-U170": {"K65-U180": 52.775500660025294}, "K65-U090": {"K65-U100": 56.262030843422465}, "K66-D060": {"K66-D070": 46.736900946296394}, "K65-D160": {"K65-D170": 145.000194397504}, "K68-D160": {"K68-D170": 75.2019550262501}, "K66-U200": {"K66-U210": 53.8787142950617}, "K66-D150": {"K66-D160": 106.49101470259998}, "K65-U030": {"K65-U040": 114.88218388067132}, "K68-U120": {"K68-U130": 158.69896975854616}, "K66-U180": {"K66-U190": 68.84655321909102}, "K68-U010": {"K68-U020": 106.03026008289154}, "K65-U010": {"K65-U020": 311.91877635000003}, "K68-D100": {"K68-D110": 84.71617806335391}, "K68-D190": {"K68-D200": 52.01463902359205}, "K66-U170": {"K66-U180": 30.845744879143705}, "K65-U220": {"K65-U230": 90.75946058207793}, "K65-D170": {"K65-D180": 101.678954932641}, "K66-U080": {"K66-U090": 179.4851345764219}, "K66-U150": {"K66-U160": 56.787692531397134}, "K66-U120": {"K66-U130": 54.00240839301}, "K65-D090": {"K65-D100": 112.51487732135472}, "K68-U130": {"K68-U140": 156.91902784650003}, "K66-U130": {"K66-U140": 55.35222854091249}, "K68-D140": {"K68-D150": 50.289570100000006}, "K66-D220": {"K66-D230": 88.97675511822261}, "K68-U170": {"K68-D010": 172.32995957747318}, "K68-U020": {"K68-U030": 42.97290167436216}, "K65-D130": {"K65-D140": 94.76025580441116}, "K68-U110": {"K68-U120": 200.96408390431992}, "K65-D140": {"K65-D150": 100.56810275175516}, "K68-U150": {"K68-U160": 82.45959121098001}, "K66-D180": {"K66-D190": 78.26416394161839}, "K68-U040": {"K68-U050": 58.637592073046996}, "K68-U160": {"K68-U170": 63.807695286168475}, "K68-U050": {"K68-U060": 67.83874866042997}, "K65-U120": {"K65-U130": 175.6190783997212}, "K66-D010": {"K66-D020": 13.801933303123509}, "K68-U100": {"K68-U110": 211.13962732000005}, "K66-U070": {"K66-U080": 225.16678375400002}, "K66-D100": {"K66-D110": 56.36522430726582}, "K68-D080": {"K68-D090": 93.64382777720411}, "K68-D020": {"K68-D030": 79.52001851712009}, "K65A-U030": {"K65A-U040": 52.800000000000004}, "K68-D120": {"K68-D130": 195.90695807399}, "K65A-U050": {"K65A-U060": 71.5}, "K65A-U090": {"K65A-U100": 59.400000000000006}, "K65A-U100": {"K65A-U110": 84.7}, "K68-D180": {"K68-D190": 40.0494403937869}, "K66-D230": {"K66-D240": 103.38430850485324}, "K66-U040": {"K66-U050": 135.53423149446408}, "K65-U100": {"K65-U110": 156.824700206986}, "K66-D130": {"K66-D140": 43.97582540902367}, "K66-D210": {"K66-D220": 150.5387583073472}, "K66-D160": {"K66-D170": 163.40059865099997}, "K66-U010": {"K66-U020": 136.49041241138724}, "K66-U060": {"K66-U070": 163.70327432262602}, "K68-D010": {"K68-D020": 44.907362339947554}, "K68-U080": {"K68-U090": 52.096529999999994}, "K68-D050": {"K68-D060": 72.89520862735}, "K68-D170": {"K68-D180": 53.76614285097001}}