{"K74-U010": {"K74-U020": 161.31532520238963}, "K76-U030": {"K76-U040": 260.6159163174988}, "K73-U040": {"K73-U050": 112.16296398168257, "K73-U060": 226.623698481163}, "K73-U080": {"K73-U090": 291.5867289735289, "K73-U110": 419.87571067647804}, "K73-U020": {"K73-U030": 178.26607612941342}, "K75P-D080": {"K75P-U011": 141.3453801391096}, "K75A-D090": {"K75A-D100": 54.722662551374654}, "K74-D070": {"K74-D080": 261.3395653252968}, "K76-D020": {"K76-D030": 131.66433041375947}, "K73-U060": {"K73-U070": 136.76304986596176}, "K74-U060": {"K74-U070": 133.5379407147288}, "K73-U050": {"K73-U060": 116.45452345932677}, "K75A-D010": {"K75A-D020": 215.7367657933017}, "K76-U020": {"K76-U030": 165.03444321458943}, "K76-U040": {"K76-U050": 169.61852470996746}, "K73-U110": {"K73-U120": 223.35080899179246}, "K73-U090": {"K73-U100": 115.68351538051357}, "K75P-D010": {"K75P-D020": 133.8684715657208}, "K75P-U120": {"K75P-U130": 65.14848028739875}, "K75A-D100": {"K75A-D110": 101.16471794097228}, "K75P-U100": {"K75P-U110": 79.99227624673051}, "K75P-U090": {"K75P-U100": 40.71299441937644}, "K76-D030": {"K76-D040": 55.76129665105888}, "K75P-U140": {"K75P-D010": 140.040232012645}, "K76-D010": {"K76-D020": 314.3541217496893}, "K75A-D030": {"K75A-D040": 47.31582925685218}, "K75P-U110": {"K75P-U120": 88.05834605477712}, "K74-U080": {"K74-U090": 235.62691905661578}, "K73-D040": {"K73-D050": 76.84903793751906}, "K75P-U050": {"K75P-U060": 141.05616821357117}, "K75A-D060": {"K75A-D070": 36.37644816546948}, "K75P-D030": {"K75P-D040": 125.54381869284137}, "K75A-U020": {"K75A-U030": 126.06173557417807}, "K73-D030": {"K73-D040": 124.41204215025763}, "K74-U100": {"K74-D010": 128.06846604223932}, "K73-D050": {"K73-D070": 104.17978647573395}, "K75P-U080": {"K75P-U090": 41.375500689273295}, "K76-U010": {"K76-U020": 19.696411450091052}, "K73-U030": {"K73-U040": 89.03210170866961}, "K74-D020": {"K74-D030": 155.91054258437674}, "K75P-D040": {"K75P-D050": 166.02109969108648}, "K73-D110": {"K73-D120": 79.2867133238401}, "K73-D010": {"K73-D020": 82.59693475657443}, "K75P-U040": {"K75P-U050": 101.13549103660071}, "K73-U070": {"K73-U080": 155.94594967056824}, "K74-U001": {"K74-U004": 140.56846370000002}, "K73-U100": {"K73-U110": 254.86187493546913}, "K75P-U070": {"K75P-U080": 107.19655237977122}, "K73-D090": {"K73-D100": 86.51680740220388}, "K75P-U060": {"K75P-U070": 28.71238736282674}, "K73-U010": {"K73-U020": 67.48183861610207}, "K75P-U130": {"K75P-U140": 51.8416270177813}, "K73-D120": {"K73-D130": 104.34156615904931}, "K75P-D060": {"K75P-D070": 176.99478294085978}, "K73-D140": {"K73-D150": 177.2194783275339}, "K75P-D050": {"K75P-D060": 76.63883488893748}, "K74-D010": {"K74-D020": 140.86722188029245}, "K75A-D020": {"K75A-D030": 21.640821016807276}, "K75A-D110": {"K75A-U011": 159.18534378213462}, "K75A-D080": {"K75A-D090": 141.45928396396138}, "K75A-D040": {"K75A-D050": 58.26324219237101}, "K73-D020": {"K73-D030": 99.10272837686855}, "K74-D110": {"K74-U002": 174.30915699999997}, "K75A-U010": {"K75A-U020": 44.71891495269535}, "K74-U030": {"K74-U040": 281.68124843482065}, "K75P-U010": {"K75P-U020": 90.38509481604062}, "K75A-U030": {"K75A-D010": 227.3843936418645}, "K74-D040": {"K74-D050": 79.30043509000002}, "K74-D030": {"K74-D040": 116.493760955783}, "K75P-U030": {"K75P-U040": 126.02229445245544}, "K75A-D070": {"K75A-D080": 48.48596039189932}, "K73-D100": {"K73-D110": 193.53847858037707}, "K74-U040": {"K74-U050": 172.66918377037592}, "K74-D100": {"K74-D110": 82.68250924545922}, "K74-U004": {"K74-U007": 93.89672599842703}, "K74-D050": {"K74-D060": 90.91429850571555}, "K75P-D070": {"K75P-D080": 99.07810104332866}, "K74-U090": {"K74-U100": 228.5406339557266}, "K74-U050": {"K74-U060": 205.46601597789817}, "K75A-D050": {"K75A-D060": 73.85562942948158}, "K74-U020": {"K74-U030": 119.37419689999999}, "K74-D090": {"K74-U011": 76.29542828600003}, "K75P-U020": {"K75P-U030": 113.56561268362927}, "K73-D150": {"K73-D160": 52.651801694880945}, "K73-D070": {"K73-D080": 169.27791388736608}, "K74-U011": {"K74-D100": 173.9266891461669}, "K73-D080": {"K73-D090": 255.66963844002447}, "K75P-D020": {"K75P-D030": 35.26355751239045}, "K73-D130": {"K73-D140": 138.12480752252705}, "K74-D060": {"K74-D070": 155.86959726797477}, "K74-D080": {"K74-D090": 164.33672998999012}, "K74-U070": {"K74-U080": 176.32063414121004}, "K74-U007": {"K74-U010": 238.17453497805}}