{"KOW": {"HOK": 177.74210006332282, "OLY": 131.3936280725224, "TSY": 516.6715368196703}, "KOT": {"TAW": 283.0694491456014, "MKK": 147.42729083125863, "LOF": 124.84149231609422, "SKM": 130.4986513254642}, "KOB": {"CHH": 160.48239063038824, "NTK": 127.54064799749817}}