{"KSR": {"TWW": 665.629686539014, "YUL": 240.49375963112453}}