{"KWF": {"LAK": 147.00452079206838, "KWH": 120.2320586282589}, "KWT": {"NTK": 126.17043588676896, "LAT": 132.0627384794445}, "KWH": {"KWF": 130.59650968079706, "TWH": 182.76750346859998}}