{"LAK": {"NAC": 253.04815295549056, "TSY": 183.53143824983147, "MEF": 141.94557366443811, "KWF": 151.53626667938383}, "LAT": {"YAT": 124.83046081810328, "KWT": 132.16095124972733}}