{"LET": {"WCH": 162.64372971272266, "SOH": 106.09958576283586}}