{"LOP": {"YUL": 125.69544756062324, "TIS": 178.30596298470311}, "LOF": {"KOT": 129.34350878450704, "WTS": 132.05725734705177}, "LOW": {"SHS": 211.46796226671768}}