{"MEF": {"TWW": 320.2846375781949, "NAC": 184.4751916003549, "LCK": 132.35181509835627, "LAK": 123.42109061867407}}