{"MKK": {"HUH": 198.9371110331644, "KOT": 157.0564635849191}}