{"NAC": {"LAK": 267.4970686742326, "AUS": 206.28847351961798, "OLY": 99.93907278426889, "MEF": 185.61691697598374}}