{"NOP": {"QUB": 106.5404123153575, "FOH": 131.74808853217382}}