{"OCP": {"ADM": 287.63196327937806, "WCH": 130.34201070262642}}