{"OLY": {"NAC": 130.9931460473786, "KOW": 131.4600977777628}}