{"SHT": {"TAW": 169.03513965170134, "FOT": 155.3331739676819}, "SHS": {"LOW": 261.7548282971277, "FAN": 134.9025850970531, "LMC": 466.1943313801165}, "SHW": {"CEN": 113.1974403157396, "SYP": 150.64075209250862}, "SHM": {"CIO": 115.63120875987997, "TSH": 221.27537325276006}}