{"SKM": {"PRE": 127.52839255904789, "KOT": 146.3118107328068}, "SKW": {"SWH": 110.29936513608786, "HFC": 153.27078197036786}}