{"SSP": {"PRE": 130.75691138699997, "CSW": 124.44610847471847}}