{"STW": {"CKT": 116.31068022794443, "CIO": 130.64693158750697}}