{"SWH": {"SKW": 113.2651165370833, "TAK": 128.90585950166047}}