{"TAP": {"UNI": 385.643264778454, "TWO": 178.27448647328387}, "TAW": {"SHT": 129.95607708590927, "CKT": 174.67266985134333, "KOT": 272.7658692532272, "HIK": 153.63398556601126}, "TAK": {"QUB": 134.6508098736095, "SWH": 124.4458840403724}}