{"TWW": {"MEF": 309.43111250847767, "KSR": 677.3206006654493}, "TWO": {"FAN": 303.8224159242273, "TAP": 170.02406760324072}, "TWH": {"KWH": 164.92619446077597, "TSW": 73.91318668927413}}