{"UNI": {"FOT": 187.8282168357778, "TAP": 366.66909212257724}}