{"WCH": {"LET": 186.49269160290552, "OCP": 122.35477301134702}}