{"YUL": {"KSR": 247.55513549956927, "LOP": 130.7283870167046}}