{"AIR": {"TSY": 1415.6876194809797, "AWE": 122.15550444765829}}