{"AUS": {"NAC": 205.23294241673216, "ETS": 185.46000000000004}}