{"CSW": {"LCK": 130.68156651257513, "SSP": 130.65373851825734}}