{"DIS": {"SUN": 198.58233387484285}, "DIH": {"CHH": 127.59498329358246, "HIK": 313.00436608322195, "WTS": 129.7314359614117, "KAT": 150.21434000000002}}