{"FOT": {"SHT": 177.48398273784593, "UNI": 218.2784159227835}, "FOH": {"TIH": 123.92502338607332, "NOP": 126.84854925436139}}