{"HAH": {"TKO": 149.5235285774814, "POA": 124.94094159507688}}