{"HEO": {"MOS": 123.62273789120968, "TSH": 133.34210654999998}}