{"HFC": {"SKW": 140.2625833525685, "CHW": 118.45989450807198}}