{"HIK": {"DIH": 332.98693762340906, "TAW": 157.2122646456726}}