{"HKU": {"SYP": 125.3144044036757, "KET": 95.35495581530064}}