{"HOM": {"YMT": 179.26883757596957, "HUH": 133.09593, "TKW": 135.67556287751458, "WHA": 78.3416227057209}, "HOK": {"KOW": 188.49576009082992}}