{"HUH": {"EXC": 221.8848019616524, "MKK": 231.18934933881025, "ETS": 195.9522029874, "HOM": 144.12818146934887}}