{"JOR": {"TST": 120.06657221318923, "YMT": 130.0356886780206}}