{"K18-D020": {"K18-D030": 26.600692350458985}, "K17-U030": {"K17-U040": 28.51647373788486}, "K17-U010": {"K17-U020": 220.33265065462356}, "K18-U010": {"K18-U020": 234.32382523033553}, "K17-D010": {"K17-D020": 267.2216003131324}, "K18-U020": {"K18-U030": 55.6029064690581}, "K17-D020": {"K17-D030": 33.02320004616233}, "K17-U020": {"K17-U030": 114.18009007868496}, "K18-D010": {"K18-D020": 239.98865544566402}}