{"K65-U210": {"K65-U220": 73.70000000000002}, "K65-U160": {"K65-U170": 22.330000000000002}, "K65-U220": {"K65-U230": 72.31}, "K65-U170": {"K65-U180": 51.7}, "K65-U150": {"K65-U160": 52.800000000000004}, "K65-U180": {"K65-U190": 71.5}, "K65-U200": {"K65-U210": 41.800000000000004}}