{"KOT": {"MKK": 203.67594920329418, "LOF": 118.89449394261722, "TAW": 322.60508314841366, "SKM": 129.61813882488005}, "KOW": {"TSY": 523.1663641375368, "OLY": 132.64489591096876, "HOK": 177.7421002097681}, "KOB": {"NTK": 128.28563772555597, "CHH": 160.240068929394}}