{"KSR": {"YUL": 244.53680297524016, "TWW": 487.16035377206634}}