{"KWT": {"LAT": 125.3498723518272, "NTK": 116.44005642377147}, "KWF": {"KWH": 130.52530298374177, "LAK": 152.96969251467402}, "KWH": {"KWF": 128.74824941075377, "TWH": 140.02996153174348}}