{"LET": {"WCH": 173.89848593662384, "SOH": 109.39840085688715}}