{"LOW": {"SHS": 259.2042520144025}, "LOP": {"YUL": 121.87448043999999, "TIS": 190.7544447490813}, "LOF": {"WTS": 126.25849462990277, "KOT": 130.49765934471017}}