{"MKK": {"KOT": 258.28044590010364, "HUH": 202.98181440492922}}