{"NAC": {"LAK": 261.2939220973907, "OLY": 87.26134319542652, "AUS": 211.52132440124174, "MEF": 183.21762529882687}}