{"NOP": {"FOH": 131.45116581769202, "QUB": 131.99920256072443}}