{"OCP": {"WCH": 132.62533800294523, "ADM": 287.6319588650426}}