{"PRE": {"SSP": 131.78227159191812, "MOK": 127.57650762435382, "SKM": 127.30639825911248}}