{"QUB": {"YAT": 266.9623706987678, "TAK": 122.61536656293985, "NOP": 127.0168045873954}}