{"SHS": {"LMC": 487.6136413917969, "FAN": 152.96880825482563, "LOW": 261.75493247375704}, "SHM": {"TSH": 236.62510326563103, "CIO": 114.11450756918597}, "SHT": {"TAW": 197.7290137105293, "FOT": 233.5199940242262}, "SHW": {"SYP": 133.27275564187636, "CEN": 126.94543538796447}}