{"SIH": {"TUM": 154.45279484480142, "TIS": 367.5654983092984}}