{"STW": {"CKT": 131.4699811286758, "CIO": 170.07372794400004}}