{"TAW": {"KOT": 331.5783026056576, "CKT": 245.41792834684375, "SHT": 243.27535580647069, "HIK": 188.30152030730466}, "TAP": {"UNI": 421.4477887032329, "TWO": 224.44341475129607}, "TAK": {"QUB": 131.6059644498682, "SWH": 127.76461890696069}}