{"TKO": {"TIK": 194.11306679678526, "LHP": 131.81191962390145, "HAH": 238.63589724159087}, "TKW": {"HOM": 130.23471896753372, "SUW": 130.791696}}