{"TSY": {"SUN": 470.28317987758174, "LAK": 197.58609472125818, "AIR": 1570.865859888437, "KOW": 452.21985273556436}, "TSH": {"SHM": 236.5917742029265, "HEO": 156.64788876793983}, "TST": {"ADM": 199.69299053449944, "JOR": 109.70455287788545}, "TSW": {"TWH": 99.76761679302251}}