{"WAC": {"CAB": 180.79675287092857, "ADM": 130.99906133349944}}