{"WTS": {"LOF": 125.33366933295126, "DIH": 119.21629451495407}}