{"YMT": {"MOK": 104.4402253477379, "JOR": 129.90256480858474, "HOM": 181.47360933764008}}