{"YUL": {"KSR": 252.5146197258774, "LOP": 104.78379539399998}}