{"5": {"305": 74.07719572118421, "6": 119.44035094591541}}