{"CIO": {"SHM": 134.6940511441395, "STW": 132.33979260600003}}