{"DIS": {"SUN": 198.58233387484285}, "DIH": {"HIK": 299.30824067118505, "KAT": 152.54201429999998, "CHH": 128.54923239976634, "WTS": 121.33068061730401}}