{"EXC": {"HUH": 209.6903571216937, "ADM": 63.68905876691034}}