{"FOT": {"UNI": 182.14073341038846, "SHT": 175.47435714610015}, "FOH": {"TIH": 127.80844429983537, "NOP": 125.47985514021119}}