{"HEO": {"MOS": 124.07955769282235, "TSH": 135.16031701999998}}