{"HOK": {"KOW": 195.71186741407598}, "HOM": {"HUH": 132.92255795639994, "TKW": 119.07820532499518, "YMT": 158.26803880868977, "WHA": 80.81804918327053}}