{"KAT": {"SUW": 126.3785924429213, "DIH": 136.6079034920125}}