{"KSR": {"YUL": 244.77043957918605, "TWW": 513.1940205878823}}