{"MEF": {"TWW": 341.56472272669714, "NAC": 186.34409507540303, "LAK": 131.69812788751074, "LCK": 134.9074321380638}}