{"MOS": {"HEO": 144.43905953843472, "WKS": 173.91917763143317}, "MOK": {"PRE": 118.70667873948173, "YMT": 125.5615043649452}}