{"NAC": {"AUS": 209.02325909320894, "OLY": 97.4731800216347, "LAK": 253.3173457415865, "MEF": 186.6697469705276}}