{"NOP": {"FOH": 126.96997378315227, "QUB": 129.25097334775228}}