{"OCP": {"ADM": 287.6319603695046, "WCH": 131.898657951761}}