{"OLY": {"NAC": 132.5977855041908, "KOW": 130.59410643782002}}