{"QUB": {"YAT": 268.2071428853164, "TAK": 122.28895084320088, "NOP": 124.7591369508591}}