{"SSP": {"CSW": 123.06919428181968, "PRE": 131.13919726314603}}