{"STW": {"CKT": 133.54261576657237, "CIO": 147.20505269513933}}