{"SWH": {"TAK": 125.3954295327652, "SKW": 121.50176097572789}}