{"SYP": {"HKU": 106.36497022884278, "SHW": 146.00631121614458}}