{"TAW": {"KOT": 301.34585966132215, "SHT": 129.41461668143842, "CKT": 182.50229266264336, "HIK": 165.74538926405478}, "TAP": {"UNI": 357.524156454008, "TWO": 182.00624567351366}, "TAK": {"QUB": 124.72860960560467, "SWH": 118.5250190211963}}