{"TIK": {"YAT": 138.2172121365408, "TKO": 237.346593009368}, "TIH": {"CAB": 126.19658046556269, "FOH": 99.49954788772278}, "TIS": {"LOP": 186.32649601584853, "SIH": 324.8080079422701}}