{"TUC": {"SUN": 649.1698394486798}, "TUM": {"SIH": 152.14703829881677}}