{"UNI": {"TAP": 383.8841334265054, "FOT": 198.9472834832407}}