{"WAC": {"CAB": 171.31277292679704, "ADM": 130.78679339454285}}