{"YAT": {"TIK": 161.21993201444602, "QUB": 254.1567586236566, "LAT": 145.63840676369622}}