{"TIK": {"YAT": 127.162708, "TKO": 280.7574000000001}, "TIH": {"CAB": 122.28, "FOH": 66.0}, "TIS": {"LOP": 185.0}}