{"TWO": {"FAN": 210.71407451211653, "TAP": 211.20000000000002}, "TWH": {"KWH": 132.0}}