{"CIO": {"STW": 146.98539315, "SHM": 144.39386144}}