{"CSW": {"LCK": 131.63780341537213, "SSP": 107.57130000000002}}