{"DIS": {"SUN": 198.58233387484285}, "DIH": {"WTS": 119.84784047692747, "KAT": 179.61559308400004, "CHH": 122.43159235765283, "HIK": 317.4279714494948}}