{"HAH": {"POA": 124.04220828262973, "TKO": 99.58052396539064}}