{"KOT": {"MKK": 185.58115306103065, "LOF": 115.21573846738393, "TAW": 265.88854796221665, "SKM": 134.22157439016524}, "KOB": {"NTK": 128.2285047623245, "CHH": 156.85642034579712}, "KOW": {"HOK": 177.7421002176531, "OLY": 131.30799464556543, "TSY": 562.6920206725414}}