{"KSR": {"YUL": 250.52542684716386, "TWW": 695.8336289994451}}