{"KWF": {"KWH": 119.63419123923276, "LAK": 119.21411462680162}, "KWT": {"NTK": 114.54591628496921, "LAT": 121.12223717832312}, "KWH": {"KWF": 117.84632769708927, "TWH": 146.44747856955854}}