{"LAK": {"MEF": 137.01629968486128, "TSY": 192.55051019010887, "NAC": 268.70905419439134, "KWF": 138.59553702058798}, "LAT": {"YAT": 90.24727930843724, "KWT": 131.5430303262}}