{"LCK": {"CSW": 115.26130688164153, "MEF": 129.28127624106835}}