{"LET": {"WCH": 158.4015412275803, "SOH": 96.68323718051279}}