{"LOF": {"WTS": 120.32346496116664, "KOT": 131.01853476120004}, "LOW": {"SHS": 261.75477369212416}, "LOP": {"TIS": 186.99580179072325, "YUL": 131.02800000000002}}