{"MKK": {"HUH": 299.96570277948985, "KOT": 157.99734861568345}}