{"MOK": {"PRE": 106.02820908078021, "YMT": 110.38627918012087}, "MOS": {"HEO": 156.40545600000004, "WKS": 162.07517648308936}}