{"NOP": {"QUB": 124.06812018756258, "FOH": 114.911151621225}}