{"OCP": {"ADM": 287.63195720773166, "WCH": 117.42557427037517}}