{"OLY": {"KOW": 129.4789174859754, "NAC": 131.66863443822905}}