{"QUB": {"TAK": 122.2650683328699, "YAT": 256.1345912850267, "NOP": 123.39349379150963}}