{"SSP": {"CSW": 127.28149365522249, "PRE": 122.05801999999998}}