{"SUN": {"DIS": 198.58233387484285, "TUC": 823.8869590938054, "TSY": 572.2164467088703}, "SUW": {"KAT": 121.37172899999996, "TKW": 154.0}}