{"SWH": {"SKW": 129.35309174833696, "TAK": 94.53250030291574}}