{"SYP": {"HKU": 108.41778632262951, "SHW": 135.823692069322}}