{"TSY": {"KOW": 522.4946568160295, "LAK": 190.11891305667035, "AIR": 1510.2365558548975, "SUN": 657.5581893286442}, "TST": {"JOR": 113.5382557861933, "ADM": 187.99476870885601}, "TSH": {"SHM": 224.21369110774305, "HEO": 134.18356843654655}, "TSW": {"TWH": 127.95664465043869}}