{"TWO": {"FAN": 335.3395618331685, "TAP": 155.8355402065719}, "TWH": {"KWH": 138.09824038451504, "TSW": 69.25100552946215}, "TWW": {"MEF": 334.238209318302, "KSR": 643.8151433327166}}