{"YMT": {"JOR": 132.34019481117812, "MOK": 114.11643358584983, "HOM": 164.47983180692216}}