{"AIR": {"TSY": 1715.5397848770622, "AWE": 310.75224010433584}}