{"AUS": {"NAC": 192.82528071313112, "ETS": 168.29088064641996}}