{"CHH": {"DIH": 135.06806588073414, "KOB": 129.39911620068855}, "CHW": {"HFC": 177.54105453211918}}