{"CKT": {"STW": 142.43494322636246, "TAW": 136.92125278229454}}