{"CSW": {"LCK": 131.63424426967822, "SSP": 100.04396278207301}}