{"DIS": {"SUN": 198.58233387484285}, "DIH": {"WTS": 120.24226979657514, "KAT": 178.80710871142867, "HIK": 300.53486505349645, "CHH": 113.09793679222916}}