{"ETS": {"AUS": 180.01516717754436, "HUH": 400.5973977869925}}