{"EXC": {"HUH": 166.74931079294845, "ADM": 63.153301472565886}}