{"FOH": {"TIH": 90.11335334, "NOP": 147.54411953558082}, "FOT": {"UNI": 190.987664149533, "SHT": 176.1235993835957}}