{"HAH": {"POA": 130.92291868897667, "TKO": 153.92338344875617}}