{"HUH": {"ETS": 493.7700870551339, "MKK": 176.001167207572, "EXC": 232.57227720663712, "HOM": 135.660662235612}}