{"K76-U030": {"K76-U040": 163.10085230802494}, "K73-U080": {"K73-U110": 151.50094011641914}, "K76-D010": {"K76-D020": 170.41630765636813}, "K74-D020": {"K74-D030": 145.02424289778008}}