{"KAT": {"SUW": 130.94858248999998, "DIH": 153.88005481874964}}