{"KSR": {"TWW": 737.874743281961, "YUL": 249.473486326328}}