{"KWT": {"LAT": 119.53442703216187, "NTK": 102.05534384168197}, "KWF": {"KWH": 116.91413277369784, "LAK": 109.8945757522772}, "KWH": {"TWH": 162.9278919573864, "KWF": 110.85741252072698}}