{"LOF": {"KOT": 131.31640997162035, "WTS": 112.1884295208479}, "LOW": {"SHS": 261.7548565289942}, "LOP": {"YUL": 130.86609771279478, "TIS": 197.6849781299164}}