{"LR425": {"LR380": 140.90970975496236, "LR430": 140.34078740041576}, "LR380": {"LR425": 134.85783622425154, "LR390": 154.47975614109913}, "LR455": {"LR500": 131.99999999999983}, "LR150": {"LR140": 131.99999999999983}, "LR265": {"LR920": 131.99999999999983}, "LR435": {"LR430": 131.99999999999983}, "LR240": {"LR001": 131.99999999999983}, "LR010": {"LR001": 131.99999999999983}, "LR590": {"LR600": 133.98835494457435}, "LR445": {"LR430": 131.99999999999983}, "LR340": {"LR100": 131.99999999999983}, "LR110": {"LR100": 131.99999999999983}, "LR510": {"LR500": 131.99999999999983}, "LR390": {"LR380": 154.47975614109913}, "LR600": {"LR590": 143.49268050428537}, "LR430": {"LR425": 140.34078740041576}, "LR448": {"LR445": 131.99999999999986}, "LR480": {"LR550": 131.99999999999983}, "LR450": {"LR435": 131.99999999999983}}