{"MEF": {"LCK": 104.1695857778617, "TWW": 302.7380330615075, "NAC": 186.70167260880729, "LAK": 141.82935011699576}}