{"MKK": {"KOT": 157.17157210888445, "HUH": 320.864853956071}}