{"MOK": {"PRE": 77.5007431860903, "YMT": 112.13043198917754}, "MOS": {"HEO": 155.49553028951445, "WKS": 172.6943531911212}}