{"NAC": {"LAK": 258.9075133341396, "AUS": 209.20093391638625, "OLY": 126.69999609370866, "MEF": 201.03011703699684}}