{"NTK": {"KWT": 126.02683100000004, "KOB": 129.3868878456026}}