{"OCP": {"ADM": 287.63195542542576, "WCH": 114.39322734687252}}