{"OLY": {"NAC": 132.28052007643007, "KOW": 134.62291519824603}}