{"PRE": {"MOK": 106.24223792201602, "SKM": 106.54714178634008, "SSP": 146.91696636287529}}