{"SHS": {"FAN": 159.81570617413988, "LMC": 545.7564689041549, "LOW": 261.7548826463982}, "SHT": {"TAW": 176.8977461375178, "FOT": 215.7186231377635}, "SHM": {"CIO": 132.78897582229118, "TSH": 244.3066975862956}, "SHW": {"CEN": 110.66522811789999, "SYP": 118.6627168007357}}