{"SIH": {"TIS": 313.15135419754705, "TUM": 154.45115168559687}}