{"SKW": {"SWH": 108.49731110296173, "HFC": 202.3210807605496}, "SKM": {"PRE": 102.72775300000004, "KOT": 114.51633109578579}}