{"SSP": {"CSW": 131.83868745123632, "PRE": 127.83209255943932}}