{"SWH": {"TAK": 94.87792084177626, "SKW": 127.87157026417006}}