{"SYP": {"SHW": 136.29159202889178, "HKU": 107.61012074012066}}