{"TAW": {"KOT": 335.91763843095237, "HIK": 171.6995117805746, "CKT": 141.31496002129998, "SHT": 319.14842160687397}, "TAK": {"QUB": 117.52155415581358, "SWH": 107.03261260202744}, "TAP": {"UNI": 417.8214191443568, "TWO": 125.71995526999999}}