{"TKO": {"LHP": 131.83474970250205, "TIK": 317.16213871486633, "HAH": 178.81810935082203}, "TKW": {"HOM": 138.20459864892663, "SUW": 130.02616435307996}}