{"TSY": {"KOW": 443.79700754153237, "LAK": 198.35491844618514, "AIR": 1583.1123219011743, "SUN": 446.2268502439962}, "TSH": {"HEO": 125.949958565, "SHM": 233.0326503124201}, "TST": {"JOR": 127.09610821268902, "ADM": 200.69379865338811}, "TSW": {"TWH": 110.44465577704003}}