{"TUM": {"SIH": 163.0646327056209}, "TUC": {"SUN": 483.02289678151817}}