{"TWW": {"MEF": 311.2284254638787, "KSR": 512.5733537720664}, "TWO": {"FAN": 326.84660040088477, "TAP": 156.16389933432745}, "TWH": {"KWH": 127.11184393557092, "TSW": 73.60731808735218}}