{"UNI": {"TAP": 410.84167041151323, "FOT": 230.76207852344496}}