{"WAC": {"ADM": 123.49989264830091, "CAB": 134.10533153357144}}