{"WTS": {"DIH": 110.14068161590244, "LOF": 119.42933961194115}}