{"YAT": {"QUB": 265.9752816159472, "LAT": 155.1045933562435, "TIK": 163.48845337341552}}