{"YMT": {"MOK": 121.24378554925292, "HOM": 165.030829999057, "JOR": 132.1690812393525}}