{"1": {"2": 128.47051259139215, "6": 224.7890319923966}}