{"5": {"305": 82.96529797979534, "6": 120.26652322420637}}