{"AUS": {"NAC": 210.7219511150728, "ETS": 145.963311}}