{"CHH": {"KOB": 123.04494918122388, "DIH": 114.01891968271347}, "CHW": {"HFC": 86.88991593102529}}