{"CIO": {"SHM": 126.411333706356, "STW": 124.58474010648786}}