{"CSW": {"SSP": 132.52495476259497, "LCK": 130.97271654657328}}