{"DIS": {"SUN": 198.58233387484285}, "DIH": {"CHH": 127.68435633929144, "HIK": 315.87358138251585, "WTS": 105.43880716632948, "KAT": 152.41207235548}}