{"FOT": {"UNI": 181.4473184909489, "SHT": 160.18379268995156}, "FOH": {"TIH": 122.56122338773848, "NOP": 128.23680025898562}}