{"HAH": {"TKO": 146.63947383762152, "POA": 126.48988499171938}}