{"HEO": {"MOS": 120.7563790501579, "TSH": 128.70330270000002}}