{"HFC": {"SKW": 140.8984555562935, "CHW": 122.5061997727482}}