{"HOK": {"KOW": 193.65731606100547}, "HOM": {"YMT": 117.02836383933325, "TKW": 117.85038135783273, "WHA": 85.67392521158712, "HUH": 138.0464680717502}}