{"JOR": {"YMT": 127.77245699935165, "TST": 126.28158633197909}}