{"K18-U010": {"K18-U020": 236.4856635290158}, "K12-D010": {"K12-D020": 174.24044122161516}, "K12-U020": {"K12-U030": 247.29144868513222}, "K17-U020": {"K17-U030": 145.6664196818865}, "K12-D020": {"K12-D030": 363.85190459892726}, "K17-D020": {"K17-D030": 73.05433825201168}, "K18-D020": {"K18-D030": 115.7839051217829}, "K17-U030": {"K17-U040": 49.97021742387268}, "K17-D010": {"K17-D020": 317.91091776062257}, "K12-D030": {"K12-D040": 39.84572263017049}, "K18-U020": {"K18-U030": 77.5918397711692}, "K12-U010": {"K12-U020": 292.86172738510425}, "K17-U010": {"K17-U020": 293.97382756939766}, "K18-D010": {"K18-D020": 247.4327676246368}, "K14-D020": {"K14-D030": 15.677420000000001}}