{"K51-U190": {"K51-U200": 73.03208255229046}, "K53-U070": {"K53-U080": 51.035386368221324}, "K51-U140": {"K51-U150": 55.40653645309867}, "K53-U120": {"K53-U130": 68.40465111094474}, "K51-U220": {"K51-U230": 66.17324379887762}, "K53-U020": {"K53-U030": 142.128504856286, "K53-D160": 804.933726254917}, "K51A-U160": {"K51A-U170": 76.84539107133064}, "K51-D080": {"K51-D090": 117.1131241496774}, "K52-nU010": {"K52-nU020": 37.85882716233382}, "K51A-D010": {"K51A-D020": 52.21499961710897}, "K53-U080": {"K53-U090": 71.07803323098156}, "K52-nU180": {"K52-nU190": 63.37154635636472}, "K51-D090": {"K51-D100": 108.85911632632614}, "K53-U040": {"K53-U050": 119.82425831687677}, "K51A-D020": {"K51A-D030": 122.31465470000822}, "K52-nU290": {"K52-nU300": 82.06471076055979}, "K52A-D050": {"K52A-D060": 31.415879186647487}, "K52-nU270": {"K52-nU280": 167.8094481655381}, "K51-D250": {"K51-D260": 140.5479583444366}, "K51-U150": {"K51-U160": 76.86704839465328}, "K51-U130": {"K51-U140": 68.56632254920144}, "K51A-U110": {"K51A-U120": 132.84796700991197}, "K53-U090": {"K53-U100": 114.21369782308582}, "K52A-U090": {"K52A-U100": 95.4837400707112}, "K54-D060": {"K54-D070": 148.39191243510845}, "K51A-D120": {"K51A-D140": 140.85205036288914}, "K52-nU110": {"K52-nU120": 170.31978988223614}, "K51-D170": {"K51-D180": 120.06192126544401}, "K51A-D210": {"K51A-D220": 78.42076742731498}, "K51A-D110": {"K51A-D120": 55.057085689015956}, "K52A-D030": {"K52A-D040": 24.3069117656949}, "K52-nD230": {"K52-nD240": 159.57410543462555}, "K53-D080": {"K53-D090": 59.74403901174683}, "K52A-U060": {"K52A-U070": 132.40103388643837}, "K53-U060": {"K53-U070": 72.73966915239504}, "K52-nD270": {"K52-nD280": 107.93296719130653}, "K53-U140": {"K53-D010": 83.22157783765772}, "K52-nD280": {"K52-nD290": 99.88541640601636}, "K51A-U230": {"K51A-U240": 39.02407335077852}, "K51A-D150": {"K51A-D160": 128.32057090523443}, "K52-nD190": {"K52-nD200": 166.22695059642533}, "K51A-U120": {"K51A-U130": 159.6246400764749}, "K53-D090": {"K53-D100": 57.05561618156887}, "K51-U120": {"K51-U130": 148.91193957224363}, "K54-D040": {"K54-D050": 160.02728766893233}, "K52-nD160": {"K52-nD170": 167.12122602174912}, "K52-nD210": {"K52-nD220": 195.08351166143382}, "K54-U040": {"K54-U050": 164.1325594491496}, "K51A-D200": {"K51A-D210": 271.97216246144296}, "K53-D040": {"K53-D050": 86.01880814896418}, "K51-D240": {"K51-D250": 134.84483369444928}, "K53-D050": {"K53-D060": 97.89839190705962}, "K51-D110": {"K51-D120": 57.240802699313555}, "K52-nU250": {"K52-nU260": 81.2016687046785}, "K52A-U050": {"K52A-U060": 56.74834788896584}, "K53-U100": {"K53-U110": 73.11295605964526}, "K52A-D070": {"K52A-D080": 98.64038566129436}, "K52-nU240": {"K52-nU250": 65.10732915871895}, "K51A-U010": {"K51A-U020": 44.47427981233871}, "K52-nD090": {"K52-nD100": 51.30926604427738}, "K54-U060": {"K54-U070": 227.16423349315542}, "K52A-U100": {"K52A-U110": 78.68974093203347}, "K51-D260": {"K51-D270": 56.583604707499}, "K52-nU200": {"K52-nU210": 80.39234727508679}, "K54-U030": {"K54-U040": 132.6125124707448}, "K52-nD030": {"K52-nD040": 40.08270380208753}, "K52-nD290": {"K52-nD300": 93.10490068949534}, "K51A-U240": {"K51A-U250": 73.3413087801683}, "K51-U050": {"K51-U060": 284.8392186467337}, "K51-U210": {"K51-U220": 52.037924634809485}, "K58-U190": {"K58-U200": 115.50000000000001}, "K51A-U140": {"K51A-U150": 51.65694723852349}, "K51A-U090": {"K51A-U100": 165.58372288099196}, "K52A-D020": {"K52A-D030": 27.436593654731933}, "K51A-D140": {"K51A-D150": 88.81574847430679}, "K52-nD100": {"K52-nD110": 64.19046939625596}, "K52A-U140": {"K52A-U150": 182.76584987968053}, "K52A-D170": {"K52A-D180": 103.6635035384033}, "K51-U040": {"K51-U050": 130.11086917770942}, "K52-nU020": {"K52-nU030": 104.77794780475992}, "K51A-D060": {"K51A-D070": 79.61152201187713}, "K52A-D090": {"K52A-D100": 51.095662088888126}, "K52-nD130": {"K52-nD140": 89.23394062032189}, "K52A-U110": {"K52A-U120": 61.538356011446716}, "K53-D160": {"K53-D170": 452.32570878887907, "K53-U011": 206.10682024259955}, "K51-U240": {"K51-U250": 111.72150966097456}, "K52-nU060": {"K52-nU070": 187.76288687533793}, "K52A-D160": {"K52A-D170": 175.0198112134074}, "K52-nU170": {"K52-nU180": 139.5415119021193}, "K52-nD140": {"K52-nD150": 114.01461301577888}, "K52A-D010": {"K52A-D020": 332.3390703954085}, "K53-D150": {"K53-D160": 167.84932573728028}, "K52A-D130": {"K52A-D140": 81.02331447811989}, "K51A-U170": {"K51A-U180": 78.14253253132665}, "K52-nD200": {"K52-nD210": 131.35266384079623}, "K53-D110": {"K53-D120": 185.2517142623397}, "K53-U130": {"K53-U140": 61.1986556889565}, "K52-nU080": {"K52-nU090": 84.65742618747038}, "K52A-U040": {"K52A-U050": 122.15744572401563}, "K51A-D030": {"K51A-D040": 49.18693634768588}, "K51A-U060": {"K51A-U070": 304.29204172614766}, "K51A-D050": {"K51A-D060": 81.46155675825186}, "K53-D130": {"K53-D140": 116.14685610134302}, "K52-nD220": {"K52-nD230": 141.27403960838464}, "K52-nU280": {"K52-nU290": 35.83687102896353}, "K51-D070": {"K51-D080": 66.27441813882719}, "K51-D220": {"K51-D230": 268.9815794770912}, "K52A-D100": {"K52A-D110": 62.061601455522904}, "K52A-U130": {"K52A-U140": 64.5216520001964}, "K54-U050": {"K54-U060": 419.05283328035114}, "K54-D030": {"K54-D040": 60.93801560659229}, "K51A-U130": {"K51A-U140": 72.84081821616448}, "K54-D010": {"K54-D020": 120.21259042215164}, "K52-nU050": {"K52-nU060": 259.6142348241574}, "K52A-U150": {"K52A-U160": 38.14668750959362}, "K52-nD110": {"K52-nD120": 147.83983243318113}, "K53-D120": {"K53-D130": 77.1191717200854}, "K51-U020": {"K51-U030": 140.4649883761385}, "K51A-D240": {"K51A-D250": 58.66844876688286}, "K51-D160": {"K51-D170": 87.26087777744496}, "K52-nD080": {"K52-nD090": 70.6556277288}, "K52-nU230": {"K52-nU240": 86.56563180437374}, "K53-D140": {"K53-D150": 191.16091059512064}, "K52A-D080": {"K52A-D090": 64.60704474257881}, "K52-nU300": {"K52-nU310": 39.8060117416381}, "K51-D190": {"K51-D200": 174.724191187979}, "K51A-D260": {"K51A-D270": 59.34068493856334}, "K53-D015": {"K53-D020": 56.804756102942335}, "K54-U010": {"K54-U020": 77.81978890938805}, "K51A-U180": {"K51A-U190": 98.7890701112081}, "K51A-D070": {"K51A-D080": 98.60076958108644}, "K51A-D100": {"K51A-D110": 62.297882624980446}, "K51A-D160": {"K51A-D170": 193.02945689645338}, "K53-U030": {"K53-U040": 201.77628495462997}, "K51A-U100": {"K51A-U110": 207.82016058828563}, "K53-D070": {"K53-D080": 48.92372485964514}, "K52A-D140": {"K52A-D150": 118.0518297625157}, "K54-D020": {"K54-D030": 232.95698481633562}, "K52-nU260": {"K52-nU270": 48.39740121839781}, "K51-U090": {"K51-U100": 154.0072222596196}, "K52-nD020": {"K52-nD030": 31.58485165046463}, "K53-U110": {"K53-U120": 92.35165706702436}, "K52-nD240": {"K52-nD250": 162.17375132892033}, "K53-U050": {"K53-U060": 141.97152875773077}, "K52A-U160": {"K52A-U170": 22.80779907083205}, "K53-D010": {"K53-D015": 113.0655928517612}, "K51-U030": {"K51-U040": 69.22528759874383}, "K52-nD010": {"K52-nD020": 14.886929867141424}, "K51-U160": {"K51-U170": 110.90171981032668}, "K54-U070": {"K54-D010": 170.09115652656985}, "K52-nD070": {"K52-nD080": 100.37530843150554}, "K53-D060": {"K53-D070": 175.33144815838074}, "K51-U180": {"K51-U190": 102.9906747092496}, "K52A-D060": {"K52A-D070": 136.44735849517403}, "K52A-U080": {"K52A-U090": 71.52054497077184}, "K52A-D040": {"K52A-D050": 20.113914313762738}, "K51A-D250": {"K51A-D260": 95.7894283114535}, "K51-D100": {"K51-D110": 166.047428839601}, "K52-nU030": {"K52-nU040": 142.81525110079002}, "K54-D050": {"K54-D060": 83.83218652563403}, "K51A-U070": {"K51A-U080": 214.68717224170047}, "K52A-U120": {"K52A-U130": 63.196346077279216}, "K53-D100": {"K53-D110": 84.442751907107}, "K52-nU100": {"K52-nU110": 206.93031618327313}, "K51-D130": {"K51-D140": 58.230130291311674}, "K51-D280": {"K51-D290": 64.4578268988895}, "K52A-D150": {"K52A-D160": 115.07202399580001}, "K52-nU150": {"K52-nU160": 99.39735758381}, "K51-D140": {"K51-D150": 92.85613066938097}, "K51A-D190": {"K51A-D200": 186.24182836790106},