{"K73-D050": {"K73-D070": 105.30639284073152}, "K75A-D100": {"K75A-D110": 104.7950886558707}, "K76-U020": {"K76-U030": 172.07910175211944}, "K73-U030": {"K73-U040": 95.08069353150313}, "K75A-D040": {"K75A-D050": 62.0095636829912}, "K75A-D070": {"K75A-D080": 50.948027231907346}, "K75P-U080": {"K75P-U090": 45.5850812837097}, "K76-D020": {"K76-D030": 133.37096703040385}, "K76-D030": {"K76-D040": 60.86339380288244}, "K73-D090": {"K73-D100": 85.43743605055799}, "K75P-U130": {"K75P-U140": 47.006849982867216}, "K73-U090": {"K73-U100": 112.82592210849694}, "K75P-U090": {"K75P-U100": 35.829321821214684}, "K75A-D010": {"K75A-D020": 216.85996609936024}, "K73-D140": {"K73-D150": 206.28058299376568}, "K75P-U100": {"K75P-U110": 57.33200001518164}, "K73-U110": {"K73-U120": 238.3731404472951}, "K75A-D020": {"K75A-D030": 25.23132488256832}, "K76-D010": {"K76-D020": 352.486790364166}, "K75P-U110": {"K75P-U120": 96.08521932732923}, "K74-U011": {"K74-D100": 169.09330360032297}, "K73-U080": {"K73-U110": 278.8698462518701, "K73-U090": 293.5778113406441}, "K75P-U010": {"K75P-U020": 103.64993812538705}, "K76-U010": {"K76-U020": 25.112706685613453}, "K75P-D060": {"K75P-D070": 192.41580755130894}, "K73-U060": {"K73-U070": 147.52713318602895}, "K73-U040": {"K73-U050": 120.99933111747148, "K73-U060": 235.71247753557282}, "K73-D130": {"K73-D140": 141.4861643042309}, "K73-U100": {"K73-U110": 276.81915036124053}, "K73-D020": {"K73-D030": 97.17380449186035}, "K73-D070": {"K73-D080": 180.94005991911752}, "K75A-D030": {"K75A-D040": 45.77648304840331}, "K75A-D110": {"K75A-U011": 176.47377272631994}, "K74-U090": {"K74-U100": 213.89958612000632}, "K75P-U120": {"K75P-U130": 68.51050998231949}, "K75A-D060": {"K75A-D070": 39.86714263366228}, "K75A-D090": {"K75A-D100": 50.65029155011206}, "K74-U050": {"K74-U060": 227.7046533448618}, "K74-D040": {"K74-D050": 80.66141878636964}, "K75A-D050": {"K75A-D060": 82.30083507399158}, "K75P-D050": {"K75P-D060": 90.72830586580025}, "K73-U070": {"K73-U080": 151.60497480269117}, "K76-U030": {"K76-U040": 327.3908322604338}, "K73-D150": {"K73-D160": 44.08888844902397}, "K73-D100": {"K73-D110": 191.0871029766091}, "K75A-U020": {"K75A-U030": 135.00122571618772}, "K75A-D080": {"K75A-D090": 125.17889774213135}, "K75P-D030": {"K75P-D040": 125.1338693150706}, "K73-U050": {"K73-U060": 124.84291998271222}, "K74-U010": {"K74-U020": 174.93821573479323}, "K74-U060": {"K74-U070": 147.31863220420774}, "K75P-U030": {"K75P-U040": 124.40224299560255}, "K76-U040": {"K76-U050": 203.4816510349389}, "K74-U007": {"K74-U010": 281.9586375582436}, "K73-D010": {"K73-D020": 79.29663665108583}, "K75P-U070": {"K75P-U080": 108.07050071274871}, "K74-D080": {"K74-D090": 168.02297565587614}, "K74-U080": {"K74-U090": 252.22670359493895}, "K75A-U010": {"K75A-U020": 46.165569376274306}, "K75P-D040": {"K75P-D050": 167.3386954955774}, "K75P-U060": {"K75P-U070": 28.187873870732176}, "K73-U020": {"K73-U030": 199.41235383669624}, "K75P-D080": {"K75P-U011": 150.5814062579529}, "K74-D060": {"K74-D070": 149.41073782237}, "K74-D030": {"K74-D040": 130.92651396405742}, "K75P-D020": {"K75P-D030": 59.55063648416827}, "K73-D030": {"K73-D040": 127.87704255257866}, "K75P-U140": {"K75P-D010": 151.41875322283352}, "K74-D070": {"K74-D080": 252.00228776733815}, "K73-D120": {"K73-D130": 101.53198552436274}, "K74-D100": {"K74-D110": 69.99425172620263}, "K75A-U030": {"K75A-D010": 225.50602001066903}, "K75P-D070": {"K75P-D080": 94.5097716351324}, "K75P-U040": {"K75P-U050": 107.88006132310491}, "K73-D040": {"K73-D050": 76.11370809932293}, "K75P-U050": {"K75P-U060": 140.19769149089015}, "K74-D020": {"K74-D030": 148.82105788075285}, "K75P-D010": {"K75P-D020": 127.67915890603976}, "K74-U040": {"K74-U050": 155.6191702438662}, "K74-D050": {"K74-D060": 86.515343572}, "K74-U001": {"K74-U004": 162.18881020613634}, "K73-U010": {"K73-U020": 66.43434067896429}, "K74-D010": {"K74-D020": 156.07093090919}, "K74-D090": {"K74-U011": 73.16859723191021}, "K74-U030": {"K74-U040": 293.3253386846266}, "K73-D110": {"K73-D120": 70.67179641258609}, "K73-D080": {"K73-D090": 264.0293246705562}, "K74-U004": {"K74-U007": 109.34236840703413}, "K75P-U020": {"K75P-U030": 117.24078813396287}, "K74-U100": {"K74-D010": 106.87563235689515}, "K74-D110": {"K74-U002": 163.84293278}, "K74-U020": {"K74-U030": 139.28832586880733}, "K74-U070": {"K74-U080": 192.38917253940002}}