{"KAT": {"SUW": 129.48349797580735, "DIH": 137.92436565346998}}