{"KOW": {"HOK": 177.7421001357305, "OLY": 135.85983195292346, "TSY": 509.135775906237}, "KOT": {"LOF": 122.0240295051866, "TAW": 280.29484997134784, "MKK": 127.67133790703171, "SKM": 100.92832996066457}, "KOB": {"NTK": 100.84514060103193, "CHH": 158.43924701012503}}