{"KSR": {"TWW": 682.3980494389583, "YUL": 246.67006773393513}}