{"LAK": {"MEF": 134.82629099533347, "NAC": 246.19696299976712, "TSY": 197.12263685281897, "KWF": 151.56017362653907}, "LAT": {"KWT": 124.37115286455746, "YAT": 130.3068904133322}}