{"LCK": {"MEF": 117.19229799320658, "CSW": 128.77540786354731}}