{"MKK": {"HUH": 194.01381638367758, "KOT": 159.88757541946546}}