{"MOK": {"YMT": 130.02034484069094, "PRE": 120.66423429801303}, "MOS": {"HEO": 130.78728619082312, "WKS": 161.65572770293397}}