{"NOP": {"QUB": 126.77227334958386, "FOH": 128.33059342273015}}