{"NTK": {"KOB": 124.63862636460856, "KWT": 109.88555404643387}}