{"OLY": {"NAC": 129.54851412307812, "KOW": 127.70380190473482}}