{"PRE": {"MOK": 113.145447244316, "SSP": 128.56013839617881, "SKM": 125.58556850839598}}