{"SHS": {"LMC": 462.92600393934373, "FAN": 160.10838848230918, "LOW": 261.7548565289942}, "SHW": {"SYP": 157.66432428157515, "CEN": 124.46909165005965}, "SHT": {"FOT": 141.48859451149056, "TAW": 139.80605166629795}, "SHM": {"CIO": 108.19807207408579, "TSH": 194.30827868167592}}