{"SIH": {"TUM": 154.44661865989917, "TIS": 362.2476629118584}}