{"SKM": {"KOT": 155.1674408766, "PRE": 123.39975334643768}, "SKW": {"HFC": 157.929167693423, "SWH": 121.85497522739998}}