{"STW": {"CKT": 120.84783923161356, "CIO": 128.98642912284004}}