{"SWH": {"TAK": 122.99020068689865, "SKW": 122.26528989287723}}