{"TAP": {"TWO": 148.41897919065894, "UNI": 381.4851189493719}, "TAW": {"CKT": 243.96623859756068, "KOT": 287.5017120763854, "SHT": 124.58198252479852, "HIK": 131.39535395399997}, "TAK": {"SWH": 123.69760439018185, "QUB": 128.5738012411627}}