{"TSY": {"SUN": 761.3542699782026, "AIR": 1456.8697754389073, "LAK": 190.71874164285975, "KOW": 412.32686058167354}, "TSH": {"HEO": 128.46373316503235, "SHM": 214.65385429902236}, "TST": {"JOR": 52.93224585245999, "ADM": 196.34741524719303}, "TSW": {"TWH": 71.90489592525365}}