{"TUC": {"SUN": 858.3790391922328}, "TUM": {"SIH": 146.95795000011697}}