{"WCH": {"OCP": 123.66064795252586, "LET": 170.81217099879905}}