{"YAT": {"LAT": 145.1874653915567, "QUB": 250.21058060202654, "TIK": 131.51454694325432}}