{"YUL": {"LOP": 125.9115907983, "KSR": 248.4354139213082}}