{"5": {"6": 112.03686139210217, "305": 82.95561832282837}}