{"AUS": {"ETS": 147.57059226799998, "NAC": 212.63327238736315}}