{"CIO": {"SHM": 104.1091485170286, "STW": 127.03999777260003}}