{"CSW": {"SSP": 131.77298715463039, "LCK": 121.3647126876732}}