{"DIS": {"SUN": 198.58233387484285}, "DIH": {"WTS": 127.28105897570092, "CHH": 129.84594770371197, "HIK": 310.48381445610755, "KAT": 144.93264263976388}}