{"HAH": {"TKO": 167.6967516237484, "POA": 122.67360499527346}}