{"HEO": {"MOS": 138.73926503859892, "TSH": 136.16274449373}}