{"HIK": {"DIH": 329.8303770154516, "TAW": 151.1832179}}