{"HUH": {"MKK": 197.88193765550963, "EXC": 192.41496593762352, "HOM": 118.47565476516002, "ETS": 177.96191776}}