{"JOR": {"YMT": 130.54210925674937, "TST": 125.42564575175436}}