{"K51A-D190": {"K51A-D200": 203.03961549929411}, "K51-U220": {"K51-U230": 67.87700311325156}, "K51A-D040": {"K51A-D050": 91.87589425183872}, "K53-D040": {"K53-D050": 82.09908369374133}, "K53-U090": {"K53-U100": 133.89838918975838}, "K52A-U170": {"K52A-U180": 324.742359847819}, "K51A-U110": {"K51A-U120": 141.8419408165894}, "K54-D030": {"K54-D040": 74.48274027766088}, "K52A-U160": {"K52A-U170": 30.261763894239966}, "K52A-U130": {"K52A-U140": 62.99646463666463}, "K51A-U030": {"K51A-U040": 78.04501925738364}, "K54-D050": {"K54-D060": 93.30591127549368}, "K51-U160": {"K51-U170": 105.03740103886328}, "K51A-D010": {"K51A-D020": 54.757060624741804}, "K58-U060": {"K58-U070": 183.6308045}, "K53-D010": {"K53-D015": 106.09319256312324}, "K52A-D110": {"K52A-D120": 142.5569438252479}, "K52-nD150": {"K52-nD160": 96.59177155315925}, "K54-U010": {"K54-U020": 63.79160574348373}, "K51A-U090": {"K51A-U100": 146.80422892548899}, "K53-U130": {"K53-U140": 68.86337267691033}, "K54-U070": {"K54-D010": 164.23588986280697}, "K52-nU240": {"K52-nU250": 56.334216593724804}, "K58-U010": {"K58-U020": 58.504120949999994}, "K51A-D200": {"K51A-D210": 271.914616355036}, "K51A-D230": {"K51A-D240": 160.95274992592613}, "K52-nD220": {"K52-nD230": 133.42116706634968}, "K58-D070": {"K58-D080": 112.59600000000003}, "K53-D100": {"K53-D110": 73.87000160164249}, "K51-U120": {"K51-U130": 159.60087046086628}, "K52A-D180": {"K52A-D190": 114.84735429996947}, "K58-U120": {"K58-U130": 128.51080000000002}, "K53-D130": {"K53-D140": 95.14762479712783}, "K52-nU140": {"K52-nU150": 194.8077751699219}, "K53-U020": {"K53-U030": 157.9725323886957, "K53-D160": 698.7222300868818}, "K52-nD050": {"K52-nD060": 28.43320857645376}, "K53-D160": {"K53-D170": 423.9284337304538, "K53-U011": 199.0637819060977}, "K52-nD140": {"K52-nD150": 109.5243893330476}, "K53-D090": {"K53-D100": 55.90937540684117}, "K53-U120": {"K53-U130": 74.83183055341071}, "K52-nD040": {"K52-nD050": 29.48927939564311}, "K54-U040": {"K54-U050": 150.57848911480397}, "K53-U080": {"K53-U090": 82.96741642720721}, "K52-nD100": {"K52-nD110": 67.89892974742573}, "K58-D040": {"K58-D050": 142.56}, "K52-nD240": {"K52-nD250": 151.86557614576003}, "K52-nD250": {"K52-nD260": 194.0606446491103}, "K51-D130": {"K51-D140": 52.98599944455499}, "K52-nU110": {"K52-nU120": 181.4395835193843}, "K58-U130": {"K58-U140": 72.215}, "K58-D060": {"K58-D070": 158.2097}, "K52-nU290": {"K52-nU300": 115.14210845814496}, "K52-nD260": {"K52-nD270": 61.92259606578002}, "K58-D120": {"K58-D130": 131.95757960000003}, "K52A-D170": {"K52A-D180": 114.5451953743385}, "K52A-U150": {"K52A-U160": 34.489894263261846}, "K51A-D090": {"K51A-D100": 52.474923063610746}, "K51-D150": {"K51-D160": 172.1109785415254}, "K52A-D100": {"K52A-D110": 59.5522483579692}, "K51A-D120": {"K51A-D140": 135.4804767873942}, "K52A-D120": {"K52A-D130": 43.28305109571285}, "K53-U010": {"K53-U020": 245.93708651813577, "K53-D180": 1176.5071514617919}, "K52A-U015": {"K52A-U020": 145.01829878381722}, "K51A-D160": {"K51A-D170": 166.80075718396665}, "K53-U100": {"K53-U110": 69.87548285936639}, "K54-U050": {"K54-U060": 329.6567320039156}, "K53-D050": {"K53-D060": 89.6276569616336}, "K52A-U080": {"K52A-U090": 69.74128151227012}, "K51A-D080": {"K51A-D090": 181.13840535823056}, "K52A-D050": {"K52A-D060": 32.1622677160443}, "K52A-D160": {"K52A-D170": 140.24502758990985}, "K51-U210": {"K51-U220": 51.50610228913272}, "K52A-U090": {"K52A-U100": 101.47689767050642}, "K51-D110": {"K51-D120": 56.22658171809119}, "K51A-U060": {"K51A-U070": 306.10985627537434}, "K52-nU160": {"K52-nU170": 49.620251812841005}, "K53-D020": {"K53-D030": 105.23746787133587}, "K53-D070": {"K53-D080": 47.89439763705399}, "K54-U020": {"K54-U030": 134.60906947282555}, "K51A-D110": {"K51A-D120": 56.87938820798953}, "K51-U070": {"K51-U080": 211.16562233315722}, "K52A-U050": {"K52A-U060": 74.01028518343243}, "K51A-U150": {"K51A-U160": 121.84274286877056}, "K54-D020": {"K54-D030": 206.82480661555164}, "K52A-U140": {"K52A-U150": 170.85708379133843}, "K54-D040": {"K54-D050": 174.84375059803378}, "K52-nU010": {"K52-nU020": 39.69939368195456}, "K52-nD230": {"K52-nD240": 165.44219664283898}, "K51A-U050": {"K51A-U060": 263.80132758205065}, "K58-D140": {"K58-D150": 38.366493000000006}, "K51A-U180": {"K51A-U190": 94.00702449168179}, "K58-U110": {"K58-U120": 162.45900000000003}, "K51-U110": {"K51-U120": 142.7945577561432}, "K51-D190": {"K51-D200": 185.32190369099152}, "K52-nU050": {"K52-nU060": 258.3976664616499}, "K53-D080": {"K53-D090": 48.53346937337541}, "K51A-D050": {"K51A-D060": 75.18609682759727}, "K51A-U010": {"K51A-U020": 56.53908002038112}, "K52-nU090": {"K52-nU100": 123.54707163919997}, "K51A-D020": {"K51A-D030": 91.38971594763825}, "K52A-D080": {"K52A-D090": 57.67797448333465}, "K58-D090": {"K58-D100": 142.75626970000002}, "K52-nU280": {"K52-nU290": 43.559910178378615}, "K51-D100": {"K51-D110": 178.36907362975316}, "K51-U100": {"K51-U110": 225.2488196015588}, "K52A-D060": {"K52A-D070": 133.3276233665646}, "K53-U030": {"K53-U040": 226.8324988380312}, "K52-nU040": {"K52-nU050": 78.14820643242172}, "K53-U070": {"K53-U080": 57.62266452228738}, "K58-U180": {"K58-U190": 120.65130000000002}, "K58-U090": {"K58-U100": 116.39474}, "K52-nD190": {"K52-nD200": 175.7490546482715}, "K51A-D030": {"K51A-D040": 40.52735060466929}, "K53-D140": {"K53-D150": 162.59676703486375}, "K52A-D070": {"K52A-D080": 110.77748130142751}, "K52A-U120": {"K52A-U130": 75.0014476798141}, "K51A-D170": {"K51A-D180": 170.4749922789311}, "K52-nU070": {"K52-nU080": 106.00441522824319}, "K51-U180": {"K51-U190": 105.48192142263004}, "K52-nD070": {"K52-nD080": 126.03776439983724}, "K58-D010": {"K58-D020": 8.778}, "K51A-U080": {"K51A-U090": 181.7836640709218}, "K58-U070": {"K58-U080": 116.7622082}, "K58-D050": {"K58-D060": 185.25510300000002}, "K51A-U200": {"K51A-U210": 62.76210108954098}, "K51-D200": {"K51-D210": 129.13222041242656}, "K51A-U230": {"K51A-U240": 41.7871204637886}, "K52-nU170": {"K52-nU180": 129.85160201007724}, "K52A-D140": {"K52A-D150": 112.63403240289854}, "K53-D060": {"K53-D070": 183.77431047696194}, "K51-U030": {"K51-U040": 76.30270707865988}, "K52-nU120": {"K52-nU140": 137.35581709527636}, "K52-nU060": {"K52-nU070": 188.954121466}, "K51A-U220": {"K51A-U230": 83.68891001883006}, "K53-U050": {"K53-U060": 145.73951757401}, "K52-nU200": {"K52-nU210": 79.26014733052381}, "K58-D170": {"K58-D180": 163.49300000000002}, "K54-U030": {"K54-U040": 128.4184885905979}, "K51-U150": {"K51-U160": 86.99546505862375}, "K58-U050": {"K58-U060": 42.075990000000004}, "K52A-D090": {"K52A-D100": 53.20121435069136}, "K58-D193": {"K58-D196": 69.8896}, "K52-nU030": {"K52-nU040": 139.31408119510283}, "K58-D190": {"K58-D193": 168.74}, "K51A-U240": {"K51A-U250": 70.96509975185532}, "K58-U100": {"K58-U110": 72.38}, "K52-nD180": {"K52-nD190": 144.5972454661232}, "K51A-U140": {"K51A-U150": 50.24461039741149}, "K52-nD010": {"K52-nD020": 16.885049040264462}, "K51-D060": {"K51-D070": 60.42982783197675}, "K52A-U040": {"K52A-U050": 125.79380807730936}, "K52-nU300": {"K52-nU310": 44.76494049568722}, "K51-D250": {"K51-D260": 159.27597735872513}, "K51-U020": {"K51-U030": 100.53317068793567}, "K51A-D220": {"K51A-D230": 130.5512838408986}, "K53-U110": {"K53-U120": 93.99019980183785}, "K52-nU100": {"K52-nU110": 160.93640630648605}, "K52A-U100": {"K52A-U110": 73.99855933940164}, "K52-nD290": {"K52-nD300": 106.26455943941001}, "K52A-D150": {"K52A-D160": 92.0971402539507}, "K53-D150": {"K53-D160": 170.04820035837082}, "K52A-U110": {"K52A-U120": 50.32524948691314}, "K51-D220": {"K51-D230": 267.46059001629385}, "K52-nU150": {"K52-nU160": 97.45810499667}, "K51A-U100": {"K51A-U110": 228.99690954557832}, "K52A-D130": {"K52A-D140": 90.71737102140837}, "K53-D015": {"K53-D020": 51.458520556250846}, "K51A-U130": {"K51A-U140": 73.59717825968622}, "K51-U140": {"K51-U150": 52.16526071442814}, "K51A-U070": {"K51A-U080": 207.7008105621153}, "K51A-U020": {"K51A-U030": 95.39901425805256}, "K53-D190": {"K53-U011": 476.4083539530584},