{"K68-U110": {"K68-U120": 210.5605006291934, "K68-D090": 774.7300000000001}, "K68-U020": {"K68-U030": 46.411060619}, "K65-U140": {"K65-U150": 106.58996541622233}, "K65-D080": {"K65-D090": 62.484007084187624}, "K66-D020": {"K66-D030": 71.54572610086772}, "K66-D200": {"K66-D210": 139.23054871001335}, "K66-U120": {"K66-U130": 55.988740172932786}, "K66-U160": {"K66-U170": 46.01600777716408}, "K65-U150": {"K65-U160": 61.47288361276598}, "K68-D090": {"K68-D100": 173.5480794155801}, "K65-U090": {"K65-U100": 53.75453901716738}, "K66-D170": {"K66-D180": 232.1429165876345}, "K68-D060": {"K68-D070": 99.25906580119367}, "K66-U020": {"K66-U030": 201.83093597624878}, "K65A-U030": {"K65A-U040": 29.586912152797204}, "K65-U110": {"K65-U120": 106.69285332776755}, "K65A-U060": {"K65A-U070": 60.499533469137894}, "K65-D020": {"K65-D030": 79.95678687895985}, "K65-D060": {"K65-D070": 90.80015595745047}, "K65-U130": {"K65-U140": 31.100206313135413}, "K65A-U110": {"K65A-U120": 73.05201747552908}, "K68-U030": {"K68-U040": 33.41859300302201}, "K65A-U040": {"K65A-U050": 88.25470394931514}, "K68-U070": {"K68-U080": 33.076251256147586}, "K66-D230": {"K66-D240": 92.8454904441697}, "K65-U190": {"K65-U200": 57.39193761752341}, "K65-U160": {"K65-U170": 60.11702943127997}, "K65-D140": {"K65-D150": 108.47281479003269}, "K65-D040": {"K65-D050": 81.65503762953469}, "K66-U030": {"K66-U040": 154.02081857842128}, "K66-D030": {"K66-D040": 84.21548617614948}, "K65-U180": {"K65-U190": 81.6357330570308}, "K65A-U010": {"K65A-U020": 63.08590934599592}, "K66-U110": {"K66-U120": 41.9335222524177}, "K68-D070": {"K68-D080": 218.19558450551057}, "K65-D170": {"K65-D180": 108.97201271263012}, "K66-U170": {"K66-U180": 62.45000108287314}, "K66-D140": {"K66-D150": 79.77963305217125}, "K68-U060": {"K68-U070": 85.6841066582459}, "K66-D100": {"K66-D110": 50.5661051332446}, "K65-U070": {"K65-U080": 71.19802974400002}, "K68-D020": {"K68-D030": 92.36017523836182}, "K65-D070": {"K65-D080": 143.24408411086125}, "K68-U160": {"K68-U170": 75.28382989790002}, "K66-D220": {"K66-D230": 97.59816714038936}, "K65-D050": {"K65-D060": 65.5730691844469}, "K65-U010": {"K65-U020": 316.0732335071302}, "K68-U150": {"K68-U160": 77.2558575926424}, "K66-U150": {"K66-U160": 58.28463635073177}, "K66-U140": {"K66-U150": 48.91359318083026}, "K65-D110": {"K65-D120": 108.00856003999715}, "K65-U210": {"K65-U220": 82.16273985146954}, "K65-U200": {"K65-U210": 70.10374587222528}, "K68-D170": {"K68-D180": 46.5220103682}, "K66-U200": {"K66-U210": 59.475807910893266}, "K65-D120": {"K65-D130": 66.42804441600026}, "K65A-D010": {"K65A-D020": 51.76624400000003}, "K68-U010": {"K68-U020": 89.13035514825523}, "K68-D150": {"K68-D160": 64.3843294663537}, "K65-D090": {"K65-D100": 116.72609680512593}, "K66-U100": {"K66-U110": 83.65125644218386}, "K66-D210": {"K66-D220": 155.57315475348167}, "K66-D010": {"K66-D020": 15.31031798399988}, "K68-D160": {"K68-D170": 75.25637887252137}, "K65-D130": {"K65-D140": 101.43755872558039}, "K66-D130": {"K66-D140": 42.596531951913114}, "K66-D090": {"K66-D100": 43.958486346366485}, "K66-D150": {"K66-D160": 94.15320133684742}, "K66-U190": {"K66-U200": 65.93778656941177}, "K65A-U050": {"K65A-U060": 43.44832896907186}, "K65A-U020": {"K65A-U030": 155.13045120348022}, "K68-D010": {"K68-D020": 54.488098974680966}, "K65-D150": {"K65-D160": 108.19680985981802}, "K65A-U100": {"K65A-U110": 57.151339937354024}, "K66-D190": {"K66-D200": 92.70611105129007}, "K66-D080": {"K66-D090": 63.44994859872513}, "K65-U060": {"K65-U070": 34.7343274037356}, "K65A-D040": {"K65A-D050": 62.57100334400002}, "K65-U040": {"K65-U050": 97.68918875100329}, "K65A-D050": {"K65A-D060": 55.12063700000001}, "K65-D100": {"K65-D110": 217.54675365754474}, "K66-U090": {"K66-U100": 51.570756569939455}, "K66-D040": {"K66-D050": 43.63836722878347}, "K65-D160": {"K65-D170": 153.00766934750203}, "K65A-U070": {"K65A-U080": 45.54697176033864}, "K68-U120": {"K68-U130": 141.36664225542503}, "K66-U130": {"K66-U140": 57.96106413907971}, "K65A-D090": {"K65A-D100": 88.0}, "K65-U050": {"K65-U060": 107.71421042285324}, "K65-U220": {"K65-U230": 87.85431482727886}, "K66-U010": {"K66-U020": 134.5835797269384}, "K66-D070": {"K66-D080": 51.58223506170816}, "K68-D180": {"K68-D190": 37.129971969641325}, "K66-D050": {"K66-D060": 46.438948986144524}, "K65-U080": {"K65-U090": 158.22324598161183}, "K66-U040": {"K66-U050": 136.9384619356845}, "K65-U030": {"K65-U040": 115.88742788606594}, "K65-U020": {"K65-U030": 157.697446520021}, "K66-U050": {"K66-U060": 49.748547408015945}, "K66-U070": {"K66-U080": 208.14451344566947}, "K65A-U080": {"K65A-U090": 68.50371238204531}, "K68-D100": {"K68-D110": 90.030464800055}, "K65A-U090": {"K65A-U100": 57.09198192734148}, "K68-D200": {"K68-U011": 65.650469561994}, "K66-D120": {"K66-D130": 73.79346395504746}, "K66-U180": {"K66-U190": 69.98186095922725}, "K65-D010": {"K65-D020": 53.76584839943632}, "K66-D110": {"K66-D120": 43.13652759167262}, "K65-U170": {"K65-U180": 56.786820046968465}, "K65A-U120": {"K65A-U130": 83.25519820597101}, "K68-U050": {"K68-U060": 51.19366440275254}, "K68-U080": {"K68-U090": 42.007195900000006}, "K66-U080": {"K66-U090": 179.8845287472889}, "K65-D030": {"K65-D040": 64.85635073968066}, "K65A-D020": {"K65A-D030": 74.80879500259}, "K68-U040": {"K68-U050": 47.29632398069157}, "K65-D180": {"K65-D190": 125.69531073185233}, "K66-D160": {"K66-D170": 163.96087790122553}, "K68-D130": {"K68-D140": 66.57305269959419}, "K68-D110": {"K68-D120": 99.0946429755268}, "K68-D140": {"K68-D150": 43.67375493710054}, "K68-D040": {"K68-D050": 106.37062830498}, "K68-U100": {"K68-U110": 222.09651569838803}, "K65-U100": {"K65-U110": 165.28731547914302}, "K68-D030": {"K68-D040": 100.36015527101596}, "K66-U210": {"K66-U220": 46.49349577994907}, "K66-D180": {"K66-D190": 81.04433073110002}, "K66-U060": {"K66-U070": 179.5402655587675}, "K68-D080": {"K68-D090": 95.14010250029999}, "K68-D190": {"K68-D200": 57.80827002861381}, "K68-U140": {"K68-U150": 50.424191443780025}, "K66-D060": {"K66-D070": 46.23646907797778}, "K68-D120": {"K68-D130": 196.2950903741147}, "K65-U120": {"K65-U130": 171.02202285143488}, "K65A-D030": {"K65A-D040": 59.12753}, "K68-U090": {"K68-U100": 192.77299846397335}, "K68-U170": {"K68-D010": 187.54704154742998}, "K65A-D060": {"K65A-D070": 74.26980000000002}, "K68-U130": {"K68-U140": 168.89516136359492}, "K68-D050": {"K68-D060": 70.57140998598041}, "K65A-D080": {"K65A-D090": 58.300000000000004}, "K65A-D070": {"K65A-D080": 110.0}}