{"K73-U070": {"K73-U080": 158.11448617913783}, "K75A-D060": {"K75A-D070": 46.89468629488028}, "K73-U090": {"K73-U100": 114.13311555167199}, "K75P-U080": {"K75P-U090": 43.344710168115526}, "K75P-U130": {"K75P-U140": 40.295718918794094}, "K73-D150": {"K73-D160": 52.15598043463664}, "K76-D020": {"K76-D030": 117.91354648998177}, "K75P-D030": {"K75P-D040": 117.67028056221268}, "K75P-D010": {"K75P-D020": 136.99992721345484}, "K73-U080": {"K73-U110": 326.52335778732106, "K73-U090": 293.0313009891237}, "K74-D110": {"K74-U002": 195.5904425884354}, "K74-U100": {"K74-D010": 123.86656303146171}, "K74-D080": {"K74-D090": 170.30704045331703}, "K74-U004": {"K74-U007": 90.66539426479287}, "K73-U030": {"K73-U040": 95.59895433131429}, "K75P-D040": {"K75P-D050": 164.74646353789873}, "K76-D010": {"K76-D020": 270.1691766671964}, "K73-U100": {"K73-U110": 264.89745551688804}, "K73-U110": {"K73-U120": 225.19446338887215}, "K75P-U110": {"K75P-U120": 87.93289510599149}, "K73-U040": {"K73-U060": 221.91653365539577, "K73-U050": 110.101238898643}, "K74-U030": {"K74-U040": 282.07070189024915}, "K74-U011": {"K74-D100": 170.82280142394922}, "K73-D110": {"K73-D120": 92.60361268035403}, "K75P-U070": {"K75P-U080": 117.67367471059352}, "K74-D060": {"K74-D070": 157.1133903495488}, "K73-U010": {"K73-U020": 70.22842805966623}, "K73-U060": {"K73-U070": 141.59840794117014}, "K75A-D050": {"K75A-D060": 74.97270650444284}, "K75P-U060": {"K75P-U070": 28.57971847937751}, "K73-D100": {"K73-D110": 193.717856199712}, "K76-U030": {"K76-U040": 253.35419533877797}, "K73-D130": {"K73-D140": 134.69815380382437}, "K75A-U030": {"K75A-D010": 244.64852048496778}, "K75A-D070": {"K75A-D080": 51.759053096930565}, "K75A-U020": {"K75A-U030": 137.28854211265332}, "K73-D140": {"K73-D150": 191.24217830843875}, "K73-D090": {"K73-D100": 85.5468099802676}, "K75P-U010": {"K75P-U020": 95.32251490352274}, "K73-U050": {"K73-U060": 108.4385623309824}, "K73-D120": {"K73-D130": 107.02577651685446}, "K75P-U020": {"K75P-U030": 114.69432148270076}, "K73-D020": {"K73-D030": 112.62775794928203}, "K75P-D070": {"K75P-D080": 100.8119729943578}, "K74-U090": {"K74-U100": 233.70554520555476}, "K76-U010": {"K76-U020": 10.089855870442666}, "K75P-U090": {"K75P-U100": 35.683882387230675}, "K73-D080": {"K73-D090": 265.9708762479006}, "K76-U040": {"K76-U050": 174.71108297699783}, "K75P-U120": {"K75P-U130": 56.82204147785042}, "K75P-U040": {"K75P-U050": 101.24707883251146}, "K73-D030": {"K73-D040": 138.9313684342454}, "K75P-U030": {"K75P-U040": 125.75982675746452}, "K74-D050": {"K74-D060": 91.392791061132}, "K75A-U010": {"K75A-U020": 48.06324708650952}, "K74-U080": {"K74-U090": 236.14596556835735}, "K75P-D050": {"K75P-D060": 79.8957469661539}, "K76-D030": {"K76-D040": 65.55843950401558}, "K75A-D030": {"K75A-D040": 48.93859936866993}, "K73-U020": {"K73-U030": 179.0029950071849}, "K74-U040": {"K74-U050": 185.37293017781786}, "K74-U060": {"K74-U070": 142.72111087018263}, "K75P-D060": {"K75P-D070": 186.1678855732228}, "K75A-D090": {"K75A-D100": 49.50048644016114}, "K76-U020": {"K76-U030": 164.098177147801}, "K75P-D080": {"K75P-U011": 147.95146553514687}, "K74-U001": {"K74-U004": 157.53247735530255}, "K75A-D110": {"K75A-U011": 172.5558393777971}, "K73-D050": {"K73-D070": 101.87521341145154}, "K74-D020": {"K74-D030": 151.26979734517673}, "K74-D010": {"K74-D020": 152.39103276444058}, "K73-D070": {"K73-D080": 187.97146639374495}, "K74-D100": {"K74-D110": 85.61619566586874}, "K75P-U100": {"K75P-U110": 57.95828171811628}, "K75A-D040": {"K75A-D050": 51.712347597261854}, "K74-D030": {"K74-D040": 143.23553720464074}, "K75P-D020": {"K75P-D030": 37.256470762322444}, "K75A-D100": {"K75A-D110": 103.72315944127658}, "K74-D090": {"K74-U011": 80.74686824892049}, "K75A-D020": {"K75A-D030": 20.546018132451998}, "K75A-D010": {"K75A-D020": 233.11774397638663}, "K75P-U140": {"K75P-D010": 148.2150073822957}, "K74-D040": {"K74-D050": 82.88759833776096}, "K74-U050": {"K74-U060": 227.6824114689065}, "K74-U070": {"K74-U080": 165.1625360934859}, "K73-D040": {"K73-D050": 91.91083809673076}, "K74-U020": {"K74-U030": 119.46746843285246}, "K74-D070": {"K74-D080": 252.42964750999462}, "K74-U010": {"K74-U020": 153.99391236199216}, "K75P-U050": {"K75P-U060": 149.4688654207236}, "K73-D010": {"K73-D020": 84.43262671146121}, "K75A-D080": {"K75A-D090": 131.33063070125155}, "K74-U007": {"K74-U010": 241.11942829849994}}