{"KOW": {"OLY": 133.0948695803843, "HOK": 177.74210021579978, "TSY": 533.2965884129075}, "KOB": {"CHH": 194.9966637415906, "NTK": 121.60193361967671}, "KOT": {"TAW": 280.9433248315798, "MKK": 149.44808445400434, "LOF": 131.5095218231619, "SKM": 129.29592716581203}}