{"KSR": {"YUL": 237.26319539747888, "TWW": 712.0212463647541}}