{"KWF": {"LAK": 180.8732248475699, "KWH": 131.39090855922018}, "KWH": {"TWH": 146.47558132328354, "KWF": 124.10085686767918}, "KWT": {"NTK": 129.24187251430556, "LAT": 120.587436722292}}