{"LCK": {"MEF": 126.33329906544978, "CSW": 130.89669408220192}}