{"LET": {"WCH": 175.6422441717804, "SOH": 101.35279196504963}}