{"LOW": {"SHS": 244.32387997045876}, "LOF": {"KOT": 126.22829831083939, "WTS": 129.16796119945082}, "LOP": {"TIS": 179.61261554991208, "YUL": 111.3059786135004}}