{"NAC": {"LAK": 278.0515246862365, "MEF": 185.28060384948333, "AUS": 205.52265593577152, "OLY": 99.75206777961982}}