{"NOP": {"QUB": 124.69660102342318, "FOH": 121.69499142934953}}