{"NTK": {"KOB": 132.41262419081144, "KWT": 122.47990670394229}}