{"OCP": {"ADM": 287.63196327937806, "WCH": 131.2521153622593}}