{"OLY": {"KOW": 130.8187930837174, "NAC": 129.10132734187897}}