{"QUB": {"YAT": 267.3656739833962, "TAK": 132.8914851736246, "NOP": 125.95029773223412}}