{"SIH": {"TIS": 327.8655726177268, "TUM": 154.45115168559687}}