{"SKM": {"KOT": 137.84194663656157, "PRE": 131.6561485828145}, "SKW": {"SWH": 130.70760244106296, "HFC": 160.79702820519174}}