{"SSP": {"CSW": 135.76889876922596, "PRE": 128.1518205389323}}