{"STW": {"CKT": 112.81940942233555, "CIO": 142.6968063870792}}