{"SWH": {"SKW": 130.09859246895002, "TAK": 128.02250372816997}}