{"SYP": {"HKU": 111.43363517457865, "SHW": 160.68364435985998}}