{"TIK": {"YAT": 138.42369747199226, "TKO": 248.89341430564892}, "TIH": {"CAB": 131.9226714731214, "FOH": 106.40421641034686}, "TIS": {"LOP": 177.0242862281459, "SIH": 380.45816962171847}}