{"TUC": {"SUN": 755.2752578120114}, "TUM": {"SIH": 151.7493312331071}}