{"TWW": {"KSR": 676.920054932176, "MEF": 315.14403349815314}, "TWO": {"FAN": 316.6970956136589, "TAP": 135.63051063916942}, "TWH": {"KWH": 154.78902741547205, "TSW": 81.18606805063327}}