{"UNI": {"TAP": 364.92793022620174, "FOT": 194.69427074815883}}