{"YAT": {"LAT": 174.59530676940602, "TIK": 147.68427706103498, "QUB": 259.9341029523634}}