{"YMT": {"JOR": 127.5043931779768, "MOK": 113.46512534790422, "HOM": 96.20031819722348}}