{"1": {"2": 127.05748913489045, "6": 366.16300080161665}}