{"5": {"305": 81.13611701192671, "6": 121.44082538807234}}