{"AUS": {"NAC": 206.50357950856943, "ETS": 147.39788067934086}}