{"CHH": {"KOB": 131.915206678654, "DIH": 122.43846119784864}, "CHW": {"HFC": 100.9078044052572}}