{"CSW": {"LCK": 127.06134126729269, "SSP": 130.62316117576088}}