{"FOT": {"SHT": 164.0368089863986, "UNI": 194.88787150637}, "FOH": {"NOP": 130.80687883239358, "TIH": 119.18132186367993}}