{"HAH": {"TKO": 179.3055665133609, "POA": 124.95663334409294}}