{"HFC": {"SKW": 148.769257801789, "CHW": 136.9099203177696}}