{"HIK": {"DIH": 302.51461341394736, "TAW": 144.2785212}}