{"HKU": {"SYP": 129.36173910295776, "KET": 96.03870576913845}}