{"K12-D030": {"K12-D040": 71.39891859361913}, "K12-D020": {"K12-D030": 367.5150528821463}, "K12-D010": {"K12-D020": 161.3356159275441}, "K12-U020": {"K12-U030": 225.97546464266625}, "K12-U010": {"K12-U020": 283.50101020664437}, "K18-D010": {"K18-D020": 230.6568660000001}, "K17-D020": {"K17-D030": 25.4263084603}, "K17-U030": {"K17-U040": 21.8910483}, "K17-U020": {"K17-U030": 147.0365314}, "K18-U020": {"K18-U030": 63.567904399999996}, "K18-U010": {"K18-U020": 224.38899999999998}, "K18-D020": {"K18-D030": 43.339999999999996}, "K17-D010": {"K17-D020": 267.30000000000007}, "K17-U010": {"K17-U020": 256.3}}