{"K65-U020": {"K65-U030": 151.08458350327257}, "K65-U190": {"K65-U200": 53.061236558870895}, "K66-D170": {"K66-D180": 215.78837176015432}, "K65-D070": {"K65-D080": 108.4403741385059}, "K65A-U110": {"K65A-U120": 69.27513126376464}, "K65-U200": {"K65-U210": 53.896482221569045}, "K65-U150": {"K65-U160": 53.30829011244864}, "K68-D130": {"K68-D140": 59.68061519663159}, "K68-D040": {"K68-D050": 106.9442954936467}, "K66-U040": {"K66-U050": 136.31473278941252}, "K68-D160": {"K68-D170": 76.4491934181377}, "K65A-D040": {"K65A-D050": 53.244530849556234}, "K66-U190": {"K66-U200": 67.52466675087715}, "K65-U210": {"K65-U220": 77.15648653283863}, "K65-U040": {"K65-U050": 92.07989397823518}, "K66-D180": {"K66-D190": 80.47472702427389}, "K68-D190": {"K68-D200": 43.21164682272413}, "K65-D120": {"K65-D130": 64.9288023233554}, "K65A-U120": {"K65A-U130": 68.38484647891813}, "K65-D160": {"K65-D170": 158.48429489759533}, "K66-U170": {"K66-U180": 32.31482547730121}, "K65-U100": {"K65-U110": 158.8191336911779}, "K65A-D010": {"K65A-D020": 90.87326748484826}, "K65-D170": {"K65-D180": 100.01751358426742}, "K65A-U100": {"K65A-U110": 38.994103567680824}, "K65-D100": {"K65-D110": 210.1327677137518}, "K65A-D020": {"K65A-D030": 66.85209991258185}, "K68-D170": {"K68-D180": 38.65828443968887}, "K65-D010": {"K65-D020": 37.096431486160434}, "K66-U150": {"K66-U160": 51.83089964969652}, "K66-U180": {"K66-U190": 67.02728858575634}, "K66-U130": {"K66-U140": 52.58470159902039}, "K65A-D060": {"K65A-D070": 69.66052111994404}, "K65A-U080": {"K65A-U090": 60.596607107215654}, "K65-D140": {"K65-D150": 117.49874012848514}, "K66-D210": {"K66-D220": 148.73102426135023}, "K65-D080": {"K65-D090": 58.97820714171246}, "K65A-D080": {"K65A-D090": 50.12011476996812}, "K68-U080": {"K68-U090": 36.96683535788937}, "K68-U070": {"K68-U080": 20.507118320129408}, "K65A-U040": {"K65A-U050": 85.42701894034545}, "K66-U200": {"K66-U210": 61.55226513481904}, "K65A-U050": {"K65A-U060": 39.98735108072965}, "K65A-D070": {"K65A-D080": 103.89632874455569}, "K66-U140": {"K66-U150": 46.66649061170114}, "K66-U010": {"K66-U020": 118.47765465347588}, "K68-D080": {"K68-D090": 100.42728760162996}, "K65A-D100": {"K65A-D110": 223.80548046355472}, "K65A-U090": {"K65A-U100": 38.22447639832916}, "K68-U050": {"K68-U060": 42.31725518587213}, "K65A-D050": {"K65A-D060": 48.25257971632469}, "K65-U170": {"K65-U180": 44.26282514109487}, "K65-D030": {"K65-D040": 62.7901181573593}, "K68-U100": {"K68-U110": 183.1228201225193}, "K65A-D030": {"K65A-D040": 52.45289752246335}, "K65-D150": {"K65-D160": 97.74648282196516}, "K65-U050": {"K65-U060": 104.31375493146827}, "K68-D090": {"K68-D100": 151.01754176859745}, "K68-D180": {"K68-D190": 25.685485822942713}, "K65-U060": {"K65-U070": 38.063149114087985}, "K65A-U070": {"K65A-U080": 37.67930268931076}, "K66-D110": {"K66-D120": 45.51132495109585}, "K66-U160": {"K66-U170": 47.60410345475391}, "K68-U160": {"K68-U170": 69.5689689327551}, "K65-U090": {"K65-U100": 56.961744480539025}, "K65-D060": {"K65-D070": 81.47768819316234}, "K66-D090": {"K66-D100": 46.64410045621618}, "K66-U100": {"K66-U110": 65.48298461605638}, "K66-D150": {"K66-D160": 94.78694694989169}, "K66-D010": {"K66-D020": 15.61466189807813}, "K65-U110": {"K65-U120": 109.36770661348082}, "K65-U010": {"K65-U020": 338.1024726207597}, "K68-D030": {"K68-D040": 83.42294599635132}, "K66-D230": {"K66-D240": 86.69703520531124}, "K66-U210": {"K66-U220": 53.83375255526106}, "K66-U120": {"K66-U130": 52.77020685232357}, "K66-D080": {"K66-D090": 63.024082760105365}, "K65-U180": {"K65-U190": 74.0332038114766}, "K65A-U010": {"K65A-U020": 53.405136857348246}, "K65-U070": {"K65-U080": 60.4474671171648}, "K66-D190": {"K66-D200": 82.95491675526011}, "K68-U040": {"K68-U050": 42.006818895750406}, "K65-D020": {"K65-D030": 74.84578155221892}, "K65A-U020": {"K65A-U030": 167.1640798622122}, "K65A-U030": {"K65A-U040": 29.22002509602614}, "K65-D110": {"K65-D120": 119.74580446618663}, "K65-U220": {"K65-U230": 81.37816693332812}, "K65-D040": {"K65-D050": 56.15634753669766}, "K65-U120": {"K65-U130": 158.9715733736245}, "K68-U010": {"K68-U020": 93.60964042234147}, "K66-U110": {"K66-U120": 40.36885598330799}, "K66-D070": {"K66-D080": 52.9672558755107}, "K66-D120": {"K66-D130": 71.1567607325728}, "K65A-D090": {"K65A-D100": 92.68687782827769}, "K66-D060": {"K66-D070": 52.48124234188175}, "K66-U090": {"K66-U100": 51.523458676165646}, "K68-D100": {"K68-D110": 78.17062343063108}, "K65-U140": {"K65-U150": 100.06706162544609}, "K66-D050": {"K66-D060": 47.65319405030575}, "K65-D090": {"K65-D100": 103.22337307473495}, "K65A-U060": {"K65A-U070": 44.17389924161524}, "K65-U080": {"K65-U090": 136.6361033982377}, "K65-U130": {"K65-U140": 23.819766852526474}, "K68-U130": {"K68-U140": 171.32181772936548}, "K68-D150": {"K68-D160": 63.5385783715541}, "K65-D130": {"K65-D140": 87.35930725281985}, "K66-U060": {"K66-U070": 215.66698019546055}, "K66-U070": {"K66-U080": 236.13335253095124}, "K66-D130": {"K66-D140": 37.72105178750503}, "K66-D030": {"K66-D040": 86.44545615304907}, "K68-U020": {"K68-U030": 39.03343894358023}, "K66-U050": {"K66-U060": 42.96797732428743}, "K68-U120": {"K68-U130": 143.84022239686237}, "K68-D140": {"K68-D150": 33.97144840907659}, "K66-D140": {"K66-D150": 97.01292433848656}, "K65-U030": {"K65-U040": 114.56754820115745}, "K65-D050": {"K65-D060": 50.61961713772321}, "K68-U030": {"K68-U040": 23.554941765189305}, "K66-D100": {"K66-D110": 54.46299760742429}, "K66-U080": {"K66-U090": 183.55170638749433}, "K66-U020": {"K66-U030": 199.9817234929939}, "K68-D200": {"K68-U011": 64.99040687325586}, "K68-U140": {"K68-U150": 46.219321341556025}, "K65-D180": {"K65-D190": 128.19548281419242}, "K66-D020": {"K66-D030": 75.25865377744746}, "K66-D160": {"K66-D170": 176.271667692448}, "K68-D050": {"K68-D060": 68.66160185097955}, "K65-U160": {"K65-U170": 56.28237954630204}, "K68-D070": {"K68-D080": 217.42418400754087}, "K66-D220": {"K66-D230": 74.53229683845903}, "K68-U060": {"K68-U070": 89.5734111424475}, "K68-D010": {"K68-D020": 54.43215860252908}, "K66-D040": {"K66-D050": 42.51811097391253}, "K68-D060": {"K68-D070": 98.06257337640854}, "K68-U110": {"K68-U120": 186.573109183689, "K68-D090": 665.8595899999999}, "K68-U170": {"K68-D010": 156.8435400322}, "K66-D200": {"K66-D210": 134.78976751126282}, "K68-D020": {"K68-D030": 76.79425429104906}, "K66-U030": {"K66-U040": 164.425536657447}, "K68-D110": {"K68-D120": 89.89734958688733}, "K68-U090": {"K68-U100": 145.38689737864934}, "K68-D120": {"K68-D130": 165.64099894679458}, "K68-U150": {"K68-U160": 81.55721494870926}, "K66A-D150": {"K66A-D160": 87.04740000000001}, "K66A-D120": {"K66A-D130": 50.6}, "K66A-D170": {"K66A-D180": 222.09}, "K66A-D110": {"K66A-D120": 44.25190000000001}, "K66A-D060": {"K66A-D070": 64.658}, "K66A-D140": {"K66A-D150": 89.36934049999999}, "K66A-D160": {"K66A-D170": 224.95}, "K66A-D210": {"K66A-D220": 158.73000000000002}, "K66A-D220": {"K66A-D230": 77.77000000000001}, "K66A-D100": {"K66A-D110": 42.900000000000006}, "K66A-D040": {"K66A-D050": 46.2}, "K66A-D200": {"K66A-D210": 130.35000000000002}, "K66A-D180": {"K66A-D190": 82.28}, "K66A-D025": {"K66A-D030": 125.40000000000002}, "K66A-D130": {"K66A-D140": 55.00000000000001}, "K66A-D030": {"K66A-D040": 88.36300000000001}, "K66A-D090": {"K66A-D100": 40.370000000000005}, "K66A-D070": {"K66A-D080": 51.7}}