{"KOW": {"TSY": 505.62380559923406, "OLY": 131.13650141084943, "HOK": 177.7421002177984}, "KOB": {"CHH": 157.6124683230277, "NTK": 123.8785213119994}, "KOT": {"TAW": 288.9282792163846, "LOF": 126.74988675253721, "MKK": 141.2267908103733, "SKM": 121.56939026914272}}