{"KSR": {"TWW": 655.7057432819608, "YUL": 238.29017796054168}}