{"LAK": {"KWF": 124.09166059304562, "TSY": 193.21322021359168, "NAC": 245.2508761949337, "MEF": 133.96870958138885}, "LAT": {"KWT": 118.52908758016001, "YAT": 114.02656941326818}}