{"LET": {"WCH": 166.28425447544222, "SOH": 97.77376908199176}}