{"MOK": {"YMT": 124.95315771514933, "PRE": 123.68299182945188}, "MOS": {"HEO": 134.0988581985319, "WKS": 163.48647632412116}}