{"NAC": {"LAK": 274.66848167314305, "OLY": 92.56424208641813, "AUS": 207.78792345732, "MEF": 175.7507626183643}}