{"NOP": {"FOH": 133.42907847632745, "QUB": 127.39888628766103}}