{"NTK": {"KWT": 110.81566060967214, "KOB": 123.09565164492346}}