{"OCP": {"WCH": 132.77656306703952, "ADM": 287.63195505331953}}