{"PRE": {"MOK": 128.74004973326404, "SKM": 126.34619661306499, "SSP": 129.25133790362764}}