{"QUB": {"NOP": 131.00998511138218, "YAT": 259.97663181740944, "TAK": 127.73342267489397}}