{"SKM": {"PRE": 119.90965504351266, "KOT": 124.04254621386868}, "SKW": {"SWH": 88.52541344783052, "HFC": 157.11955005464353}}