{"STW": {"CIO": 138.2271590122192, "CKT": 129.28108104047473}}