{"TAW": {"HIK": 156.13561855597376, "KOT": 299.04898439412835, "CKT": 126.63749985106782, "SHT": 127.30473985265431}, "TAP": {"UNI": 371.05509119773376, "TWO": 161.71773003034906}, "TAK": {"QUB": 130.80575236104522, "SWH": 130.6255640979583}}