{"TIK": {"TKO": 263.0132408095238, "YAT": 134.50443926285118}, "TIH": {"FOH": 119.06489228315952, "CAB": 130.3631820382774}, "TIS": {"SIH": 361.03293722420585, "LOP": 181.1967725811398}}