{"TKO": {"TIK": 308.78725178824277, "HAH": 188.20367713274405, "LHP": 131.74255395497914}, "TKW": {"SUW": 130.25166688799217, "HOM": 135.67770979070457}}