{"TUC": {"SUN": 858.6707083498923}, "TUM": {"SIH": 150.79935193984505}}