{"WCH": {"OCP": 123.64850672557748, "LET": 174.12799716410584}}