{"WTS": {"DIH": 119.37913642389233, "LOF": 125.79464803217529}}