{"YAT": {"TIK": 136.01630643553852, "QUB": 257.5432323038797, "LAT": 153.94197932010755}}