{"5": {"305": 81.00625984254062, "6": 106.32095772447119}}