{"AIR": {"TSY": 1392.9232984788184, "AWE": 112.65417028569436}}