{"CIO": {"SHM": 123.58443112693647, "STW": 132.40337948192}}