{"CKT": {"STW": 117.76283301304242, "TAW": 119.4305321593419}}