{"FOT": {"SHT": 160.9170954777243, "UNI": 191.07444936858286}, "FOH": {"TIH": 119.31898687955342, "NOP": 130.84412415203278}}