{"HAH": {"TKO": 147.59918296494976, "POA": 118.27579922193713}}