{"HEO": {"MOS": 128.56400757713857, "TSH": 132.1337772755304}}