{"HFC": {"SKW": 137.11599327128266, "CHW": 126.2661345725614}}