{"HKU": {"SYP": 118.82734406532889, "KET": 95.91532360822993}}