{"HOM": {"YMT": 131.5772370794501, "HUH": 134.27864800631662, "TKW": 129.64318713069724, "WHA": 80.02851293217577}, "HOK": {"KOW": 192.4156362079844}}