{"JOR": {"YMT": 128.6164740005264, "TST": 129.806467808557}}