{"K12-D020": {"K12-D030": 359.3319291768245}, "K17-D010": {"K17-D020": 301.47369662465826}, "K18-U010": {"K18-U020": 220.44497756526226}, "K17-D020": {"K17-D030": 48.55595800704895}, "K18-D020": {"K18-D030": 120.32056647288475}, "K12-U010": {"K12-U020": 247.91058883593547}, "K12-D030": {"K12-D040": 136.58097671615224}, "K12-U020": {"K12-U030": 226.52546277566768}, "K12-D010": {"K12-D020": 168.93350852952693}, "K17-U020": {"K17-U030": 147.43074349528905}, "K18-D010": {"K18-D020": 237.0959921114217}, "K18-U020": {"K18-U030": 87.9577556747158}, "K17-U030": {"K17-U040": 64.83188641366488}, "K17-U010": {"K17-U020": 253.19887204254536}}