{"K52-nD160": {"K52-nD170": 170.078720028463}, "K53-D100": {"K53-D110": 83.16357162817476}, "K51A-D050": {"K51A-D060": 80.21710792096891}, "K54-U050": {"K54-U060": 337.01061049522934}, "K51A-U090": {"K51A-U100": 145.17114887595966}, "K53-D110": {"K53-D120": 176.4080409225634}, "K52-nD030": {"K52-nD040": 39.16246750381678}, "K51-U040": {"K51-U050": 127.81025189252819}, "K52-nU090": {"K52-nU100": 139.77656084883628}, "K51-U200": {"K51-U210": 85.37856485650723}, "K51A-D040": {"K51A-D050": 91.98349565397935}, "K52-nU060": {"K52-nU070": 183.57377947280764}, "K52A-U030": {"K52A-U040": 47.95910927955185}, "K51A-U100": {"K51A-U110": 202.175125119705}, "K52-nU210": {"K52-nU220": 73.0349316483927}, "K52A-U090": {"K52A-U100": 90.02596881099586}, "K51-U090": {"K51-U100": 141.80481319519967}, "K51-D060": {"K51-D070": 59.271087079723564}, "K53-D060": {"K53-D070": 179.61519691525268}, "K53-U080": {"K53-U090": 75.80168629345704}, "K51-U100": {"K51-U110": 190.050833431004}, "K53-D020": {"K53-D030": 103.59740129377572}, "K52-nU020": {"K52-nU030": 101.90535799200975}, "K51A-U070": {"K51A-U080": 204.85626841048034}, "K52A-D070": {"K52A-D080": 93.73360154281166}, "K52-nU080": {"K52-nU090": 77.02616871081332}, "K51-D120": {"K51-D130": 57.06206896089829}, "K52-nD270": {"K52-nD280": 94.64678660357154}, "K52A-D030": {"K52A-D040": 18.00961919299291}, "K51-D260": {"K51-D270": 54.97687367892748}, "K54-U020": {"K54-U030": 179.24557601890697}, "K53-D040": {"K53-D050": 78.28663676207921}, "K53-D160": {"K53-D170": 199.09311316655266, "K53-U011": 202.00253404270225}, "K51-U160": {"K51-U170": 111.12383846530604}, "K51-D180": {"K51-D190": 180.0438077208937}, "K52-nU300": {"K52-nU310": 38.85924208414447}, "K51-U140": {"K51-U150": 55.571003173424536}, "K52-nD200": {"K52-nD210": 128.65614882044775}, "K53-D140": {"K53-D150": 165.00265021237936}, "K52A-D130": {"K52A-D140": 75.80665496735247}, "K51-D280": {"K51-D290": 63.19898872777575}, "K51-D200": {"K51-D210": 127.23394254958308}, "K52A-D150": {"K52A-D160": 94.91151686740628}, "K51-D080": {"K51-D090": 109.66036451503336}, "K51A-U150": {"K51A-U160": 120.93746895265822}, "K52-nU040": {"K52-nU050": 79.02017125271064}, "K53-U060": {"K53-U070": 69.23159893801558}, "K52-nD190": {"K52-nD200": 181.28231381532999}, "K51-D090": {"K51-D100": 88.21266148850222}, "K52-nD120": {"K52-nD130": 40.614227295199015}, "K53-U120": {"K53-U130": 69.30321594633962}, "K51A-U030": {"K51A-U040": 73.04390821155869}, "K52-nU050": {"K52-nU060": 254.24220728253513}, "K51A-U180": {"K51A-U190": 93.08585729459782}, "K51-D250": {"K51-D260": 154.3775030430619}, "K51A-U140": {"K51A-U150": 49.17993226205623}, "K52A-D060": {"K52A-D070": 136.01112715220594}, "K54-D030": {"K54-D040": 60.998687311982316}, "K51A-U080": {"K51A-U090": 177.46115221238674}, "K53-D080": {"K53-D090": 52.760966734602945}, "K52A-U010": {"K52A-U015": 227.502232849171}, "K52-nD220": {"K52-nD230": 134.65866688030465}, "K51-U210": {"K51-U220": 53.47705487463564}, "K53-U110": {"K53-U120": 96.82872679247454}, "K51A-D030": {"K51A-D040": 41.27305915880551}, "K53-D090": {"K53-D100": 49.77807104570833}, "K52-nU260": {"K52-nU270": 68.10783195474599}, "K52A-D080": {"K52A-D090": 63.620389739065175}, "K51-D210": {"K51-D220": 183.7546744418678}, "K51A-U020": {"K51A-U030": 106.16020739136263}, "K53-D120": {"K53-D130": 72.86781675600301}, "K51-U150": {"K51-U160": 74.86257743747689}, "K52-nU190": {"K52-nU200": 136.8109480322159}, "K51A-U220": {"K51A-U230": 83.40369031121871}, "K51A-D250": {"K51A-D260": 94.29756539965504}, "K51-D110": {"K51-D120": 53.89211030453822}, "K51-U130": {"K51-U140": 69.44676299815589}, "K51A-D240": {"K51A-D250": 57.3704049014829}, "K52-nU030": {"K52-nU040": 136.57927485253703}, "K51A-U200": {"K51A-U210": 60.92272816623826}, "K51A-D060": {"K51A-D070": 83.64223770789263}, "K52-nU270": {"K52-nU280": 172.96516712922417}, "K53-U030": {"K53-U040": 199.76732322421154}, "K51A-D180": {"K51A-D190": 132.3201955267069}, "K51-U120": {"K51-U130": 156.26486983749686}, "K51-U230": {"K51-U240": 50.35738066012179}, "K53-U100": {"K53-U110": 71.19479140012871}, "K51A-U230": {"K51A-U240": 36.981605707132}, "K51A-D010": {"K51A-D020": 52.764492393557006}, "K51A-D070": {"K51A-D080": 87.14969011239577}, "K51-D020": {"K51-D030": 61.87466492901861}, "K53-D015": {"K53-D020": 49.29310470520845}, "K53-U050": {"K53-U060": 143.0299982598122}, "K53-U070": {"K53-U080": 50.21708630143375}, "K52A-D010": {"K52A-D020": 329.34268715738995}, "K51-U170": {"K51-U180": 77.67748972474149}, "K52A-D020": {"K52A-D030": 24.48894995918703}, "K51-U010": {"K51-U020": 45.858013427299994}, "K51A-U110": {"K51A-U120": 133.6232569653725}, "K51A-D160": {"K51A-D170": 173.85449754290363}, "K52-nU010": {"K52-nU020": 34.4231018670056}, "K52A-U015": {"K52A-U020": 145.9593022246379}, "K52-nD080": {"K52-nD090": 61.42866985057393}, "K51A-U010": {"K51A-U020": 50.88163892674955}, "K53-D170": {"K53-D180": 319.73961832727}, "K53-U140": {"K53-D010": 80.49179450226447}, "K52A-D110": {"K52A-D120": 166.6021360251138}, "K51-D070": {"K51-D080": 63.59088138051618}, "K52A-U060": {"K52A-U070": 143.30296079866912}, "K51A-D140": {"K51A-D150": 78.4584169510957}, "K52-nU120": {"K52-nU140": 115.51313907901223}, "K54-U070": {"K54-D010": 144.5895876629626}, "K53-U130": {"K53-U140": 64.15663021049006}, "K52A-U110": {"K52A-U120": 56.06046859432919}, "K53-D010": {"K53-D015": 105.1930718114628}, "K52-nD140": {"K52-nD150": 111.25609822005613}, "K51A-D080": {"K51A-D090": 172.79559141504626}, "K52A-U050": {"K52A-U060": 52.37857524365394}, "K51-D150": {"K51-D160": 200.03828234447192}, "K52-nU160": {"K52-nU170": 49.60797097658288}, "K53-U090": {"K53-U100": 120.04442706502823}, "K51A-D120": {"K51A-D140": 146.93215699331884}, "K51A-D200": {"K51A-D210": 277.90597736333024}, "K51-U180": {"K51-U190": 106.68464206077279}, "K54-D020": {"K54-D030": 177.67448800556178}, "K52A-D120": {"K52A-D130": 39.864397130993694}, "K51-D160": {"K51-D170": 81.45641349651412}, "K51-D100": {"K51-D110": 163.16756791091726}, "K52A-D050": {"K52A-D060": 30.472997720023745}, "K52-nD090": {"K52-nD100": 55.143096912122154}, "K53-U040": {"K53-U050": 127.52076731250357}, "K52A-U130": {"K52A-U140": 58.342223796213354}, "K51A-U040": {"K51A-U050": 124.0805877417047}, "K52-nD010": {"K52-nD020": 17.902677796966024}, "K51-U030": {"K51-U040": 72.00383045215592}, "K51-D240": {"K51-D250": 130.58924955469658}, "K52A-D170": {"K52A-D180": 117.61205217041125}, "K51A-D190": {"K51A-D200": 185.10966793508047}, "K52-nU240": {"K52-nU250": 58.37493542681045}, "K51A-U130": {"K51A-U140": 70.99490338026514}, "K52-nD110": {"K52-nD120": 174.7505629220357}, "K51A-D220": {"K51A-D230": 126.44148565101946}, "K53-U020": {"K53-U030": 140.9786307949907, "K53-D160": 777.3963535182493}, "K52A-U160": {"K52A-U170": 26.307541757342925}, "K52-nD210": {"K52-nD220": 222.81357670744433}, "K51-D010": {"K51-D020": 56.44732114363158}, "K51-U020": {"K51-U030": 109.73116981092737}, "K51-D040": {"K51-D050": 49.50144451999999}, "K51A-D170": {"K51A-D180": 162.76950579968204}, "K53-D150": {"K53-D160": 165.35799967787608}, "K52-nU150": {"K52-nU160": 96.13589411567166}, "K51-U050": {"K51-U060": 256.31600957359944}, "K51-D270": {"K51-D280": 98.95931821976944}, "K51A-U210": {"K51A-U220": 71.08396069364646}, "K54-U010": {"K54-U020": 69.8868378307513}, "K52A-U070": {"K52A-U080": 79.29776284190051}, "K53-U010": {"K53-U020": 242.21065450429654, "K53-D180": 1300.2346955110447}, "K51A-D150": {"K51A-D160": 125.1440413311444}, "K51-D190": {"K51-D200": 165.34060277474094}, "K51A-D210": {"K51A-D220": 74.04748894813576}, "K52A-U170": {"K52A-U180": 275.33849859845316}, "K52A-U020": {"K52A-U030": 86.847802074462}, "K51A-U120": {"K51A-U130": 150.3703691732956}, "K53-D180": {"K53-D190": 86.6919891626433}, "K52-nD280": {"K52-nD290": 95.69847948987663}, "K52-nU250": {"K52-nU260": 55.40037748229499}, "K52A-D100": {"K52A-D110": 71.47383540941932}, "K52-nD240": {"K52-nD250": 140.99762817678044}, "K53-D030": {"K53-D040": 76.06349351124695}, "K52A-D180": {"K52A-D190": 98.60976570526677},