{"KAT": {"SUW": 124.93297506300003, "DIH": 140.2047477533787}}