{"LAK": {"NAC": 257.6660718113287, "TSY": 193.817411996125, "KWF": 148.61978013295118, "MEF": 127.51280928483246}, "LAT": {"KWT": 127.16949896741328, "YAT": 127.05798462420947}}