{"LCK": {"MEF": 128.35739169220113, "CSW": 131.51195958071128}}