{"LET": {"WCH": 157.8715173947413, "SOH": 105.5363838871506}}