{"MOK": {"PRE": 122.1085777832241, "YMT": 119.22576809872525}, "MOS": {"HEO": 132.89871206774515, "WKS": 176.02139661877715}}