{"NAC": {"LAK": 249.04210325357946, "OLY": 88.93200721002071, "MEF": 186.76622765523308, "AUS": 208.00789311276694}}