{"NOP": {"FOH": 135.17049429131185, "QUB": 129.54411891130138}}