{"NTK": {"KWT": 126.14884065310002, "KOB": 127.16784897283408}}