{"OCP": {"ADM": 287.63198178136304, "WCH": 132.10391555226533}}