{"OLY": {"NAC": 131.47632025656793, "KOW": 129.8806487862271}}