{"SIH": {"TIS": 365.6456755342, "TUM": 154.45979989193663}}