{"SKW": {"SWH": 86.00450786835225, "HFC": 146.06518743587225}, "SKM": {"KOT": 146.60798903635515, "PRE": 122.78287046872052}}