{"SSP": {"CSW": 118.89154458051253, "PRE": 127.7831759855547}}