{"STW": {"CKT": 122.7490118226277, "CIO": 136.38703738802744}}