{"SUN": {"DIS": 198.58233387484285, "TSY": 448.71457481139, "TUC": 823.8869220481508}, "SUW": {"TKW": 133.711315534194, "KAT": 97.78601429226212}}