{"SYP": {"HKU": 113.80553830306599, "SHW": 140.76183526912465}}