{"TAW": {"SHT": 118.01118960808292, "KOT": 306.3485091963224, "HIK": 135.15500000000003, "CKT": 126.861001773}, "TAP": {"UNI": 379.33850515871774, "TWO": 205.5643033782163}, "TAK": {"SWH": 122.56332624655435, "QUB": 131.6621508308156}}