{"TKO": {"TIK": 186.3243059555887, "LHP": 131.78258779639827, "HAH": 172.56018231758367}, "TKW": {"HOM": 140.33773827273953, "SUW": 132.677268106407}}