{"TUM": {"SIH": 139.98242677892398}, "TUC": {"SUN": 845.8963272539704}}