{"UNI": {"TAP": 362.7823324819965, "FOT": 195.62168393191598}}