{"WAC": {"ADM": 129.54408910430902, "CAB": 183.56457319972338}}