{"WCH": {"OCP": 126.00282246761942, "LET": 197.57219544130405}}