{"WTS": {"DIH": 119.92574774793061, "LOF": 134.36715627579997}}