{"YAT": {"TIK": 132.63652088619457, "QUB": 261.96464148446955, "LAT": 178.055191982867}}