{"YMT": {"MOK": 111.50107782541258, "HOM": 136.14395979656643, "JOR": 124.95787817930898}}