{"1": {"6": 59.89026458597342, "2": 138.5971959033313}}