{"CHH": {"KOB": 135.05958204386323, "DIH": 134.34854649265503}, "CHW": {"HFC": 158.0238964898477}}