{"CIO": {"STW": 146.98330216186372, "SHM": 144.0354337730548}}