{"CSW": {"SSP": 104.17010646631586, "LCK": 130.99079516965566}}