{"DIS": {"SUN": 198.58233387484285}, "DIH": {"HIK": 317.20550132680165, "KAT": 178.48683153187605, "CHH": 118.94071712753143, "WTS": 121.05693478379048}}