{"ETS": {"AUS": 179.16217080646328, "HUH": 417.1224226769624}}