{"EXC": {"HUH": 176.14291946529903, "ADM": 48.223893403018465}}