{"HEO": {"TSH": 136.90262459379483, "MOS": 129.27992463072283}}