{"HFC": {"SKW": 130.92458344454892, "CHW": 143.2274932462258}}