{"HIK": {"DIH": 311.06516450685524, "TAW": 183.70000000000002}}