{"HKU": {"SYP": 116.58235575844978, "KET": 93.30071275196087}}