{"K18-D020": {"K18-D030": 108.77766600655669}, "K17-D010": {"K17-D020": 359.6080687388045}, "K18-D010": {"K18-D020": 247.06228509559955}, "K12-U010": {"K12-U020": 268.8176231512941}, "K12-D030": {"K12-D040": 69.9838567582209}, "K18-U010": {"K18-U020": 195.5129530224553}, "K12-U020": {"K12-U030": 189.69981556989498}, "K17-U010": {"K17-U020": 250.0179104382443}, "K17-D020": {"K17-D030": 74.6622523904783}, "K12-D020": {"K12-D030": 312.9335956745789}, "K18-U020": {"K18-U030": 53.8342318072762}, "K17-U020": {"K17-U030": 123.6442835428787}, "K12-D010": {"K12-D020": 158.74865500534523}, "K17-U030": {"K17-U040": 31.65392907044015}}