{"K65-D050": {"K65-D060": 53.400780083408776}, "K66-U050": {"K66-U060": 41.96760590000001}, "K66-D110": {"K66-D120": 50.08253668796968}, "K65-U070": {"K65-U080": 54.26234105639073}, "K66-D060": {"K66-D070": 50.43347965738998}, "K65-U050": {"K65-U060": 98.9900874611366}, "K66-D220": {"K66-D230": 77.72195266115936}, "K65-D060": {"K65-D070": 78.08757073211247}, "K65-U140": {"K65-U150": 94.82458130518525}, "K65-D170": {"K65-D180": 82.64993152380188}, "K65-D090": {"K65-D100": 111.5404846476172}, "K65-D150": {"K65-D160": 109.93098234792487}, "K66-D120": {"K66-D130": 64.69674497234084}, "K66-U170": {"K66-U180": 20.547514528563003}, "K66-U150": {"K66-U160": 31.22459675634201}, "K66-U030": {"K66-U040": 121.44523219499517}, "K65-U100": {"K65-U110": 123.09426389089249}, "K65-D130": {"K65-D140": 84.59433357004941}, "K65-D080": {"K65-D090": 70.53643226957206}, "K65-D180": {"K65-D190": 87.55037572}, "K65-D070": {"K65-D080": 115.22979555759744}, "K66-U090": {"K66-U100": 40.873528810933884}, "K65-U220": {"K65-U230": 72.11600000000001}, "K65-D160": {"K65-D170": 129.80548856100708}, "K66-D070": {"K66-D080": 57.47782133563519}, "K66-U160": {"K66-U170": 41.1197251658589}, "K68-U160": {"K68-U170": 60.606527000000014}, "K65-D140": {"K65-D150": 116.18140604118267}, "K66-D020": {"K66-D030": 70.66732074263933}, "K68-U050": {"K68-U060": 47.592884120101175}, "K65-U060": {"K65-U070": 30.49172786769906}, "K66-U100": {"K66-U110": 89.91432415313315}, "K66-D160": {"K66-D170": 118.80153477398923}, "K68-D160": {"K68-D170": 82.38329000000002}, "K65-U170": {"K65-U180": 26.206692979319836}, "K65-U160": {"K65-U170": 45.05414807564377}, "K66-D040": {"K66-D050": 57.09294285381084}, "K65-D110": {"K65-D120": 114.29221408622001}, "K68-U140": {"K68-U150": 37.469844839463626}, "K66-U140": {"K66-U150": 35.01198981610202}, "K68-D050": {"K68-D060": 47.329179800000006}, "K65-U210": {"K65-U220": 74.9338084}, "K66-D080": {"K66-D090": 68.52941040240246}, "K66-U080": {"K66-U090": 172.35340247852403}, "K65-U190": {"K65-U200": 53.75629315870001}, "K66-D170": {"K66-D180": 160.48185925930005}, "K68-U060": {"K68-U070": 86.65841854467942}, "K68-U010": {"K68-U020": 90.26265312718002}, "K66-U060": {"K66-U070": 125.31411321623418}, "K65-D120": {"K65-D130": 61.26548015644998}, "K65-U150": {"K65-U160": 46.4963101302}, "K66-D050": {"K66-D060": 53.00584191330286}, "K66-D230": {"K66-D240": 95.1639}, "K68-U130": {"K68-U140": 159.92490000000004}, "K68-U170": {"K68-D010": 157.048606}, "K65-D100": {"K65-D110": 236.6517143842315}, "K66-D180": {"K66-D190": 72.059260669}, "K65-U180": {"K65-U190": 59.77283718423249}, "K66-D100": {"K66-D110": 53.56460619030899}, "K65-D040": {"K65-D050": 61.359928126332115}, "K65-U080": {"K65-U090": 124.88913355318466}, "K68-U150": {"K68-U160": 81.17646220238042}, "K66-D030": {"K66-D040": 81.05356923251627}, "K66-D010": {"K66-D020": 14.722976215786238}, "K65-D030": {"K65-D040": 77.65255237791746}, "K66-D150": {"K66-D160": 79.0477803634621}, "K65-U120": {"K65-U130": 169.22775833606482}, "K66-U200": {"K66-U210": 34.069878}, "K65-U040": {"K65-U050": 69.13901786994334}, "K66-U070": {"K66-U080": 147.48031775278798}, "K68-D110": {"K68-D120": 102.30000000000001}, "K65-D020": {"K65-D030": 84.75398563389187}, "K66-D210": {"K66-D220": 147.61968930000003}, "K65-D010": {"K65-D020": 36.20431397413976}, "K65-U200": {"K65-U210": 60.443383417999996}, "K68-D010": {"K68-D020": 48.0172}, "K65-U020": {"K65-U030": 105.13719068688374}, "K68-D070": {"K68-D080": 174.92123000000004}, "K68-U020": {"K68-U030": 43.479875129999996}, "K65-U130": {"K65-U140": 26.58286617367662}, "K66-D200": {"K66-D210": 115.124950623065}, "K66-U130": {"K66-U140": 47.62436343798101}, "K66-U010": {"K66-U020": 133.62910171690334}, "K66-U180": {"K66-U190": 48.56280000000001}, "K68-U080": {"K68-U090": 39.70569373100001}, "K66-D140": {"K66-D150": 94.82609612268728}, "K66-D190": {"K66-D200": 74.8019968608}, "K68-D030": {"K68-D040": 57.76946559999999}, "K66-U020": {"K66-U030": 191.67322497931568}, "K66-U190": {"K66-U200": 43.479592999999994}, "K68-U030": {"K68-U040": 30.20760451477999}, "K65-U090": {"K65-U100": 45.218153329292456}, "K66-D090": {"K66-D100": 53.67291559689611}, "K66-U120": {"K66-U130": 40.772605999999996}, "K66-U040": {"K66-U050": 112.18657765040003}, "K68-U110": {"K68-U120": 194.61486730000001, "K68-D090": 1029.6000000000001}, "K68-D090": {"K68-D100": 165.81059000000002}, "K65-U110": {"K65-U120": 107.837585726323}, "K68-U090": {"K68-U100": 149.7593158908}, "K68-U040": {"K68-U050": 50.815816848925934}, "K66-U110": {"K66-U120": 20.25804460657297}, "K68-U070": {"K68-U080": 22.709671000000004}, "K65-U030": {"K65-U040": 67.07206}, "K65-U010": {"K65-U020": 218.90632298870005}, "K66-U210": {"K66-U220": 55.31570000000001}, "K68-D080": {"K68-D090": 75.13220000000001}, "K68-U120": {"K68-U130": 129.67774000000003}, "K68-D020": {"K68-D030": 65.976763}, "K68-D140": {"K68-D150": 20.900000000000002}, "K66-D130": {"K66-D140": 45.4883519247136}, "K68-U100": {"K68-U110": 149.68626378370556}, "K68-D040": {"K68-D050": 97.9}, "K68-D130": {"K68-D140": 54.61500000000001}, "K68-D180": {"K68-D190": 50.27}, "K68-D120": {"K68-D130": 162.25000000000003}, "K68-D170": {"K68-D180": 42.955000000000005}, "K68-D060": {"K68-D070": 102.30000000000001}, "K68-D150": {"K68-D160": 74.80000000000001}}