{"KOW": {"HOK": 177.7421002153176, "OLY": 137.77158678551422, "TSY": 466.79730686404827}, "KOT": {"TAW": 285.7206847337935, "MKK": 189.02075662888126, "LOF": 102.8612325958234, "SKM": 140.94305595582924}, "KOB": {"CHH": 157.90865629820007, "NTK": 120.417}}