{"KWF": {"LAK": 109.88932774362095, "KWH": 118.46277300226707}, "KWT": {"LAT": 120.96413076397683, "NTK": 103.891601278284}, "KWH": {"KWF": 110.9947597619533, "TWH": 159.46713992546069}}