{"LAK": {"KWF": 139.5250580852919, "NAC": 267.7955260111113, "TSY": 192.08868713658975, "MEF": 140.40713662312442}, "LAT": {"YAT": 90.70839597316431, "KWT": 126.70766172121344}}