{"LCK": {"CSW": 114.27643286196147, "MEF": 128.3601844006582}}