{"LET": {"WCH": 159.45838238044777, "SOH": 102.17973256449281}}