{"LOP": {"YUL": 130.3765750172667, "TIS": 191.7551946996465}, "LOF": {"KOT": 130.86609771279478, "WTS": 116.09560135554548}, "LOW": {"SHS": 231.43438640174662}}