{"MEF": {"NAC": 179.14658049005877, "TWW": 326.09277064805144, "LAK": 156.1005004299059, "LCK": 100.52170832366477}}