{"MKK": {"KOT": 149.06717752455492, "HUH": 301.1828429555932}}