{"MOK": {"PRE": 95.05060192811692, "YMT": 113.51829090951114}, "MOS": {"HEO": 157.34765127828226, "WKS": 167.49491972004088}}