{"NAC": {"LAK": 260.2170824352258, "OLY": 121.89028353371516, "MEF": 187.6377520588966, "AUS": 205.76259968079603}}