{"NOP": {"QUB": 121.94173221335828, "FOH": 108.47243387230051}}