{"NTK": {"KWT": 126.36570363756054, "KOB": 131.15165124893798}}