{"OCP": {"WCH": 114.36683408040467, "ADM": 287.6319577682897}}