{"OLY": {"KOW": 134.21222405209681, "NAC": 131.50412917952082}}