{"PRE": {"MOK": 106.97950607239841, "SKM": 107.90109145920808, "SSP": 145.93785029698603}}