{"QUB": {"YAT": 266.12351547660893, "TAK": 91.1038276442592, "NOP": 118.90774440993252}}