{"SHT": {"FOT": 374.69433052441866, "TAW": 187.84049874980104}, "SHS": {"FAN": 145.1780384623349, "LMC": 582.9881462586176, "LOW": 261.75493247375704}, "SHM": {"TSH": 244.60699378880582, "CIO": 131.79718114532602}, "SHW": {"CEN": 108.51344652001917, "SYP": 121.3991846430614}}