{"SIH": {"TIS": 356.0236404518626, "TUM": 154.45979989193663}}