{"SKM": {"PRE": 102.72775300000004, "KOT": 116.70895358063606}, "SKW": {"HFC": 190.97250763048604, "SWH": 109.3789778457951}}