{"SSP": {"CSW": 131.85535617851525, "PRE": 125.20991143945427}}