{"TIH": {"FOH": 98.26367150303118, "CAB": 121.68865572971374}, "TIK": {"YAT": 155.9035719187844, "TKO": 151.2381011919683}, "TIS": {"SIH": 356.76330595580987, "LOP": 190.27903080743724}}