{"TKO": {"LHP": 131.56187494520682, "TIK": 148.5845411260389, "HAH": 125.92086837713546}, "TKW": {"HOM": 136.854774, "SUW": 132.0}}