{"TST": {"ADM": 197.97375509961205, "JOR": 127.15880371209127}, "TSY": {"SUN": 535.7572365512422, "AIR": 1577.4685029130765, "KOW": 555.6975341061949, "LAK": 195.0762137511656}, "TSH": {"HEO": 128.48044020501422, "SHM": 230.9304137002061}, "TSW": {"TWH": 110.08004936433231}}