{"TWO": {"FAN": 330.5701486652997, "TAP": 172.99603121662676}, "TWH": {"KWH": 127.78394385547726, "TSW": 97.22434494115912}, "TWW": {"KSR": 582.4368514998503, "MEF": 309.5884222580904}}