{"WAC": {"CAB": 140.16006143236586, "ADM": 124.26622485226599}}