{"WCH": {"OCP": 116.7201388284423, "LET": 173.73035514231464}}