{"YMT": {"HOM": 166.18628593920886, "MOK": 117.52390555298118, "JOR": 131.47505105246435}}