{"1": {"6": 63.895816284910154, "2": 38.9021826298471}}