{"5": {"6": 152.38475249803173, "305": 64.90467947412918}}