{"AIR": {"TSY": 1611.1961056373657, "AWE": 118.1564353256118}}