{"AUS": {"ETS": 154.39680960619046, "NAC": 195.74086588543116}}