{"CHH": {"KOB": 148.07715028869956, "DIH": 132.01679274087172}, "CHW": {"HFC": 103.83824875956807}}