{"CIO": {"SHM": 127.8161199535837, "STW": 140.5720875987381}}