{"CKT": {"TAW": 129.74300498390437, "STW": 125.3559229366792}}