{"FOH": {"NOP": 125.1631680850744, "TIH": 122.05569188906338}, "FOT": {"SHT": 173.95301009097085, "UNI": 197.1763245168617}}