{"HAH": {"TKO": 178.2660434972865, "POA": 123.55796828603563}}