{"HIK": {"TAW": 155.56543041493106, "DIH": 318.95184430454543}}