{"HUH": {"MKK": 193.12184801436698, "EXC": 194.76239085025085, "ETS": 184.29323705178234, "HOM": 130.89602406687342}}