{"JOR": {"YMT": 129.62809412712093, "TST": 123.62544494762028}}