{"K66-D010": {"K66-D020": 14.589317457533236}, "K68-D150": {"K68-D160": 60.91289622462391}, "K66-U020": {"K66-U030": 164.34540544842855}, "K66-D160": {"K66-D170": 114.62724517023457}, "K65-D130": {"K65-D140": 56.5308293095154}, "K65-U100": {"K65-U110": 133.26879310055148}, "K66-U140": {"K66-U150": 50.680844310023836}, "K65-D110": {"K65-D120": 97.80666327507178}, "K65-U150": {"K65-U160": 49.707432505729756}, "K68-D110": {"K68-D120": 81.9605010405011}, "K65-U170": {"K65-U180": 44.75965365137867}, "K65-U210": {"K65-U220": 72.74037920680699}, "K65-U120": {"K65-U130": 175.72992885658692}, "K66-U170": {"K66-U180": 33.12203436219694}, "K65-U220": {"K65-U230": 72.77067608584045}, "K65-U160": {"K65-U170": 53.18196709417835}, "K66-D030": {"K66-D040": 68.65300723457747}, "K66-U110": {"K66-U120": 40.84888445464243}, "K66-D070": {"K66-D080": 30.161469986867974}, "K66-D060": {"K66-D070": 25.427716159525676}, "K66-U190": {"K66-U200": 66.13601219236556}, "K68-D100": {"K68-D110": 77.23023871177811}, "K65-U020": {"K65-U030": 100.10464852080561}, "K65-U200": {"K65-U210": 45.866916509006444}, "K65-D100": {"K65-D110": 170.02480659788324}, "K65-D090": {"K65-D100": 69.04499226827839}, "K68-D190": {"K68-D200": 43.86823448098352}, "K66-U070": {"K66-U080": 156.9595686964229}, "K65-U040": {"K65-U050": 81.22297262624753}, "K65-U140": {"K65-U150": 93.93191287495824}, "K68-D090": {"K68-D100": 131.09970464845983}, "K66-D170": {"K66-D180": 155.2468175633929}, "K68-D130": {"K68-D140": 54.63584985904193}, "K65-D150": {"K65-D160": 73.43777121342347}, "K66-D180": {"K66-D190": 48.4137599081414}, "K66-D220": {"K66-D230": 75.8871543315791}, "K68-D170": {"K68-D180": 45.322744544}, "K66-D110": {"K66-D120": 19.647607448963665}, "K66-U050": {"K66-U060": 35.446985400920894}, "K65-D160": {"K65-D170": 120.22290352421894}, "K68-D140": {"K68-D150": 29.9903735659}, "K66-D140": {"K66-D150": 153.92333500028204}, "K66-U160": {"K66-U170": 44.93260826749874}, "K66-U100": {"K66-U110": 64.92860951098261}, "K66-U150": {"K66-U160": 55.642214565998984}, "K65-U090": {"K65-U100": 104.51425465963648}, "K65-U130": {"K65-U140": 65.83356146724896}, "K65-U190": {"K65-U200": 38.20919633344678}, "K66-D040": {"K66-D050": 19.94541970066325}, "K65-D030": {"K65-D040": 37.453081000000005}, "K66-D230": {"K66-D240": 75.90361842571194}, "K68-D200": {"K68-U011": 59.41609515586256}, "K66-U200": {"K66-U210": 56.493187184876014}, "K65-D060": {"K65-D070": 48.43156691876001}, "K65-U070": {"K65-U080": 49.431575481452526}, "K66-U180": {"K66-U190": 59.80558239825841}, "K68-D050": {"K68-D060": 37.23082250662627}, "K66-D050": {"K66-D060": 25.54654480062836}, "K68-U100": {"K68-U110": 112.74032000000003}, "K65-D120": {"K65-D130": 43.66803695366266}, "K65-D080": {"K65-D090": 45.856155098509994}, "K68-D030": {"K68-D040": 37.49658000000001}, "K66-D150": {"K66-D160": 82.91025361202794}, "K66-D020": {"K66-D030": 50.6222805}, "K68-D120": {"K68-D130": 147.9288711318045}, "K68-D180": {"K68-D190": 63.13140957234326}, "K65-U060": {"K65-U070": 28.890397267698383}, "K68-D070": {"K68-D080": 171.07276756540006}, "K68-U120": {"K68-U130": 112.25549999999998}, "K66-D090": {"K66-D100": 24.489626074363702}, "K66-D190": {"K66-D200": 71.14273070430765}, "K66-U130": {"K66-U140": 53.59275476471849}, "K66-U210": {"K66-U220": 38.9950018007263}, "K65-U030": {"K65-U040": 67.48497136916555}, "K68-D010": {"K68-D020": 52.392487789675}, "K66-U030": {"K66-U040": 139.95107609054003}, "K65-D070": {"K65-D080": 88.00572899347996}, "K66-U080": {"K66-U090": 144.82178118691692}, "K65-D020": {"K65-D030": 55.819181281108}, "K68-D160": {"K68-D170": 82.62264398348546}, "K65-D040": {"K65-D050": 49.96028983}, "K68-D060": {"K68-D070": 77.5419546616}, "K66-U010": {"K66-U020": 112.91762504700004}, "K66-U120": {"K66-U130": 55.17893353548}, "K66-D200": {"K66-D210": 97.66633325186554}, "K68-U050": {"K68-U060": 62.81}, "K65-U080": {"K65-U090": 103.48795650604696}, "K66-D100": {"K66-D110": 27.448070391679742}, "K66-U090": {"K66-U100": 48.77169051401247}, "K65-U110": {"K65-U120": 91.9422165043283}, "K65-U180": {"K65-U190": 72.56194557950161}, "K66-D080": {"K66-D090": 32.90522008700953}, "K65-D180": {"K65-D190": 86.83277828307891}, "K66-U060": {"K66-U070": 151.21236051983433}, "K65-D170": {"K65-D180": 80.50061421413605}, "K66-D210": {"K66-D220": 131.4967405241111}, "K66-D130": {"K66-D140": 24.766622714}, "K68-U140": {"K68-U150": 20.471000000000004}, "K65-D140": {"K65-D150": 90.08738339745369}, "K65-U010": {"K65-U020": 236.28482160274575}, "K68-U080": {"K68-U090": 37.510000000000005}, "K66-D120": {"K66-D130": 51.9868592824}, "K68-D080": {"K68-D090": 71.65108211833424}, "K65-U050": {"K65-U060": 76.50237488944654}, "K68-U160": {"K68-U170": 68.99760637000001}, "K66-U040": {"K66-U050": 115.36876066527}, "K65-D050": {"K65-D060": 51.10735302586425}, "K68-U150": {"K68-U160": 83.545504}, "K68-U130": {"K68-U140": 139.99545}, "K65-D010": {"K65-D020": 36.618508410000004}, "K68-U090": {"K68-U100": 103.5595}, "K68-U170": {"K68-D010": 132.123926}, "K68-U110": {"K68-U120": 198.67245899999998, "K68-D090": 677.6}, "K68-U030": {"K68-U040": 30.910000000000004}, "K68-D020": {"K68-D030": 73.19608599999998}, "K68-U040": {"K68-U050": 39.6}, "K68-D040": {"K68-D050": 81.8729137}, "K68-U060": {"K68-U070": 104.17}, "K68-U070": {"K68-U080": 24.3257}}