{"K73-D050": {"K73-D070": 87.78483920605026}, "K75A-D040": {"K75A-D050": 43.56496071158015}, "K75P-U080": {"K75P-U090": 43.02812242293719}, "K75P-D040": {"K75P-D050": 149.3175489804865}, "K76-U030": {"K76-U040": 163.1008540778027}, "K75A-D090": {"K75A-D100": 31.671333527017527}, "K73-U070": {"K73-U080": 135.42401418561806}, "K75P-U060": {"K75P-U070": 28.53568225250145}, "K75P-U140": {"K75P-D010": 128.51968878974165}, "K76-D010": {"K76-D020": 190.2672091884148}, "K75A-D060": {"K75A-D070": 25.581544774275766}, "K75A-D100": {"K75A-D110": 100.0148010316487}, "K73-U090": {"K73-U100": 78.64315607298346}, "K73-D090": {"K73-D100": 81.19413107595857}, "K75P-D010": {"K75P-D020": 109.95707761197176}, "K75P-U110": {"K75P-U120": 81.87307147118739}, "K75P-D050": {"K75P-D060": 65.58225153341233}, "K73-U100": {"K73-U110": 195.26438778847051}, "K75P-U050": {"K75P-U060": 156.2791538447325}, "K73-U080": {"K73-U110": 327.81241818947757, "K73-U090": 267.4503637807103}, "K75P-D070": {"K75P-D080": 79.93966473331278}, "K75P-D020": {"K75P-D030": 30.902873261773788}, "K75P-D080": {"K75P-U011": 110.72982319856457}, "K73-U050": {"K73-U060": 84.5529002118848}, "K75A-D080": {"K75A-D090": 70.63177621650388}, "K76-D030": {"K76-D040": 68.01090088265546}, "K73-U110": {"K73-U120": 211.55891344210346}, "K75A-D050": {"K75A-D060": 62.40847796420137}, "K76-D020": {"K76-D030": 116.64000862519856}, "K75P-U020": {"K75P-U030": 108.30303448407236}, "K75A-D110": {"K75A-U011": 139.13463646642262}, "K73-U030": {"K73-U040": 70.28630204082414}, "K73-D010": {"K73-D020": 68.96397171019038}, "K73-U060": {"K73-U070": 129.92542019202827}, "K75P-U090": {"K75P-U100": 38.23274964852592}, "K73-D150": {"K73-D160": 43.91397486668759}, "K75A-D020": {"K75A-D030": 23.426435166329274}, "K73-U040": {"K73-U050": 85.36053945890814, "K73-U060": 156.14726119639442}, "K73-U020": {"K73-U030": 153.4221067267203}, "K73-D070": {"K73-D080": 141.01026269022253}, "K75P-D060": {"K75P-D070": 164.49589946725058}, "K75P-U030": {"K75P-U040": 106.96330589651453}, "K75P-U070": {"K75P-U080": 97.55737073694024}, "K73-D140": {"K73-D150": 179.2039607001512}, "K75P-U130": {"K75P-U140": 30.571658548209314}, "K75P-D030": {"K75P-D040": 102.33805456987007}, "K73-D040": {"K73-D050": 65.44176975557109}, "K73-D130": {"K73-D140": 124.56768968205968}, "K73-D020": {"K73-D030": 66.57272171719003}, "K75P-U040": {"K75P-U050": 99.91598084517241}, "K75A-U010": {"K75A-U020": 40.64993061752999}, "K75A-U020": {"K75A-U030": 142.85167679507603}, "K75P-U120": {"K75P-U130": 61.65163724244901}, "K73-D080": {"K73-D090": 260.0316913268103}, "K75P-U100": {"K75P-U110": 64.39146850678274}, "K75A-D010": {"K75A-D020": 165.46832482852264}, "K73-D110": {"K73-D120": 63.463596899764106}, "K75A-U030": {"K75A-D010": 200.84078113129036}, "K75A-D030": {"K75A-D040": 47.05028064416702}, "K74-D020": {"K74-D030": 145.02339764528094}, "K73-D120": {"K73-D130": 100.83518210385746}, "K73-D030": {"K73-D040": 104.84262189127742}, "K73-D100": {"K73-D110": 169.12444045051421}, "K75A-D070": {"K75A-D080": 18.872887354692974}, "K73-U010": {"K73-U020": 62.96986025566925}, "K75P-U010": {"K75P-U020": 75.38011770586817}}