{"KAT": {"SUW": 119.56488551096609, "DIH": 136.93154628846455}}