{"KSR": {"TWW": 682.8168559015545, "YUL": 229.96198825627434}}