{"KWH": {"KWF": 131.71549869789268, "TWH": 143.33176215936675}, "KWT": {"NTK": 129.38435883021072, "LAT": 129.88058062972536}, "KWF": {"LAK": 160.49628007204456, "KWH": 127.46567761880938}}