{"LCK": {"CSW": 128.4589955541871, "MEF": 130.65233548341513}}