{"LET": {"WCH": 175.62533341109864, "SOH": 99.99843964778458}}