{"MEF": {"LCK": 133.27227672860494, "LAK": 138.30367063690443, "NAC": 190.1346773840575, "TWW": 333.56022985400125}}