{"MOK": {"YMT": 117.04869539595768, "PRE": 130.26953797156764}, "MOS": {"HEO": 137.30130589359842, "WKS": 160.0763395256009}}