{"NAC": {"OLY": 113.63271751828168, "LAK": 257.1359226229859, "AUS": 205.17038477308273, "MEF": 191.78042943487753}}