{"OCP": {"ADM": 287.63195482275563, "WCH": 132.6269410120986}}