{"PRE": {"SSP": 130.37763939842958, "MOK": 127.2849096656059, "SKM": 128.05380841559008}}