{"QUB": {"YAT": 256.86803885567076, "NOP": 129.91265814458575, "TAK": 129.52195703145475}}