{"SHS": {"FAN": 153.76754229659315, "LOW": 261.7548997820268, "LMC": 468.58103206217277}, "SHW": {"CEN": 118.46655189102371, "SYP": 137.1914623837968}, "SHT": {"TAW": 193.6508885443197, "FOT": 158.41547847990017}, "SHM": {"CIO": 132.157005339817, "TSH": 225.60390917254153}}