{"STW": {"CIO": 139.3092904707704, "CKT": 137.36212942524145}}