{"SUN": {"DIS": 198.58233387484285, "TSY": 535.342837546035, "TUC": 823.8869893409828}, "SUW": {"TKW": 127.58389626457037, "KAT": 112.21896451851198}}