{"SWH": {"TAK": 128.14950596202664, "SKW": 129.29663334307418}}