{"SYP": {"HKU": 98.16253692344084, "SHW": 147.5220028699238}}