{"TAW": {"KOT": 336.9797507495214, "SHT": 134.14330586147634, "HIK": 144.55692672254833, "CKT": 264.5129318448045}, "TAP": {"UNI": 421.84396480759887, "TWO": 200.9287846241437}, "TAK": {"QUB": 127.04685745150582, "SWH": 123.37826105634997}}