{"TSY": {"KOW": 556.6953152967941, "SUN": 487.5235881992826, "AIR": 1516.4208481211429, "LAK": 194.11184052674324}, "TSH": {"SHM": 217.98711116772589, "HEO": 135.81417289621078}, "TST": {"JOR": 112.89370288183927, "ADM": 201.05912284241273}, "TSW": {"TWH": 72.56377776076214}}