{"TWO": {"TAP": 196.10928857391158, "FAN": 335.88761810943345}, "TWH": {"KWH": 136.43479573529928, "TSW": 61.11931655176376}, "TWW": {"MEF": 307.66327274833776, "KSR": 601.7528394895503}}