{"WAC": {"ADM": 130.2652725142396, "CAB": 187.36786874215105}}