{"YAT": {"TIK": 136.10636588113897, "QUB": 259.7538027300893, "LAT": 174.17623331023458}}