{"YUL": {"KSR": 246.96937363307035, "LOP": 128.58804795904885}}