{"5": {"305": 84.31919501925934, "6": 109.0597331931212}}