{"AIR": {"TSY": 1461.2551741687355, "AWE": 106.69620668059322}}