{"AUS": {"ETS": 92.14351902000001, "NAC": 221.4929019751381}}