{"CHH": {"KOB": 70.42420174983258, "DIH": 90.9146121360077}, "CHW": {"HFC": 82.42035011636655}}