{"CIO": {"SHM": 136.9463055398358, "STW": 95.73449300326718}}