{"DIS": {"SUN": 198.58233387484285}, "DIH": {"CHH": 84.37340783190815, "HIK": 281.60598572233687, "WTS": 96.20160420484339, "KAT": 140.00687940000003}}