{"FOT": {"SHT": 152.90006737247109, "UNI": 181.62662485335304}, "FOH": {"TIH": 80.57461580757021, "NOP": 82.93861706234351}}