{"HAH": {"TKO": 141.24218718796513, "POA": 130.63110354939425}}