{"HFC": {"SKW": 127.04206990309942, "CHW": 138.32962055741342}}