{"HKU": {"SYP": 91.69713224316347, "KET": 101.08800671624002}}