{"HOK": {"KOW": 190.07355087773465}, "HOM": {"HUH": 97.2309788830525, "YMT": 144.26814882129855, "TKW": 117.16376798029198, "WHA": 82.45325991766845}}