{"HUH": {"ETS": 66.62389791196559, "EXC": 191.7905527222775, "MKK": 198.95556119064912, "HOM": 73.28401502318403}}