{"K51-U030": {"K51-U040": 59.188827832473294}, "K52-nU120": {"K52-nU140": 109.06126212597296}, "K53-D015": {"K53-D020": 47.49602283543142}, "K58-U050": {"K58-U060": 51.0708}, "K53-U020": {"K53-U030": 144.797249928856, "K53-D160": 940.8792137893586}, "K51A-D120": {"K51A-D140": 145.77374696433594}, "K51-D160": {"K51-D170": 72.22438855284267}, "K58-U070": {"K58-U080": 131.549}, "K51A-D230": {"K51A-D240": 146.54041373053377}, "K51-U050": {"K51-U060": 298.8296549842531}, "K53-U120": {"K53-U130": 60.6824085658364}, "K51-D120": {"K51-D130": 67.32203282886192}, "K58-D040": {"K58-D050": 149.501}, "K53-U010": {"K53-U020": 222.1371700605771, "K53-D180": 1636.7055895217761}, "K53-D090": {"K53-D100": 50.18173764783344}, "K53-U080": {"K53-U090": 73.52230617379219}, "K54-D060": {"K54-D070": 141.9880718493621}, "K51-D100": {"K51-D110": 157.11343967200375}, "K58-U130": {"K58-U140": 97.8648}, "K51A-U150": {"K51A-U160": 114.09868857501105}, "K52-nD150": {"K52-nD160": 116.52348968699626}, "K51-U040": {"K51-U050": 124.58162243837121}, "K52-nU010": {"K52-nU020": 60.13669455617794}, "K53-U140": {"K53-D010": 78.38749687959503}, "K52-nD050": {"K52-nD060": 36.28190420126483}, "K51-U240": {"K51-U250": 114.96014017405396}, "K58-U020": {"K58-U023": 139.5746}, "K52A-U120": {"K52A-U130": 79.99883333957821}, "K52-nD090": {"K52-nD100": 51.49131100641305}, "K52-nU080": {"K52-nU090": 97.61782984646001}, "K51A-U120": {"K51A-U130": 132.49087154094224}, "K58-U160": {"K58-U170": 124.304587}, "K53-U130": {"K53-U140": 60.739335173046996}, "K51-D060": {"K51-D070": 59.72125326831788}, "K51A-D050": {"K51A-D060": 79.79532158614603}, "K54-U040": {"K54-U050": 135.95248003796775}, "K58-U026": {"K58-U030": 130.62408920000001}, "K51A-D240": {"K51A-D250": 65.03175560708647}, "K53-U050": {"K53-U060": 142.74332568621458}, "K51A-D080": {"K51A-D090": 169.7073057126685}, "K51A-U010": {"K51A-U020": 53.43366218031514}, "K53-U110": {"K53-U120": 88.80044425873618}, "K58-U190": {"K58-U200": 95.88986}, "K51A-D150": {"K51A-D160": 117.21174084224636}, "K51-U020": {"K51-U030": 137.22819780907872}, "K53-D030": {"K53-D040": 77.42712930877244}, "K53-U030": {"K53-U040": 210.49951310185375}, "K51A-D090": {"K51A-D100": 51.26622464467131}, "K52-nD250": {"K52-nD260": 183.18500365912422}, "K51A-U200": {"K51A-U210": 62.48160129252841}, "K52-nD060": {"K52-nD070": 130.5935634342256}, "K51A-U140": {"K51A-U150": 49.7352615341393}, "K54-U050": {"K54-U060": 390.6376835270361}, "K52-nU260": {"K52-nU270": 113.11139093213747}, "K58-D070": {"K58-D080": 102.89686000000002}, "K51-D210": {"K51-D220": 164.66319770290346}, "K53-U040": {"K53-U050": 120.09341288833775}, "K51-D140": {"K51-D150": 82.46010952622945}, "K54-U060": {"K54-U070": 225.7494203771135}, "K52-nU190": {"K52-nU200": 134.22095007380423}, "K51A-D170": {"K51A-D180": 165.8059340586046}, "K51A-U100": {"K51A-U110": 219.3461485312884}, "K58-D180": {"K58-D190": 282.0928}, "K58-U010": {"K58-U020": 25.278000000000002}, "K52A-U040": {"K52A-U050": 131.80899882994976}, "K52A-D120": {"K52A-D130": 39.29475724206121}, "K54-D030": {"K54-D040": 66.10372823675421}, "K51-D200": {"K51-D210": 120.72387203108602}, "K51-U100": {"K51-U110": 207.36000339993933}, "K52-nD140": {"K52-nD150": 116.95964479501501}, "K51A-U170": {"K51A-U180": 76.97374128591503}, "K51A-D110": {"K51A-D120": 57.293607053911145}, "K58-D140": {"K58-D150": 40.260000000000005}, "K51-U110": {"K51-U120": 116.23358480681767}, "K51A-U110": {"K51A-U120": 136.01123753477322}, "K51A-U130": {"K51A-U140": 67.97998200687738}, "K51A-D140": {"K51A-D150": 63.59438998159021}, "K52-nU290": {"K52-nU300": 23.29610112664111}, "K58-D110": {"K58-D120": 170.78270000000006}, "K52A-U070": {"K52A-U080": 95.13066430715587}, "K53-D040": {"K53-D050": 85.81174865503216}, "K51A-U070": {"K51A-U080": 176.59732106360613}, "K53-D150": {"K53-D160": 175.48917743142383}, "K51-D150": {"K51-D160": 170.70525344606745}, "K51-U160": {"K51-U170": 110.59120904193189}, "K58-D060": {"K58-D070": 146.96110000000002}, "K51A-U060": {"K51A-U070": 307.65897816902327}, "K53-U090": {"K53-U100": 129.51260959595237}, "K52-nU050": {"K52-nU060": 275.3575168860652}, "K58-D100": {"K58-D110": 162.602}, "K58-U110": {"K58-U120": 172.62960429000003}, "K53-D120": {"K53-D130": 75.75655174371829}, "K51A-D010": {"K51A-D020": 52.62452655458594}, "K51A-U040": {"K51A-U050": 130.85195522492782}, "K52A-U030": {"K52A-U040": 60.209181035826}, "K52-nU240": {"K52-nU250": 86.35985696533939}, "K54-D040": {"K54-D050": 169.36180650723603}, "K52A-D060": {"K52A-D070": 130.3606884181954}, "K52A-U060": {"K52A-U070": 137.5287541871137}, "K52A-U110": {"K52A-U120": 62.71867984944231}, "K53-U060": {"K53-U070": 70.39903357389942}, "K52-nD220": {"K52-nD230": 115.70194807944947}, "K52A-U015": {"K52A-U020": 126.95357955896039}, "K52A-U080": {"K52A-U090": 75.8806459774971}, "K51-U010": {"K51-U020": 31.28333170327614}, "K52-nD200": {"K52-nD210": 129.01798155663332}, "K58-D030": {"K58-D040": 27.511000000000006}, "K52A-U170": {"K52A-U180": 338.0570479227634}, "K53-D160": {"K53-D170": 848.5255720380585, "K53-U011": 196.70964417163904}, "K52A-D140": {"K52A-D150": 107.87472037100001}, "K54-D020": {"K54-D030": 239.8761712051474}, "K54-D010": {"K54-D020": 104.49650674168295}, "K53-D140": {"K53-D150": 177.0230922655369}, "K51-D080": {"K51-D090": 113.97733121511286}, "K51A-D210": {"K51A-D220": 75.25452577681821}, "K51A-D020": {"K51A-D030": 122.50351143241267}, "K51-U230": {"K51-U240": 44.470839133013136}, "K58-U100": {"K58-U110": 86.71469180000001}, "K52A-D110": {"K52A-D120": 237.55232536298232}, "K52-nD080": {"K52-nD090": 70.75071400581656}, "K52-nU270": {"K52-nU280": 169.92605850187843}, "K52-nD100": {"K52-nD110": 56.66434428571588}, "K52-nD240": {"K52-nD250": 154.5508777028533}, "K58-D170": {"K58-D180": 109.78}, "K52-nU100": {"K52-nU110": 161.1509232524748}, "K58-D150": {"K58-D160": 81.11234999999999}, "K51-U220": {"K51-U230": 71.3143968476631}, "K51A-U210": {"K51A-U220": 74.06543449675107}, "K58-U060": {"K58-U070": 180.49515000000002}, "K58-U023": {"K58-U026": 54.95269999999999}, "K53-D080": {"K53-D090": 59.49533857851509}, "K51-D020": {"K51-D030": 64.66243120546469}, "K51-D170": {"K51-D180": 68.53847375449999}, "K58-D160": {"K58-D170": 206.6317}, "K52-nU090": {"K52-nU100": 112.86455522462097}, "K58-D120": {"K58-D130": 141.38410000000002}, "K52-nU020": {"K52-nU030": 99.45429616366347}, "K52A-U130": {"K52A-U140": 88.94408376515725}, "K54-U030": {"K54-U040": 125.76940005804553}, "K52-nU140": {"K52-nU150": 189.05371350360105}, "K58-U040": {"K58-U050": 113.02311900000002}, "K52-nU210": {"K52-nU220": 84.75951864109281}, "K51A-U160": {"K51A-U170": 79.59902658020528}, "K58-U180": {"K58-U190": 105.28485}, "K51A-U050": {"K51A-U060": 307.3197529882311}, "K51-U190": {"K51-U200": 79.9581457603279}, "K58-U140": {"K58-U150": 145.74494}, "K52A-U020": {"K52A-U030": 83.9971732698805}, "K54-U020": {"K54-U030": 169.63994215818946}, "K51-U130": {"K51-U140": 71.77832195265657}, "K52-nU030": {"K52-nU040": 125.75860424173743}, "K52-nU040": {"K52-nU050": 75.73615073911}, "K51A-D030": {"K51A-D040": 44.34506724227815}, "K51-U170": {"K51-U180": 74.19076025654802}, "K51A-U190": {"K51A-U200": 64.25530624538976}, "K58-U090": {"K58-U100": 170.45819999999998}, "K58-D200": {"K58-D210": 59.78071000000001}, "K58-D196": {"K58-D200": 117.16100000000002}, "K51-D110": {"K51-D120": 55.657287051411515}, "K52-nD070": {"K52-nD080": 122.43392943616873}, "K51A-U020": {"K51A-U030": 146.23395578796115}, "K53-U100": {"K53-U110": 75.46296394498523}, "K54-U070": {"K54-D010": 144.63013542918867}, "K51A-U230": {"K51A-U240": 41.689477113584616}, "K52A-D150": {"K52A-D160": 107.58311915627003}, "K51-U070": {"K51-U080": 156.7537277318332}, "K51A-D060": {"K51A-D070": 84.32381639882}, "K52-nU220": {"K52-nU230": 86.53531241066393}, "K52A-D020": {"K52A-D030": 35.7336632245473}, "K51-U200": {"K51-U210": 82.41605689937782}, "K52-nU160": {"K52-nU170": 52.579823569374625}, "K52-nD170": {"K52-nD180": 116.90778090982197}, "K51-D030": {"K51-D040": 36.95164789894116},