{"K66-U080": {"K66-U090": 176.5907910352691}, "K65-U190": {"K65-U200": 72.80783649257265}, "K66-D180": {"K66-D190": 88.77040331950417}, "K65-D020": {"K65-D030": 69.26843436084751}, "K68-D070": {"K68-D080": 190.43432473653613}, "K65-D010": {"K65-D020": 44.9168437311414}, "K68-U070": {"K68-U080": 24.44912445247666}, "K66-D010": {"K66-D020": 44.38974837383793}, "K65A-D100": {"K65A-D110": 236.19528164534094}, "K66-U150": {"K66-U160": 45.347678270718646}, "K66-D150": {"K66-D160": 93.13241540059549}, "K65-U030": {"K65-U040": 88.43180968459116}, "K66-D140": {"K66-D150": 111.51590480497855}, "K66-D050": {"K66-D060": 57.51847315652134}, "K66-D070": {"K66-D080": 58.378293511034926}, "K66-D120": {"K66-D130": 59.09341527570581}, "K65A-U010": {"K65A-U020": 61.605156915815186}, "K65-U080": {"K65-U090": 192.437005113393}, "K68-U060": {"K68-U070": 96.9130465456}, "K66-U120": {"K66-U130": 44.36354902769383}, "K66-D100": {"K66-D110": 55.605209311818406}, "K66-U110": {"K66-U120": 101.1195504908489}, "K65A-D090": {"K65A-D100": 115.94590837530995}, "K65A-D050": {"K65A-D060": 55.98975702055867}, "K66-U190": {"K66-U200": 69.86961044134675}, "K66-D170": {"K66-D180": 175.58218023609257}, "K66-U020": {"K66-U030": 218.42616808346565}, "K68-U090": {"K68-U100": 157.09365090936635}, "K65-U130": {"K65-U140": 50.17680420679815}, "K66-D160": {"K66-D170": 141.02334651828832}, "K66-D020": {"K66-D030": 65.1181488005943}, "K66-U130": {"K66-U140": 48.77449369822362}, "K65-U160": {"K65-U170": 54.297488710874134}, "K65-U140": {"K65-U150": 103.09996953438818}, "K65-D130": {"K65-D140": 142.40808838750087}, "K65-D160": {"K65-D170": 146.77315916530682}, "K65-D140": {"K65-D150": 120.0001323666362}, "K65A-U110": {"K65A-U120": 82.11870814114094}, "K65A-U040": {"K65A-U050": 105.80333450365006}, "K65-D150": {"K65-D160": 131.49201171399613}, "K65-U170": {"K65-U180": 56.72275117149205}, "K65-D090": {"K65-D100": 115.02883216240589}, "K66-D090": {"K66-D100": 52.29202433391166}, "K65-U070": {"K65-U080": 65.83926627660352}, "K65A-D070": {"K65A-D080": 127.6410738752849}, "K65A-U030": {"K65A-U040": 41.34164772815599}, "K66-D210": {"K66-D220": 179.0750727734018}, "K65-D110": {"K65-D120": 128.23286562160015}, "K66-D040": {"K66-D050": 52.83974926117372}, "K65A-U070": {"K65A-U080": 50.88740942963632}, "K66-D060": {"K66-D070": 54.671040115805}, "K65A-D080": {"K65A-D090": 67.48002738086}, "K66-D220": {"K66-D230": 75.26390884895507}, "K68-U010": {"K68-U020": 96.26697761810269}, "K68-U140": {"K68-U150": 98.41068576784}, "K65-U100": {"K65-U110": 162.3839103413231}, "K66-U030": {"K66-U040": 197.8361613510781}, "K68-U050": {"K68-U060": 47.04950183069294}, "K66-D030": {"K66-D040": 82.72940077883001}, "K65-U120": {"K65-U130": 200.4789283617972}, "K66-U140": {"K66-U150": 47.013661337993554}, "K68-U040": {"K68-U050": 49.01966956072526}, "K65A-U050": {"K65A-U060": 49.24881655246015}, "K65-U020": {"K65-U030": 124.53384907200027}, "K65A-D020": {"K65A-D030": 78.67836358774511}, "K68-D180": {"K68-D190": 55.75145820354002}, "K65A-U090": {"K65A-U100": 75.60189168463106}, "K66-U070": {"K66-U080": 152.5544149087654}, "K65-D120": {"K65-D130": 73.24534930688779}, "K68-U150": {"K68-U160": 85.57898632881708}, "K66-U180": {"K66-U190": 53.13176408755057}, "K68-U020": {"K68-U030": 40.88290092370001}, "K65A-U100": {"K65A-U110": 87.41019843376337}, "K65A-U060": {"K65A-U070": 51.849542337386254}, "K65-U050": {"K65-U060": 104.49207797818208}, "K65A-U080": {"K65A-U090": 75.77928857315808}, "K68-D060": {"K68-D070": 95.7090125746673}, "K65A-D010": {"K65A-D020": 57.920495191187534}, "K66-U100": {"K66-U110": 91.22438728126141}, "K66-U200": {"K66-U210": 51.430279124422825}, "K65-D040": {"K65-D050": 67.6935043963477}, "K68-U170": {"K68-D010": 167.88553042205498}, "K65-D100": {"K65-D110": 245.90205421611236}, "K65-D070": {"K65-D080": 134.34636928311545}, "K66-D190": {"K66-D200": 96.1874742580471}, "K65-U210": {"K65-U220": 79.03675045562353}, "K65-U010": {"K65-U020": 235.42352130660817}, "K65-U150": {"K65-U160": 47.59314325364774}, "K65-U180": {"K65-U190": 76.2427986271027}, "K65A-U120": {"K65A-U130": 96.63905173985418}, "K66-U010": {"K66-U020": 144.82331814018275}, "K66-U170": {"K66-U180": 32.83387211784789}, "K65A-D040": {"K65A-D050": 63.710387302065534}, "K65-D170": {"K65-D180": 93.90495184500332}, "K65A-D030": {"K65A-D040": 70.06964701917657}, "K65-U220": {"K65-U230": 94.97055984265452}, "K65-U090": {"K65-U100": 56.26965176832603}, "K65A-U020": {"K65A-U030": 201.09522056747292}, "K68-D140": {"K68-D150": 60.09962920000002}, "K68-D120": {"K68-D130": 196.7937766095799}, "K65-D050": {"K65-D060": 53.50983617654369}, "K68-D200": {"K68-U011": 83.05840747393631}, "K65-U060": {"K65-U070": 40.92697855735581}, "K68-U080": {"K68-U090": 42.86923628725328}, "K65-D180": {"K65-D190": 138.99617878362557}, "K65A-D060": {"K65A-D070": 91.54539133619134}, "K65-U110": {"K65-U120": 114.18095001067863}, "K68-U030": {"K68-U040": 27.789179519300014}, "K68-D170": {"K68-D180": 70.84513539422001}, "K66-U060": {"K66-U070": 152.39044426738442}, "K65-D030": {"K65-D040": 76.16540365489165}, "K66-D200": {"K66-D210": 150.4794515275617}, "K66-U050": {"K66-U060": 47.59921331501053}, "K66-U160": {"K66-U170": 40.968630648771786}, "K66-D080": {"K66-D090": 75.49733132606013}, "K68-D080": {"K68-D090": 87.00582416537102}, "K68-D020": {"K68-D030": 97.19021928794902}, "K65-D060": {"K65-D070": 89.40460090420372}, "K66-D230": {"K66-D240": 89.43932405336902}, "K66-U210": {"K66-U220": 58.583834866604874}, "K68-U160": {"K68-U170": 70.65955226718157}, "K68-U110": {"K68-U120": 215.15308064030006}, "K66-U090": {"K66-U100": 54.65301077391589}, "K68-D050": {"K68-D060": 73.75295481180692}, "K68-U100": {"K68-U110": 196.05635396456}, "K68-U130": {"K68-U140": 121.86097020799998}, "K65-U200": {"K65-U210": 92.8143063678925}, "K68-D040": {"K68-D050": 122.33264198471802}, "K68-D190": {"K68-D200": 57.66920933569999}, "K65-D080": {"K65-D090": 65.78522811750913}, "K68-U120": {"K68-U130": 187.25387886700003}, "K68-D010": {"K68-D020": 47.07100073099999}, "K68-D110": {"K68-D120": 88.05788225344878}, "K66-U040": {"K66-U050": 121.47128724869121}, "K68-D150": {"K68-D160": 76.57726577546939}, "K68-D030": {"K68-D040": 106.28068900000002}, "K68-D100": {"K68-D110": 95.15303854428676}, "K68-D090": {"K68-D100": 193.19173115443755}, "K68-D160": {"K68-D170": 86.0736370433444}, "K66-D130": {"K66-D140": 52.58900213647375}, "K66-D110": {"K66-D120": 49.88199452411798}, "K68-D130": {"K68-D140": 52.38788811115535}, "K65-U040": {"K65-U050": 70.26328237768045}}