{"KAT": {"SUW": 98.85734350064544, "DIH": 115.33455653898272}}