{"KOT": {"TAW": 267.0529753102581, "MKK": 148.06220148707158, "LOF": 105.66713099154194, "SKM": 95.59290829027039}, "KOW": {"HOK": 177.742100143943, "TSY": 530.5659611867804, "OLY": 129.50090302402432}, "KOB": {"NTK": 84.99757774422581, "CHH": 84.75570235632304}}