{"KWT": {"LAT": 98.9198610200908, "NTK": 102.36487575424071}, "KWH": {"KWF": 105.65227619524585, "TWH": 133.46947283278854}, "KWF": {"KWH": 105.62221781039133, "LAK": 103.7116982047011}}