{"LAK": {"KWF": 99.3877008235297, "NAC": 213.03652439711124, "TSY": 212.2347572952861, "MEF": 120.21745509043208}, "LAT": {"KWT": 107.04515687267944, "YAT": 95.60176638025925}}