{"LCK": {"MEF": 86.24393052461669, "CSW": 100.93049110837177}}