{"LET": {"WCH": 146.29148079156852, "SOH": 99.00958977519856}}