{"LOW": {"SHS": 222.02639854196323}, "LOP": {"TIS": 176.2910423649177, "YUL": 95.3109402693}, "LOF": {"KOT": 86.49257508662544, "WTS": 99.22277109329208}}