{"MEF": {"NAC": 185.17368593453497, "TWW": 335.2828821667746, "LCK": 103.63710856488956, "LAK": 116.62345509043207}}