{"MKK": {"HUH": 186.77860444273364, "KOT": 139.64697043565883}}