{"MOK": {"PRE": 121.86385195965276, "YMT": 122.76804415662579}, "MOS": {"HEO": 93.5533153762735, "WKS": 169.4308752703082}}