{"OLY": {"KOW": 133.9356469180489, "NAC": 125.46962030407357}}