{"PRE": {"SSP": 67.82570761285346, "MOK": 117.02327816634806, "SKM": 105.8549781602494}}