{"QUB": {"NOP": 116.36594804412243, "YAT": 248.47087528878848, "TAK": 105.02180647523019}}