{"SIH": {"TUM": 154.44793678310293, "TIS": 389.39081043024225}}