{"SKM": {"KOT": 38.164422586, "PRE": 105.85098700476028}, "SKW": {"SWH": 78.43880808863229, "HFC": 52.22981317274321}}