{"SUN": {"DIS": 198.58233387484285, "TSY": 437.7076937966502, "TUC": 823.8866481707106}, "SUW": {"TKW": 103.38421199999998, "KAT": 117.11087787299998}}