{"SWH": {"SKW": 89.61243168085544, "TAK": 93.38245412764303}}