{"TIH": {"CAB": 82.92494502837596, "FOH": 67.77704985320194}, "TIK": {"TKO": 171.73498434129178, "YAT": 126.2845603258123}, "TIS": {"LOP": 170.74289611584857, "SIH": 384.80488640667636}}