{"TKO": {"TIK": 168.89418171108667, "LHP": 131.8492474168372, "HAH": 159.23292977727013}, "TKW": {"HOM": 122.15053241519999, "SUW": 115.38659273573651}}