{"TSH": {"SHM": 200.78230270828308, "HEO": 101.48042175914009}, "TSY": {"LAK": 187.83174890782257, "KOW": 441.9764259457861, "AIR": 1439.4276417713693, "SUN": 634.3507754642907}, "TST": {"ADM": 146.68518550125074, "JOR": 40.07152681745641}, "TSW": {"TWH": 58.8127816009842}}