{"TWW": {"KSR": 513.2650520583883, "MEF": 322.7710296955437}, "TWO": {"TAP": 169.8449156848063, "FAN": 318.62884223990534}, "TWH": {"KWH": 79.69340157967137, "TSW": 92.317427706409}}