{"UNI": {"FOT": 192.0817614733596, "TAP": 354.17807130632457}}