{"WTS": {"LOF": 102.48399216729054, "DIH": 94.35718694259333}}