{"YAT": {"TIK": 115.57344064779163, "QUB": 234.44642725546888, "LAT": 94.2790083550138}}