{"CSW": {"LCK": 128.5152216305073, "SSP": 111.59774716246838}}