{"DIS": {"SUN": 198.58233387484285}, "DIH": {"KAT": 176.80003600000003, "WTS": 117.69878331825949, "CHH": 119.4162898455132, "HIK": 312.33024287921364}}