{"ETS": {"HUH": 375.51462698838094, "AUS": 181.61819470000006}}