{"HIK": {"DIH": 320.5587212495255, "TAW": 198.00000000000003}}