{"K17-U010": {"K17-U020": 196.9}, "K18-U020": {"K18-U030": 43.874754597}, "K17-U030": {"K17-U040": 25.6520185349}, "K17-U020": {"K17-U030": 98.7353284453}}