{"KWF": {"LAK": 117.07920410107108, "KWH": 117.77657170956074}, "KWH": {"KWF": 109.44674225563782, "TWH": 152.45662190550223}, "KWT": {"LAT": 121.76076114176797, "NTK": 109.90957227118034}}