{"LCK": {"CSW": 112.26386925657853, "MEF": 128.51451511231002}}