{"LET": {"WCH": 165.21900405001344, "SOH": 101.8566737999504}}