{"MKK": {"HUH": 309.6623104331535, "KOT": 159.62405935505927}}