{"MOK": {"PRE": 117.28708648170928, "YMT": 118.22887411686165}, "MOS": {"WKS": 150.77713727714215, "HEO": 156.60491040000005}}