{"NOP": {"QUB": 120.15509302333218, "FOH": 103.98312415836986}}