{"OCP": {"ADM": 287.63195556791214, "WCH": 118.90986921163912}}