{"OLY": {"KOW": 131.7298864758242, "NAC": 129.43298970512708}}