{"QUB": {"YAT": 260.66254510549896, "TAK": 111.556012847284, "NOP": 118.39597989172412}}