{"SHS": {"FAN": 161.25468641941916, "LMC": 1136.8703902018099, "LOW": 261.75477369212416}, "SHW": {"SYP": 119.17450695716657, "CEN": 112.00130431429393}, "SHT": {"FOT": 322.43250171568127, "TAW": 176.0085177609016}, "SHM": {"TSH": 238.56876949872904, "CIO": 132.44294976580005}}