{"SKM": {"KOT": 121.75091367394023, "PRE": 100.32811084654904}, "SKW": {"SWH": 107.6663681964219, "HFC": 176.56695068901544}}