{"SSP": {"CSW": 130.30311593005794, "PRE": 128.58979688889858}}