{"SUN": {"DIS": 198.58233387484285, "TSY": 593.1913292591497, "TUC": 823.8868594411235}, "SUW": {"TKW": 153.08146, "KAT": 121.09127183789992}}