{"SWH": {"TAK": 97.21375374211163, "SKW": 116.17479218887438}}