{"SYP": {"SHW": 134.6208182337553, "HKU": 108.15445323321714}}