{"TKO": {"HAH": 161.8524006115223, "LHP": 128.77361193833343, "TIK": 105.29438149257848}, "TKW": {"HOM": 137.5794, "SUW": 130.6536828}}