{"TSH": {"SHM": 220.70112195858974, "HEO": 127.10123042728353}, "TSY": {"KOW": 451.20810696859064, "SUN": 577.8558558619607, "AIR": 1381.0477152250717, "LAK": 191.06083239511935}, "TST": {"ADM": 194.12011978434535, "JOR": 117.70944862378875}, "TSW": {"TWH": 104.96938747056939}}