{"TWO": {"TAP": 155.35059457306997, "FAN": 325.9094090413399}, "TWH": {"KWH": 126.54994439460859, "TSW": 72.11759631039696}, "TWW": {"MEF": 313.0507154787987, "KSR": 527.1902660995005}}