{"WTS": {"LOF": 117.01218789278468, "DIH": 112.74966931055845}}