{"YMT": {"MOK": 111.77081632594818, "JOR": 131.3087946841662, "HOM": 170.7465924388902}}