{"1": {"6": 76.88328397721158, "2": 152.24479036136282}}