{"AIR": {"TSY": 1554.717549376813, "AWE": 120.22535579606543}}