{"CIO": {"STW": 129.2839476381646, "SHM": 114.43476082223363}}