{"CKT": {"TAW": 104.65921310213302, "STW": 131.4533377716}}