{"CSW": {"LCK": 130.29687717139342, "SSP": 125.78655735795576}}