{"DIS": {"SUN": 198.58233387484285}, "DIH": {"HIK": 319.48113398370583, "KAT": 153.90966627051563, "CHH": 122.06313374128926, "WTS": 122.24071767832422}}