{"ETS": {"AUS": 190.54012625999005, "HUH": 153.25284264697004}}