{"EXC": {"HUH": 181.58576555211525, "ADM": 81.20102880070819}}