{"HOK": {"KOW": 189.591659118467}, "HOM": {"YMT": 137.48260997321555, "TKW": 134.96568437909997, "WHA": 83.00569870053633, "HUH": 136.37833173397138}}