{"HUH": {"EXC": 196.67802661012297, "MKK": 196.56063743219062, "ETS": 180.93472689602066, "HOM": 128.76550876752646}}