{"K76-U030": {"K76-U040": 289.3869115590252}, "K73-U080": {"K73-U110": 334.5309159877516, "K73-U090": 291.56628990840744}, "K75P-U060": {"K75P-U070": 27.63937305171087}, "K76-U010": {"K76-U020": 18.71319216625438}, "K75P-U010": {"K75P-U020": 94.00542389769541}, "K73-U060": {"K73-U070": 128.8434240992114}, "K73-D050": {"K73-D070": 105.65930204120454}, "K73-D020": {"K73-D030": 99.89882700671423}, "K75P-U080": {"K75P-U090": 47.010354622369775}, "K75A-D100": {"K75A-D110": 97.30779184684582}, "K76-U040": {"K76-U050": 174.63998670205197}, "K73-U040": {"K73-U050": 108.40658314772159, "K73-U060": 206.7636642735656}, "K75A-D050": {"K75A-D060": 70.29623206117297}, "K75A-U020": {"K75A-U030": 139.98098647350847}, "K73-U110": {"K73-U120": 245.00936307703327}, "K76-U020": {"K76-U030": 158.70820247114168}, "K76-D010": {"K76-D020": 320.199913414234}, "K73-U100": {"K73-U110": 260.5678344499841}, "K73-U070": {"K73-U080": 161.544209641739}, "K76-D020": {"K76-D030": 143.6226010097945}, "K75P-D060": {"K75P-D070": 182.46616234204765}, "K73-D120": {"K73-D130": 107.65544339539947}, "K75P-U090": {"K75P-U100": 41.90714134939092}, "K75P-U120": {"K75P-U130": 65.72653962602944}, "K73-D080": {"K73-D090": 255.27002698424022}, "K75A-D080": {"K75A-D090": 82.1145590499206}, "K75A-U030": {"K75A-D010": 240.6104413231425}, "K75P-D080": {"K75P-U011": 136.08283583980173}, "K73-U030": {"K73-U040": 93.67481166907842}, "K76-D030": {"K76-D040": 84.0110943209507}, "K75A-D040": {"K75A-D050": 56.844977852269345}, "K75P-U020": {"K75P-U030": 106.72006109221124}, "K75P-D010": {"K75P-D020": 131.6490208943284}, "K73-D140": {"K73-D150": 220.36607819349533}, "K73-U090": {"K73-U100": 103.257384386305}, "K75P-U100": {"K75P-U110": 60.3691347529043}, "K75A-D060": {"K75A-D070": 41.54720586282247}, "K73-D030": {"K73-D040": 121.23478676847307}, "K73-D110": {"K73-D120": 100.5992423576678}, "K75P-D070": {"K75P-D080": 88.79586056417551}, "K75A-D110": {"K75A-U011": 167.6830858489161}, "K75P-D030": {"K75P-D040": 103.30476975595847}, "K73-U020": {"K73-U030": 186.9722477438518}, "K75P-U050": {"K75P-U060": 189.76052914326175}, "K75A-D030": {"K75A-D040": 53.67736613804019}, "K75P-U070": {"K75P-U080": 113.44792470722079}, "K73-D070": {"K73-D080": 176.03542994352102}, "K73-D010": {"K73-D020": 77.18970695352192}, "K75P-D020": {"K75P-D030": 34.89409553479415}, "K75A-D070": {"K75A-D080": 39.48811712080975}, "K75P-U130": {"K75P-U140": 48.25974040753852}, "K73-D150": {"K73-D160": 54.41941374562557}, "K73-D040": {"K73-D050": 75.74526143271923}, "K73-U050": {"K73-U060": 96.7363546441421}, "K75P-U110": {"K75P-U120": 91.66966711854545}, "K74-D020": {"K74-D030": 145.02444116688483}, "K73-U010": {"K73-U020": 65.72968778446167}, "K75A-D020": {"K75A-D030": 29.893677399938525}, "K73-D090": {"K73-D100": 84.06400500772222}, "K75A-D010": {"K75A-D020": 201.73403479222785}, "K75P-D040": {"K75P-D050": 177.7669335189964}, "K75P-U040": {"K75P-U050": 106.48691072488631}, "K75P-D050": {"K75P-D060": 77.4887005153824}, "K75P-U030": {"K75P-U040": 130.32487580033313}, "K75A-U010": {"K75A-U020": 43.425673394778855}, "K75P-U140": {"K75P-D010": 145.7637664008498}, "K75A-D090": {"K75A-D100": 39.55588868474954}, "K73-D130": {"K73-D140": 139.71008818095942}, "K73-D100": {"K73-D110": 196.8614225228335}}