{"KAT": {"SUW": 126.35981803389923, "DIH": 137.75846605696296}}