{"KOW": {"TSY": 524.8880420507559, "HOK": 177.74210021769156, "OLY": 132.99265797882248}, "KOT": {"MKK": 140.22680900021504, "SKM": 108.18800938917028, "TAW": 289.3296085900992, "LOF": 119.54277088871466}, "KOB": {"NTK": 127.52798559139512, "CHH": 179.98968037658562}}