{"KSR": {"TWW": 588.7355318537093, "YUL": 242.79485851540602}}