{"KWT": {"NTK": 123.81353377431053, "LAT": 124.81228376859917}, "KWH": {"TWH": 168.06917222934663, "KWF": 131.59121533223384}, "KWF": {"LAK": 177.5257192464243, "KWH": 122.91640245224804}}