{"LET": {"WCH": 142.86314803544127, "SOH": 96.71200286859705}}