{"MOK": {"PRE": 132.04224190372028, "YMT": 125.49611593214065}, "MOS": {"HEO": 131.46153672109614, "WKS": 168.922292020693}}