{"NAC": {"OLY": 96.6790192665973, "LAK": 257.7472888433491, "MEF": 187.83613353725283, "AUS": 212.59066059986185}}