{"NTK": {"KWT": 113.36567682151028, "KOB": 107.18190781524864}}