{"OCP": {"WCH": 129.7611896352244, "ADM": 287.63195536468163}}