{"PRE": {"MOK": 120.47288204263513, "SSP": 130.46555646631515, "SKM": 122.59781448121286}}