{"QUB": {"TAK": 129.61358453439112, "YAT": 264.1364398103565, "NOP": 123.24515228165373}}