{"SHT": {"FOT": 157.78418419546387, "TAW": 191.72680677343564}, "SHS": {"FAN": 137.86864062919486, "LOW": 261.7549086414857, "LMC": 457.36750561142196}, "SHM": {"TSH": 216.09091709056597, "CIO": 98.73941640583224}, "SHW": {"CEN": 133.37098557447632, "SYP": 143.99832426571513}}