{"SIH": {"TUM": 154.45115168559687, "TIS": 350.48204616134564}}