{"STW": {"CKT": 123.97717835399999, "CIO": 134.8553185508719}}