{"SWH": {"SKW": 129.45756232463856, "TAK": 122.044263705918}}