{"TAW": {"KOT": 295.1552288712973, "CKT": 281.9054159115493, "SHT": 127.24825362328264, "HIK": 170.33231592916468}, "TAK": {"QUB": 133.00166880411, "SWH": 120.96307062923185}, "TAP": {"UNI": 419.3089365935037, "TWO": 181.81867854648675}}