{"TIK": {"TKO": 301.09461855605406, "YAT": 135.36204527366473}, "TIS": {"LOP": 186.56096976389557, "SIH": 366.8514781989834}, "TIH": {"CAB": 130.0490685551462, "FOH": 100.39405985928728}}