{"TKO": {"LHP": 131.2440705356587, "HAH": 187.22987142655296, "TIK": 286.3309561708332}, "TKW": {"SUW": 131.12353278205063, "HOM": 143.0473756518122}}