{"TSY": {"AIR": 1484.4525718052778, "LAK": 194.96490841692088, "KOW": 536.7617784346162, "SUN": 795.2032477082538}, "TST": {"ADM": 134.9391030909667, "JOR": 92.03189735166725}, "TSH": {"SHM": 212.6104160257675, "HEO": 130.32255868720137}, "TSW": {"TWH": 77.38232119698922}}