{"UNI": {"TAP": 378.73913989616597, "FOT": 191.67875487985322}}