{"WAC": {"CAB": 193.76418185021967, "ADM": 127.66053588495429}}