{"WCH": {"OCP": 104.5791422993198, "LET": 173.05172500203676}}