{"YAT": {"TIK": 134.45843705986425, "QUB": 259.6705647778409, "LAT": 158.55506470666887}}