{"YUL": {"KSR": 251.19440893197253, "LOP": 141.18386995454378}}