{"1": {"6": 215.4075908782852, "2": 142.4083291619105}}