{"5": {"6": 106.74839038042376, "305": 83.8735222760469}}