{"AUS": {"NAC": 207.63418313888002, "ETS": 142.17084435525402}}