{"CHH": {"KOB": 168.47967211144484, "DIH": 132.2034416612798}, "CHW": {"HFC": 90.08338714226082}}