{"DIS": {"SUN": 198.58233387484285}, "DIH": {"HIK": 310.1092502747187, "KAT": 154.63810986435604, "WTS": 118.63593781104753, "CHH": 134.13453899999996}}