{"FOT": {"UNI": 174.89285453134374, "SHT": 151.10449752995189}, "FOH": {"NOP": 128.81738776610578, "TIH": 120.34570144276628}}