{"HEO": {"MOS": 127.70469032300005, "TSH": 110.20027436365199}}