{"HFC": {"SKW": 148.28930388871302, "CHW": 226.00060594750116}}