{"HIK": {"DIH": 303.9571086911696, "TAW": 144.60146191522682}}