{"HKU": {"SYP": 123.84146263982146, "KET": 97.53173156766425}}