{"HUH": {"MKK": 205.74277492465617, "EXC": 196.66909099296953, "HOM": 131.83616413159132, "ETS": 185.67078296981384}}