{"JOR": {"TST": 124.9395738427144, "YMT": 122.86084872222332}}