{"K17-U020": {"K17-U030": 143.35748930636097}, "K17-U030": {"K17-U040": 27.852358399861906}, "K18-D020": {"K18-D030": 110.7709005097976}, "K12-D010": {"K12-D020": 163.82220335415985}, "K18-U020": {"K18-U030": 64.07316840041224}, "K17-D020": {"K17-D030": 54.558710841235005}, "K18-D010": {"K18-D020": 227.30068829958813}, "K12-D020": {"K12-D030": 327.6651138025396}, "K18-U010": {"K18-U020": 220.1987191759305}, "K12-D030": {"K12-D040": 104.07913472962161}, "K12-U010": {"K12-U020": 237.48441719408189}, "K17-D010": {"K17-D020": 276.6015363948686}, "K12-U020": {"K12-U030": 221.8759759487338}, "K17-U010": {"K17-U020": 257.9747991911569}}