{"K73-D110": {"K73-D120": 89.06793920472487}, "K73-D040": {"K73-D050": 75.23540877650801}, "K75P-D010": {"K75P-D020": 134.9484976114357}, "K73-U070": {"K73-U080": 155.246972012699}, "K75A-D040": {"K75A-D050": 57.412633146127554}, "K73-U090": {"K73-U100": 119.30483168728954}, "K76-U030": {"K76-U040": 258.4336250739949}, "K74-U040": {"K74-U050": 153.01199592184815}, "K76-U040": {"K76-U050": 193.29802206847438}, "K75P-U130": {"K75P-U140": 43.882931875185406}, "K74-U050": {"K74-U060": 239.546978}, "K75P-D060": {"K75P-D070": 177.64835314181272}, "K73-U110": {"K73-U120": 223.3320559004989}, "K73-U040": {"K73-U060": 232.19117900061565, "K73-U050": 116.32203354181686}, "K73-U100": {"K73-U110": 244.25029627025415}, "K73-D050": {"K73-D070": 103.1800077634792}, "K75P-D050": {"K75P-D060": 95.6872048174424}, "K76-D020": {"K76-D030": 119.29211973565884}, "K74-D010": {"K74-D020": 143.86120466940923}, "K73-U050": {"K73-U060": 127.61278042490025}, "K74-U060": {"K74-U070": 111.07659018577999}, "K75A-D030": {"K75A-D040": 46.128699282774654}, "K75A-D100": {"K75A-D110": 97.76069327420785}, "K74-U010": {"K74-U020": 146.71110883550003}, "K73-D020": {"K73-D030": 97.48192335114848}, "K76-D010": {"K76-D020": 288.9928832384915}, "K73-U080": {"K73-U090": 291.5265326451902, "K73-U110": 218.9117379445649}, "K74-D020": {"K74-D030": 145.0255793897243}, "K74-U007": {"K74-U010": 241.06099644652676}, "K75P-U030": {"K75P-U040": 118.57447154504696}, "K76-U010": {"K76-U020": 37.579444512399}, "K75P-D040": {"K75P-D050": 162.43352977753472}, "K76-U020": {"K76-U030": 172.40769362772804}, "K73-U060": {"K73-U070": 141.4036173200093}, "K75P-D020": {"K75P-D030": 35.8849720586321}, "K75P-U090": {"K75P-U100": 38.69312766252133}, "K75A-D090": {"K75A-D100": 49.340899277835014}, "K75A-U030": {"K75A-D010": 216.8115766720989}, "K75P-D070": {"K75P-D080": 92.3163946974432}, "K76-D030": {"K76-D040": 51.138828234783304}, "K75P-D030": {"K75P-D040": 118.12095754529807}, "K73-D080": {"K73-D090": 262.2093062062315}, "K75P-U110": {"K75P-U120": 88.782411219284}, "K74-D110": {"K74-U002": 159.02590449169142}, "K74-D100": {"K74-D110": 75.27074368417861}, "K75P-U070": {"K75P-U080": 108.91311985449347}, "K75P-U010": {"K75P-U020": 88.55959245856491}, "K75A-U020": {"K75A-U030": 132.48114477964563}, "K75P-U060": {"K75P-U070": 59.58675820832879}, "K74-U070": {"K74-U080": 164.62105291412047}, "K75A-D070": {"K75A-D080": 46.55777340721204}, "K73-U030": {"K73-U040": 85.91009637886036}, "K75P-U100": {"K75P-U110": 59.5175084722697}, "K73-D130": {"K73-D140": 135.04462762068073}, "K73-U020": {"K73-U030": 188.98119043597856}, "K73-D030": {"K73-D040": 124.06409801497315}, "K75P-U140": {"K75P-D010": 142.35972732527077}, "K74-D080": {"K74-D090": 157.48608615578001}, "K73-D140": {"K73-D150": 189.31568022957202}, "K73-D070": {"K73-D080": 173.6368301884355}, "K75P-D080": {"K75P-U011": 136.53853144522276}, "K75P-U080": {"K75P-U090": 43.01469592747624}, "K75P-U120": {"K75P-U130": 61.04178146692685}, "K75A-U010": {"K75A-U020": 47.14011514156788}, "K74-U020": {"K74-U030": 119.27107109046774}, "K74-D050": {"K74-D060": 106.01952650432358}, "K74-D040": {"K74-D050": 78.96257087345762}, "K73-U010": {"K73-U020": 67.28305325205625}, "K75A-D110": {"K75A-U011": 159.76435159337296}, "K74-U090": {"K74-U100": 212.04882332304715}, "K75A-D080": {"K75A-D090": 127.41348743851877}, "K75P-U040": {"K75P-U050": 110.71888402867441}, "K75A-D010": {"K75A-D020": 211.2689027658975}, "K75A-D060": {"K75A-D070": 40.55189354108318}, "K75A-D050": {"K75A-D060": 75.8471973396877}, "K73-D120": {"K73-D130": 101.01574741568825}, "K73-D010": {"K73-D020": 77.99385613586648}, "K75P-U020": {"K75P-U030": 113.43655596183567}, "K75P-U050": {"K75P-U060": 134.4763116762226}, "K74-D090": {"K74-U011": 71.70374537441012}, "K74-D060": {"K74-D070": 139.3556351109126}, "K74-U080": {"K74-U090": 233.4217375933194}, "K74-U011": {"K74-D100": 159.9394609066183}, "K75A-D020": {"K75A-D030": 22.195535338975894}, "K73-D090": {"K73-D100": 82.73707018524489}, "K74-U004": {"K74-U007": 95.61190404954978}, "K74-D070": {"K74-D080": 240.02423605427725}, "K73-D150": {"K73-D160": 43.82857425122339}, "K74-D030": {"K74-D040": 123.88715159946864}, "K74-U100": {"K74-D010": 121.73323739196033}, "K73-D100": {"K73-D110": 185.55472398323155}, "K74-U001": {"K74-U004": 152.8181455884952}, "K74-U030": {"K74-U040": 269.059588}}