{"KAT": {"DIH": 145.23102055582305, "SUW": 124.21284190953001}}