{"KOW": {"HOK": 177.74210021254936, "TSY": 501.5660303760472, "OLY": 132.0010182403771}, "KOT": {"TAW": 261.61197181081536, "MKK": 157.31073935238197, "LOF": 127.01015537610382, "SKM": 124.69923105608207}, "KOB": {"CHH": 176.1967867546599, "NTK": 125.63680416274278}}