{"KSR": {"YUL": 231.08719775328964, "TWW": 645.1357432819609}}