{"KWF": {"LAK": 168.1587169608654, "KWH": 131.94116809195762}, "KWH": {"KWF": 129.39350509561447, "TWH": 164.02134231253424}, "KWT": {"LAT": 125.12785921596962, "NTK": 118.19413820661514}}