{"LAK": {"TSY": 193.6685426047376, "NAC": 257.308816693244, "MEF": 132.41845509043208, "KWF": 123.69678129151961}, "LAT": {"KWT": 131.32526091893988, "YAT": 124.69192082285944}}