{"LCK": {"MEF": 132.12729650241604, "CSW": 132.26508130814722}}