{"LET": {"WCH": 156.6599675858891, "SOH": 106.08737396030988}}