{"MEF": {"TWW": 335.87405840576423, "NAC": 184.8150525533741, "LAK": 133.743998760925, "LCK": 132.98592764553217}}