{"MOK": {"PRE": 127.06350402468209, "YMT": 120.96759772263928}, "MOS": {"WKS": 169.53392084790335, "HEO": 128.06172923923597}}