{"NAC": {"OLY": 91.79777410002309, "AUS": 207.4398852477379, "LAK": 256.2372037122349, "MEF": 181.79842913589408}}