{"NOP": {"QUB": 125.99302368463279, "FOH": 125.84470879196377}}