{"NTK": {"KWT": 120.39153494359853, "KOB": 115.57263733349733}}