{"OLY": {"KOW": 134.6597067481879, "NAC": 133.0825716130165}}