{"SHT": {"FOT": 131.71507243116528, "TAW": 147.56342549092764}, "SHS": {"LOW": 261.7548038606344, "FAN": 138.21954187596006, "LMC": 429.85001733912156}, "SHM": {"CIO": 128.954453214477, "TSH": 228.59919250306683}, "SHW": {"CEN": 130.45729230701212, "SYP": 143.12061896178594}}