{"SKW": {"HFC": 146.2229860293676, "SWH": 108.24100947348771}, "SKM": {"PRE": 130.36824530030725, "KOT": 156.7282835926057}}