{"SWH": {"TAK": 126.01607241094617, "SKW": 131.35922379369714}}