{"TAW": {"KOT": 273.88804814862317, "CKT": 285.55275234978507, "SHT": 122.07659622739682, "HIK": 158.86494854874604}, "TAP": {"UNI": 367.36666430998184, "TWO": 173.7196427042847}, "TAK": {"QUB": 131.31899308367863, "SWH": 130.43845960033937}}