{"TIK": {"YAT": 138.23747381435922, "TKO": 222.49224661245768}, "TIS": {"SIH": 378.11422536512976, "LOP": 172.49314001584858}, "TIH": {"CAB": 122.70276500649337, "FOH": 115.7170308897}}