{"TSY": {"LAK": 194.91259475212863, "AIR": 1432.8858322702984, "KOW": 557.8940408222186, "SUN": 722.2374847568201}, "TST": {"JOR": 117.71059909591546, "ADM": 179.45523770715891}, "TSW": {"TWH": 62.02360200808715}, "TSH": {"HEO": 124.71897658079294, "SHM": 220.7878187315327}}