{"TUC": {"SUN": 875.1045130971977}, "TUM": {"SIH": 150.95871514321408}}