{"WCH": {"OCP": 121.088030180584, "LET": 189.70411483785637}}