{"YAT": {"QUB": 252.84451343440793, "LAT": 172.29308973803478, "TIK": 129.6051084311017}}