{"YMT": {"HOM": 150.77073013612554, "MOK": 111.17712348633056, "JOR": 131.335205736777}}