{"YUL": {"KSR": 245.94191972587743, "LOP": 129.22351762456108}}