{"AIR": {"TSY": 1715.3678156740127, "AWE": 210.94745779398636}}