{"CIO": {"STW": 146.27943489721505, "SHM": 148.41115918462725}}