{"CKT": {"TAW": 136.747311383424, "STW": 141.14376499593044}}