{"DIS": {"SUN": 198.58233387484285}, "DIH": {"WTS": 119.47195586573113, "HIK": 301.2300617295794, "KAT": 178.85033354081963, "CHH": 113.74889592153507}}