{"EXC": {"HUH": 176.29205533126117, "ADM": 56.13980253402464}}