{"FOH": {"NOP": 146.57237134192775, "TIH": 91.64246}, "FOT": {"UNI": 197.4245285770259, "SHT": 176.12359789403155}}