{"HFC": {"SKW": 130.73357309030024, "CHW": 146.87229052905175}}