{"HKU": {"SYP": 116.58621616136591, "KET": 97.91373434954436}}