{"HUH": {"MKK": 188.0125489730804, "HOM": 134.96584427839431, "EXC": 232.94415398912807, "ETS": 491.34124561251986}}