{"K76-U030": {"K76-U040": 163.10085353714337}, "K76-D010": {"K76-D020": 170.4163080420582}, "K74-D020": {"K74-D030": 145.0260911569394}, "K73-U080": {"K73-U110": 151.50089492056665}}