{"KAT": {"DIH": 153.864294484478, "SUW": 132.521260751}}