{"KOT": {"MKK": 190.95488659073015, "TAW": 276.99789968604443, "LOF": 100.89443849500002, "SKM": 141.87127592733128}, "KOW": {"HOK": 177.74210021676302, "TSY": 446.44111950247753, "OLY": 135.64701215121417}, "KOB": {"CHH": 153.27634592425608}}