{"KSR": {"TWW": 623.1733740032781, "YUL": 249.90284265342424}}