{"LAK": {"TSY": 199.41864793484598, "NAC": 264.86630400520846, "KWF": 140.51435885979598, "MEF": 132.09391723535518}, "LAT": {"YAT": 84.94107824356308, "KWT": 124.94652052467606}}