{"LCK": {"CSW": 111.29542842156543, "MEF": 128.6849960842482}}