{"LET": {"WCH": 159.49014713542903, "SOH": 101.53527839949867}}