{"LOW": {"SHS": 261.7548387147906}, "LOP": {"YUL": 131.66108455622282, "TIS": 196.27523709946377}, "LOF": {"WTS": 112.3996279118868, "KOT": 130.740108569772}}