{"MEF": {"LAK": 150.00624090622009, "TWW": 305.8940791023569, "NAC": 184.4447588315864, "LCK": 104.76648068479847}}