{"MOS": {"HEO": 157.45521600000004, "WKS": 169.2449411600084}, "MOK": {"YMT": 111.23229053375947, "PRE": 76.81937957750425}}