{"NAC": {"OLY": 119.73031847856655, "LAK": 260.30632603004676, "AUS": 207.80618316586077, "MEF": 193.72296857896012}}