{"PRE": {"MOK": 103.97621663745296, "SSP": 147.9718892461772, "SKM": 105.43617890698685}}