{"QUB": {"NOP": 119.67821033729396, "YAT": 262.82121705666935, "TAK": 88.79780000000002}}