{"SIH": {"TIS": 329.5596854962925, "TUM": 154.45979989193663}}