{"SWH": {"TAK": 95.67937107064624, "SKW": 128.3560176856095}}