{"SYP": {"HKU": 108.00233234794146, "SHW": 136.85515505345887}}