{"TSY": {"LAK": 196.06856877485035, "AIR": 1582.9285949269042, "SUN": 519.9200024660119, "KOW": 443.79700752584904}, "TST": {"ADM": 199.87426301417818, "JOR": 127.9867879169}, "TSH": {"SHM": 228.06624565902263, "HEO": 125.653486231535}, "TSW": {"TWH": 112.73576298400003}}