{"TWW": {"MEF": 311.2276854436951, "KSR": 643.8212070357529}, "TWO": {"FAN": 322.3017737523173, "TAP": 155.64270509939124}, "TWH": {"KWH": 126.63434165527156, "TSW": 80.7476722475766}}