{"UNI": {"FOT": 230.05061033905014, "TAP": 426.89692242011324}}