{"WAC": {"CAB": 133.8774100503427, "ADM": 122.93618944007999}}