{"WCH": {"OCP": 119.8228104161077, "LET": 172.6810732601328}}