{"WTS": {"DIH": 110.01001341364693, "LOF": 119.52488533341989}}