{"YMT": {"MOK": 123.33792492809043, "JOR": 130.90349478144526, "HOM": 165.4103632094766}}