{"YUL": {"KSR": 251.46462833285463, "LOP": 127.91173107799997}}